,name, x, y, z
0,arm,64.97026824951172,207.6037139892578,0
1,body,158.3771514892578,135.08709716796875,0
3,bucket,87.00029754638672,157.28648376464844,0
