,name, x, y, z
0,arm,57.998600006103516,199.77247619628906,0
1,body,153.34744262695312,156.02537536621094,0
3,bucket,86.63318634033203,159.85531616210938,0
