,name, x, y, z
0,arm,57.22529983520508,199.9734344482422,0
1,body,153.62855529785156,155.7195587158203,0
3,bucket,86.07601165771484,159.79443359375,0
