,name, x, y, z
0,arm,56.877506256103516,200.11456298828125,0
1,body,153.8306427001953,155.5689697265625,0
3,bucket,85.81279754638672,159.78082275390625,0
