,name, x, y, z
0,arm,56.55914306640625,200.30848693847656,0
1,body,154.07835388183594,155.4252471923828,0
3,bucket,85.56756591796875,159.79078674316406,0
