,name, x, y, z
0,arm,64.99604797363281,207.04119873046875,0
1,body,158.47044372558594,134.25921630859375,0
3,bucket,87.07817077636719,156.66238403320312,0
