,name, x, y, z
0,arm,55.501129150390625,202.7481689453125,0
1,body,156.11546325683594,154.97784423828125,0
3,bucket,84.9299545288086,160.5247344970703,0
