,name, x, y, z
0,arm,55.456451416015625,203.64503479003906,0
1,body,156.64532470703125,155.0100555419922,0
3,bucket,85.20849609375,160.8360137939453,0
