,name, x, y, z
0,arm,55.52436828613281,204.6024932861328,0
1,body,157.13265991210938,155.06016540527344,0
3,bucket,85.65492248535156,161.12135314941406,0
