,name, x, y, z
0,arm,55.68000030517578,205.51136779785156,0
1,body,157.52438354492188,155.0909881591797,0
3,bucket,86.20439910888672,161.31561279296875,0
