,name, x, y, z
0,arm,55.898338317871094,206.26217651367188,0
1,body,157.76731872558594,155.06529235839844,0
3,bucket,86.79190063476562,161.35337829589844,0
