,name, x, y, z
0,arm,56.426815032958984,207.0395050048828,0
1,body,158.04098510742188,154.93075561523438,0
3,bucket,87.9081802368164,161.2233428955078,0
