,name, x, y, z
0,arm,65.03031158447266,206.48777770996094,0
1,body,158.57603454589844,133.4723663330078,0
3,bucket,87.16777038574219,156.06898498535156,0
