,name, x, y, z
0,arm,57.945072174072266,208.01934814453125,0
1,body,158.50498962402344,154.5701141357422,0
3,bucket,90.25496673583984,160.85581970214844,0
