,name, x, y, z
0,arm,58.273319244384766,208.13095092773438,0
1,body,158.5645751953125,154.49209594726562,0
3,bucket,90.65287017822266,160.7761993408203,0
