,name, x, y, z
0,arm,59.29041290283203,208.3330078125,0
1,body,158.68740844726562,154.24229431152344,0
3,bucket,91.71395874023438,160.52735900878906,0
