,name, x, y, z
0,arm,59.6370964050293,208.3627166748047,0
1,body,158.7115936279297,154.15306091308594,0
3,bucket,92.02534484863281,160.44158935546875,0
