,name, x, y, z
0,arm,61.03645324707031,208.34788513183594,0
1,body,158.74012756347656,153.7603759765625,0
3,bucket,93.07527160644531,160.0883026123047,0
