,name, x, y, z
0,arm,61.73039627075195,208.2885284423828,0
1,body,158.72158813476562,153.5394744873047,0
3,bucket,93.49089050292969,159.907470703125,0
