,name, x, y, z
0,arm,65.14611053466797,205.48484802246094,0
1,body,158.82940673828125,132.13388061523438,0
3,bucket,87.38513946533203,155.0583038330078,0
