,name, x, y, z
0,arm,63.38624954223633,208.12025451660156,0
1,body,158.61749267578125,152.90126037597656,0
3,bucket,94.24868774414062,159.45240783691406,0
