,name, x, y, z
0,arm,63.696075439453125,208.09971618652344,0
1,body,158.59152221679688,152.75711059570312,0
3,bucket,94.35674285888672,159.36203002929688,0
