,name, x, y, z
0,arm,63.99646759033203,208.0884552001953,0
1,body,158.56521606445312,152.6068572998047,0
3,bucket,94.45169830322266,159.27223205566406,0
