,name, x, y, z
0,arm,65.54544830322266,208.33224487304688,0
1,body,158.4344482421875,151.56585693359375,0
3,bucket,94.77963256835938,158.7533721923828,0
