,name, x, y, z
0,arm,65.23846435546875,205.07391357421875,0
1,body,158.9797821044922,131.63841247558594,0
3,bucket,87.51437377929688,154.6830596923828,0
