,name, x, y, z
0,arm,65.94113159179688,208.5829620361328,0
1,body,158.41571044921875,151.16015625,0
3,bucket,94.81131744384766,158.59161376953125,0
