,name, x, y, z
0,arm,66.39376068115234,209.17652893066406,0
1,body,158.42782592773438,150.490234375,0
3,bucket,94.80282592773438,158.36363220214844,0
