,name, x, y, z
0,arm,66.65512084960938,210.1288299560547,0
1,body,158.50082397460938,149.7165069580078,0
3,bucket,94.75105285644531,158.45095825195312,0
