,name, x, y, z
0,arm,66.71002960205078,210.63046264648438,0
1,body,158.5376434326172,149.4265899658203,0
3,bucket,94.7438735961914,158.71694946289062,0
