,name, x, y, z
0,arm,66.76734924316406,211.22164916992188,0
1,body,158.5791015625,149.1290740966797,0
3,bucket,94.75420379638672,159.07350158691406,0
