,name, x, y, z
0,arm,66.84011840820312,211.8767852783203,0
1,body,158.6241455078125,148.82989501953125,0
3,bucket,94.78959655761719,159.49522399902344,0
