,name, x, y, z
0,arm,65.36109161376953,204.7490692138672,0
1,body,159.1477508544922,131.29629516601562,0
3,bucket,87.65834045410156,154.42263793945312,0
