,name, x, y, z
0,arm,67.282470703125,213.96875,0
1,body,158.77073669433594,147.9827423095703,0
3,bucket,95.12260437011719,160.89573669433594,0
