,name, x, y, z
0,arm,69.55742645263672,216.32359313964844,0
1,body,158.9919891357422,147.10134887695312,0
3,bucket,96.8944091796875,162.13829040527344,0
