,name, x, y, z
0,arm,71.30706787109375,216.15452575683594,0
1,body,159.05697631835938,147.49473571777344,0
3,bucket,98.18205261230469,161.70054626464844,0
