,name, x, y, z
0,arm,72.36397552490234,215.62928771972656,0
1,body,159.09457397460938,147.87423706054688,0
3,bucket,98.93568420410156,161.37387084960938,0
