,name, x, y, z
0,arm,75.8513412475586,214.24562072753906,0
1,body,159.2919158935547,148.16409301757812,0
3,bucket,101.48289489746094,160.9947967529297,0
