,name, x, y, z
0,arm,81.61094665527344,217.24819946289062,0
1,body,160.02870178222656,146.78903198242188,0
3,bucket,105.78794860839844,162.52423095703125,0
