,name, x, y, z
0,arm,65.718994140625,204.43504333496094,0
1,body,159.54672241210938,131.13726806640625,0
3,bucket,87.99231719970703,154.26376342773438,0
