,name, x, y, z
0,arm,84.09562683105469,218.26817321777344,0
1,body,160.4626922607422,146.22552490234375,0
3,bucket,107.15210723876953,162.4586944580078,0
