,name, x, y, z
0,arm,86.79568481445312,218.5512237548828,0
1,body,160.94749450683594,145.80007934570312,0
3,bucket,108.19696044921875,161.81207275390625,0
