,name, x, y, z
0,arm,88.17371368408203,218.61326599121094,0
1,body,161.1930694580078,145.63250732421875,0
3,bucket,108.60859680175781,161.34947204589844,0
