,name, x, y, z
0,arm,89.53041076660156,218.6384735107422,0
1,body,161.4320526123047,145.49070739746094,0
3,bucket,108.9518051147461,160.83139038085938,0
