,name, x, y, z
0,arm,90.83568572998047,218.6388702392578,0
1,body,161.6579132080078,145.3714141845703,0
3,bucket,109.23072814941406,160.28599548339844,0
