,name, x, y, z
0,arm,92.05941772460938,218.62661743164062,0
1,body,161.8640899658203,145.27142333984375,0
3,bucket,109.44951629638672,159.74148559570312,0
