,name, x, y, z
0,arm,93.17139434814453,218.61386108398438,0
1,body,162.0440216064453,145.18736267089844,0
3,bucket,109.61226654052734,159.22608947753906,0
