,name, x, y, z
0,arm,94.93920135498047,218.63543701171875,0
1,body,162.2989044189453,145.05413818359375,0
3,bucket,109.78644561767578,158.3957977294922,0
