,name, x, y, z
0,arm,65.96316528320312,204.44190979003906,0
1,body,159.78582763671875,131.24673461914062,0
3,bucket,88.1770248413086,154.2561798095703,0
