,name, x, y, z
0,arm,95.53443908691406,218.69418334960938,0
1,body,162.3607177734375,144.99838256835938,0
3,bucket,109.80618286132812,158.1375732421875,0
