,name, x, y, z
0,arm,95.89679718017578,218.80113220214844,0
1,body,162.3699188232422,144.94549560546875,0
3,bucket,109.78658294677734,158.02188110351562,0
