,name, x, y, z
0,arm,95.99596405029297,218.96856689453125,0
1,body,162.3486328125,144.892578125,0
3,bucket,109.70533752441406,158.04510498046875,0
