,name, x, y, z
0,arm,95.91427612304688,219.50588989257812,0
1,body,162.29586791992188,144.78416442871094,0
3,bucket,109.29339599609375,158.40377807617188,0
