,name, x, y, z
0,arm,95.87570190429688,219.86184692382812,0
1,body,162.26539611816406,144.72793579101562,0
3,bucket,108.96993255615234,158.71438598632812,0
