,name, x, y, z
0,arm,95.83833312988281,220.26437377929688,0
1,body,162.2329559326172,144.66990661621094,0
3,bucket,108.57303619384766,159.0958251953125,0
