,name, x, y, z
0,arm,95.80193328857422,220.70468139648438,0
1,body,162.19908142089844,144.6097869873047,0
3,bucket,108.10636901855469,159.5356903076172,0
