,name, x, y, z
0,arm,95.73110961914062,221.6636505126953,0
1,body,162.1292724609375,144.48184204101562,0
3,bucket,106.97840118408203,160.54058837890625,0
