,name, x, y, z
0,arm,63.994895935058594,200.0491180419922,0
1,body,160.0994110107422,144.72242736816406,0
3,bucket,86.55448913574219,157.85740661621094,0
