,name, x, y, z
0,arm,95.69625854492188,222.16476440429688,0
1,body,162.0944061279297,144.4133758544922,0
3,bucket,106.32445526123047,161.08053588867188,0
