,name, x, y, z
0,arm,95.66142272949219,222.66854858398438,0
1,body,162.06028747558594,144.34146118164062,0
3,bucket,105.61553192138672,161.62875366210938,0
