,name, x, y, z
0,arm,95.62642669677734,223.1662139892578,0
1,body,162.0275421142578,144.2657928466797,0
3,bucket,104.85533142089844,162.1726837158203,0
