,name, x, y, z
0,arm,95.5549545288086,224.10787963867188,0
1,body,161.9681854248047,144.1017608642578,0
3,bucket,103.19596099853516,163.19735717773438,0
