,name, x, y, z
0,arm,95.47993469238281,224.919189453125,0
1,body,161.9207305908203,143.9186553955078,0
3,bucket,101.37628936767578,164.05386352539062,0
