,name, x, y, z
0,arm,95.35678100585938,225.73748779296875,0
1,body,161.8815155029297,143.60247802734375,0
3,bucket,98.41190338134766,164.80316162109375,0
