,name, x, y, z
0,arm,66.56401824951172,204.6273651123047,0
1,body,160.31996154785156,131.69432067871094,0
3,bucket,88.55281066894531,154.3020782470703,0
