,name, x, y, z
0,arm,95.26485443115234,225.91433715820312,0
1,body,161.93252563476562,143.35975646972656,0
3,bucket,96.32804107666016,164.7710723876953,0
