,name, x, y, z
0,arm,94.99300384521484,225.5574951171875,0
1,body,162.3061981201172,143.0969696044922,0
3,bucket,94.22682189941406,164.1553955078125,0
