,name, x, y, z
0,arm,94.74410247802734,225.1522979736328,0
1,body,162.59353637695312,142.9656524658203,0
3,bucket,93.18321228027344,163.69125366210938,0
