,name, x, y, z
0,arm,66.9068832397461,204.79037475585938,0
1,body,160.6025848388672,131.98471069335938,0
3,bucket,88.73175811767578,154.34588623046875,0
