,name, x, y, z
0,arm,92.44636535644531,221.26028442382812,0
1,body,164.6731414794922,142.37838745117188,0
3,bucket,87.31415557861328,160.69696044921875,0
