,name, x, y, z
0,arm,91.05016326904297,219.2246856689453,0
1,body,165.36505126953125,142.37530517578125,0
3,bucket,84.10987854003906,160.4328155517578,0
