,name, x, y, z
0,arm,90.37886810302734,218.15347290039062,0
1,body,165.8734893798828,142.603515625,0
3,bucket,81.60134887695312,160.77935791015625,0
