,name, x, y, z
0,arm,90.31523895263672,217.97579956054688,0
1,body,166.00523376464844,142.6859893798828,0
3,bucket,81.06815338134766,160.89794921875,0
