,name, x, y, z
0,arm,90.39920806884766,217.5227508544922,0
1,body,166.5948944091797,143.0900421142578,0
3,bucket,79.24638366699219,161.42201232910156,0
