,name, x, y, z
0,arm,90.60770416259766,217.40293884277344,0
1,body,166.94798278808594,143.32363891601562,0
3,bucket,78.49181365966797,161.67727661132812,0
