,name, x, y, z
0,arm,91.06988525390625,217.27957153320312,0
1,body,167.5836944580078,143.69273376464844,0
3,bucket,77.5068588256836,161.99301147460938,0
