,name, x, y, z
0,arm,91.25333404541016,217.23974609375,0
1,body,167.8297882080078,143.81704711914062,0
3,bucket,77.2090835571289,162.06988525390625,0
