,name, x, y, z
0,arm,67.64307403564453,205.21791076660156,0
1,body,161.1678466796875,132.57899475097656,0
3,bucket,89.04134368896484,154.4507598876953,0
