,name, x, y, z
0,arm,91.44715118408203,217.19493103027344,0
1,body,168.0953826904297,143.94052124023438,0
3,bucket,76.92292022705078,162.12826538085938,0
