,name, x, y, z
0,arm,91.64871215820312,217.14163208007812,0
1,body,168.3820343017578,144.0621337890625,0
3,bucket,76.64630126953125,162.1654815673828,0
