,name, x, y, z
0,arm,92.27423095703125,216.89718627929688,0
1,body,169.3512725830078,144.407470703125,0
3,bucket,75.85541534423828,162.1781463623047,0
