,name, x, y, z
0,arm,92.6949691772461,216.64059448242188,0
1,body,170.04537963867188,144.61436462402344,0
3,bucket,75.35716247558594,162.16903686523438,0
