,name, x, y, z
0,arm,93.11873626708984,216.30364990234375,0
1,body,170.7686004638672,144.80177307128906,0
3,bucket,74.88326263427734,162.15126037597656,0
