,name, x, y, z
0,arm,93.54656982421875,215.8871307373047,0
1,body,171.51596069335938,144.97048950195312,0
3,bucket,74.43463134765625,162.12509155273438,0
