,name, x, y, z
0,arm,93.97957611083984,215.39163208007812,0
1,body,172.28245544433594,145.12124633789062,0
3,bucket,74.01216888427734,162.0908203125,0
