,name, x, y, z
0,arm,94.41880798339844,214.81796264648438,0
1,body,173.06314086914062,145.25485229492188,0
3,bucket,73.61683654785156,162.048828125,0
