,name, x, y, z
0,arm,94.86531829833984,214.1667938232422,0
1,body,173.85296630859375,145.37210083007812,0
3,bucket,73.24944305419922,161.99940490722656,0
