,name, x, y, z
0,arm,95.09162139892578,213.81234741210938,0
1,body,174.24974060058594,145.42478942871094,0
3,bucket,73.07649230957031,161.97198486328125,0
