,name, x, y, z
0,arm,95.32014465332031,213.4387969970703,0
1,body,174.64695739746094,145.47369384765625,0
3,bucket,72.91092681884766,161.94285583496094,0
