,name, x, y, z
0,arm,96.0204086303711,212.204345703125,0
1,body,175.8349151611328,145.59854125976562,0
3,bucket,72.45935821533203,161.8453826904297,0
