,name, x, y, z
0,arm,96.99321746826172,210.2962188720703,0
1,body,177.3870086669922,145.717529296875,0
3,bucket,71.96687316894531,161.6934814453125,0
