,name, x, y, z
0,arm,97.49880981445312,209.23133850097656,0
1,body,178.13815307617188,145.7583770751953,0
3,bucket,71.76963806152344,161.6088104248047,0
