,name, x, y, z
0,arm,68.76919555664062,205.9951629638672,0
1,body,161.92201232910156,133.1439971923828,0
3,bucket,89.29334259033203,154.57801818847656,0
