,name, x, y, z
0,arm,98.55366516113281,206.88352966308594,0
1,body,179.56576538085938,145.8068389892578,0
3,bucket,71.4777603149414,161.42367553710938,0
