,name, x, y, z
0,arm,98.82723236083984,206.2516632080078,0
1,body,179.90345764160156,145.81256103515625,0
3,bucket,71.42681121826172,161.37432861328125,0
