,name, x, y, z
0,arm,99.10503387451172,205.6019744873047,0
1,body,180.2322540283203,145.81593322753906,0
3,bucket,71.38492584228516,161.32383728027344,0
