,name, x, y, z
0,arm,99.673828125,204.2496337890625,0
1,body,180.86074829101562,145.80860900878906,0
3,bucket,71.32524108886719,161.20542907714844,0
