,name, x, y, z
0,arm,100.23146057128906,202.8258819580078,0
1,body,181.45037841796875,145.74322509765625,0
3,bucket,71.27816772460938,160.98768615722656,0
