,name, x, y, z
0,arm,101.68173217773438,198.19309997558594,0
1,body,183.018798828125,145.20816040039062,0
3,bucket,71.18627166748047,159.7496795654297,0
