,name, x, y, z
0,arm,102.29705047607422,195.72999572753906,0
1,body,183.71096801757812,144.7837677001953,0
3,bucket,71.16451263427734,158.86257934570312,0
