,name, x, y, z
0,arm,102.48798370361328,194.89483642578125,0
1,body,183.93084716796875,144.6236572265625,0
3,bucket,71.1603775024414,158.5353546142578,0
