,name, x, y, z
0,arm,102.67230224609375,194.0545654296875,0
1,body,184.14598083496094,144.455322265625,0
3,bucket,71.15762329101562,158.19442749023438,0
