,name, x, y, z
0,arm,69.45455932617188,206.51336669921875,0
1,body,162.34278869628906,133.25558471679688,0
3,bucket,89.34703826904297,154.61961364746094,0
