,name, x, y, z
0,arm,103.02245330810547,192.3630828857422,0
1,body,184.56382751464844,144.09678649902344,0
3,bucket,71.15619659423828,157.47634887695312,0
