,name, x, y, z
0,arm,103.35005187988281,190.6647186279297,0
1,body,184.96778869628906,143.71365356445312,0
3,bucket,71.15959167480469,156.7182159423828,0
