,name, x, y, z
0,arm,103.50614929199219,189.8158721923828,0
1,body,185.16561889648438,143.51455688476562,0
3,bucket,71.16293334960938,156.3271484375,0
