,name, x, y, z
0,arm,103.65753173828125,188.9686737060547,0
1,body,185.36123657226562,143.31138610839844,0
3,bucket,71.16726684570312,155.92977905273438,0
