,name, x, y, z
0,arm,103.80451202392578,188.12437438964844,0
1,body,185.5550537109375,143.10476684570312,0
3,bucket,71.17253112792969,155.52731323242188,0
