,name, x, y, z
0,arm,69.76496124267578,206.7571258544922,0
1,body,162.54356384277344,133.30120849609375,0
3,bucket,89.37431335449219,154.63548278808594,0
