,name, x, y, z
0,arm,104.61137390136719,183.1825408935547,0
1,body,186.70399475097656,141.83169555664062,0
3,bucket,71.21949768066406,153.0740966796875,0
