,name, x, y, z
0,arm,104.73625946044922,182.3902587890625,0
1,body,186.89703369140625,141.6203155517578,0
3,bucket,71.22920227050781,152.67031860351562,0
