,name, x, y, z
0,arm,105.338134765625,178.6318359375,0
1,body,187.8941192626953,140.60780334472656,0
3,bucket,71.28147888183594,150.74693298339844,0
