,name, x, y, z
0,arm,105.45620727539062,177.92874145507812,0
1,body,188.1028594970703,140.4189453125,0
3,bucket,71.29218292236328,150.38998413085938,0
