,name, x, y, z
0,arm,70.05479431152344,206.99044799804688,0
1,body,162.73817443847656,133.3403778076172,0
3,bucket,89.40150451660156,154.6481475830078,0
