,name, x, y, z
0,arm,105.69246673583984,176.58035278320312,0
1,body,188.53292846679688,140.0604248046875,0
3,bucket,71.313232421875,149.713623046875,0
