,name, x, y, z
0,arm,105.8113021850586,175.93731689453125,0
1,body,188.75515747070312,139.89210510253906,0
3,bucket,71.32345581054688,149.39669799804688,0
