,name, x, y, z
0,arm,106.05194091796875,174.71932983398438,0
1,body,189.2159881591797,139.58070373535156,0
3,bucket,71.3428955078125,148.81141662597656,0
