,name, x, y, z
0,arm,106.17438507080078,174.14663696289062,0
1,body,189.4554901123047,139.4390411376953,0
3,bucket,71.35199737548828,148.54556274414062,0
