,name, x, y, z
0,arm,106.29863739013672,173.59967041015625,0
1,body,189.7015380859375,139.3076171875,0
3,bucket,71.36054992675781,148.29917907714844,0
