,name, x, y, z
0,arm,106.42498016357422,173.07958984375,0
1,body,189.95462036132812,139.18710327148438,0
3,bucket,71.36849975585938,148.0735321044922,0
