,name, x, y, z
0,arm,106.55381774902344,172.58755493164062,0
1,body,190.2151336669922,139.07823181152344,0
3,bucket,71.37580871582031,147.86981201171875,0
