,name, x, y, z
0,arm,106.68538665771484,172.1246795654297,0
1,body,190.48350524902344,138.9816436767578,0
3,bucket,71.38237762451172,147.6892547607422,0
