,name, x, y, z
0,arm,106.82001495361328,171.69207763671875,0
1,body,190.7601318359375,138.89804077148438,0
3,bucket,71.38811492919922,147.53311157226562,0
