,name, x, y, z
0,arm,107.24539184570312,170.58763122558594,0
1,body,191.64385986328125,138.7319793701172,0
3,bucket,71.39978790283203,147.22337341308594,0
