,name, x, y, z
0,arm,107.39537811279297,170.28773498535156,0
1,body,191.957763671875,138.7071533203125,0
3,bucket,71.40157318115234,147.17715454101562,0
