,name, x, y, z
0,arm,107.5499496459961,170.0238800048828,0
1,body,192.2820281982422,138.69873046875,0
3,bucket,71.40216827392578,147.1614532470703,0
