,name, x, y, z
0,arm,107.70948791503906,169.79718017578125,0
1,body,192.61390686035156,138.84092712402344,0
3,bucket,71.42278289794922,147.1802978515625,0
