,name, x, y, z
0,arm,108.30781555175781,169.34341430664062,0
1,body,193.4585418701172,140.19154357910156,0
3,bucket,71.60818481445312,147.61041259765625,0
