,name, x, y, z
0,arm,108.48783874511719,169.26341247558594,0
1,body,193.61534118652344,140.6237030029297,0
3,bucket,71.65967559814453,147.93984985351562,0
