,name, x, y, z
0,arm,70.57706451416016,207.42666625976562,0
1,body,163.109619140625,133.40042114257812,0
3,bucket,89.45429229736328,154.66436767578125,0
