,name, x, y, z
0,arm,108.66300964355469,169.20123291015625,0
1,body,193.67007446289062,141.0208282470703,0
3,bucket,71.6512451171875,148.98365783691406,0
