,name, x, y, z
0,arm,108.64910888671875,169.69544982910156,0
1,body,193.63816833496094,141.3791961669922,0
3,bucket,71.2372055053711,151.50759887695312,0
