,name, x, y, z
0,arm,108.62026977539062,170.51307678222656,0
1,body,193.60365295410156,141.57736206054688,0
3,bucket,70.71609497070312,153.71827697753906,0
