,name, x, y, z
0,arm,108.59854888916016,171.04635620117188,0
1,body,193.58448791503906,141.66510009765625,0
3,bucket,70.39016723632812,154.9523468017578,0
