,name, x, y, z
0,arm,108.57127380371094,171.65281677246094,0
1,body,193.5650634765625,141.7457275390625,0
3,bucket,70.02435302734375,156.2591094970703,0
