,name, x, y, z
0,arm,108.53797912597656,172.3252410888672,0
1,body,193.54598999023438,141.8195037841797,0
3,bucket,69.62132263183594,157.6286163330078,0
