,name, x, y, z
0,arm,70.8115463256836,207.62986755371094,0
1,body,163.28677368164062,133.4217529296875,0
3,bucket,89.47930145263672,154.6680908203125,0
