,name, x, y, z
0,arm,108.4981918334961,173.05616760253906,0
1,body,193.5280303955078,141.88673400878906,0
3,bucket,69.18376922607422,159.05104064941406,0
