,name, x, y, z
0,arm,108.3970718383789,174.66453552246094,0
1,body,193.49822998046875,142.00282287597656,0
3,bucket,68.21621704101562,162.01502990722656,0
