,name, x, y, z
0,arm,108.09526062011719,178.261962890625,0
1,body,193.4828338623047,142.1697998046875,0
3,bucket,65.9874496459961,168.142822265625,0
