,name, x, y, z
0,arm,107.99620056152344,179.19793701171875,0
1,body,193.49229431152344,142.19973754882812,0
3,bucket,65.38496398925781,169.6587677001953,0
