,name, x, y, z
0,arm,107.63453674316406,181.9765625,0
1,body,193.5638885498047,142.26602172851562,0
3,bucket,63.51251220703125,174.00999450683594,0
