,name, x, y, z
0,arm,107.49087524414062,182.8686065673828,0
1,body,193.60452270507812,142.28128051757812,0
3,bucket,62.87578201293945,175.3619384765625,0
