,name, x, y, z
0,arm,107.33483123779297,183.73135375976562,0
1,body,193.65467834472656,142.2936248779297,0
3,bucket,62.237308502197266,176.64816284179688,0
