,name, x, y, z
0,arm,106.78758239746094,186.07064819335938,0
1,body,193.86953735351562,142.3162078857422,0
3,bucket,60.338645935058594,180.01376342773438,0
