,name, x, y, z
0,arm,105.85505676269531,188.33554077148438,0
1,body,194.3323974609375,142.3239288330078,0
3,bucket,57.94807434082031,182.98178100585938,0
