,name, x, y, z
0,arm,71.23258209228516,208.00755310058594,0
1,body,163.62498474121094,133.44845581054688,0
3,bucket,89.52490234375,154.6672821044922,0
