,name, x, y, z
0,arm,105.58245086669922,188.70040893554688,0
1,body,194.48431396484375,142.3238525390625,0
3,bucket,57.39382553100586,183.3865509033203,0
