,name, x, y, z
0,arm,104.98645782470703,189.13729858398438,0
1,body,194.83651733398438,142.3234100341797,0
3,bucket,56.35638427734375,183.72222900390625,0
