,name, x, y, z
0,arm,104.66207885742188,189.1946258544922,0
1,body,195.05975341796875,142.36566162109375,0
3,bucket,55.92313003540039,183.73049926757812,0
