,name, x, y, z
0,arm,103.8329086303711,189.26931762695312,0
1,body,195.8551483154297,142.89402770996094,0
3,bucket,55.236793518066406,183.82383728027344,0
