,name, x, y, z
0,arm,103.62023162841797,189.31851196289062,0
1,body,196.1304168701172,143.1742401123047,0
3,bucket,55.17148208618164,183.86488342285156,0
