,name, x, y, z
0,arm,103.43138122558594,189.3742218017578,0
1,body,196.40676879882812,143.4940185546875,0
3,bucket,55.16703796386719,183.90452575683594,0
