,name, x, y, z
0,arm,71.4212646484375,208.1824188232422,0
1,body,163.78636169433594,133.45428466796875,0
3,bucket,89.5448989868164,154.66290283203125,0
