,name, x, y, z
0,arm,102.9590072631836,189.54739379882812,0
1,body,197.21957397460938,144.6155548095703,0
3,bucket,55.391929626464844,183.9774932861328,0
