,name, x, y, z
0,arm,102.81645965576172,189.5963134765625,0
1,body,197.47801208496094,145.01901245117188,0
3,bucket,55.50471496582031,183.97442626953125,0
