,name, x, y, z
0,arm,102.19098663330078,189.66525268554688,0
1,body,198.3984375,146.59518432617188,0
3,bucket,55.822845458984375,183.732666015625,0
