,name, x, y, z
0,arm,101.99697875976562,189.63601684570312,0
1,body,198.59165954589844,146.9470672607422,0
3,bucket,55.81120300292969,183.5982666015625,0
