,name, x, y, z
0,arm,101.7785873413086,189.58253479003906,0
1,body,198.76693725585938,147.2696075439453,0
3,bucket,55.74064636230469,183.42774963378906,0
