,name, x, y, z
0,arm,101.53118896484375,189.501953125,0
1,body,198.92282104492188,147.55697631835938,0
3,bucket,55.600181579589844,183.2178955078125,0
