,name, x, y, z
0,arm,71.59676361083984,208.3482208251953,0
1,body,163.94285583496094,133.4554443359375,0
3,bucket,89.56258392333984,154.6559600830078,0
