,name, x, y, z
0,arm,101.25020599365234,189.39149475097656,0
1,body,199.05789184570312,147.80331420898438,0
3,bucket,55.37896728515625,182.9654541015625,0
