,name, x, y, z
0,arm,100.9310073852539,189.2484130859375,0
1,body,199.17076110839844,148.00296020507812,0
3,bucket,55.0661735534668,182.66708374023438,0
