,name, x, y, z
0,arm,99.17798614501953,188.29299926757812,0
1,body,199.37265014648438,148.22286987304688,0
3,bucket,52.67936706542969,180.9453582763672,0
