,name, x, y, z
0,arm,98.59620666503906,187.94349670410156,0
1,body,199.35369873046875,148.10504150390625,0
3,bucket,51.7419319152832,180.3641815185547,0
