,name, x, y, z
0,arm,71.76020812988281,208.50515747070312,0
1,body,164.09463500976562,133.4522247314453,0
3,bucket,89.57768249511719,154.64662170410156,0
