,name, x, y, z
0,arm,94.04662322998047,185.11619567871094,0
1,body,196.63491821289062,146.424072265625,0
3,bucket,44.996028900146484,175.8460235595703,0
