,name, x, y, z
0,arm,93.61771392822266,184.86167907714844,0
1,body,196.20877075195312,146.23312377929688,0
3,bucket,44.714656829833984,175.0912322998047,0
