,name, x, y, z
0,arm,93.32791137695312,184.71522521972656,0
1,body,195.76492309570312,146.0575714111328,0
3,bucket,44.40657424926758,174.36416625976562,0
