,name, x, y, z
0,arm,92.62125396728516,184.47731018066406,0
1,body,194.83265686035156,145.74937438964844,0
3,bucket,43.74465560913086,172.98455810546875,0
