,name, x, y, z
0,arm,92.21820068359375,184.3812713623047,0
1,body,194.3484344482422,145.6151580810547,0
3,bucket,43.40790557861328,172.32777404785156,0
