,name, x, y, z
0,arm,91.34712219238281,184.22357177734375,0
1,body,193.3544158935547,145.38262939453125,0
3,bucket,42.76572036743164,171.06967163085938,0
