,name, x, y, z
0,arm,63.76490020751953,200.26080322265625,0
1,body,159.92127990722656,144.44996643066406,0
3,bucket,86.37570190429688,157.9814453125,0
