,name, x, y, z
0,arm,71.9126205444336,208.65338134765625,0
1,body,164.24188232421875,133.44480895996094,0
3,bucket,89.58983612060547,154.63494873046875,0
