,name, x, y, z
0,arm,90.43550109863281,184.09646606445312,0
1,body,192.3404083251953,145.19277954101562,0
3,bucket,42.22243881225586,169.8713836669922,0
