,name, x, y, z
0,arm,89.98172760009766,184.03863525390625,0
1,body,191.83120727539062,145.1118927001953,0
3,bucket,42.009315490722656,169.2893524169922,0
