,name, x, y, z
0,arm,89.53855895996094,183.98158264160156,0
1,body,191.3233184814453,145.03932189941406,0
3,bucket,41.84661102294922,168.71592712402344,0
