,name, x, y, z
0,arm,89.11288452148438,183.92300415039062,0
1,body,190.8188934326172,144.97430419921875,0
3,bucket,41.74291229248047,168.14895629882812,0
