,name, x, y, z
0,arm,88.71154022216797,183.86058044433594,0
1,body,190.3199920654297,144.91604614257812,0
3,bucket,41.706748962402344,167.5863494873047,0
