,name, x, y, z
0,arm,88.34148406982422,183.7920684814453,0
1,body,189.828857421875,144.86376953125,0
3,bucket,41.74681091308594,167.0259552001953,0
