,name, x, y, z
0,arm,88.00967407226562,183.7151336669922,0
1,body,189.3474578857422,144.81668090820312,0
3,bucket,41.871524810791016,166.46566772460938,0
