,name, x, y, z
0,arm,87.72295379638672,183.62750244140625,0
1,body,188.8780059814453,144.77403259277344,0
3,bucket,42.08954620361328,165.9033660888672,0
