,name, x, y, z
0,arm,87.48820495605469,183.5269012451172,0
1,body,188.42254638671875,144.73501586914062,0
3,bucket,42.40941619873047,165.33692932128906,0
