,name, x, y, z
0,arm,87.3123779296875,183.4110107421875,0
1,body,187.98251342773438,144.72055053710938,0
3,bucket,42.83671951293945,164.76461791992188,0
