,name, x, y, z
0,arm,87.19363403320312,182.79248046875,0
1,body,186.3344268798828,145.065185546875,0
3,bucket,45.461151123046875,162.41522216796875,0
