,name, x, y, z
0,arm,87.89546966552734,181.7997589111328,0
1,body,184.3422393798828,146.14321899414062,0
3,bucket,50.092411041259766,159.35227966308594,0
