,name, x, y, z
0,arm,88.08452606201172,181.58998107910156,0
1,body,183.92823791503906,146.41065979003906,0
3,bucket,51.10425567626953,158.72409057617188,0
