,name, x, y, z
0,arm,88.6327133178711,180.97064208984375,0
1,body,182.6107940673828,147.25466918945312,0
3,bucket,54.14091110229492,156.8104705810547,0
