,name, x, y, z
0,arm,88.7875747680664,180.7735137939453,0
1,body,182.13832092285156,147.5384063720703,0
3,bucket,55.12199401855469,156.163330078125,0
