,name, x, y, z
0,arm,89.01663208007812,180.40414428710938,0
1,body,181.12855529785156,148.0888214111328,0
3,bucket,56.980804443359375,154.85586547851562,0
