,name, x, y, z
0,arm,89.07792663574219,180.23550415039062,0
1,body,180.5863800048828,148.3485870361328,0
3,bucket,57.83961868286133,154.19577026367188,0
