,name, x, y, z
0,arm,89.09508514404297,180.0799102783203,0
1,body,180.0160369873047,148.59347534179688,0
3,bucket,58.638755798339844,153.53163146972656,0
