,name, x, y, z
0,arm,89.0616455078125,179.939208984375,0
1,body,179.4151153564453,148.820068359375,0
3,bucket,59.36882400512695,152.86355590820312,0
