,name, x, y, z
0,arm,88.59317016601562,179.6245574951172,0
1,body,177.40394592285156,149.3553924560547,0
3,bucket,61.04977798461914,150.8367919921875,0
