,name, x, y, z
0,arm,86.86558532714844,179.5194854736328,0
1,body,174.0924835205078,149.70294189453125,0
3,bucket,61.76026916503906,148.13189697265625,0
