,name, x, y, z
0,arm,86.20246124267578,179.5497589111328,0
1,body,173.1168212890625,149.78599548339844,0
3,bucket,61.64840316772461,147.49461364746094,0
