,name, x, y, z
0,arm,85.46311950683594,179.5970001220703,0
1,body,172.09954833984375,149.87405395507812,0
3,bucket,61.447654724121094,146.87933349609375,0
