,name, x, y, z
0,arm,79.4950942993164,180.1875,0
1,body,164.94090270996094,150.50970458984375,0
3,bucket,58.92704391479492,143.27572631835938,0
