,name, x, y, z
0,arm,78.72075653076172,180.27798461914062,0
1,body,164.07418823242188,150.58604431152344,0
3,bucket,58.60411834716797,142.87403869628906,0
