,name, x, y, z
0,arm,76.45744323730469,180.55218505859375,0
1,body,161.5349578857422,150.79782104492188,0
3,bucket,58.06009292602539,141.5921173095703,0
