,name, x, y, z
0,arm,76.17986297607422,180.58590698242188,0
1,body,161.14007568359375,150.8311767578125,0
3,bucket,58.13367462158203,141.3690643310547,0
