,name, x, y, z
0,arm,75.99034118652344,180.61148071289062,0
1,body,160.76275634765625,150.87326049804688,0
3,bucket,58.218563079833984,141.20655822753906,0
