,name, x, y, z
0,arm,75.83505249023438,180.6392059326172,0
1,body,160.4008026123047,150.92530822753906,0
3,bucket,58.31547546386719,141.10826110839844,0
