,name, x, y, z
0,arm,75.71430206298828,180.669189453125,0
1,body,160.0519256591797,150.9886474609375,0
3,bucket,58.425045013427734,141.0780487060547,0
