,name, x, y, z
0,arm,75.6283187866211,180.70156860351562,0
1,body,159.7142333984375,151.07118225097656,0
3,bucket,58.547943115234375,141.105224609375,0
