,name, x, y, z
0,arm,75.55829620361328,180.91000366210938,0
1,body,159.07081604003906,151.30882263183594,0
3,bucket,58.836788177490234,141.28289794921875,0
