,name, x, y, z
0,arm,75.67643737792969,181.6868896484375,0
1,body,158.18438720703125,151.81646728515625,0
3,bucket,59.38939666748047,141.81072998046875,0
