,name, x, y, z
0,arm,75.7663803100586,182.04891967773438,0
1,body,157.90953063964844,152.01792907714844,0
3,bucket,59.60857009887695,142.04380798339844,0
