,name, x, y, z
0,arm,76.15644073486328,183.3717041015625,0
1,body,157.14549255371094,152.69073486328125,0
3,bucket,60.381900787353516,142.8705596923828,0
