,name, x, y, z
0,arm,76.31904602050781,183.87423706054688,0
1,body,156.9106903076172,152.93109130859375,0
3,bucket,60.68087387084961,143.17820739746094,0
