,name, x, y, z
0,arm,76.6797103881836,184.9406280517578,0
1,body,156.47035217285156,153.42381286621094,0
3,bucket,61.345375061035156,143.82276916503906,0
