,name, x, y, z
0,arm,76.873291015625,185.49412536621094,0
1,body,156.26461791992188,153.67214965820312,0
3,bucket,61.71242904663086,144.15341186523438,0
