,name, x, y, z
0,arm,77.27564239501953,186.61575317382812,0
1,body,155.881591796875,154.16265869140625,0
3,bucket,62.520111083984375,144.81576538085938,0
