,name, x, y, z
0,arm,77.47997283935547,187.17356872558594,0
1,body,155.70413208007812,154.4008026123047,0
3,bucket,62.96232223510742,145.14122009277344,0
