,name, x, y, z
0,arm,78.07848358154297,188.7726593017578,0
1,body,155.22669982910156,155.06253051757812,0
3,bucket,64.45162963867188,146.0569305419922,0
