,name, x, y, z
0,arm,78.60822296142578,190.15142822265625,0
1,body,154.82989501953125,155.60279846191406,0
3,bucket,66.20149230957031,146.8159637451172,0
