,name, x, y, z
0,arm,72.86430358886719,209.55068969726562,0
1,body,165.27886962890625,133.2670135498047,0
3,bucket,89.54399871826172,154.46865844726562,0
