,name, x, y, z
0,arm,79.00867462158203,191.16995239257812,0
1,body,154.51116943359375,155.96713256835938,0
3,bucket,68.2330093383789,147.33363342285156,0
