,name, x, y, z
0,arm,79.17383575439453,191.57972717285156,0
1,body,154.34088134765625,156.08535766601562,0
3,bucket,69.75430297851562,147.50286865234375,0
