,name, x, y, z
0,arm,79.21915435791016,191.6882781982422,0
1,body,154.26808166503906,156.10098266601562,0
3,bucket,70.56733703613281,147.52528381347656,0
