,name, x, y, z
0,arm,79.22789764404297,191.6865692138672,0
1,body,154.4691162109375,156.0670928955078,0
3,bucket,72.29478454589844,147.33212280273438,0
