,name, x, y, z
0,arm,79.19670867919922,191.57778930664062,0
1,body,154.77322387695312,156.02767944335938,0
3,bucket,73.20059204101562,147.12393188476562,0
