,name, x, y, z
0,arm,72.96600341796875,209.62969970703125,0
1,body,165.39364624023438,133.23385620117188,0
3,bucket,89.51561737060547,154.440185546875,0
