,name, x, y, z
0,arm,78.86638641357422,190.71615600585938,0
1,body,156.56536865234375,155.76927185058594,0
3,bucket,76.99332427978516,146.06765747070312,0
