,name, x, y, z
0,arm,78.73750305175781,190.46131896972656,0
1,body,156.99200439453125,155.6895294189453,0
3,bucket,77.96221923828125,145.8588409423828,0
