,name, x, y, z
0,arm,78.43843078613281,189.99774169921875,0
1,body,157.596435546875,155.52621459960938,0
3,bucket,79.90283966064453,145.66326904296875,0
