,name, x, y, z
0,arm,77.92781829833984,189.5186767578125,0
1,body,158.01138305664062,155.2938690185547,0
3,bucket,82.78369903564453,145.74078369140625,0
