,name, x, y, z
0,arm,77.56377410888672,189.25816345214844,0
1,body,158.1392059326172,155.15003967285156,0
3,bucket,84.66217041015625,145.87777709960938,0
