,name, x, y, z
0,arm,77.37687683105469,189.1409149169922,0
1,body,158.16424560546875,155.08139038085938,0
3,bucket,85.58345794677734,145.96990966796875,0
