,name, x, y, z
0,arm,73.0674819946289,209.70205688476562,0
1,body,165.5057373046875,133.1990966796875,0
3,bucket,89.48110961914062,154.41029357910156,0
