,name, x, y, z
0,arm,76.80569458007812,188.83782958984375,0
1,body,158.10690307617188,154.8882293701172,0
3,bucket,88.25413513183594,146.3329620361328,0
