,name, x, y, z
0,arm,76.61421966552734,188.75198364257812,0
1,body,158.05001831054688,154.82809448242188,0
3,bucket,89.10736083984375,146.48068237304688,0
