,name, x, y, z
0,arm,76.23394775390625,188.60118103027344,0
1,body,157.89111328125,154.71397399902344,0
3,bucket,90.74767303466797,146.81219482421875,0
