,name, x, y, z
0,arm,75.50477600097656,188.3748321533203,0
1,body,157.4465789794922,154.51016235351562,0
3,bucket,93.71385955810547,147.60125732421875,0
