,name, x, y, z
0,arm,73.16983032226562,209.7678985595703,0
1,body,165.61537170410156,133.16311645507812,0
3,bucket,89.44022369384766,154.37913513183594,0
