,name, x, y, z
0,arm,75.33330535888672,188.3321533203125,0
1,body,157.32017517089844,154.4641876220703,0
3,bucket,94.3794937133789,147.82093811035156,0
