,name, x, y, z
0,arm,75.00837707519531,188.2613525390625,0
1,body,157.06265258789062,154.3780517578125,0
3,bucket,95.60733795166016,148.2825927734375,0
