,name, x, y, z
0,arm,74.71237182617188,188.20791625976562,0
1,body,156.81149291992188,154.2996063232422,0
3,bucket,96.685302734375,148.7696075439453,0
