,name, x, y, z
0,arm,74.45114135742188,188.16946411132812,0
1,body,156.58203125,154.22866821289062,0
3,bucket,97.59916687011719,149.27671813964844,0
