,name, x, y, z
0,arm,74.23053741455078,188.14352416992188,0
1,body,156.38963317871094,154.1651153564453,0
3,bucket,98.33472442626953,149.79867553710938,0
