,name, x, y, z
0,arm,74.13729858398438,188.13450622558594,0
1,body,156.3121337890625,154.1360626220703,0
3,bucket,98.63118743896484,150.06358337402344,0
