,name, x, y, z
0,arm,73.98855590820312,188.122802734375,0
1,body,156.20413208007812,154.0832977294922,0
3,bucket,99.07257843017578,150.59796142578125,0
