,name, x, y, z
0,arm,73.71212005615234,188.17437744140625,0
1,body,156.2918701171875,153.96449279785156,0
3,bucket,99.1064682006836,152.18984985351562,0
