,name, x, y, z
0,arm,73.53141021728516,188.24501037597656,0
1,body,156.33401489257812,153.9491424560547,0
3,bucket,98.94203186035156,152.44720458984375,0
