,name, x, y, z
0,arm,73.28692626953125,188.3418426513672,0
1,body,156.38006591796875,153.9347686767578,0
3,bucket,98.73799133300781,152.70118713378906,0
