,name, x, y, z
0,arm,72.98355865478516,188.46363830566406,0
1,body,156.43011474609375,153.9213104248047,0
3,bucket,98.49764251708984,152.9514617919922,0
