,name, x, y, z
0,arm,71.76929473876953,188.9668426513672,0
1,body,156.60450744628906,153.88560485839844,0
3,bucket,97.59184265136719,153.6763153076172,0
