,name, x, y, z
0,arm,70.75537872314453,189.40509033203125,0
1,body,156.74154663085938,153.86495971679688,0
3,bucket,96.86698150634766,154.1343536376953,0
