,name, x, y, z
0,arm,70.2018051147461,189.6514434814453,0
1,body,156.81643676757812,153.85531616210938,0
3,bucket,96.4781494140625,154.354736328125,0
