,name, x, y, z
0,arm,69.62369537353516,189.9143524169922,0
1,body,156.89564514160156,153.8460693359375,0
3,bucket,96.07611846923828,154.5688934326172,0
