,name, x, y, z
0,arm,69.02597045898438,190.19256591796875,0
1,body,156.97923278808594,153.8370819091797,0
3,bucket,95.66419982910156,154.7764434814453,0
