,name, x, y, z
0,arm,73.49299621582031,209.92845153808594,0
1,body,165.93112182617188,133.0498504638672,0
3,bucket,89.27572631835938,154.27879333496094,0
