,name, x, y, z
0,arm,67.16411590576172,191.10731506347656,0
1,body,157.25665283203125,153.81109619140625,0
3,bucket,94.40201568603516,155.3560791015625,0
