,name, x, y, z
0,arm,66.5369644165039,191.4348907470703,0
1,body,157.3582000732422,153.802490234375,0
3,bucket,93.98348999023438,155.53372192382812,0
