,name, x, y, z
0,arm,65.91468811035156,191.77178955078125,0
1,body,157.46437072753906,153.7937774658203,0
3,bucket,93.5715560913086,155.7030029296875,0
