,name, x, y, z
0,arm,65.30225372314453,192.11680603027344,0
1,body,157.5751953125,153.784912109375,0
3,bucket,93.16952514648438,155.863525390625,0
