,name, x, y, z
0,arm,64.70452880859375,192.46875,0
1,body,157.6907501220703,153.7757568359375,0
3,bucket,92.78070068359375,156.01499938964844,0
