,name, x, y, z
0,arm,63.57284164428711,193.1885528564453,0
1,body,157.93618774414062,153.7563934326172,0
3,bucket,92.05582427978516,156.28921508789062,0
