,name, x, y, z
0,arm,62.558929443359375,193.9215850830078,0
1,body,158.20111083984375,153.73504638671875,0
3,bucket,91.42337036132812,156.52281188964844,0
