,name, x, y, z
0,arm,62.108375549316406,194.29005432128906,0
1,body,158.34100341796875,153.7234344482422,0
3,bucket,91.1500244140625,156.62347412109375,0
