,name, x, y, z
0,arm,61.041297912597656,195.38882446289062,0
1,body,158.7909393310547,153.68399047851562,0
3,bucket,90.54120635986328,156.85665893554688,0
