,name, x, y, z
0,arm,60.796817779541016,195.74884033203125,0
1,body,158.95118713378906,153.66900634765625,0
3,bucket,90.41967010498047,156.9102783203125,0
