,name, x, y, z
0,arm,60.616111755371094,196.103759765625,0
1,body,159.11663818359375,153.6529998779297,0
3,bucket,90.34431457519531,156.9512176513672,0
