,name, x, y, z
0,arm,60.48991012573242,197.12594604492188,0
1,body,159.64427185058594,153.59791564941406,0
3,bucket,90.39572143554688,157.01995849609375,0
