,name, x, y, z
0,arm,73.73287200927734,210.0067138671875,0
1,body,166.13262939453125,132.9727020263672,0
3,bucket,89.12812042236328,154.20718383789062,0
