,name, x, y, z
0,arm,60.67766571044922,197.76510620117188,0
1,body,160.01934814453125,153.55419921875,0
3,bucket,90.61845397949219,157.0572967529297,0
