,name, x, y, z
0,arm,60.83699035644531,198.07186889648438,0
1,body,160.21275329589844,153.5298614501953,0
3,bucket,90.78016662597656,157.07473754882812,0
