,name, x, y, z
0,arm,61.861637115478516,199.2148895263672,0
1,body,161.0165557861328,153.41317749023438,0
3,bucket,91.72301483154297,157.13648986816406,0
