,name, x, y, z
0,arm,62.577064514160156,199.7369384765625,0
1,body,161.43116760253906,153.3415069580078,0
3,bucket,92.34838104248047,157.16290283203125,0
