,name, x, y, z
0,arm,65.3348159790039,201.1116943359375,0
1,body,162.68923950195312,153.0612030029297,0
3,bucket,94.6778564453125,157.22608947753906,0
