,name, x, y, z
0,arm,66.9539794921875,201.69467163085938,0
1,body,163.30726623535156,152.8782196044922,0
3,bucket,96.01387023925781,157.24961853027344,0
