,name, x, y, z
0,arm,67.51534271240234,201.8739776611328,0
1,body,163.50909423828125,152.81005859375,0
3,bucket,96.47332000732422,157.2563934326172,0
