,name, x, y, z
0,arm,68.08402252197266,202.0458984375,0
1,body,163.70819091796875,152.7381134033203,0
3,bucket,96.93697357177734,157.2626495361328,0
