,name, x, y, z
0,arm,74.00255584716797,210.06381225585938,0
1,body,166.3286895751953,132.8966522216797,0
3,bucket,88.94709777832031,154.13267517089844,0
