,name, x, y, z
0,arm,70.96410369873047,202.79672241210938,0
1,body,164.64927673339844,152.317138671875,0
3,bucket,99.25955200195312,157.2871551513672,0
