,name, x, y, z
0,arm,71.53279113769531,202.92562866210938,0
1,body,164.82394409179688,152.21983337402344,0
3,bucket,99.71306610107422,157.29083251953125,0
