,name, x, y, z
0,arm,72.64608001708984,203.1626739501953,0
1,body,165.15664672851562,152.0111083984375,0
3,bucket,100.59557342529297,157.29708862304688,0
