,name, x, y, z
0,arm,73.18649291992188,203.27096557617188,0
1,body,165.3139190673828,151.89947509765625,0
3,bucket,101.02118682861328,157.29971313476562,0
