,name, x, y, z
0,arm,74.15131378173828,210.0849151611328,0
1,body,166.42515563964844,132.8597412109375,0
3,bucket,88.84325408935547,154.09458923339844,0
