,name, x, y, z
0,arm,74.71771240234375,203.5556640625,0
1,body,165.74481201171875,151.5338592529297,0
3,bucket,102.2151107788086,157.30581665039062,0
