,name, x, y, z
0,arm,76.06989288330078,203.7815399169922,0
1,body,166.10630798339844,151.11964416503906,0
3,bucket,103.24916076660156,157.30966186523438,0
