,name, x, y, z
0,arm,76.84396362304688,203.9003448486328,0
1,body,166.30361938476562,150.8148651123047,0
3,bucket,103.82715606689453,157.31121826171875,0
