,name, x, y, z
0,arm,77.1865005493164,203.9503936767578,0
1,body,166.38803100585938,150.65350341796875,0
3,bucket,104.07766723632812,157.311767578125,0
