,name, x, y, z
0,arm,77.49658203125,203.9943084716797,0
1,body,166.4624481201172,150.4860076904297,0
3,bucket,104.30027770996094,157.3121795654297,0
