,name, x, y, z
0,arm,77.77210998535156,204.0321807861328,0
1,body,166.5264434814453,150.31224060058594,0
3,bucket,104.4932632446289,157.31246948242188,0
