,name, x, y, z
0,arm,63.503170013427734,200.50787353515625,0
1,body,159.71983337402344,144.14434814453125,0
3,bucket,86.17768859863281,158.12234497070312,0
