,name, x, y, z
0,arm,74.31084442138672,210.1013641357422,0
1,body,166.52081298828125,132.82386779785156,0
3,bucket,88.73011779785156,154.05606079101562,0
