,name, x, y, z
0,arm,78.21114349365234,204.0899200439453,0
1,body,166.62173461914062,149.9453887939453,0
3,bucket,104.78368377685547,157.3127899169922,0
