,name, x, y, z
0,arm,78.3704605102539,204.10995483398438,0
1,body,166.6522674560547,149.7520751953125,0
3,bucket,104.8777084350586,157.31285095214844,0
