,name, x, y, z
0,arm,78.5582275390625,204.13267517089844,0
1,body,166.67713928222656,149.34506225585938,0
3,bucket,104.95496368408203,157.31288146972656,0
