,name, x, y, z
0,arm,78.51436614990234,204.11949157714844,0
1,body,166.29684448242188,148.9143524169922,0
3,bucket,104.68294525146484,157.19140625,0
