,name, x, y, z
0,arm,78.32366943359375,204.0747528076172,0
1,body,165.86651611328125,148.69635009765625,0
3,bucket,104.37513732910156,157.05392456054688,0
