,name, x, y, z
0,arm,77.22030639648438,203.81578063964844,0
1,body,163.97503662109375,148.06959533691406,0
3,bucket,103.02220916748047,156.44970703125,0
