,name, x, y, z
0,arm,76.7435531616211,203.70388793945312,0
1,body,163.24447631835938,147.8802490234375,0
3,bucket,102.49966430664062,156.21633911132812,0
