,name, x, y, z
0,arm,76.24636840820312,203.58718872070312,0
1,body,162.513916015625,147.70591735839844,0
3,bucket,101.97709655761719,155.9829559326172,0
