,name, x, y, z
0,arm,75.27242279052734,203.35861206054688,0
1,body,161.17288208007812,147.4149627685547,0
3,bucket,101.01788330078125,155.55458068847656,0
