,name, x, y, z
0,arm,73.9783706665039,203.054931640625,0
1,body,159.8118133544922,147.15196228027344,0
3,bucket,100.04434967041016,155.1197967529297,0
