,name, x, y, z
0,arm,73.90609741210938,203.06982421875,0
1,body,159.80621337890625,147.19895935058594,0
3,bucket,99.99787139892578,155.21026611328125,0
