,name, x, y, z
0,arm,73.89529418945312,203.15992736816406,0
1,body,159.79916381835938,147.25550842285156,0
3,bucket,99.9446029663086,155.3189697265625,0
