,name, x, y, z
0,arm,73.88005828857422,203.3054962158203,0
1,body,159.78921508789062,147.33212280273438,0
3,bucket,99.87564849853516,155.46600341796875,0
