,name, x, y, z
0,arm,73.8457260131836,203.74777221679688,0
1,body,159.76046752929688,147.5395965576172,0
3,bucket,99.70355987548828,155.8633575439453,0
