,name, x, y, z
0,arm,73.83123016357422,204.03688049316406,0
1,body,159.7415771484375,147.6675262451172,0
3,bucket,99.60688018798828,156.10777282714844,0
