,name, x, y, z
0,arm,73.82628631591797,205.13052368164062,0
1,body,159.66641235351562,148.13038635253906,0
3,bucket,99.31319427490234,156.98854064941406,0
