,name, x, y, z
0,arm,73.87830352783203,206.01025390625,0
1,body,159.60043334960938,148.49009704589844,0
3,bucket,99.14661407470703,157.6691436767578,0
