,name, x, y, z
0,arm,73.9278335571289,206.4839324951172,0
1,body,159.56259155273438,148.68087768554688,0
3,bucket,99.08181762695312,158.0286407470703,0
