,name, x, y, z
0,arm,74.33695220947266,208.51536560058594,0
1,body,159.37765502929688,149.4823455810547,0
3,bucket,99.0210952758789,159.5255889892578,0
