,name, x, y, z
0,arm,75.19486236572266,210.58334350585938,0
1,body,159.13714599609375,150.2744140625,0
3,bucket,99.43321228027344,160.97532653808594,0
