,name, x, y, z
0,arm,75.49681091308594,211.0775909423828,0
1,body,159.06802368164062,150.45989990234375,0
3,bucket,99.63434600830078,161.30825805664062,0
