,name, x, y, z
0,arm,75.07870483398438,210.12451171875,0
1,body,166.89939880371094,132.69659423828125,0
3,bucket,88.17779541015625,153.8996124267578,0
