,name, x, y, z
0,arm,76.64982604980469,212.44485473632812,0
1,body,158.83840942382812,150.9626922607422,0
3,bucket,100.52497863769531,162.18902587890625,0
