,name, x, y, z
0,arm,78.85017395019531,213.85691833496094,0
1,body,158.4788055419922,151.45277404785156,0
3,bucket,102.50331115722656,162.9778289794922,0
