,name, x, y, z
0,arm,79.53410339355469,214.11122131347656,0
1,body,158.37908935546875,151.53326416015625,0
3,bucket,103.16068267822266,163.08651733398438,0
