,name, x, y, z
0,arm,81.07881164550781,214.4748077392578,0
1,body,158.16757202148438,151.63348388671875,0
3,bucket,104.69332885742188,163.177001953125,0
