,name, x, y, z
0,arm,81.94420623779297,214.5764923095703,0
1,body,157.87664794921875,151.65396118164062,0
3,bucket,105.60888671875,163.05799865722656,0
