,name, x, y, z
0,arm,83.8047103881836,214.6504669189453,0
1,body,156.55508422851562,151.70889282226562,0
3,bucket,107.44369506835938,162.43556213378906,0
