,name, x, y, z
0,arm,86.23220825195312,214.9102325439453,0
1,body,154.4221954345703,152.14822387695312,0
3,bucket,108.25870513916016,162.0970458984375,0
