,name, x, y, z
0,arm,86.75112915039062,215.24993896484375,0
1,body,153.95541381835938,152.4552764892578,0
3,bucket,108.10984802246094,162.27337646484375,0
