,name, x, y, z
0,arm,75.55603790283203,210.11334228515625,0
1,body,167.08888244628906,132.6464080810547,0
3,bucket,87.8373031616211,153.82135009765625,0
