,name, x, y, z
0,arm,87.49400329589844,218.3251495361328,0
1,body,152.92323303222656,153.39749145507812,0
3,bucket,107.07713317871094,163.60609436035156,0
