,name, x, y, z
0,arm,87.7271499633789,222.4354705810547,0
1,body,152.1720428466797,152.99179077148438,0
3,bucket,105.9371109008789,165.6234893798828,0
