,name, x, y, z
0,arm,87.78096008300781,222.8722686767578,0
1,body,152.09181213378906,152.8624725341797,0
3,bucket,105.8025894165039,165.90403747558594,0
