,name, x, y, z
0,arm,87.8370590209961,223.24916076660156,0
1,body,152.0231170654297,152.7211151123047,0
3,bucket,105.67447662353516,166.1658477783203,0
