,name, x, y, z
0,arm,87.95291900634766,223.84066772460938,0
1,body,151.9183349609375,152.4107666015625,0
3,bucket,105.42328643798828,166.62884521484375,0
