,name, x, y, z
0,arm,88.1755599975586,224.4959259033203,0
1,body,151.82542419433594,151.73831176757812,0
3,bucket,104.84172821044922,167.2823944091797,0
