,name, x, y, z
0,arm,88.26898193359375,224.629150390625,0
1,body,151.82940673828125,151.40988159179688,0
3,bucket,104.45467376708984,167.455810546875,0
