,name, x, y, z
0,arm,88.34151458740234,224.6791534423828,0
1,body,151.8617706298828,151.1090545654297,0
3,bucket,103.96560668945312,167.51551818847656,0
