,name, x, y, z
0,arm,88.38768005371094,224.67001342773438,0
1,body,151.9347686767578,150.84893798828125,0
3,bucket,103.35279083251953,167.41294860839844,0
