,name, x, y, z
0,arm,88.41679382324219,224.36001586914062,0
1,body,152.2267608642578,150.43911743164062,0
3,bucket,101.78092956542969,166.68545532226562,0
