,name, x, y, z
0,arm,88.41325378417969,224.22483825683594,0
1,body,152.32522583007812,150.35549926757812,0
3,bucket,101.32401275634766,166.4174041748047,0
