,name, x, y, z
0,arm,88.3819351196289,223.70030212402344,0
1,body,152.66807556152344,150.1383514404297,0
3,bucket,99.82212829589844,165.4683837890625,0
