,name, x, y, z
0,arm,88.3473129272461,223.26358032226562,0
1,body,152.9276885986328,150.01454162597656,0
3,bucket,98.72560119628906,164.75379943847656,0
