,name, x, y, z
0,arm,88.20722961425781,221.642333984375,0
1,body,153.78062438964844,149.6806182861328,0
3,bucket,95.10213470458984,162.55824279785156,0
