,name, x, y, z
0,arm,88.18214416503906,221.3395233154297,0
1,body,153.9246368408203,149.6229248046875,0
3,bucket,94.4642333984375,162.22547912597656,0
