,name, x, y, z
0,arm,88.11083221435547,220.39939880371094,0
1,body,154.3428497314453,149.43197631835938,0
3,bucket,92.5202407836914,161.36158752441406,0
