,name, x, y, z
0,arm,88.06987762451172,219.75840759277344,0
1,body,154.60162353515625,149.2826690673828,0
3,bucket,91.21302795410156,160.9364471435547,0
