,name, x, y, z
0,arm,88.0251693725586,218.7998046875,0
1,body,154.94264221191406,149.01132202148438,0
3,bucket,89.26338195800781,160.60252380371094,0
