,name, x, y, z
0,arm,88.00819396972656,217.87191772460938,0
1,body,155.2213592529297,148.6720428466797,0
3,bucket,87.35454559326172,160.49012756347656,0
