,name, x, y, z
0,arm,88.00944519042969,217.57164001464844,0
1,body,155.3037109375,148.54547119140625,0
3,bucket,86.72881317138672,160.45703125,0
