,name, x, y, z
0,arm,88.01415252685547,217.27557373046875,0
1,body,155.3818817138672,148.41322326660156,0
3,bucket,86.10838317871094,160.42599487304688,0
