,name, x, y, z
0,arm,88.02228546142578,216.9835205078125,0
1,body,155.45655822753906,148.27590942382812,0
3,bucket,85.4932861328125,160.39695739746094,0
