,name, x, y, z
0,arm,88.03390502929688,216.6952667236328,0
1,body,155.5283203125,148.13421630859375,0
3,bucket,84.88349151611328,160.36985778808594,0
