,name, x, y, z
0,arm,88.04889678955078,216.4105682373047,0
1,body,155.59793090820312,147.9887237548828,0
3,bucket,84.27910614013672,160.34461975097656,0
