,name, x, y, z
0,arm,88.08922576904297,215.8511199951172,0
1,body,155.73312377929688,147.68899536132812,0
3,bucket,83.0864486694336,160.2995147705078,0
