,name, x, y, z
0,arm,88.11449432373047,215.57591247558594,0
1,body,155.80006408691406,147.5360107421875,0
3,bucket,82.49826049804688,160.27947998046875,0
