,name, x, y, z
0,arm,88.17530059814453,215.03355407714844,0
1,body,155.93592834472656,147.2270050048828,0
3,bucket,81.3382339477539,160.24415588378906,0
