,name, x, y, z
0,arm,88.21078491210938,214.7659912109375,0
1,body,156.00613403320312,147.07225036621094,0
3,bucket,80.76640319824219,160.22872924804688,0
