,name, x, y, z
0,arm,77.45723724365234,209.78683471679688,0
1,body,167.6669464111328,132.5686492919922,0
3,bucket,86.3974380493164,153.43231201171875,0
