,name, x, y, z
0,arm,88.2496566772461,214.50051879882812,0
1,body,156.0787811279297,146.9181671142578,0
3,bucket,80.2000961303711,160.2147216796875,0
