,name, x, y, z
0,arm,88.29190826416016,214.23696899414062,0
1,body,156.15451049804688,146.76539611816406,0
3,bucket,79.63932037353516,160.2020263671875,0
