,name, x, y, z
0,arm,88.33753967285156,213.9751434326172,0
1,body,156.2339324951172,146.61459350585938,0
3,bucket,79.08407592773438,160.19061279296875,0
