,name, x, y, z
0,arm,88.49464416503906,213.19773864746094,0
1,body,156.50119018554688,146.18023681640625,0
3,bucket,77.45177459716797,160.1632843017578,0
