,name, x, y, z
0,arm,88.6161117553711,212.6841583251953,0
1,body,156.71006774902344,145.91209411621094,0
3,bucket,76.3916244506836,160.1501922607422,0
