,name, x, y, z
0,arm,88.68185424804688,212.42816162109375,0
1,body,156.82571411132812,145.78634643554688,0
3,bucket,75.87002563476562,160.1449737548828,0
