,name, x, y, z
0,arm,88.75094604492188,212.17239379882812,0
1,body,156.94969177246094,145.66700744628906,0
3,bucket,75.3541488647461,160.14056396484375,0
