,name, x, y, z
0,arm,77.84217834472656,209.5998992919922,0
1,body,167.7638702392578,132.5648651123047,0
3,bucket,86.07706451416016,153.31207275390625,0
