,name, x, y, z
0,arm,88.97810363769531,211.4044647216797,0
1,body,157.3782501220703,145.35377502441406,0
3,bucket,73.8406753540039,160.13145446777344,0
