,name, x, y, z
0,arm,89.14608001708984,210.889892578125,0
1,body,157.71774291992188,145.1886444091797,0
3,bucket,72.86044311523438,160.128173828125,0
