,name, x, y, z
0,arm,89.32720947265625,210.37127685546875,0
1,body,158.10641479492188,145.06439208984375,0
3,bucket,71.90342712402344,160.12646484375,0
