,name, x, y, z
0,arm,89.52145385742188,209.84695434570312,0
1,body,158.5495147705078,144.98609924316406,0
3,bucket,70.96974182128906,160.12583923339844,0
