,name, x, y, z
0,arm,78.24330139160156,209.3745574951172,0
1,body,167.8611297607422,132.56283569335938,0
3,bucket,85.74114227294922,153.17848205566406,0
