,name, x, y, z
0,arm,89.728759765625,209.31521606445312,0
1,body,159.05230712890625,144.95887756347656,0
3,bucket,70.05953979492188,160.12576293945312,0
