,name, x, y, z
0,arm,89.96241760253906,208.77439880371094,0
1,body,159.65443420410156,144.9806365966797,0
3,bucket,69.22534942626953,160.1328125,0
