,name, x, y, z
0,arm,91.55548095703125,206.750244140625,0
1,body,162.63734436035156,145.34292602539062,0
3,bucket,67.17264556884766,160.25302124023438,0
