,name, x, y, z
0,arm,78.65921783447266,209.1153564453125,0
1,body,167.9588165283203,132.56216430664062,0
3,bucket,85.39328002929688,153.03329467773438,0
