,name, x, y, z
0,arm,92.88813781738281,205.44178771972656,0
1,body,164.76084899902344,145.69253540039062,0
3,bucket,66.46011352539062,160.3724365234375,0
