,name, x, y, z
0,arm,93.62791442871094,204.72975158691406,0
1,body,165.8843536376953,145.890625,0
3,bucket,66.18983459472656,160.44163513183594,0
