,name, x, y, z
0,arm,94.79330444335938,203.5751190185547,0
1,body,167.60147094726562,146.20335388183594,0
3,bucket,65.85773468017578,160.5535430908203,0
