,name, x, y, z
0,arm,95.58865356445312,202.7402801513672,0
1,body,168.7438507080078,146.41522216796875,0
3,bucket,65.66741180419922,160.63157653808594,0
