,name, x, y, z
0,arm,96.38372802734375,201.84754943847656,0
1,body,169.8655242919922,146.62423706054688,0
3,bucket,65.48778533935547,160.71084594726562,0
