,name, x, y, z
0,arm,96.77713775634766,201.3778533935547,0
1,body,170.41354370117188,146.72613525390625,0
3,bucket,65.39818572998047,160.75050354003906,0
