,name, x, y, z
0,arm,98.28607940673828,199.32891845703125,0
1,body,172.4730987548828,147.1025848388672,0
3,bucket,65.00556182861328,160.90545654296875,0
