,name, x, y, z
0,arm,98.6390609741211,198.77099609375,0
1,body,172.9447479248047,147.18588256835938,0
3,bucket,64.89125061035156,160.9424591064453,0
