,name, x, y, z
0,arm,99.90596771240234,196.33740234375,0
1,body,174.597900390625,147.45782470703125,0
3,bucket,64.32379150390625,161.07833862304688,0
