,name, x, y, z
0,arm,100.17839813232422,195.67538452148438,0
1,body,174.94273376464844,147.50750732421875,0
3,bucket,64.1467514038086,161.10845947265625,0
