,name, x, y, z
0,arm,100.65885925292969,194.2825927734375,0
1,body,175.5360870361328,147.58070373535156,0
3,bucket,63.73979187011719,161.16293334960938,0
