,name, x, y, z
0,arm,100.86368560791016,193.5505828857422,0
1,body,175.78057861328125,147.60299682617188,0
3,bucket,63.50687026977539,161.1869354248047,0
