,name, x, y, z
0,arm,101.19450378417969,192.01206970214844,0
1,body,176.15638732910156,147.62205505371094,0
3,bucket,62.975250244140625,161.22850036621094,0
