,name, x, y, z
0,arm,79.9811019897461,208.17921447753906,0
1,body,168.25534057617188,132.5647735595703,0
3,bucket,84.31475830078125,152.54595947265625,0
