,name, x, y, z
0,arm,101.55630493164062,188.70889282226562,0
1,body,176.54513549804688,147.65431213378906,0
3,bucket,61.69963073730469,161.3327178955078,0
