,name, x, y, z
0,arm,101.60477447509766,187.87353515625,0
1,body,176.59788513183594,147.6619415283203,0
3,bucket,61.35496520996094,161.3749542236328,0
