,name, x, y, z
0,arm,101.7145004272461,185.456787109375,0
1,body,176.73655700683594,147.6791534423828,0
3,bucket,60.310821533203125,161.57273864746094,0
