,name, x, y, z
0,arm,101.75271606445312,184.70437622070312,0
1,body,176.7943115234375,147.6820526123047,0
3,bucket,59.970115661621094,161.66905212402344,0
