,name, x, y, z
0,arm,101.8558578491211,183.3216094970703,0
1,body,176.9597625732422,147.68179321289062,0
3,bucket,59.319061279296875,161.9193878173828,0
