,name, x, y, z
0,arm,80.44169616699219,207.82931518554688,0
1,body,168.3556671142578,132.56594848632812,0
3,bucket,83.95584869384766,152.37222290039062,0
