,name, x, y, z
0,arm,101.92892456054688,182.7052459716797,0
1,body,177.07826232910156,147.6781005859375,0
3,bucket,59.01511764526367,162.07742309570312,0
