,name, x, y, z
0,arm,102.02172088623047,182.14825439453125,0
1,body,177.2279510498047,147.671630859375,0
3,bucket,58.729949951171875,162.2600555419922,0
