,name, x, y, z
0,arm,102.13834381103516,181.65773010253906,0
1,body,177.41416931152344,147.66207885742188,0
3,bucket,58.46672439575195,162.4692840576172,0
