,name, x, y, z
0,arm,102.9239730834961,180.50015258789062,0
1,body,178.63331604003906,147.5875244140625,0
3,bucket,57.697715759277344,163.61257934570312,0
