,name, x, y, z
0,arm,103.22044372558594,180.44703674316406,0
1,body,179.07308959960938,147.5587615966797,0
3,bucket,57.59512710571289,164.07981872558594,0
