,name, x, y, z
0,arm,103.54808044433594,180.51487731933594,0
1,body,179.55172729492188,147.5264892578125,0
3,bucket,57.5324821472168,164.75697326660156,0
