,name, x, y, z
0,arm,63.21977996826172,200.7830352783203,0
1,body,159.5011749267578,143.81497192382812,0
3,bucket,85.96780395507812,158.2758026123047,0
