,name, x, y, z
0,arm,80.90984344482422,207.46803283691406,0
1,body,168.45692443847656,132.56674194335938,0
3,bucket,83.60331726074219,152.19577026367188,0
