,name, x, y, z
0,arm,104.57247924804688,181.4447784423828,0
1,body,181.14273071289062,147.4129180908203,0
3,bucket,57.51921081542969,167.7938232421875,0
