,name, x, y, z
0,arm,104.90621948242188,181.96051025390625,0
1,body,181.69874572753906,147.3708038330078,0
3,bucket,57.55134201049805,169.05650329589844,0
