,name, x, y, z
0,arm,105.22537994384766,182.5609130859375,0
1,body,182.254638671875,147.32728576660156,0
3,bucket,57.59095764160156,170.4020233154297,0
