,name, x, y, z
0,arm,105.79410552978516,183.97203063964844,0
1,body,183.33482360839844,147.23756408691406,0
3,bucket,57.66661834716797,173.2399444580078,0
