,name, x, y, z
0,arm,106.37640380859375,186.45079040527344,0
1,body,184.75904846191406,147.10252380371094,0
3,bucket,57.67373275756836,177.48272705078125,0
