,name, x, y, z
0,arm,81.38414001464844,207.09986877441406,0
1,body,168.55917358398438,132.56674194335938,0
3,bucket,83.26089477539062,152.01846313476562,0
