,name, x, y, z
0,arm,106.5088119506836,188.21728515625,0
1,body,185.48687744140625,147.0170135498047,0
3,bucket,57.53182601928711,180.00535583496094,0
