,name, x, y, z
0,arm,106.37635040283203,189.97305297851562,0
1,body,185.96456909179688,146.9389190673828,0
3,bucket,57.21197509765625,182.04603576660156,0
