,name, x, y, z
0,arm,105.92742156982422,191.6306915283203,0
1,body,186.1297607421875,146.87156677246094,0
3,bucket,56.6622314453125,183.40145874023438,0
