,name, x, y, z
0,arm,105.568115234375,192.3954315185547,0
1,body,186.0756378173828,146.8429412841797,0
3,bucket,56.28493118286133,183.75868225097656,0
