,name, x, y, z
0,arm,102.70018768310547,195.26718139648438,0
1,body,185.11709594726562,146.92214965820312,0
3,bucket,54.04615783691406,183.27252197265625,0
