,name, x, y, z
0,arm,101.47427368164062,196.00572204589844,0
1,body,184.7449493408203,147.0900115966797,0
3,bucket,53.26763153076172,182.65536499023438,0
