,name, x, y, z
0,arm,100.86331176757812,196.30325317382812,0
1,body,184.56698608398438,147.19400024414062,0
3,bucket,52.89731216430664,182.284423828125,0
