,name, x, y, z
0,arm,100.25389862060547,196.55809020996094,0
1,body,184.39466857910156,147.30799865722656,0
3,bucket,52.53595733642578,181.87852478027344,0
