,name, x, y, z
0,arm,99.64608764648438,196.77410888671875,0
1,body,184.22825622558594,147.42942810058594,0
3,bucket,52.1808967590332,181.44261169433594,0
