,name, x, y, z
0,arm,99.03999328613281,196.95518493652344,0
1,body,184.06785583496094,147.5557403564453,0
3,bucket,51.82941818237305,180.98170471191406,0
