,name, x, y, z
0,arm,98.43575286865234,197.105224609375,0
1,body,183.9137420654297,147.6843719482422,0
3,bucket,51.47883987426758,180.50074768066406,0
