,name, x, y, z
0,arm,97.83346557617188,197.2280731201172,0
1,body,183.76612854003906,147.81280517578125,0
3,bucket,51.12636947631836,180.00477600097656,0
