,name, x, y, z
0,arm,82.3453140258789,206.3609161376953,0
1,body,168.76707458496094,132.56292724609375,0
3,bucket,82.62106323242188,151.66836547851562,0
