,name, x, y, z
0,arm,96.03943634033203,197.4721221923828,0
1,body,183.3641357421875,148.17120361328125,0
3,bucket,50.03076934814453,178.47625732421875,0
