,name, x, y, z
0,arm,94.2671890258789,197.61085510253906,0
1,body,183.02783203125,148.43560791015625,0
3,bucket,48.82068634033203,176.9918212890625,0
