,name, x, y, z
0,arm,92.5200424194336,197.74905395507812,0
1,body,182.7628173828125,148.53668212890625,0
3,bucket,47.422607421875,175.68655395507812,0
