,name, x, y, z
0,arm,91.37084197998047,197.8926544189453,0
1,body,182.62777709960938,148.49075317382812,0
3,bucket,46.35116195678711,174.98135375976562,0
