,name, x, y, z
0,arm,90.80131530761719,197.99050903320312,0
1,body,182.5704803466797,148.4539337158203,0
3,bucket,45.7745246887207,174.68392944335938,0
