,name, x, y, z
0,arm,90.23558807373047,198.10475158691406,0
1,body,182.51791381835938,148.4120330810547,0
3,bucket,45.17814254760742,174.41836547851562,0
