,name, x, y, z
0,arm,89.11666870117188,198.37078857421875,0
1,body,182.42086791992188,148.31454467773438,0
3,bucket,43.95077133178711,173.966552734375,0
