,name, x, y, z
0,arm,88.0167007446289,198.6671600341797,0
1,body,182.32467651367188,148.20184326171875,0
3,bucket,42.71772384643555,173.59327697753906,0
