,name, x, y, z
0,arm,87.47469329833984,198.81932067871094,0
1,body,182.2731475830078,148.140869140625,0
3,bucket,42.11431884765625,173.4258575439453,0
