,name, x, y, z
0,arm,85.884521484375,199.2559356689453,0
1,body,182.08648681640625,147.9443817138672,0
3,bucket,40.430049896240234,172.9515380859375,0
