,name, x, y, z
0,arm,83.31363677978516,205.6487579345703,0
1,body,168.9801483154297,132.5516815185547,0
3,bucket,82.06584167480469,151.33628845214844,0
