,name, x, y, z
0,arm,84.85771179199219,199.5007781982422,0
1,body,181.92022705078125,147.80648803710938,0
3,bucket,39.4734992980957,172.6175079345703,0
