,name, x, y, z
0,arm,84.35535430908203,199.6003875732422,0
1,body,181.8200225830078,147.7367706298828,0
3,bucket,39.06357192993164,172.43283081054688,0
