,name, x, y, z
0,arm,83.86080169677734,199.68077087402344,0
1,body,181.70640563964844,147.6671142578125,0
3,bucket,38.70741271972656,172.23089599609375,0
