,name, x, y, z
0,arm,80.21083068847656,199.51319885253906,0
1,body,180.21083068847656,147.14524841308594,0
3,bucket,37.515995025634766,169.6919403076172,0
