,name, x, y, z
0,arm,79.79012298583984,199.41387939453125,0
1,body,179.95091247558594,147.08453369140625,0
3,bucket,37.4990234375,169.2626190185547,0
