,name, x, y, z
0,arm,78.56531524658203,199.0360565185547,0
1,body,179.07957458496094,146.9064178466797,0
3,bucket,37.59862518310547,167.8541717529297,0
