,name, x, y, z
0,arm,77.38685607910156,198.5536651611328,0
1,body,178.0758056640625,146.7323455810547,0
3,bucket,37.91313552856445,166.29161071777344,0
