,name, x, y, z
0,arm,77.00220489501953,198.37307739257812,0
1,body,177.71290588378906,146.6748046875,0
3,bucket,38.06328582763672,165.74240112304688,0
