,name, x, y, z
0,arm,84.27742004394531,204.99969482421875,0
1,body,169.19918823242188,132.5300750732422,0
3,bucket,81.62480926513672,151.03665161132812,0
