,name, x, y, z
0,arm,76.62092590332031,198.18386840820312,0
1,body,177.3363037109375,146.61734008789062,0
3,bucket,38.23521041870117,165.18116760253906,0
