,name, x, y, z
0,arm,75.12018585205078,197.35519409179688,0
1,body,175.69749450683594,146.3865203857422,0
3,bucket,39.1299934387207,162.84133911132812,0
