,name, x, y, z
0,arm,73.63697814941406,196.44764709472656,0
1,body,173.85911560058594,146.14971923828125,0
3,bucket,40.33035659790039,160.41146850585938,0
