,name, x, y, z
0,arm,84.7540054321289,204.71017456054688,0
1,body,169.31117248535156,132.5144805908203,0
3,bucket,81.45635986328125,150.90347290039062,0
