,name, x, y, z
0,arm,72.1424789428711,195.5093536376953,0
1,body,171.8378448486328,145.9011688232422,0
3,bucket,41.8015251159668,157.97427368164062,0
