,name, x, y, z
0,arm,70.99703216552734,194.81443786621094,0
1,body,170.212158203125,145.7035369873047,0
3,bucket,43.06141662597656,156.19163513183594,0
