,name, x, y, z
0,arm,70.60819244384766,194.58851623535156,0
1,body,169.6508026123047,145.63504028320312,0
3,bucket,43.5081787109375,155.61297607421875,0
