,name, x, y, z
0,arm,70.21503448486328,194.36671447753906,0
1,body,169.08016967773438,145.56512451171875,0
3,bucket,43.967445373535156,155.04432678222656,0
