,name, x, y, z
0,arm,69.81719970703125,194.14981079101562,0
1,body,168.50086975097656,145.49342346191406,0
3,bucket,44.43770980834961,154.48684692382812,0
