,name, x, y, z
0,arm,69.41595458984375,193.93878173828125,0
1,body,167.915283203125,145.42044067382812,0
3,bucket,44.91684341430664,153.94163513183594,0
