,name, x, y, z
0,arm,85.22509765625,204.45010375976562,0
1,body,169.4249725341797,132.4952392578125,0
3,bucket,81.32756805419922,150.78382873535156,0
