,name, x, y, z
0,arm,69.01344299316406,193.73458862304688,0
1,body,167.32598876953125,145.34698486328125,0
3,bucket,45.403076171875,153.40988159179688,0
