,name, x, y, z
0,arm,68.2073974609375,193.34933471679688,0
1,body,166.14566040039062,145.20138549804688,0
3,bucket,46.39004898071289,152.39141845703125,0
