,name, x, y, z
0,arm,66.61113739013672,192.69088745117188,0
1,body,163.84271240234375,144.9348602294922,0
3,bucket,48.373905181884766,150.56741333007812,0
