,name, x, y, z
0,arm,66.2195053100586,192.55360412597656,0
1,body,163.29249572753906,144.87741088867188,0
3,bucket,48.86193084716797,150.16259765625,0
