,name, x, y, z
0,arm,85.6891860961914,204.2240447998047,0
1,body,169.54061889648438,132.47195434570312,0
3,bucket,81.24217224121094,150.6795196533203,0
