,name, x, y, z
0,arm,63.64113998413086,191.9759063720703,0
1,body,159.98602294921875,144.65505981445312,0
3,bucket,51.997432708740234,148.03282165527344,0
