,name, x, y, z
0,arm,63.30461502075195,191.9563751220703,0
1,body,159.61929321289062,144.6573028564453,0
3,bucket,52.3846549987793,147.8431854248047,0
