,name, x, y, z
0,arm,62.97816848754883,191.95462036132812,0
1,body,159.37142944335938,144.68771362304688,0
3,bucket,52.752174377441406,147.68115234375,0
