,name, x, y, z
0,arm,62.36016082763672,192.01870727539062,0
1,body,159.41506958007812,144.86727905273438,0
3,bucket,53.43366622924805,147.42269897460938,0
