,name, x, y, z
0,arm,61.801639556884766,192.17298889160156,0
1,body,160.00872802734375,145.16180419921875,0
3,bucket,54.055946350097656,147.2405548095703,0
