,name, x, y, z
0,arm,61.5498046875,192.28009033203125,0
1,body,160.44842529296875,145.33596801757812,0
3,bucket,54.34951400756836,147.1739501953125,0
