,name, x, y, z
0,arm,61.111202239990234,192.54624938964844,0
1,body,161.4866485595703,145.7054901123047,0
3,bucket,54.910675048828125,147.081298828125,0
