,name, x, y, z
0,arm,60.928497314453125,192.70225524902344,0
1,body,162.0344696044922,145.88787841796875,0
3,bucket,55.18193817138672,147.0519256591797,0
