,name, x, y, z
0,arm,60.77292251586914,192.8714141845703,0
1,body,162.567626953125,146.06004333496094,0
3,bucket,55.449459075927734,147.03163146972656,0
