,name, x, y, z
0,arm,60.64651107788086,193.05218505859375,0
1,body,163.0607147216797,146.21546936035156,0
3,bucket,55.71506881713867,147.018798828125,0
