,name, x, y, z
0,arm,60.47334289550781,193.86021423339844,0
1,body,164.12518310546875,146.53988647460938,0
3,bucket,56.79518508911133,147.00823974609375,0
