,name, x, y, z
0,arm,60.59882736206055,194.2938690185547,0
1,body,164.1240997314453,146.5337677001953,0
3,bucket,57.30841827392578,147.03184509277344,0
