,name, x, y, z
0,arm,60.6839485168457,194.51480102539062,0
1,body,164.12290954589844,146.5263214111328,0
3,bucket,57.53219985961914,147.0607147216797,0
