,name, x, y, z
0,arm,60.88119125366211,194.96356201171875,0
1,body,164.11962890625,146.50350952148438,0
3,bucket,57.920101165771484,147.15057373046875,0
