,name, x, y, z
0,arm,60.99222183227539,195.1907501220703,0
1,body,164.11767578125,146.48843383789062,0
3,bucket,58.08655548095703,147.21070861816406,0
