,name, x, y, z
0,arm,61.236289978027344,195.6490936279297,0
1,body,164.11378479003906,146.45169067382812,0
3,bucket,58.370521545410156,147.35939025878906,0
