,name, x, y, z
0,arm,87.02508544921875,203.79124450683594,0
1,body,170.11563110351562,132.15577697753906,0
3,bucket,81.24530029296875,150.4644317626953,0
