,name, x, y, z
0,arm,61.50620651245117,196.11073303222656,0
1,body,164.11032104492188,146.40719604492188,0
3,bucket,58.597145080566406,147.5431671142578,0
