,name, x, y, z
0,arm,61.649513244628906,196.3419952392578,0
1,body,164.1090087890625,146.38247680664062,0
3,bucket,58.69195556640625,147.64720153808594,0
