,name, x, y, z
0,arm,62.59193420410156,197.71621704101562,0
1,body,164.11231994628906,146.20846557617188,0
3,bucket,59.076751708984375,148.41522216796875,0
