,name, x, y, z
0,arm,62.757694244384766,197.94009399414062,0
1,body,164.11557006835938,146.1766815185547,0
3,bucket,59.121341705322266,148.56336975097656,0
