,name, x, y, z
0,arm,63.091896057128906,198.3805389404297,0
1,body,164.1251983642578,146.112060546875,0
3,bucket,59.204532623291016,148.8732147216797,0
