,name, x, y, z
0,arm,63.25922393798828,198.59652709960938,0
1,body,164.1317596435547,146.07952880859375,0
3,bucket,59.24553298950195,149.03408813476562,0
