,name, x, y, z
0,arm,63.42599105834961,198.80929565429688,0
1,body,164.13958740234375,146.047119140625,0
3,bucket,59.28770065307617,149.19837951660156,0
