,name, x, y, z
0,arm,63.591617584228516,199.01844787597656,0
1,body,164.14877319335938,146.01492309570312,0
3,bucket,59.33222198486328,149.3656768798828,0
