,name, x, y, z
0,arm,63.75560760498047,199.2237548828125,0
1,body,164.15943908691406,145.9830780029297,0
3,bucket,59.38031005859375,149.53555297851562,0
