,name, x, y, z
0,arm,63.91737747192383,199.42483520507812,0
1,body,164.171630859375,145.95181274414062,0
3,bucket,59.43318176269531,149.7076416015625,0
