,name, x, y, z
0,arm,64.0764389038086,199.62147521972656,0
1,body,164.18545532226562,145.9212188720703,0
3,bucket,59.49200439453125,149.88148498535156,0
