,name, x, y, z
0,arm,87.85340118408203,203.64930725097656,0
1,body,170.8616485595703,131.57005310058594,0
3,bucket,81.29168701171875,150.35366821289062,0
