,name, x, y, z
0,arm,65.18550872802734,200.9945068359375,0
1,body,164.3656005859375,145.71983337402344,0
3,bucket,60.32014083862305,151.28651428222656,0
