,name, x, y, z
0,arm,65.6491470336914,201.62484741210938,0
1,body,164.5543975830078,145.65660095214844,0
3,bucket,61.34148406982422,152.1150665283203,0
