,name, x, y, z
0,arm,65.71312713623047,201.7255096435547,0
1,body,164.60047912597656,145.6519012451172,0
3,bucket,61.60897445678711,152.27044677734375,0
