,name, x, y, z
0,arm,65.7662582397461,201.8169403076172,0
1,body,164.64842224121094,145.6569366455078,0
3,bucket,61.8995246887207,152.42161560058594,0
