,name, x, y, z
0,arm,65.87480163574219,202.04933166503906,0
1,body,164.79812622070312,145.75770568847656,0
3,bucket,62.879554748535156,152.85867309570312,0
