,name, x, y, z
0,arm,65.91697692871094,202.20106506347656,0
1,body,164.90365600585938,145.87916564941406,0
3,bucket,63.588356018066406,153.14622497558594,0
