,name, x, y, z
0,arm,65.953125,202.49046325683594,0
1,body,165.07241821289062,146.1083526611328,0
3,bucket,64.66526794433594,153.59165954589844,0
