,name, x, y, z
0,arm,88.61676788330078,203.44854736328125,0
1,body,171.6689910888672,130.92727661132812,0
3,bucket,81.14431762695312,150.20120239257812,0
