,name, x, y, z
0,arm,66.00193786621094,203.35951232910156,0
1,body,165.38735961914062,146.50160217285156,0
3,bucket,66.2643814086914,154.43798828125,0
