,name, x, y, z
0,arm,66.03872680664062,203.92018127441406,0
1,body,165.52720642089844,146.62286376953125,0
3,bucket,66.75436401367188,154.83609008789062,0
