,name, x, y, z
0,arm,66.1819839477539,205.55322265625,0
1,body,165.83465576171875,146.72816467285156,0
3,bucket,67.32469177246094,155.77818298339844,0
