,name, x, y, z
0,arm,66.23764038085938,206.0875244140625,0
1,body,165.92745971679688,146.71450805664062,0
3,bucket,67.3845443725586,156.04920959472656,0
