,name, x, y, z
0,arm,66.29847717285156,206.6766815185547,0
1,body,166.04063415527344,146.6818084716797,0
3,bucket,67.44298553466797,156.3323211669922,0
