,name, x, y, z
0,arm,66.3611831665039,207.3130645751953,0
1,body,166.1717071533203,146.6324005126953,0
3,bucket,67.4995346069336,156.62437438964844,0
