,name, x, y, z
0,arm,66.42716979980469,207.98690795898438,0
1,body,166.31829833984375,146.5685272216797,0
3,bucket,67.55376434326172,156.92193603515625,0
