,name, x, y, z
0,arm,66.4978256225586,208.68829345703125,0
1,body,166.47801208496094,146.49246215820312,0
3,bucket,67.60517120361328,157.22177124023438,0
