,name, x, y, z
0,arm,66.57456970214844,209.40745544433594,0
1,body,166.64837646484375,146.406494140625,0
3,bucket,67.65325927734375,157.52056884765625,0
