,name, x, y, z
0,arm,89.3022689819336,203.02223205566406,0
1,body,172.30978393554688,130.46800231933594,0
3,bucket,80.6043930053711,149.94821166992188,0
