,name, x, y, z
0,arm,66.97035217285156,212.2650146484375,0
1,body,167.388427734375,146.0092010498047,0
3,bucket,67.80326843261719,158.63916015625,0
