,name, x, y, z
0,arm,67.2412338256836,213.54481506347656,0
1,body,167.759765625,145.81044006347656,0
3,bucket,67.84619903564453,159.10630798339844,0
