,name, x, y, z
0,arm,67.57573699951172,214.6204071044922,0
1,body,168.10623168945312,145.63584899902344,0
3,bucket,67.8626708984375,159.4767608642578,0
