,name, x, y, z
0,arm,68.22139739990234,215.67893981933594,0
1,body,168.53700256347656,145.4592742919922,0
3,bucket,67.82951354980469,159.79339599609375,0
