,name, x, y, z
0,arm,68.4806137084961,215.8445281982422,0
1,body,168.64723205566406,145.4322509765625,0
3,bucket,67.80113220214844,159.8219757080078,0
