,name, x, y, z
0,arm,69.41670989990234,215.82887268066406,0
1,body,168.93817138671875,145.38851928710938,0
3,bucket,67.65726470947266,159.84071350097656,0
