,name, x, y, z
0,arm,69.78404235839844,215.74610900878906,0
1,body,169.0309600830078,145.3774871826172,0
3,bucket,67.5881118774414,159.8458251953125,0
