,name, x, y, z
0,arm,71.46243286132812,215.13360595703125,0
1,body,169.3828582763672,145.3474578857422,0
3,bucket,67.19243621826172,159.8614044189453,0
