,name, x, y, z
0,arm,73.34290313720703,214.1389617919922,0
1,body,169.7069854736328,145.3333282470703,0
3,bucket,66.58250427246094,159.87034606933594,0
