,name, x, y, z
0,arm,74.30371856689453,213.5267333984375,0
1,body,169.85992431640625,145.32943725585938,0
3,bucket,66.18742370605469,159.87283325195312,0
