,name, x, y, z
0,arm,74.77959442138672,213.19683837890625,0
1,body,169.93431091308594,145.32781982421875,0
3,bucket,65.96560668945312,159.87368774414062,0
