,name, x, y, z
0,arm,75.70848083496094,212.49667358398438,0
1,body,170.07931518554688,145.32452392578125,0
3,bucket,65.47103118896484,159.8747100830078,0
