,name, x, y, z
0,arm,76.15602111816406,212.12918090820312,0
1,body,170.15003967285156,145.32254028320312,0
3,bucket,65.1972885131836,159.87493896484375,0
