,name, x, y, z
0,arm,77.00334930419922,211.36659240722656,0
1,body,170.2882843017578,145.3173065185547,0
3,bucket,64.59439086914062,159.8749542236328,0
