,name, x, y, z
0,arm,90.15789031982422,201.6205291748047,0
1,body,171.91433715820312,131.2506866455078,0
3,bucket,78.49995422363281,149.32412719726562,0
