,name, x, y, z
0,arm,78.11370086669922,210.17478942871094,0
1,body,170.488525390625,145.3041229248047,0
3,bucket,63.54416275024414,159.87428283691406,0
