,name, x, y, z
0,arm,78.42996978759766,209.77047729492188,0
1,body,170.55364990234375,145.29774475097656,0
3,bucket,63.15322494506836,159.8739471435547,0
