,name, x, y, z
0,arm,78.71463775634766,209.3649444580078,0
1,body,170.6180419921875,145.29013061523438,0
3,bucket,62.74102783203125,159.87364196777344,0
