,name, x, y, z
0,arm,79.1783676147461,208.55601501464844,0
1,body,170.74497985839844,145.2707061767578,0
3,bucket,61.850955963134766,159.8730926513672,0
