,name, x, y, z
0,arm,79.56836700439453,207.3693084716797,0
1,body,170.92648315429688,145.2181854248047,0
3,bucket,60.34519577026367,159.8541717529297,0
