,name, x, y, z
0,arm,79.60660552978516,206.98703002929688,0
1,body,170.97491455078125,145.17007446289062,0
3,bucket,59.80243682861328,159.80113220214844,0
