,name, x, y, z
0,arm,79.4062728881836,205.54653930664062,0
1,body,171.15675354003906,144.8245086669922,0
3,bucket,57.565704345703125,159.3399200439453,0
