,name, x, y, z
0,arm,79.30432891845703,205.2087860107422,0
1,body,171.2168731689453,144.71542358398438,0
3,bucket,57.018646240234375,159.18582153320312,0
