,name, x, y, z
0,arm,78.99058532714844,204.24990844726562,0
1,body,171.489013671875,144.38323974609375,0
3,bucket,55.49808883666992,158.70550537109375,0
