,name, x, y, z
0,arm,78.90768432617188,203.94851684570312,0
1,body,171.62205505371094,144.28125,0
3,bucket,55.050453186035156,158.5550537109375,0
