,name, x, y, z
0,arm,90.64397430419922,200.57833862304688,0
1,body,171.3355712890625,132.3164825439453,0
3,bucket,76.98289489746094,149.07167053222656,0
