,name, x, y, z
0,arm,78.818115234375,203.3733673095703,0
1,body,171.97288513183594,144.10903930664062,0
3,bucket,54.27832794189453,158.29678344726562,0
