,name, x, y, z
0,arm,78.82606506347656,203.0996856689453,0
1,body,172.1977081298828,144.04502868652344,0
3,bucket,53.96525955200195,158.19837951660156,0
