,name, x, y, z
0,arm,79.14818572998047,202.33465576171875,0
1,body,173.11219787597656,143.9786834716797,0
3,bucket,53.38650894165039,158.08233642578125,0
