,name, x, y, z
0,arm,80.48049926757812,201.447021484375,0
1,body,174.9353485107422,144.1266632080078,0
3,bucket,53.52125549316406,158.3251495361328,0
