,name, x, y, z
0,arm,80.9617691040039,201.2491455078125,0
1,body,175.47630310058594,144.18679809570312,0
3,bucket,53.67720031738281,158.4390869140625,0
