,name, x, y, z
0,arm,81.48805236816406,201.0610809326172,0
1,body,176.0418701171875,144.25436401367188,0
3,bucket,53.86573028564453,158.57276916503906,0
