,name, x, y, z
0,arm,83.2645492553711,200.55642700195312,0
1,body,177.8390655517578,144.49269104003906,0
3,bucket,54.544979095458984,159.08436584472656,0
