,name, x, y, z
0,arm,83.8984146118164,200.4082794189453,0
1,body,178.4558563232422,144.58102416992188,0
3,bucket,54.782039642333984,159.28916931152344,0
