,name, x, y, z
0,arm,84.54105377197266,200.27029418945312,0
1,body,179.0736846923828,144.67227172851562,0
3,bucket,55.010868072509766,159.50979614257812,0
