,name, x, y, z
0,arm,86.4491195678711,199.91819763183594,0
1,body,180.88583374023438,144.95468139648438,0
3,bucket,55.565879821777344,160.25881958007812,0
