,name, x, y, z
0,arm,87.05438232421875,199.82171630859375,0
1,body,181.4603729248047,145.0486602783203,0
3,bucket,55.67985153198242,160.53492736816406,0
