,name, x, y, z
0,arm,91.1495132446289,200.4285430908203,0
1,body,171.63697814941406,132.62464904785156,0
3,bucket,76.23181915283203,149.4517364501953,0
