,name, x, y, z
0,arm,87.63211059570312,199.7357940673828,0
1,body,182.01324462890625,145.1387939453125,0
3,bucket,55.74724197387695,160.81985473632812,0
