,name, x, y, z
0,arm,88.69075012207031,199.5768280029297,0
1,body,183.05552673339844,145.30213928222656,0
3,bucket,55.76340866088867,161.39443969726562,0
