,name, x, y, z
0,arm,89.6396713256836,199.3880615234375,0
1,body,184.02035522460938,145.4487762451172,0
3,bucket,55.66921615600586,161.94976806640625,0
