,name, x, y, z
0,arm,90.0821304321289,199.26651000976562,0
1,body,184.47642517089844,145.51803588867188,0
3,bucket,55.59870910644531,162.2106170654297,0
