,name, x, y, z
0,arm,91.42247772216797,200.55384826660156,0
1,body,171.81297302246094,132.74951171875,0
3,bucket,75.96391296386719,149.9176025390625,0
