,name, x, y, z
0,arm,92.92251586914062,197.30812072753906,0
1,body,187.27926635742188,146.00833129882812,0
3,bucket,55.338050842285156,163.36474609375,0
