,name, x, y, z
0,arm,93.76107788085938,196.1998748779297,0
1,body,187.98716735839844,146.17230224609375,0
3,bucket,55.549800872802734,163.29910278320312,0
