,name, x, y, z
0,arm,94.20085906982422,195.52142333984375,0
1,body,188.32977294921875,146.25160217285156,0
3,bucket,55.71347427368164,163.04898071289062,0
