,name, x, y, z
0,arm,95.09053039550781,193.9336395263672,0
1,body,188.9916229248047,146.39508056640625,0
3,bucket,56.07410430908203,162.1562042236328,0
