,name, x, y, z
0,arm,95.52083587646484,193.04698181152344,0
1,body,189.31060791015625,146.45675659179688,0
3,bucket,56.236534118652344,161.55975341796875,0
