,name, x, y, z
0,arm,91.70613098144531,200.7590789794922,0
1,body,172.0028076171875,132.85670471191406,0
3,bucket,75.75933074951172,150.5379638671875,0
