,name, x, y, z
0,arm,97.28446197509766,187.14146423339844,0
1,body,191.0454864501953,146.51390075683594,0
3,bucket,55.87950134277344,157.333251953125,0
