,name, x, y, z
0,arm,97.31378936767578,184.29165649414062,0
1,body,191.74383544921875,145.39581298828125,0
3,bucket,54.53944778442383,155.61871337890625,0
