,name, x, y, z
0,arm,97.1319580078125,182.50811767578125,0
1,body,192.07798767089844,144.4500274658203,0
3,bucket,53.56172561645508,154.687255859375,0
