,name, x, y, z
0,arm,97.02677154541016,181.64675903320312,0
1,body,192.1915283203125,144.0613250732422,0
3,bucket,53.133033752441406,154.27685546875,0
