,name, x, y, z
0,arm,96.9325942993164,180.80369567871094,0
1,body,192.2631072998047,143.7928009033203,0
3,bucket,52.78245544433594,153.89968872070312,0
