,name, x, y, z
0,arm,96.85912322998047,178.37313842773438,0
1,body,192.3502197265625,143.70419311523438,0
3,bucket,52.254173278808594,152.95443725585938,0
