,name, x, y, z
0,arm,97.008056640625,176.86424255371094,0
1,body,192.52511596679688,143.73440551757812,0
3,bucket,52.09772872924805,152.47889709472656,0
