,name, x, y, z
0,arm,97.12761688232422,176.1575927734375,0
1,body,192.64935302734375,143.75440979003906,0
3,bucket,52.0541877746582,152.28335571289062,0
