,name, x, y, z
0,arm,97.27120971679688,175.48876953125,0
1,body,192.79519653320312,143.77650451660156,0
3,bucket,52.02678298950195,152.11390686035156,0
