,name, x, y, z
0,arm,97.43428039550781,174.8623046875,0
1,body,192.96047973632812,143.7998809814453,0
3,bucket,52.01020431518555,151.96897888183594,0
