,name, x, y, z
0,arm,64.40738677978516,199.6951141357422,0
1,body,160.45779418945312,145.29318237304688,0
3,bucket,86.93196105957031,157.61862182617188,0
