,name, x, y, z
0,arm,97.6123275756836,174.28268432617188,0
1,body,193.14300537109375,143.8236846923828,0
3,bucket,51.999149322509766,151.84693908691406,0
