,name, x, y, z
0,arm,97.99520111083984,173.28196716308594,0
1,body,193.55101013183594,143.8691864013672,0
3,bucket,51.972496032714844,151.66542053222656,0
