,name, x, y, z
0,arm,98.19097137451172,172.869873046875,0
1,body,193.77210998535156,143.88916015625,0
3,bucket,51.94632339477539,151.602783203125,0
