,name, x, y, z
0,arm,98.38357543945312,172.52261352539062,0
1,body,194.00167846679688,143.90618896484375,0
3,bucket,51.90453338623047,151.5568084716797,0
