,name, x, y, z
0,arm,98.5685043334961,172.24468994140625,0
1,body,194.23757934570312,143.91940307617188,0
3,bucket,51.84185791015625,151.52589416503906,0
