,name, x, y, z
0,arm,98.74122619628906,172.04058837890625,0
1,body,194.47756958007812,143.92794799804688,0
3,bucket,51.75300216674805,151.5084991455078,0
