,name, x, y, z
0,arm,98.8971939086914,171.91485595703125,0
1,body,194.71949768066406,143.9309844970703,0
3,bucket,51.63267135620117,151.5030517578125,0
