,name, x, y, z
0,arm,99.14201354980469,171.87313842773438,0
1,body,195.20150756835938,143.92066955566406,0
3,bucket,51.289695739746094,152.0040740966797,0
