,name, x, y, z
0,arm,92.59559631347656,201.77926635742188,0
1,body,172.63177490234375,133.08566284179688,0
3,bucket,75.4628677368164,153.10545349121094,0
