,name, x, y, z
0,arm,99.22917938232422,171.88150024414062,0
1,body,195.43882751464844,143.9086456298828,0
3,bucket,51.07465362548828,152.58779907226562,0
