,name, x, y, z
0,arm,99.29618072509766,171.90420532226562,0
1,body,195.67193603515625,143.89283752441406,0
3,bucket,50.83676528930664,153.35585021972656,0
