,name, x, y, z
0,arm,99.41938781738281,172.28201293945312,0
1,body,196.53610229492188,143.80331420898438,0
3,bucket,49.749271392822266,157.70431518554688,0
