,name, x, y, z
0,arm,99.42813110351562,172.4840545654297,0
1,body,196.72848510742188,143.7772674560547,0
3,bucket,49.46657943725586,158.9686737060547,0
