,name, x, y, z
0,arm,99.43370819091797,172.7434844970703,0
1,body,196.90878295898438,143.75094604492188,0
3,bucket,49.18881607055664,160.24720764160156,0
