,name, x, y, z
0,arm,99.44667053222656,173.46319580078125,0
1,body,197.22784423828125,143.69976806640625,0
3,bucket,48.66665267944336,162.73341369628906,0
