,name, x, y, z
0,arm,92.89629364013672,202.22894287109375,0
1,body,172.853515625,133.1355743408203,0
3,bucket,75.44872283935547,154.1230926513672,0
