,name, x, y, z
0,arm,99.51310729980469,175.15252685546875,0
1,body,197.5829620361328,143.63539123535156,0
3,bucket,48.03622817993164,165.8600311279297,0
