,name, x, y, z
0,arm,99.62171936035156,176.76890563964844,0
1,body,197.7220458984375,143.60755920410156,0
3,bucket,47.771915435791016,167.2118377685547,0
