,name, x, y, z
0,arm,99.70380401611328,177.74566650390625,0
1,body,197.75833129882812,143.59991455078125,0
3,bucket,47.70043182373047,167.58285522460938,0
