,name, x, y, z
0,arm,99.8082046508789,178.8443603515625,0
1,body,197.77073669433594,143.5972442626953,0
3,bucket,47.67556381225586,167.7128448486328,0
