,name, x, y, z
0,arm,99.93772888183594,180.0721893310547,0
1,body,187.5204620361328,147.22061157226562,0
3,bucket,93.0152359008789,159.13119506835938,0
