,name, x, y, z
0,arm,115.47065734863281,198.93836975097656,0
1,body,186.98243713378906,147.121826171875,0
3,bucket,92.84510803222656,155.64395141601562,0
