,name, x, y, z
0,arm,115.4439697265625,198.76266479492188,0
1,body,186.7814178466797,147.0079345703125,0
3,bucket,92.65432739257812,154.3538818359375,0
