,name, x, y, z
0,arm,114.86483001708984,194.61488342285156,0
1,body,186.18121337890625,145.39256286621094,0
3,bucket,90.51553344726562,150.50827026367188,0
