,name, x, y, z
0,arm,114.7789535522461,193.92649841308594,0
1,body,186.16128540039062,145.19850158691406,0
3,bucket,90.39037322998047,150.33578491210938,0
