,name, x, y, z
0,arm,93.48831176757812,203.24737548828125,0
1,body,173.30116271972656,133.2038116455078,0
3,bucket,75.5096435546875,156.2684326171875,0
