,name, x, y, z
0,arm,114.49266815185547,191.2807159423828,0
1,body,186.02481079101562,144.62278747558594,0
3,bucket,90.35408782958984,149.07334899902344,0
