,name, x, y, z
0,arm,114.43789672851562,190.6774139404297,0
1,body,185.97512817382812,144.5156707763672,0
3,bucket,90.36026763916016,148.6131134033203,0
