,name, x, y, z
0,arm,114.38921356201172,190.10067749023438,0
1,body,185.92105102539062,144.421142578125,0
3,bucket,90.36774444580078,148.11209106445312,0
