,name, x, y, z
0,arm,114.34625244140625,189.5514678955078,0
1,body,185.86351013183594,144.3384246826172,0
3,bucket,90.37628936767578,147.57911682128906,0
