,name, x, y, z
0,arm,114.27603149414062,188.5395050048828,0
1,body,185.74191284179688,144.20521545410156,0
3,bucket,90.39573669433594,146.4528045654297,0
