,name, x, y, z
0,arm,114.24809265136719,188.0786590576172,0
1,body,185.67977905273438,144.15316772460938,0
3,bucket,90.40621948242188,145.87722778320312,0
