,name, x, y, z
0,arm,114.22445678710938,187.64918518066406,0
1,body,185.61802673339844,144.10975646972656,0
3,bucket,90.41691589355469,145.30517578125,0
