,name, x, y, z
0,arm,114.18855285644531,186.8881378173828,0
1,body,185.49948120117188,144.0457763671875,0
3,bucket,90.43807220458984,144.20709228515625,0
