,name, x, y, z
0,arm,114.1655502319336,186.26405334472656,0
1,body,185.39395141601562,144.00697326660156,0
3,bucket,90.45751953125,143.22955322265625,0
