,name, x, y, z
0,arm,114.15798950195312,186.00576782226562,0
1,body,185.3484649658203,143.9950408935547,0
3,bucket,90.46607208251953,142.8081512451172,0
