,name, x, y, z
0,arm,114.14892578125,185.60147094726562,0
1,body,185.2768096923828,143.98219299316406,0
3,bucket,90.479736328125,142.1444091796875,0
