,name, x, y, z
0,arm,94.05062866210938,204.37411499023438,0
1,body,173.7388153076172,133.2389678955078,0
3,bucket,75.64727783203125,158.41297912597656,0
