,name, x, y, z
0,arm,94.56250762939453,205.5485382080078,0
1,body,174.1478271484375,133.2517852783203,0
3,bucket,75.81105041503906,160.37960815429688,0
