,name, x, y, z
0,arm,94.79300689697266,206.13473510742188,0
1,body,174.3357696533203,133.2532196044922,0
3,bucket,75.88690948486328,161.24082946777344,0
