,name, x, y, z
0,arm,62.62812805175781,201.38832092285156,0
1,body,159.03619384765625,143.12294006347656,0
3,bucket,85.54178619384766,158.60308837890625,0
