,name, x, y, z
0,arm,95.19022369384766,207.2669677734375,0
1,body,174.66685485839844,133.2528076171875,0
3,bucket,75.99491882324219,162.60838317871094,0
