,name, x, y, z
0,arm,95.49433898925781,208.2964324951172,0
1,body,175.01675415039062,133.21421813964844,0
3,bucket,76.07972717285156,163.57887268066406,0
