,name, x, y, z
0,arm,114.1451187133789,185.26885986328125,0
1,body,185.2320098876953,143.97866821289062,0
3,bucket,90.4884262084961,141.7294921875,0
