,name, x, y, z
0,arm,113.9593734741211,185.1402587890625,0
1,body,184.93812561035156,143.703125,0
3,bucket,90.41862487792969,141.55722045898438,0
