,name, x, y, z
0,arm,113.71533203125,184.97129821777344,0
1,body,184.6130828857422,143.39840698242188,0
3,bucket,90.34143829345703,141.35325622558594,0
