,name, x, y, z
0,arm,113.6422348022461,184.92071533203125,0
1,body,184.51803588867188,143.309326171875,0
3,bucket,90.3188705444336,141.29127502441406,0
