,name, x, y, z
0,arm,113.56501007080078,184.86724853515625,0
1,body,184.4183807373047,143.21588134765625,0
3,bucket,90.2951889038086,141.2251434326172,0
