,name, x, y, z
0,arm,95.84074401855469,209.59396362304688,0
1,body,175.6857452392578,133.03643798828125,0
3,bucket,76.2599868774414,164.64077758789062,0
