,name, x, y, z
0,arm,113.48403930664062,184.81118774414062,0
1,body,184.3145294189453,143.11851501464844,0
3,bucket,90.27051544189453,141.15496826171875,0
