,name, x, y, z
0,arm,113.3122329711914,184.69223022460938,0
1,body,184.0960235595703,142.91366577148438,0
3,bucket,90.21862030029297,141.0029754638672,0
