,name, x, y, z
0,arm,112.84197235107422,184.36666870117188,0
1,body,183.50730895996094,142.36175537109375,0
3,bucket,90.07880401611328,140.5605926513672,0
