,name, x, y, z
0,arm,112.64508819580078,184.23037719726562,0
1,body,183.26412963867188,142.13375854492188,0
3,bucket,90.02107238769531,140.36117553710938,0
