,name, x, y, z
0,arm,95.92125701904297,209.96249389648438,0
1,body,175.92872619628906,132.95318603515625,0
3,bucket,76.32888793945312,164.90321350097656,0
