,name, x, y, z
0,arm,112.44750213623047,184.0935821533203,0
1,body,183.02182006835938,141.90660095214844,0
3,bucket,89.96349334716797,140.1503448486328,0
