,name, x, y, z
0,arm,111.87908172607422,183.70004272460938,0
1,body,182.33543395996094,141.2631072998047,0
3,bucket,89.80048370361328,139.45887756347656,0
