,name, x, y, z
0,arm,111.7916488647461,183.63954162597656,0
1,body,182.23158264160156,141.16575622558594,0
3,bucket,89.77582550048828,139.33628845214844,0
