,name, x, y, z
0,arm,111.70726776123047,183.58111572265625,0
1,body,182.1319122314453,141.0723114013672,0
3,bucket,89.75215911865234,139.21188354492188,0
