,name, x, y, z
0,arm,111.549072265625,183.47158813476562,0
1,body,181.94691467285156,140.8988800048828,0
3,bucket,89.70821380615234,138.95823669433594,0
