,name, x, y, z
0,arm,111.40735626220703,183.3734893798828,0
1,body,181.78395080566406,140.74609375,0
3,bucket,89.66950988769531,138.69886779785156,0
