,name, x, y, z
0,arm,111.34356689453125,183.32931518554688,0
1,body,181.7118377685547,140.67848205566406,0
3,bucket,89.65238189697266,138.5673370361328,0
