,name, x, y, z
0,arm,111.10969543457031,183.16741943359375,0
1,body,181.4625701904297,140.44482421875,0
3,bucket,89.59317779541016,137.89590454101562,0
