,name, x, y, z
0,arm,96.01586151123047,210.60723876953125,0
1,body,176.41677856445312,132.76263427734375,0
3,bucket,76.47181701660156,165.3109130859375,0
