,name, x, y, z
0,arm,111.08245086669922,183.14854431152344,0
1,body,181.43807983398438,140.42184448242188,0
3,bucket,89.58737182617188,137.7597198486328,0
