,name, x, y, z
0,arm,111.10587310791016,183.123779296875,0
1,body,181.5111541748047,140.42259216308594,0
3,bucket,89.68558502197266,137.0768585205078,0
