,name, x, y, z
0,arm,111.17698669433594,183.1245574951172,0
1,body,181.57920837402344,140.43692016601562,0
3,bucket,89.76082611083984,136.94190979003906,0
