,name, x, y, z
0,arm,111.27251434326172,183.12606811523438,0
1,body,181.6630096435547,140.45455932617188,0
3,bucket,89.85343933105469,136.80838012695312,0
