,name, x, y, z
0,arm,111.39013671875,183.12857055664062,0
1,body,181.7609100341797,140.47515869140625,0
3,bucket,89.96163940429688,136.67662048339844,0
