,name, x, y, z
0,arm,96.0252685546875,210.88467407226562,0
1,body,176.652587890625,132.65931701660156,0
3,bucket,76.54320526123047,165.46287536621094,0
