,name, x, y, z
0,arm,111.85228729248047,183.14451599121094,0
1,body,182.12249755859375,140.55130004882812,0
3,bucket,90.36129760742188,136.29605102539062,0
