,name, x, y, z
0,arm,112.03501892089844,183.15345764160156,0
1,body,182.26014709472656,140.5802764892578,0
3,bucket,90.513427734375,136.1753692626953,0
