,name, x, y, z
0,arm,112.22820281982422,183.16461181640625,0
1,body,182.40357971191406,140.6104736328125,0
3,bucket,90.67198944091797,136.0583953857422,0
