,name, x, y, z
0,arm,112.63668823242188,183.19459533691406,0
1,body,182.70126342773438,140.6731414794922,0
3,bucket,91.00098419189453,135.837158203125,0
