,name, x, y, z
0,arm,112.8473129272461,183.21389770507812,0
1,body,182.8521728515625,140.7049102783203,0
3,bucket,91.16777038574219,135.73367309570312,0
