,name, x, y, z
0,arm,113.26974487304688,183.2624053955078,0
1,body,183.1498260498047,140.767578125,0
3,bucket,91.49677276611328,135.5428466796875,0
