,name, x, y, z
0,arm,113.47688293457031,183.2921142578125,0
1,body,183.2932891845703,140.79776000976562,0
3,bucket,91.65531921386719,135.45631408691406,0
