,name, x, y, z
0,arm,113.87142181396484,183.3636016845703,0
1,body,183.5611114501953,140.8541717529297,0
3,bucket,91.95136260986328,135.30284118652344,0
