,name, x, y, z
0,arm,114.05414581298828,183.4058837890625,0
1,body,183.6822052001953,140.87965393066406,0
3,bucket,92.0851821899414,135.2366943359375,0
