,name, x, y, z
0,arm,114.37892150878906,183.50477600097656,0
1,body,183.89041137695312,140.92349243164062,0
3,bucket,92.31529998779297,135.1274871826172,0
