,name, x, y, z
0,arm,114.63392639160156,183.6244354248047,0
1,body,184.0422821044922,140.95545959472656,0
3,bucket,92.483154296875,135.05166625976562,0
