,name, x, y, z
0,arm,95.95661163330078,211.35269165039062,0
1,body,177.08462524414062,132.4465789794922,0
3,bucket,76.67912292480469,165.679931640625,0
