,name, x, y, z
0,arm,114.82161712646484,184.29702758789062,0
1,body,184.0147247314453,140.8889617919922,0
3,bucket,92.30766296386719,136.1662139892578,0
