,name, x, y, z
0,arm,114.76451110839844,184.66046142578125,0
1,body,183.88807678222656,140.80633544921875,0
3,bucket,92.03108215332031,137.430419921875,0
