,name, x, y, z
0,arm,114.69532012939453,185.14129638671875,0
1,body,183.73878479003906,140.71954345703125,0
3,bucket,91.72655487060547,138.9870147705078,0
