,name, x, y, z
0,arm,114.65966796875,185.43115234375,0
1,body,183.6606903076172,140.67979431152344,0
3,bucket,91.57869720458984,139.83651733398438,0
