,name, x, y, z
0,arm,114.62517547607422,185.7568817138672,0
1,body,183.58302307128906,140.64523315429688,0
3,bucket,91.44176483154297,140.7130126953125,0
