,name, x, y, z
0,arm,95.87388610839844,211.5445098876953,0
1,body,177.2715301513672,132.3411407470703,0
3,bucket,76.7409896850586,165.75173950195312,0
