,name, x, y, z
0,arm,114.52650451660156,187.46194458007812,0
1,body,183.34616088867188,140.58914184570312,0
3,bucket,91.14555358886719,144.17311096191406,0
