,name, x, y, z
0,arm,114.6107177734375,188.50816345214844,0
1,body,183.4647979736328,140.56137084960938,0
3,bucket,91.248291015625,145.55311584472656,0
