,name, x, y, z
0,arm,114.7780990600586,189.3710479736328,0
1,body,183.7413787841797,140.52786254882812,0
3,bucket,91.23330688476562,146.36045837402344,0
