,name, x, y, z
0,arm,114.82779693603516,189.72055053710938,0
1,body,189.80593872070312,131.2147979736328,0
3,bucket,87.0528335571289,128.34585571289062,0
