,name, x, y, z
0,arm,95.75579833984375,211.70899963378906,0
1,body,177.43287658691406,132.23895263671875,0
3,bucket,76.79700469970703,165.8035125732422,0
