,name, x, y, z
0,arm,112.57843780517578,166.08087158203125,0
1,body,190.27548217773438,131.23814392089844,0
3,bucket,86.1333236694336,128.42796325683594,0
