,name, x, y, z
0,arm,112.41561126708984,166.12493896484375,0
1,body,190.33676147460938,131.2504119873047,0
3,bucket,85.941650390625,128.47113037109375,0
