,name, x, y, z
0,arm,112.26439666748047,166.1795654296875,0
1,body,190.37832641601562,131.2648468017578,0
3,bucket,85.76419067382812,128.5218963623047,0
