,name, x, y, z
0,arm,112.12439727783203,166.24380493164062,0
1,body,190.4015350341797,131.28123474121094,0
3,bucket,85.60034942626953,128.5795440673828,0
