,name, x, y, z
0,arm,111.9951171875,166.3167266845703,0
1,body,190.40773010253906,131.2993621826172,0
3,bucket,85.4495849609375,128.64337158203125,0
