,name, x, y, z
0,arm,111.66767883300781,166.57858276367188,0
1,body,190.3381805419922,131.36219787597656,0
3,bucket,85.07054901123047,128.86447143554688,0
