,name, x, y, z
0,arm,111.5771713256836,166.6772003173828,0
1,body,190.29010009765625,131.38528442382812,0
3,bucket,84.96672821044922,128.94566345214844,0
