,name, x, y, z
0,arm,111.49526977539062,166.77992248535156,0
1,body,190.23191833496094,131.40908813476562,0
3,bucket,84.87333679199219,129.02938842773438,0
