,name, x, y, z
0,arm,111.29701232910156,167.1036376953125,0
1,body,190.0099334716797,131.4827423095703,0
3,bucket,84.64979553222656,129.28855895996094,0
