,name, x, y, z
0,arm,111.2452621459961,167.2136993408203,0
1,body,189.9247283935547,131.5073699951172,0
3,bucket,84.59236907958984,129.3751983642578,0
