,name, x, y, z
0,arm,111.16072082519531,167.4315185546875,0
1,body,189.7456817626953,131.55548095703125,0
3,bucket,84.49996948242188,129.54446411132812,0
