,name, x, y, z
0,arm,111.01201629638672,168.13778686523438,0
1,body,189.11459350585938,131.70265197753906,0
3,bucket,84.34861755371094,130.0621795654297,0
