,name, x, y, z
0,arm,95.1657943725586,212.0446014404297,0
1,body,177.71702575683594,131.97201538085938,0
3,bucket,76.91655731201172,165.8724365234375,0
