,name, x, y, z
0,arm,111.00312042236328,168.289306640625,0
1,body,189.0029296875,131.72596740722656,0
3,bucket,84.34278869628906,130.14427185058594,0
