,name, x, y, z
0,arm,94.88276672363281,212.1058807373047,0
1,body,177.72967529296875,131.90284729003906,0
3,bucket,76.935791015625,165.87779235839844,0
