,name, x, y, z
0,arm,111.46195220947266,168.31410217285156,0
1,body,188.9868621826172,131.72621154785156,0
3,bucket,84.31361389160156,130.1417999267578,0
