,name, x, y, z
0,arm,94.55268096923828,212.14288330078125,0
1,body,177.6935577392578,131.84690856933594,0
3,bucket,76.9425277709961,165.8799591064453,0
