,name, x, y, z
0,arm,111.32324981689453,168.4520263671875,0
1,body,188.9156494140625,131.72911071777344,0
3,bucket,84.19281768798828,130.13156127929688,0
