,name, x, y, z
0,arm,111.26812744140625,168.50657653808594,0
1,body,188.88900756835938,131.73065185546875,0
3,bucket,84.1498031616211,130.12791442871094,0
