,name, x, y, z
0,arm,111.20515441894531,168.56875610351562,0
1,body,188.85882568359375,131.73263549804688,0
3,bucket,84.10218048095703,130.12388610839844,0
