,name, x, y, z
0,arm,110.97093200683594,168.7988739013672,0
1,body,188.74720764160156,131.74179077148438,0
3,bucket,83.93449401855469,130.1096649169922,0
