,name, x, y, z
0,arm,110.77874755859375,168.986572265625,0
1,body,188.6552734375,131.75108337402344,0
3,bucket,83.80469512939453,130.09866333007812,0
