,name, x, y, z
0,arm,110.55931091308594,169.19972229003906,0
1,body,188.5493927001953,131.76345825195312,0
3,bucket,83.66300201416016,130.08665466308594,0
