,name, x, y, z
0,arm,110.43982696533203,169.31533813476562,0
1,body,188.49124145507812,131.77093505859375,0
3,bucket,83.5884017944336,130.08033752441406,0
