,name, x, y, z
0,arm,110.04427337646484,169.69581604003906,0
1,body,188.29598999023438,131.7991943359375,0
3,bucket,83.35265350341797,130.06036376953125,0
