,name, x, y, z
0,arm,109.59671020507812,170.1223907470703,0
1,body,188.06968688964844,131.83734130859375,0
3,bucket,83.10477447509766,130.0393524169922,0
