,name, x, y, z
0,arm,109.43675994873047,170.27386474609375,0
1,body,187.98739624023438,131.85250854492188,0
3,bucket,83.02069091796875,130.0322265625,0
