,name, x, y, z
0,arm,109.27171325683594,170.4296112060547,0
1,body,187.9016571044922,131.86900329589844,0
3,bucket,82.93635559082031,130.0250701904297,0
