,name, x, y, z
0,arm,109.10177612304688,170.58944702148438,0
1,body,187.81251525878906,131.88685607910156,0
3,bucket,82.85199737548828,130.01792907714844,0
