,name, x, y, z
0,arm,108.92706298828125,170.75315856933594,0
1,body,187.719970703125,131.9061279296875,0
3,bucket,82.76793670654297,130.01080322265625,0
