,name, x, y, z
0,arm,108.74778747558594,170.92054748535156,0
1,body,187.62400817871094,131.92691040039062,0
3,bucket,82.68440246582031,130.00372314453125,0
