,name, x, y, z
0,arm,108.37619018554688,171.26547241210938,0
1,body,187.42190551757812,131.97311401367188,0
3,bucket,82.5200424194336,129.9897918701172,0
