,name, x, y, z
0,arm,108.1842041015625,171.442626953125,0
1,body,187.3157501220703,131.9986572265625,0
3,bucket,82.43975830078125,129.9829864501953,0
