,name, x, y, z
0,arm,107.98834228515625,171.62258911132812,0
1,body,187.20623779296875,132.02590942382812,0
3,bucket,82.361083984375,129.976318359375,0
