,name, x, y, z
0,arm,107.16942596435547,172.36669921875,0
1,body,186.73451232910156,132.15304565429688,0
3,bucket,82.06800079345703,129.9514923095703,0
