,name, x, y, z
0,arm,93.3340072631836,212.1584930419922,0
1,body,177.4326934814453,131.71896362304688,0
3,bucket,76.9201889038086,165.67941284179688,0
