,name, x, y, z
0,arm,106.95669555664062,172.5577392578125,0
1,body,186.60821533203125,132.18963623046875,0
3,bucket,82.00148010253906,129.94586181640625,0
