,name, x, y, z
0,arm,106.74109649658203,172.75035095214844,0
1,body,186.4785614013672,132.22825622558594,0
3,bucket,81.93821716308594,129.94049072265625,0
