,name, x, y, z
0,arm,106.52281951904297,172.94436645507812,0
1,body,186.34555053710938,132.26895141601562,0
3,bucket,81.87844848632812,129.9354248046875,0
