,name, x, y, z
0,arm,106.07887268066406,173.335693359375,0
1,body,186.06959533691406,132.3568572998047,0
3,bucket,81.77051544189453,129.92628479003906,0
