,name, x, y, z
0,arm,105.39710235595703,173.9278564453125,0
1,body,185.6308135986328,132.50570678710938,0
3,bucket,81.64170837402344,129.9153594970703,0
