,name, x, y, z
0,arm,105.16631317138672,174.12579345703125,0
1,body,185.4779510498047,132.5601043701172,0
3,bucket,81.60867309570312,129.91256713867188,0
