,name, x, y, z
0,arm,104.93402099609375,174.3236541748047,0
1,body,185.32180786132812,132.61695861816406,0
3,bucket,81.5810546875,129.91021728515625,0
