,name, x, y, z
0,arm,92.89483642578125,212.15721130371094,0
1,body,177.31455993652344,131.68382263183594,0
3,bucket,76.90413665771484,165.52825927734375,0
