,name, x, y, z
0,arm,103.99346160888672,175.11019897460938,0
1,body,184.66444396972656,132.87017822265625,0
3,bucket,81.5299072265625,129.9058837890625,0
