,name, x, y, z
0,arm,102.80709075927734,176.06790161132812,0
1,body,183.77818298339844,133.2457733154297,0
3,bucket,81.53003692626953,129.9177703857422,0
