,name, x, y, z
0,arm,102.5714111328125,176.2545928955078,0
1,body,183.59585571289062,133.3270721435547,0
3,bucket,81.53011322021484,129.9226531982422,0
