,name, x, y, z
0,arm,101.87434387207031,176.8030548095703,0
1,body,183.04632568359375,133.57855224609375,0
3,bucket,81.53060913085938,129.94134521484375,0
