,name, x, y, z
0,arm,101.42156219482422,177.1578826904297,0
1,body,182.68214416503906,133.74989318847656,0
3,bucket,81.53116607666016,129.95657348632812,0
