,name, x, y, z
0,arm,100.55811309814453,177.8376922607422,0
1,body,181.97425842285156,134.09194946289062,0
3,bucket,81.53308868408203,129.99166870117188,0
