,name, x, y, z
0,arm,100.35317993164062,178.0007781982422,0
1,body,181.8040313720703,134.17579650878906,0
3,bucket,81.53377532958984,130.00106811523438,0
