,name, x, y, z
0,arm,100.15337371826172,178.16090393066406,0
1,body,181.6373748779297,134.25845336914062,0
3,bucket,81.53453826904297,130.0106201171875,0
