,name, x, y, z
0,arm,99.77057647705078,178.4718017578125,0
1,body,181.31642150878906,134.4191131591797,0
3,bucket,81.53636169433594,130.0299072265625,0
