,name, x, y, z
0,arm,99.58834075927734,178.62237548828125,0
1,body,181.16299438476562,134.49656677246094,0
3,bucket,81.53743743896484,130.03953552246094,0
