,name, x, y, z
0,arm,99.41271209716797,178.76954650878906,0
1,body,181.01478576660156,134.57180786132812,0
3,bucket,81.53864288330078,130.04908752441406,0
