,name, x, y, z
0,arm,99.24404907226562,178.91317749023438,0
1,body,180.87229919433594,134.64451599121094,0
3,bucket,81.53993225097656,130.05850219726562,0
