,name, x, y, z
0,arm,99.08273315429688,179.05320739746094,0
1,body,180.73590087890625,134.71444702148438,0
3,bucket,81.54136657714844,130.0677032470703,0
