,name, x, y, z
0,arm,98.92913055419922,179.18951416015625,0
1,body,180.6060333251953,134.78134155273438,0
3,bucket,81.54293060302734,130.07666015625,0
