,name, x, y, z
0,arm,98.64656066894531,179.45046997070312,0
1,body,180.3676300048828,134.90493774414062,0
3,bucket,81.54644775390625,130.0935821533203,0
