,name, x, y, z
0,arm,91.5178451538086,212.130859375,0
1,body,176.87733459472656,131.5981903076172,0
3,bucket,76.83695220947266,164.85923767089844,0
