,name, x, y, z
0,arm,98.5183334350586,179.5749053955078,0
1,body,180.25991821289062,134.96112060546875,0
3,bucket,81.5484390258789,130.1014404296875,0
