,name, x, y, z
0,arm,98.39930725097656,179.69517517089844,0
1,body,180.1604461669922,135.01321411132812,0
3,bucket,81.55058288574219,130.10882568359375,0
