,name, x, y, z
0,arm,98.28985595703125,179.8111572265625,0
1,body,180.06964111328125,135.06092834472656,0
3,bucket,81.55286407470703,130.1156463623047,0
