,name, x, y, z
0,arm,98.19034576416016,179.92276000976562,0
1,body,179.98793029785156,135.10400390625,0
3,bucket,81.5553207397461,130.1219024658203,0
