,name, x, y, z
0,arm,98.10115814208984,180.0298614501953,0
1,body,179.9157257080078,135.14222717285156,0
3,bucket,81.55795288085938,130.12750244140625,0
