,name, x, y, z
0,arm,97.95520782470703,180.2301025390625,0
1,body,179.8015594482422,135.20289611816406,0
3,bucket,81.56373596191406,130.13650512695312,0
