,name, x, y, z
0,arm,97.89920043945312,180.3230438232422,0
1,body,179.7604522705078,135.224853515625,0
3,bucket,81.56690979003906,130.1398162841797,0
