,name, x, y, z
0,arm,97.82295227050781,180.49398803710938,0
1,body,179.7123260498047,135.2506561279297,0
3,bucket,81.57382202148438,130.1437530517578,0
