,name, x, y, z
0,arm,91.0443344116211,212.11105346679688,0
1,body,176.70651245117188,131.5756378173828,0
3,bucket,76.80988311767578,164.5732421875,0
