,name, x, y, z
0,arm,97.80343627929688,180.57176208496094,0
1,body,179.70614624023438,135.25396728515625,0
3,bucket,81.57759094238281,130.14427185058594,0
