,name, x, y, z
0,arm,97.7629165649414,180.77589416503906,0
1,body,179.6300811767578,135.23690795898438,0
3,bucket,81.55610656738281,130.11134338378906,0
