,name, x, y, z
0,arm,97.72171783447266,180.83580017089844,0
1,body,179.5731658935547,135.2239532470703,0
3,bucket,81.53598022460938,130.08641052246094,0
