,name, x, y, z
0,arm,97.66541290283203,180.8919219970703,0
1,body,179.50192260742188,135.20761108398438,0
3,bucket,81.51050567626953,130.0549774169922,0
