,name, x, y, z
0,arm,90.56617736816406,212.0839080810547,0
1,body,176.52438354492188,131.55572509765625,0
3,bucket,76.7812271118164,164.26014709472656,0
