,name, x, y, z
0,arm,97.05682373046875,181.1566925048828,0
1,body,178.82037353515625,135.0456085205078,0
3,bucket,81.28182220458984,129.744140625,0
