,name, x, y, z
0,arm,96.91783905029297,181.1900177001953,0
1,body,178.67237854003906,135.00917053222656,0
3,bucket,81.23723602294922,129.67445373535156,0
