,name, x, y, z
0,arm,96.61502838134766,181.24842834472656,0
1,body,178.3545379638672,134.9293975830078,0
3,bucket,81.14846801757812,129.5220947265625,0
