,name, x, y, z
0,arm,96.45282745361328,181.27383422851562,0
1,body,178.1864471435547,134.8863067626953,0
3,bucket,81.10566711425781,129.43995666503906,0
