,name, x, y, z
0,arm,96.28451538085938,181.29681396484375,0
1,body,178.0133056640625,134.84129333496094,0
3,bucket,81.06472778320312,129.35421752929688,0
