,name, x, y, z
0,arm,96.11092376708984,181.31756591796875,0
1,body,177.83599853515625,134.7944793701172,0
3,bucket,81.02633666992188,129.26516723632812,0
