,name, x, y, z
0,arm,95.93282318115234,181.336181640625,0
1,body,177.65538024902344,134.7459716796875,0
3,bucket,80.99118041992188,129.17298889160156,0
