,name, x, y, z
0,arm,95.7510757446289,181.352783203125,0
1,body,177.47227478027344,134.69590759277344,0
3,bucket,80.95989227294922,129.07801818847656,0
