,name, x, y, z
0,arm,90.08493041992188,212.04840087890625,0
1,body,176.33177185058594,131.538330078125,0
3,bucket,76.75157165527344,163.92269897460938,0
