,name, x, y, z
0,arm,95.19196319580078,181.39178466796875,0
1,body,176.9166717529297,134.53775024414062,0
3,bucket,80.89595031738281,128.77883911132812,0
