,name, x, y, z
0,arm,94.6291732788086,181.4171905517578,0
1,body,176.3694610595703,134.3704071044922,0
3,bucket,80.89075469970703,128.4638671875,0
