,name, x, y, z
0,arm,94.444580078125,181.4232177734375,0
1,body,176.1929168701172,134.313232421875,0
3,bucket,80.90518188476562,128.3566131591797,0
