,name, x, y, z
0,arm,94.26283264160156,181.4282684326172,0
1,body,176.0206756591797,134.25552368164062,0
3,bucket,80.92874908447266,128.2486572265625,0
