,name, x, y, z
0,arm,89.60224914550781,212.0034637451172,0
1,body,176.12939453125,131.523193359375,0
3,bucket,76.72134399414062,163.5634765625,0
