,name, x, y, z
0,arm,93.74282836914062,181.4385986328125,0
1,body,175.53839111328125,134.08082580566406,0
3,bucket,81.06111145019531,127.92323303222656,0
