,name, x, y, z
0,arm,93.27781677246094,181.4443817138672,0
1,body,175.12564086914062,133.9064483642578,0
3,bucket,81.29978942871094,127.60108947753906,0
