,name, x, y, z
0,arm,92.88980865478516,181.448974609375,0
1,body,174.80535888671875,133.73597717285156,0
3,bucket,81.66265869140625,127.28936767578125,0
