,name, x, y, z
0,arm,92.78137969970703,181.45083618164062,0
1,body,174.72311401367188,133.6806640625,0
3,bucket,81.81428527832031,127.18903350830078,0
