,name, x, y, z
0,arm,92.60079956054688,181.455810546875,0
1,body,174.6004638671875,133.57301330566406,0
3,bucket,82.16754150390625,126.99525451660156,0
