,name, x, y, z
0,arm,92.53022766113281,181.45916748046875,0
1,body,174.5618133544922,133.5209503173828,0
3,bucket,82.37049865722656,126.90234375,0
