,name, x, y, z
0,arm,92.47394561767578,181.46327209472656,0
1,body,174.5393524169922,133.47024536132812,0
3,bucket,82.59188842773438,126.81244659423828,0
