,name, x, y, z
0,arm,92.4327392578125,181.46824645996094,0
1,body,174.53395080566406,133.4210662841797,0
3,bucket,82.83230590820312,126.72586059570312,0
