,name, x, y, z
0,arm,92.39877319335938,181.4813232421875,0
1,body,174.56727600097656,133.32737731933594,0
3,bucket,83.35877227783203,126.563232421875,0
