,name, x, y, z
0,arm,92.39850616455078,181.48939514160156,0
1,body,174.5863037109375,133.28248596191406,0
3,bucket,83.61717224121094,126.48686218261719,0
