,name, x, y, z
0,arm,92.39773559570312,181.49826049804688,0
1,body,174.6035919189453,133.23878479003906,0
3,bucket,83.86785888671875,126.41364288330078,0
