,name, x, y, z
0,arm,92.39644622802734,181.50790405273438,0
1,body,174.61924743652344,133.19630432128906,0
3,bucket,84.11106872558594,126.34349822998047,0
