,name, x, y, z
0,arm,92.3797378540039,181.5863494873047,0
1,body,174.68319702148438,132.9659881591797,0
3,bucket,85.42443084716797,125.98362731933594,0
