,name, x, y, z
0,arm,92.36661529541016,181.6411590576172,0
1,body,174.69960021972656,132.86622619628906,0
3,bucket,85.9964370727539,125.83993530273438,0
