,name, x, y, z
0,arm,92.3616943359375,181.662109375,0
1,body,174.70330810546875,132.835205078125,0
3,bucket,86.17588806152344,125.79696655273438,0
