,name, x, y, z
0,arm,92.35118103027344,181.70835876464844,0
1,body,174.7086181640625,132.7764434814453,0
3,bucket,86.51923370361328,125.7180404663086,0
