,name, x, y, z
0,arm,92.34561920166016,181.7337646484375,0
1,body,174.71035766601562,132.74867248535156,0
3,bucket,86.68350982666016,125.68194580078125,0
