,name, x, y, z
0,arm,92.33403015136719,181.78941345214844,0
1,body,174.71243286132812,132.69635009765625,0
3,bucket,86.99832153320312,125.61617279052734,0
