,name, x, y, z
0,arm,92.32805633544922,181.8197479248047,0
1,body,174.7129364013672,132.67178344726562,0
3,bucket,87.14924621582031,125.58635711669922,0
