,name, x, y, z
0,arm,92.32197570800781,181.8518524169922,0
1,body,174.7132110595703,132.6482391357422,0
3,bucket,87.29612731933594,125.55850219726562,0
