,name, x, y, z
0,arm,92.30963897705078,181.92156982421875,0
1,body,174.71331787109375,132.60426330566406,0
3,bucket,87.57855987548828,125.50843048095703,0
