,name, x, y, z
0,arm,92.30342864990234,181.9592742919922,0
1,body,174.7133331298828,132.58380126953125,0
3,bucket,87.71449279785156,125.48606872558594,0
