,name, x, y, z
0,arm,92.29721069335938,181.9989776611328,0
1,body,174.7134246826172,132.56434631347656,0
3,bucket,87.84719848632812,125.46541595458984,0
