,name, x, y, z
0,arm,92.29102325439453,182.0406951904297,0
1,body,174.71368408203125,132.54588317871094,0
3,bucket,87.97686767578125,125.4463882446289,0
