,name, x, y, z
0,arm,92.28487396240234,182.0845184326172,0
1,body,174.7141876220703,132.52841186523438,0
3,bucket,88.10369873046875,125.4289321899414,0
