,name, x, y, z
0,arm,92.27281951904297,182.17861938476562,0
1,body,174.71627807617188,132.4964141845703,0
3,bucket,88.34967041015625,125.3984603881836,0
