,name, x, y, z
0,arm,92.26696014404297,182.22903442382812,0
1,body,174.718017578125,132.48184204101562,0
3,bucket,88.4692153930664,125.38531494140625,0
