,name, x, y, z
0,arm,92.25569152832031,182.33680725097656,0
1,body,174.7233123779297,132.45558166503906,0
3,bucket,88.70243072509766,125.36287689208984,0
