,name, x, y, z
0,arm,92.24516296386719,182.4542694091797,0
1,body,174.73158264160156,132.43304443359375,0
3,bucket,88.92913055419922,125.34513854980469,0
