,name, x, y, z
0,arm,92.23118591308594,182.64955139160156,0
1,body,174.75094604492188,132.40609741210938,0
3,bucket,89.26058959960938,125.32617950439453,0
