,name, x, y, z
0,arm,92.21997833251953,182.86904907226562,0
1,body,174.78070068359375,132.38714599609375,0
3,bucket,89.58655548095703,125.31483459472656,0
