,name, x, y, z
0,arm,92.21215057373047,183.11424255371094,0
1,body,174.82302856445312,132.37596130371094,0
3,bucket,89.91249084472656,125.309326171875,0
