,name, x, y, z
0,arm,92.21038818359375,183.20193481445312,0
1,body,174.84031677246094,132.37393188476562,0
3,bucket,90.02208709716797,125.30847930908203,0
