,name, x, y, z
0,arm,92.2091293334961,183.292724609375,0
1,body,174.85934448242188,132.37271118164062,0
3,bucket,90.13247680664062,125.30801391601562,0
