,name, x, y, z
0,arm,92.2083511352539,183.38662719726562,0
1,body,174.88018798828125,132.37229919433594,0
3,bucket,90.24386596679688,125.30787658691406,0
