,name, x, y, z
0,arm,86.76337432861328,211.47592163085938,0
1,body,174.7528076171875,131.4700469970703,0
3,bucket,76.55575561523438,161.10069274902344,0
