,name, x, y, z
0,arm,92.20807647705078,183.4837188720703,0
1,body,174.9034881591797,132.37355041503906,0
3,bucket,90.35643005371094,125.31314086914062,0
