,name, x, y, z
0,arm,92.21187591552734,183.58399963378906,0
1,body,174.92979431152344,132.37721252441406,0
3,bucket,90.47013854980469,125.32865905761719,0
