,name, x, y, z
0,arm,92.29801940917969,184.0139617919922,0
1,body,175.0621337890625,132.4142608642578,0
3,bucket,90.93534851074219,125.4848403930664,0
