,name, x, y, z
0,arm,92.37943267822266,184.24365234375,0
1,body,175.14260864257812,132.4447784423828,0
3,bucket,91.17339324951172,125.61355590820312,0
