,name, x, y, z
0,arm,92.42867279052734,184.36155700683594,0
1,body,175.18594360351562,132.4626922607422,0
3,bucket,91.29354095458984,125.68910217285156,0
