,name, x, y, z
0,arm,86.31452178955078,211.33505249023438,0
1,body,174.50343322753906,131.46568298339844,0
3,bucket,76.53533935546875,160.663818359375,0
