,name, x, y, z
0,arm,92.54269409179688,184.60255432128906,0
1,body,175.2781219482422,132.50332641601562,0
3,bucket,91.535888671875,125.86048126220703,0
