,name, x, y, z
0,arm,92.60686492919922,184.72528076171875,0
1,body,175.32666015625,132.52584838867188,0
3,bucket,91.65795135498047,125.95549011230469,0
