,name, x, y, z
0,arm,92.67542266845703,184.84927368164062,0
1,body,175.37667846679688,132.54971313476562,0
3,bucket,91.780517578125,126.05613708496094,0
