,name, x, y, z
0,arm,92.748046875,184.9743194580078,0
1,body,175.42800903320312,132.57481384277344,0
3,bucket,91.90354919433594,126.1620101928711,0
