,name, x, y, z
0,arm,92.824462890625,185.10023498535156,0
1,body,175.4805145263672,132.60107421875,0
3,bucket,92.0270004272461,126.272705078125,0
