,name, x, y, z
0,arm,92.90433502197266,185.2268829345703,0
1,body,175.53404235839844,132.62835693359375,0
3,bucket,92.15077209472656,126.38778686523438,0
