,name, x, y, z
0,arm,92.98738098144531,185.35406494140625,0
1,body,175.58848571777344,132.65658569335938,0
3,bucket,92.27483367919922,126.5068359375,0
