,name, x, y, z
0,arm,93.25252532958984,185.73687744140625,0
1,body,175.7558135986328,132.74594116210938,0
3,bucket,92.648193359375,126.8836669921875,0
