,name, x, y, z
0,arm,85.87682342529297,211.17623901367188,0
1,body,174.24993896484375,131.46229553222656,0
3,bucket,76.51787567138672,160.22669982910156,0
