,name, x, y, z
0,arm,93.72966003417969,186.3684844970703,0
1,body,176.0396270751953,132.90444946289062,0
3,bucket,93.27075958251953,127.55215454101562,0
