,name, x, y, z
0,arm,93.82764434814453,186.49221801757812,0
1,body,176.09588623046875,132.9366912841797,0
3,bucket,93.39479064941406,127.68815612792969,0
