,name, x, y, z
0,arm,93.92579650878906,186.61465454101562,0
1,body,176.15162658691406,132.96888732910156,0
3,bucket,93.51853942871094,127.8239517211914,0
