,name, x, y, z
0,arm,94.12133026123047,186.85496520996094,0
1,body,176.26109313964844,133.03274536132812,0
3,bucket,93.76493835449219,128.09323120117188,0
