,name, x, y, z
0,arm,94.21810913085938,186.9724578857422,0
1,body,176.31451416015625,133.06419372558594,0
3,bucket,93.88748168945312,128.2258758544922,0
