,name, x, y, z
0,arm,85.4514389038086,210.99855041503906,0
1,body,173.99095153808594,131.45982360839844,0
3,bucket,76.50167083740234,159.7921142578125,0
