,name, x, y, z
0,arm,94.31385040283203,187.08795166015625,0
1,body,176.3668975830078,133.09519958496094,0
3,bucket,94.00948333740234,128.3566436767578,0
