,name, x, y, z
0,arm,94.40821075439453,187.2012481689453,0
1,body,176.41806030273438,133.12567138671875,0
3,bucket,94.13092041015625,128.48512268066406,0
