,name, x, y, z
0,arm,94.59166717529297,187.42054748535156,0
1,body,176.5162811279297,133.18455505371094,0
3,bucket,94.37179565429688,128.7334747314453,0
