,name, x, y, z
0,arm,94.92899322509766,187.82485961914062,0
1,body,176.69223022460938,133.29141235351562,0
3,bucket,94.84407043457031,129.18417358398438,0
