,name, x, y, z
0,arm,95.07804107666016,188.00698852539062,0
1,body,176.76776123046875,133.33779907226562,0
3,bucket,95.07451629638672,129.3798370361328,0
