,name, x, y, z
0,arm,85.03775024414062,210.80113220214844,0
1,body,173.72470092773438,131.45814514160156,0
3,bucket,76.48471069335938,159.36282348632812,0
