,name, x, y, z
0,arm,95.21077728271484,188.173828125,0
1,body,176.8334503173828,133.37844848632812,0
3,bucket,95.30058288574219,129.55120849609375,0
