,name, x, y, z
0,arm,95.27025604248047,188.25106811523438,0
1,body,176.86228942871094,133.3963623046875,0
3,bucket,95.41181945800781,129.62677001953125,0
