,name, x, y, z
0,arm,95.32479095458984,188.3239288330078,0
1,body,176.8882598876953,133.41253662109375,0
3,bucket,95.52176666259766,129.6949920654297,0
