,name, x, y, z
0,arm,95.41767120361328,188.45587158203125,0
1,body,176.93101501464844,133.4392852783203,0
3,bucket,95.7376480102539,129.80780029296875,0
