,name, x, y, z
0,arm,95.51209259033203,188.61648559570312,0
1,body,176.9701385498047,133.4639129638672,0
3,bucket,96.05047607421875,129.91165161132812,0
