,name, x, y, z
0,arm,95.54158020019531,188.69662475585938,0
1,body,176.9779052734375,133.4688262939453,0
3,bucket,96.25101470947266,129.93243408203125,0
