,name, x, y, z
0,arm,95.32194519042969,188.80126953125,0
1,body,176.8145751953125,133.4525146484375,0
3,bucket,96.7146224975586,129.91610717773438,0
