,name, x, y, z
0,arm,95.21052551269531,188.8096923828125,0
1,body,176.75270080566406,133.44631958007812,0
3,bucket,96.79814910888672,129.909912109375,0
