,name, x, y, z
0,arm,94.79757690429688,188.8222198486328,0
1,body,176.53875732421875,133.4249267578125,0
3,bucket,97.02375030517578,129.88851928710938,0
