,name, x, y, z
0,arm,84.2416763305664,210.3428497314453,0
1,body,173.1630096435547,131.4564208984375,0
3,bucket,76.43995666503906,158.5306854248047,0
