,name, x, y, z
0,arm,94.49092864990234,188.8267059326172,0
1,body,176.38917541503906,133.4099578857422,0
3,bucket,97.14974212646484,129.87356567382812,0
