,name, x, y, z
0,arm,94.05235290527344,188.84133911132812,0
1,body,176.187744140625,133.3898162841797,0
3,bucket,97.29479217529297,129.85342407226562,0
