,name, x, y, z
0,arm,93.81409454345703,188.86427307128906,0
1,body,176.0882110595703,133.37986755371094,0
3,bucket,97.35798645019531,129.8434600830078,0
