,name, x, y, z
0,arm,93.72148132324219,188.88177490234375,0
1,body,176.0538787841797,133.37643432617188,0
3,bucket,97.3784408569336,129.84002685546875,0
