,name, x, y, z
0,arm,93.65107727050781,188.9041748046875,0
1,body,176.03204345703125,133.37425231933594,0
3,bucket,97.3909683227539,129.8378448486328,0
