,name, x, y, z
0,arm,83.85723876953125,210.07992553710938,0
1,body,172.8639678955078,131.4560089111328,0
3,bucket,76.40806579589844,158.1331787109375,0
