,name, x, y, z
0,arm,93.5906753540039,188.96644592285156,0
1,body,176.0244903564453,133.38050842285156,0
3,bucket,97.30654907226562,129.8389434814453,0
