,name, x, y, z
0,arm,93.59718322753906,189.3701934814453,0
1,body,176.0431671142578,133.57615661621094,0
3,bucket,94.92207336425781,130.0634002685547,0
