,name, x, y, z
0,arm,93.60192108154297,189.51193237304688,0
1,body,176.05418395996094,133.6356964111328,0
3,bucket,94.22479248046875,130.1885528564453,0
