,name, x, y, z
0,arm,93.61735534667969,189.8686981201172,0
1,body,176.0877227783203,133.76190185546875,0
3,bucket,92.8016586303711,130.56170654296875,0
