,name, x, y, z
0,arm,93.66004180908203,190.61019897460938,0
1,body,176.1745147705078,133.94393920898438,0
3,bucket,90.95523834228516,131.50828552246094,0
