,name, x, y, z
0,arm,93.70519256591797,191.26007080078125,0
1,body,176.2627716064453,134.04095458984375,0
3,bucket,90.19619750976562,132.45925903320312,0
