,name, x, y, z
0,arm,94.3486099243164,193.46925354003906,0
1,body,176.65660095214844,134.16342163085938,0
3,bucket,89.46136474609375,136.03060913085938,0
