,name, x, y, z
0,arm,83.11073303222656,209.4811553955078,0
1,body,172.22103881835938,131.46080017089844,0
3,bucket,76.31526184082031,157.38809204101562,0
