,name, x, y, z
0,arm,94.94283294677734,194.54067993164062,0
1,body,176.86666870117188,134.17868041992188,0
3,bucket,89.36981964111328,137.82537841796875,0
