,name, x, y, z
0,arm,95.65493774414062,195.6820526123047,0
1,body,177.0884246826172,134.18356323242188,0
3,bucket,89.34052276611328,139.75721740722656,0
