,name, x, y, z
0,arm,96.0379867553711,196.27114868164062,0
1,body,177.19984436035156,134.1839599609375,0
3,bucket,89.3381118774414,140.75949096679688,0
