,name, x, y, z
0,arm,96.82378387451172,197.47055053710938,0
1,body,177.4161834716797,134.1844024658203,0
3,bucket,89.33553314208984,142.80661010742188,0
