,name, x, y, z
0,arm,97.21278381347656,198.07456970214844,0
1,body,177.51800537109375,134.18589782714844,0
3,bucket,89.32644653320312,143.83941650390625,0
