,name, x, y, z
0,arm,97.59001159667969,198.67735290527344,0
1,body,177.61358642578125,134.18927001953125,0
3,bucket,89.30624389648438,144.87039184570312,0
