,name, x, y, z
0,arm,98.28165435791016,199.86656188964844,0
1,body,177.77987670898438,134.2045440673828,0
3,bucket,89.21469116210938,146.90267944335938,0
