,name, x, y, z
0,arm,82.74678039550781,209.13218688964844,0
1,body,171.87681579589844,131.4768524169922,0
3,bucket,76.25276184082031,157.04177856445312,0
