,name, x, y, z
0,arm,98.58234405517578,200.44676208496094,0
1,body,177.8475341796875,134.21791076660156,0
3,bucket,89.13443756103516,147.89198303222656,0
