,name, x, y, z
0,arm,98.8437728881836,201.01315307617188,0
1,body,177.90280151367188,134.23611450195312,0
3,bucket,89.02528381347656,148.85531616210938,0
