,name, x, y, z
0,arm,99.05907440185547,201.56268310546875,0
1,body,177.94418334960938,134.2598419189453,0
3,bucket,88.88277435302734,149.78672790527344,0
