,name, x, y, z
0,arm,99.22136688232422,202.0921630859375,0
1,body,177.97012329101562,134.28990173339844,0
3,bucket,88.70243835449219,150.68016052246094,0
