,name, x, y, z
0,arm,99.32377624511719,202.59848022460938,0
1,body,177.97911071777344,134.32701110839844,0
3,bucket,88.47985076904297,151.52960205078125,0
