,name, x, y, z
0,arm,99.21871185302734,203.52540588378906,0
1,body,177.299072265625,134.6257781982422,0
3,bucket,87.28176879882812,153.07601928710938,0
