,name, x, y, z
0,arm,98.83807373046875,203.9173583984375,0
1,body,176.6901397705078,134.88796997070312,0
3,bucket,86.25198364257812,153.76589965820312,0
