,name, x, y, z
0,arm,98.2798843383789,204.2289276123047,0
1,body,176.11630249023438,135.180908203125,0
3,bucket,85.02400207519531,154.395751953125,0
