,name, x, y, z
0,arm,97.60649108886719,204.4345703125,0
1,body,175.73834228515625,135.47122192382812,0
3,bucket,83.66461944580078,154.96226501464844,0
