,name, x, y, z
0,arm,95.44405364990234,204.47698974609375,0
1,body,175.2146453857422,136.15550231933594,0
3,bucket,79.30077362060547,156.2801055908203,0
