,name, x, y, z
0,arm,94.7558822631836,204.44171142578125,0
1,body,175.1009063720703,136.3243408203125,0
3,bucket,77.85797119140625,156.6033172607422,0
