,name, x, y, z
0,arm,94.09602355957031,204.39752197265625,0
1,body,175.01229858398438,136.46804809570312,0
3,bucket,76.47151947021484,156.87464904785156,0
