,name, x, y, z
0,arm,93.47071838378906,204.34735107421875,0
1,body,174.94573974609375,136.5893096923828,0
3,bucket,75.17169189453125,157.09780883789062,0
