,name, x, y, z
0,arm,92.88624572753906,204.29421997070312,0
1,body,174.89804077148438,136.6908416748047,0
3,bucket,73.98880004882812,157.27647399902344,0
