,name, x, y, z
0,arm,92.3488540649414,204.2410888671875,0
1,body,174.8660430908203,136.77532958984375,0
3,bucket,72.95305633544922,157.41436767578125,0
