,name, x, y, z
0,arm,91.86479949951172,204.19091796875,0
1,body,174.84666442871094,136.84547424316406,0
3,bucket,72.09479522705078,157.5151824951172,0
