,name, x, y, z
0,arm,91.4403305053711,204.146728515625,0
1,body,174.83668518066406,136.90399169921875,0
3,bucket,71.44425964355469,157.5825958251953,0
