,name, x, y, z
0,arm,82.03594207763672,208.30755615234375,0
1,body,171.14981079101562,131.5424041748047,0
3,bucket,76.09783172607422,156.3953094482422,0
