,name, x, y, z
0,arm,90.58710479736328,204.07969665527344,0
1,body,174.90313720703125,137.03598022460938,0
3,bucket,70.92282104492188,157.55795288085938,0
