,name, x, y, z
0,arm,90.44407653808594,203.2692108154297,0
1,body,174.54844665527344,136.7615203857422,0
3,bucket,70.1761245727539,156.90887451171875,0
