,name, x, y, z
0,arm,90.63326263427734,204.34324645996094,0
1,body,174.7967529296875,137.61663818359375,0
3,bucket,70.6431655883789,158.04928588867188,0
