,name, x, y, z
0,arm,90.75397491455078,204.79483032226562,0
1,body,174.97897338867188,137.884765625,0
3,bucket,70.98590087890625,158.3701171875,0
