,name, x, y, z
0,arm,61.94575881958008,202.17225646972656,0
1,body,158.46572875976562,142.2935333251953,0
3,bucket,85.07324981689453,159.00576782226562,0
