,name, x, y, z
0,arm,81.3472671508789,207.3556671142578,0
1,body,170.38143920898438,131.6536407470703,0
3,bucket,75.90645599365234,155.8012237548828,0
