,name, x, y, z
0,arm,91.53032684326172,206.00311279296875,0
1,body,176.0061798095703,138.4717559814453,0
3,bucket,72.91803741455078,159.0523681640625,0
