,name, x, y, z
0,arm,92.54182434082031,206.32044982910156,0
1,body,177.43106079101562,138.47402954101562,0
3,bucket,75.62767028808594,158.56178283691406,0
