,name, x, y, z
0,arm,94.01023864746094,205.2239227294922,0
1,body,178.02679443359375,138.37945556640625,0
3,bucket,76.7516098022461,158.0135040283203,0
