,name, x, y, z
0,arm,95.0837631225586,204.1841278076172,0
1,body,178.12384033203125,138.05592346191406,0
3,bucket,76.54473114013672,158.09107971191406,0
