,name, x, y, z
0,arm,95.0238265991211,204.22691345214844,0
1,body,178.14405822753906,137.98849487304688,0
3,bucket,76.43391418457031,158.13265991210938,0
