,name, x, y, z
0,arm,81.01100158691406,206.84754943847656,0
1,body,169.98548889160156,131.72674560546875,0
3,bucket,75.79841613769531,155.5203399658203,0
