,name, x, y, z
0,arm,94.94882202148438,204.28082275390625,0
1,body,178.16281127929688,137.92604064941406,0
3,bucket,76.3021011352539,158.18212890625,0
