,name, x, y, z
0,arm,94.85968780517578,204.34535217285156,0
1,body,178.1800994873047,137.86839294433594,0
3,bucket,76.15064239501953,158.23899841308594,0
