,name, x, y, z
0,arm,94.75730895996094,204.4199676513672,0
1,body,178.19601440429688,137.81536865234375,0
3,bucket,75.98084259033203,158.30274963378906,0
