,name, x, y, z
0,arm,94.23408508300781,204.80950927734375,0
1,body,178.24696350097656,137.6454620361328,0
3,bucket,75.1450424194336,158.61697387695312,0
