,name, x, y, z
0,arm,94.07942962646484,204.9271697998047,0
1,body,178.2568359375,137.6125946044922,0
3,bucket,74.9035873413086,158.7078399658203,0
