,name, x, y, z
0,arm,93.91708374023438,205.05194091796875,0
1,body,178.26565551757812,137.5831756591797,0
3,bucket,74.65179443359375,158.8026580810547,0
