,name, x, y, z
0,arm,93.74799346923828,205.1832733154297,0
1,body,178.2735137939453,137.5570526123047,0
3,bucket,74.3909683227539,158.90093994140625,0
