,name, x, y, z
0,arm,93.39314270019531,205.46380615234375,0
1,body,178.28648376464844,137.51376342773438,0
3,bucket,73.84761047363281,159.10586547851562,0
