,name, x, y, z
0,arm,93.20925903320312,205.61195373535156,0
1,body,178.291748046875,137.49624633789062,0
3,bucket,73.5677261352539,159.21153259277344,0
