,name, x, y, z
0,arm,92.83314514160156,205.9215850830078,0
1,body,178.300048828125,137.46853637695312,0
3,bucket,72.99820709228516,159.4268035888672,0
