,name, x, y, z
0,arm,92.64276885986328,206.08201599121094,0
1,body,178.30322265625,137.45794677734375,0
3,bucket,72.71122741699219,159.53543090820312,0
