,name, x, y, z
0,arm,92.4520492553711,206.24559020996094,0
1,body,178.30584716796875,137.4492645263672,0
3,bucket,72.4245376586914,159.64405822753906,0
