,name, x, y, z
0,arm,92.0733871459961,206.5800018310547,0
1,body,178.30953979492188,137.43690490722656,0
3,bucket,71.85736846923828,159.8593292236328,0
