,name, x, y, z
0,arm,91.88725280761719,206.74984741210938,0
1,body,178.31076049804688,137.432861328125,0
3,bucket,71.57953643798828,159.9650115966797,0
