,name, x, y, z
0,arm,90.87337493896484,207.77444458007812,0
1,body,178.31283569335938,137.42593383789062,0
3,bucket,70.07698822021484,160.5403289794922,0
