,name, x, y, z
0,arm,90.47257995605469,208.26724243164062,0
1,body,178.0652313232422,137.57920837402344,0
3,bucket,69.4848861694336,160.7703094482422,0
