,name, x, y, z
0,arm,90.2527084350586,208.5764617919922,0
1,body,177.6862030029297,137.8138427734375,0
3,bucket,69.15686798095703,160.89894104003906,0
