,name, x, y, z
0,arm,90.15640258789062,208.72274780273438,0
1,body,177.45449829101562,137.95729064941406,0
3,bucket,69.01258850097656,160.9558563232422,0
