,name, x, y, z
0,arm,89.91972351074219,209.11766052246094,0
1,body,176.67868041992188,138.43756103515625,0
3,bucket,68.65757751464844,161.09693908691406,0
