,name, x, y, z
0,arm,89.8575668334961,209.2318115234375,0
1,body,176.41763305664062,138.59915161132812,0
3,bucket,68.56488800048828,161.13409423828125,0
