,name, x, y, z
0,arm,89.803466796875,209.33575439453125,0
1,body,176.1676025390625,138.7539520263672,0
3,bucket,68.48485565185547,161.16627502441406,0
