,name, x, y, z
0,arm,89.75721740722656,209.4286346435547,0
1,body,175.93589782714844,138.89736938476562,0
3,bucket,68.41738891601562,161.1935272216797,0
