,name, x, y, z
0,arm,79.71827697753906,204.74618530273438,0
1,body,168.35833740234375,132.1394500732422,0
3,bucket,75.296142578125,154.4722137451172,0
