,name, x, y, z
0,arm,89.63687133789062,209.69703674316406,0
1,body,175.30926513671875,139.28529357910156,0
3,bucket,68.26531982421875,161.25547790527344,0
