,name, x, y, z
0,arm,89.63359832763672,209.7054443359375,0
1,body,175.31980895996094,139.28128051757812,0
3,bucket,68.26559448242188,161.25543212890625,0
