,name, x, y, z
0,arm,89.7300796508789,209.70053100585938,0
1,body,175.46917724609375,139.2258758544922,0
3,bucket,68.28191375732422,161.25360107421875,0
