,name, x, y, z
0,arm,89.89237213134766,209.6925506591797,0
1,body,175.65602111816406,139.15895080566406,0
3,bucket,68.3213119506836,161.2491912841797,0
