,name, x, y, z
0,arm,79.40777587890625,204.23475646972656,0
1,body,167.94821166992188,132.2734375,0
3,bucket,75.15569305419922,154.2220916748047,0
