,name, x, y, z
0,arm,90.26048278808594,209.6752166748047,0
1,body,176.0453643798828,139.02572631835938,0
3,bucket,68.45426940917969,161.2342987060547,0
