,name, x, y, z
0,arm,90.41200256347656,209.66835021972656,0
1,body,176.1998748779297,138.97500610351562,0
3,bucket,68.52450561523438,161.22640991210938,0
