,name, x, y, z
0,arm,90.57608032226562,209.66111755371094,0
1,body,176.3649444580078,138.9221649169922,0
3,bucket,68.61028289794922,161.21678161621094,0
