,name, x, y, z
0,arm,91.13256072998047,209.6378936767578,0
1,body,176.9125518798828,138.75689697265625,0
3,bucket,68.97648620605469,161.17572021484375,0
