,name, x, y, z
0,arm,91.54595947265625,209.62205505371094,0
1,body,177.31044006347656,138.64723205566406,0
3,bucket,69.32689666748047,161.1364288330078,0
