,name, x, y, z
0,arm,79.10216522216797,203.74139404296875,0
1,body,167.539794921875,132.42007446289062,0
3,bucket,75.01033782958984,153.97396850585938,0
