,name, x, y, z
0,arm,92.2074966430664,209.59950256347656,0
1,body,177.9346466064453,138.49569702148438,0
3,bucket,70.04298400878906,161.0561065673828,0
