,name, x, y, z
0,arm,92.43460845947266,209.59263610839844,0
1,body,178.14569091796875,138.4510955810547,0
3,bucket,70.3387222290039,161.02294921875,0
