,name, x, y, z
0,arm,92.66317749023438,209.5862579345703,0
1,body,178.35635375976562,138.4104461669922,0
3,bucket,70.66552734375,160.9862823486328,0
