,name, x, y, z
0,arm,93.1202163696289,209.5753173828125,0
1,body,178.77236938476562,138.343505859375,0
3,bucket,71.41868591308594,160.90182495117188,0
