,name, x, y, z
0,arm,93.78890228271484,209.56466674804688,0
1,body,179.3666229248047,138.28811645507812,0
3,bucket,72.820556640625,160.74459838867188,0
