,name, x, y, z
0,arm,94.41105651855469,209.5630340576172,0
1,body,179.90060424804688,138.29159545898438,0
3,bucket,74.64058685302734,160.43206787109375,0
