,name, x, y, z
0,arm,94.60533905029297,209.56507873535156,0
1,body,180.06304931640625,138.3004913330078,0
3,bucket,75.376220703125,160.2218780517578,0
