,name, x, y, z
0,arm,94.97979736328125,209.57443237304688,0
1,body,180.36520385742188,138.32687377929688,0
3,bucket,77.0229263305664,159.6609344482422,0
