,name, x, y, z
0,arm,95.16224670410156,209.58218383789062,0
1,body,180.50511169433594,138.34368896484375,0
3,bucket,77.92520904541016,159.3216094970703,0
