,name, x, y, z
0,arm,96.26361083984375,209.68798828125,0
1,body,181.19569396972656,138.4748077392578,0
3,bucket,84.16805267333984,156.82162475585938,0
