,name, x, y, z
0,arm,96.45911407470703,209.71780395507812,0
1,body,181.2870330810547,138.4985809326172,0
3,bucket,85.30581665039062,156.3809051513672,0
