,name, x, y, z
0,arm,96.6611328125,209.75172424316406,0
1,body,181.3718719482422,138.52203369140625,0
3,bucket,86.45967102050781,155.94854736328125,0
