,name, x, y, z
0,arm,97.08937072753906,209.83294677734375,0
1,body,181.52256774902344,138.56661987304688,0
3,bucket,88.79814147949219,155.13177490234375,0
