,name, x, y, z
0,arm,98.07508850097656,210.05589294433594,0
1,body,181.75108337402344,138.6372528076172,0
3,bucket,93.47552490234375,153.84982299804688,0
