,name, x, y, z
0,arm,98.35523223876953,210.1256561279297,0
1,body,181.79371643066406,138.64910888671875,0
3,bucket,94.61937713623047,153.63589477539062,0
