,name, x, y, z
0,arm,99.64552307128906,210.46826171875,0
1,body,181.8402557373047,138.66543579101562,0
3,bucket,98.89383697509766,153.3434295654297,0
