,name, x, y, z
0,arm,99.94638061523438,210.5720672607422,0
1,body,181.65509033203125,138.6651611328125,0
3,bucket,99.70986938476562,153.34963989257812,0
