,name, x, y, z
0,arm,100.13289642333984,210.6840057373047,0
1,body,181.34344482421875,138.66452026367188,0
3,bucket,100.38375854492188,153.3594970703125,0
