,name, x, y, z
0,arm,100.2122802734375,210.80259704589844,0
1,body,180.9154815673828,138.6634521484375,0
3,bucket,100.93135070800781,153.37266540527344,0
