,name, x, y, z
0,arm,100.19158172607422,210.92613220214844,0
1,body,180.381591796875,138.66177368164062,0
3,bucket,101.36860656738281,153.38868713378906,0
