,name, x, y, z
0,arm,99.8786392211914,211.18186950683594,0
1,body,179.0371856689453,138.6561737060547,0
3,bucket,101.97579956054688,153.4278564453125,0
