,name, x, y, z
0,arm,99.25112915039062,211.43838500976562,0
1,body,177.3925018310547,138.64674377441406,0
3,bucket,102.33255767822266,153.473876953125,0
