,name, x, y, z
0,arm,98.36615753173828,211.68304443359375,0
1,body,175.5299835205078,138.6324920654297,0
3,bucket,102.56632995605469,153.52371215820312,0
