,name, x, y, z
0,arm,97.8449935913086,211.7969207763672,0
1,body,174.5428009033203,138.62322998046875,0
3,bucket,102.67687225341797,153.54904174804688,0
