,name, x, y, z
0,arm,97.28083801269531,211.90304565429688,0
1,body,173.53201293945312,138.61244201660156,0
3,bucket,102.80438232421875,153.57418823242188,0
