,name, x, y, z
0,arm,96.68086242675781,211.99984741210938,0
1,body,172.50799560546875,138.59991455078125,0
3,bucket,102.96484375,153.5987091064453,0
