,name, x, y, z
0,arm,77.62203216552734,201.71920776367188,0
1,body,165.52984619140625,133.29519653320312,0
3,bucket,74.4642333984375,152.72726440429688,0
