,name, x, y, z
0,arm,94.06552124023438,212.26165771484375,0
1,body,168.485107421875,138.53033447265625,0
3,bucket,104.2540283203125,153.682861328125,0
