,name, x, y, z
0,arm,92.09357452392578,212.2030487060547,0
1,body,166.30262756347656,138.42945861816406,0
3,bucket,106.07723236083984,153.71865844726562,0
