,name, x, y, z
0,arm,90.97508239746094,211.8360595703125,0
1,body,165.51943969726562,138.27552795410156,0
3,bucket,107.26984405517578,153.70437622070312,0
