,name, x, y, z
0,arm,90.53182220458984,211.5257110595703,0
1,body,165.29615783691406,138.15565490722656,0
3,bucket,107.72760009765625,153.67803955078125,0
