,name, x, y, z
0,arm,90.19145965576172,211.1195068359375,0
1,body,165.17034912109375,137.9996795654297,0
3,bucket,108.03446197509766,153.6355438232422,0
