,name, x, y, z
0,arm,89.97321319580078,210.60911560058594,0
1,body,165.13084411621094,137.80194091796875,0
3,bucket,108.146484375,153.57424926757812,0
