,name, x, y, z
0,arm,87.83200073242188,206.56808471679688,0
1,body,164.24884033203125,136.3311309814453,0
3,bucket,106.66800689697266,150.17869567871094,0
