,name, x, y, z
0,arm,86.09622955322266,204.62501525878906,0
1,body,163.74786376953125,135.67811584472656,0
3,bucket,105.42665100097656,147.84703063964844,0
