,name, x, y, z
0,arm,85.29872131347656,203.677490234375,0
1,body,163.55029296875,135.3724365234375,0
3,bucket,104.71025085449219,146.65084838867188,0
