,name, x, y, z
0,arm,84.64192962646484,202.7773895263672,0
1,body,163.41624450683594,135.09217834472656,0
3,bucket,103.94458770751953,145.49380493164062,0
