,name, x, y, z
0,arm,84.19625854492188,201.94825744628906,0
1,body,163.36683654785156,134.8460235595703,0
3,bucket,103.1405258178711,144.4204864501953,0
