,name, x, y, z
0,arm,77.00122833251953,201.10226440429688,0
1,body,164.74005126953125,133.6233367919922,0
3,bucket,74.31578063964844,152.2077178955078,0
