,name, x, y, z
0,arm,84.03205871582031,201.21371459960938,0
1,body,163.4070587158203,134.6403350830078,0
3,bucket,102.30767822265625,143.4668426513672,0
