,name, x, y, z
0,arm,84.03668975830078,200.06883239746094,0
1,body,163.7068634033203,134.33633422851562,0
3,bucket,100.57200622558594,141.91537475585938,0
