,name, x, y, z
0,arm,84.0477066040039,199.64263916015625,0
1,body,163.9518280029297,134.22755432128906,0
3,bucket,99.67538452148438,141.3030242919922,0
