,name, x, y, z
0,arm,84.1572036743164,198.8358917236328,0
1,body,164.9793243408203,134.01101684570312,0
3,bucket,96.90777587890625,140.03237915039062,0
