,name, x, y, z
0,arm,85.31558990478516,198.49583435058594,0
1,body,168.1494598388672,133.48631286621094,0
3,bucket,90.39242553710938,139.38970947265625,0
