,name, x, y, z
0,arm,86.43877410888672,198.4725799560547,0
1,body,169.4168243408203,133.0834197998047,0
3,bucket,87.72738647460938,139.49961853027344,0
