,name, x, y, z
0,arm,76.37629699707031,200.54721069335938,0
1,body,164.0194549560547,133.8852081298828,0
3,bucket,74.15921020507812,151.6775360107422,0
