,name, x, y, z
0,arm,88.07654571533203,198.30731201171875,0
1,body,170.70736694335938,132.5688018798828,0
3,bucket,84.3394775390625,139.75331115722656,0
