,name, x, y, z
0,arm,88.42098999023438,198.2272491455078,0
1,body,170.92909240722656,132.47137451171875,0
3,bucket,83.52445983886719,139.83047485351562,0
