,name, x, y, z
0,arm,88.937255859375,198.00518798828125,0
1,body,171.22036743164062,132.3424835205078,0
3,bucket,81.93535614013672,139.99562072753906,0
