,name, x, y, z
0,arm,76.0744857788086,200.28672790527344,0
1,body,163.70286560058594,133.98275756835938,0
3,bucket,74.07172393798828,151.41139221191406,0
