,name, x, y, z
0,arm,89.47992706298828,196.352294921875,0
1,body,172.0185546875,132.24806213378906,0
3,bucket,77.41964721679688,140.56973266601562,0
