,name, x, y, z
0,arm,89.62110137939453,196.0011444091797,0
1,body,172.23202514648438,132.23313903808594,0
3,bucket,76.93923950195312,140.6412353515625,0
