,name, x, y, z
0,arm,89.78174591064453,195.62612915039062,0
1,body,172.465576171875,132.21800231933594,0
3,bucket,76.49229431152344,140.7090301513672,0
