,name, x, y, z
0,arm,90.15404510498047,194.81207275390625,0
1,body,172.98428344726562,132.1880645751953,0
3,bucket,75.68770599365234,140.83209228515625,0
