,name, x, y, z
0,arm,90.36192321777344,194.37669372558594,0
1,body,173.26512145996094,132.17376708984375,0
3,bucket,75.32450103759766,140.88665771484375,0
