,name, x, y, z
0,arm,90.81165313720703,193.45846557617188,0
1,body,173.85877990722656,132.14768981933594,0
3,bucket,74.66215515136719,140.9800567626953,0
