,name, x, y, z
0,arm,91.2940444946289,192.48934936523438,0
1,body,174.4807586669922,132.12661743164062,0
3,bucket,74.06670379638672,141.0502166748047,0
