,name, x, y, z
0,arm,91.79397583007812,191.48416137695312,0
1,body,175.11366271972656,132.11251831054688,0
3,bucket,73.51580047607422,141.09437561035156,0
