,name, x, y, z
0,arm,93.0240249633789,188.90255737304688,0
1,body,176.640380859375,132.1079559326172,0
3,bucket,72.20055389404297,140.9550018310547,0
