,name, x, y, z
0,arm,75.51641845703125,199.78770446777344,0
1,body,163.1927490234375,134.0940704345703,0
3,bucket,73.8661117553711,150.88316345214844,0
