,name, x, y, z
0,arm,93.9321060180664,186.78855895996094,0
1,body,177.7683868408203,132.10842895507812,0
3,bucket,71.16661834716797,140.31719970703125,0
