,name, x, y, z
0,arm,94.57521057128906,185.1612548828125,0
1,body,178.56930541992188,132.1060028076172,0
3,bucket,70.41371154785156,139.56845092773438,0
