,name, x, y, z
0,arm,94.7837142944336,184.60926818847656,0
1,body,178.8290557861328,132.10427856445312,0
3,bucket,70.16875457763672,139.27548217773438,0
