,name, x, y, z
0,arm,95.79395294189453,181.76402282714844,0
1,body,180.08554077148438,132.0857391357422,0
3,bucket,69.00428771972656,137.55377197265625,0
