,name, x, y, z
0,arm,61.722984313964844,202.47071838378906,0
1,body,158.26031494140625,142.00341796875,0
3,bucket,84.92937469482422,159.15089416503906,0
