,name, x, y, z
0,arm,75.26996612548828,199.54428100585938,0
1,body,163.013427734375,134.1010284423828,0
3,bucket,73.74305725097656,150.62339782714844,0
