,name, x, y, z
0,arm,96.18775939941406,180.58055114746094,0
1,body,180.5732421875,132.07235717773438,0
3,bucket,68.57275390625,136.77365112304688,0
