,name, x, y, z
0,arm,96.57881927490234,179.3675079345703,0
1,body,181.05555725097656,132.0546875,0
3,bucket,68.16468811035156,135.95950317382812,0
