,name, x, y, z
0,arm,96.96917724609375,178.1225128173828,0
1,body,181.5345458984375,132.03216552734375,0
3,bucket,67.78276062011719,135.12353515625,0
