,name, x, y, z
0,arm,97.16474914550781,177.4873046875,0
1,body,181.7734375,132.0189208984375,0
3,bucket,67.60243225097656,134.70118713378906,0
