,name, x, y, z
0,arm,97.55792999267578,176.1898956298828,0
1,body,182.25137329101562,131.9880828857422,0
3,bucket,67.26465606689453,133.85533142089844,0
