,name, x, y, z
0,arm,97.75602722167969,175.527099609375,0
1,body,182.4909210205078,131.97036743164062,0
3,bucket,67.10790252685547,133.43490600585938,0
