,name, x, y, z
0,arm,75.05167388916016,199.30162048339844,0
1,body,162.89389038085938,134.08563232421875,0
3,bucket,73.6410140991211,150.3682098388672,0
