,name, x, y, z
0,arm,98.77243041992188,172.06027221679688,0
1,body,183.70480346679688,131.855712890625,0
3,bucket,66.458251953125,131.41824340820312,0
