,name, x, y, z
0,arm,98.9826889038086,171.33424377441406,0
1,body,183.9524383544922,131.82716369628906,0
3,bucket,66.35717010498047,131.0425262451172,0
