,name, x, y, z
0,arm,99.41051483154297,169.8506622314453,0
1,body,184.4496612548828,131.76510620117188,0
3,bucket,66.17914581298828,130.32644653320312,0
