,name, x, y, z
0,arm,99.62637329101562,169.0974578857422,0
1,body,184.6972198486328,131.7321319580078,0
3,bucket,66.09906005859375,129.9868927001953,0
