,name, x, y, z
0,arm,100.26995849609375,166.82066345214844,0
1,body,185.4234161376953,131.6286163330078,0
3,bucket,65.87572479248047,129.0467071533203,0
