,name, x, y, z
0,arm,101.27053833007812,163.1117706298828,0
1,body,186.51695251464844,131.4563751220703,0
3,bucket,65.4649658203125,127.76432037353516,0
