,name, x, y, z
0,arm,101.78465270996094,161.0427703857422,0
1,body,187.0579071044922,131.36473083496094,0
3,bucket,65.1261978149414,127.18254089355469,0
