,name, x, y, z
0,arm,101.93576049804688,160.39341735839844,0
1,body,187.21286010742188,131.33770751953125,0
3,bucket,64.98839569091797,127.0221939086914,0
