,name, x, y, z
0,arm,102.07511901855469,159.76821899414062,0
1,body,187.3534393310547,131.31288146972656,0
3,bucket,64.8355712890625,126.87925720214844,0
