,name, x, y, z
0,arm,102.20175170898438,159.1695556640625,0
1,body,187.47860717773438,131.29052734375,0
3,bucket,64.66612243652344,126.75416564941406,0
