,name, x, y, z
0,arm,102.4954833984375,157.5565185546875,0
1,body,187.7513427734375,131.2407989501953,0
3,bucket,64.04228973388672,126.4895248413086,0
