,name, x, y, z
0,arm,102.70529174804688,155.6201171875,0
1,body,188.00596618652344,131.2564697265625,0
3,bucket,62.58938980102539,126.54264831542969,0
