,name, x, y, z
0,arm,102.86292266845703,155.3606719970703,0
1,body,188.18560791015625,131.29611206054688,0
3,bucket,62.288387298583984,126.70642852783203,0
