,name, x, y, z
0,arm,103.10798645019531,155.13937377929688,0
1,body,188.41709899902344,131.34857177734375,0
3,bucket,61.99750900268555,126.9175033569336,0
