,name, x, y, z
0,arm,104.22322082519531,154.6645050048828,0
1,body,189.30755615234375,131.56539916992188,0
3,bucket,61.20997619628906,127.7293930053711,0
