,name, x, y, z
0,arm,104.67347717285156,154.55604553222656,0
1,body,189.6312713623047,131.6516571044922,0
3,bucket,60.983917236328125,128.0245361328125,0
