,name, x, y, z
0,arm,105.138916015625,154.46592712402344,0
1,body,189.94923400878906,131.7419891357422,0
3,bucket,60.780113220214844,128.31443786621094,0
