,name, x, y, z
0,arm,105.60504913330078,154.39012145996094,0
1,body,190.2498779296875,131.8346405029297,0
3,bucket,60.601016998291016,128.5885772705078,0
