,name, x, y, z
0,arm,106.0574722290039,154.32469177246094,0
1,body,190.521728515625,131.92787170410156,0
3,bucket,60.44905090332031,128.83642578125,0
