,name, x, y, z
0,arm,74.51805114746094,198.3294677734375,0
1,body,163.04965209960938,133.94427490234375,0
3,bucket,73.787353515625,149.39134216308594,0
