,name, x, y, z
0,arm,106.4817123413086,154.2657012939453,0
1,body,190.75323486328125,132.01991271972656,0
3,bucket,60.326602935791016,129.04750061035156,0
