,name, x, y, z
0,arm,107.4408187866211,154.08758544921875,0
1,body,191.09039306640625,132.27151489257812,0
3,bucket,60.16088104248047,129.35491943359375,0
