,name, x, y, z
0,arm,107.71733856201172,153.9294891357422,0
1,body,190.93505859375,132.4055633544922,0
3,bucket,60.37974548339844,129.2242431640625,0
