,name, x, y, z
0,arm,107.8834457397461,153.7323455810547,0
1,body,190.54249572753906,132.5183563232422,0
3,bucket,60.95769119262695,128.8975830078125,0
