,name, x, y, z
0,arm,107.94331359863281,153.62698364257812,0
1,body,190.29165649414062,132.57037353515625,0
3,bucket,61.344417572021484,128.69137573242188,0
