,name, x, y, z
0,arm,108.08430480957031,153.07383728027344,0
1,body,188.8019561767578,132.98666381835938,0
3,bucket,64.4993667602539,127.59091186523438,0
