,name, x, y, z
0,arm,108.0845718383789,153.0611114501953,0
1,body,188.7544403076172,133.07066345214844,0
3,bucket,64.84061431884766,127.61720275878906,0
