,name, x, y, z
0,arm,108.00576782226562,153.59939575195312,0
1,body,188.65045166015625,133.38319396972656,0
3,bucket,65.58586120605469,127.9818344116211,0
