,name, x, y, z
0,arm,107.9522476196289,153.9926300048828,0
1,body,188.6269073486328,133.5096893310547,0
3,bucket,65.76419067382812,128.18624877929688,0
