,name, x, y, z
0,arm,107.75083923339844,155.68026733398438,0
1,body,188.58233642578125,133.9651336669922,0
3,bucket,66.18433380126953,128.99615478515625,0
