,name, x, y, z
0,arm,107.61170959472656,157.13320922851562,0
1,body,188.5691375732422,134.33839416503906,0
3,bucket,66.43692016601562,129.66282653808594,0
