,name, x, y, z
0,arm,107.54943084716797,157.92942810058594,0
1,body,188.56593322753906,134.54783630371094,0
3,bucket,66.57542419433594,130.02304077148438,0
