,name, x, y, z
0,arm,107.49591827392578,158.75942993164062,0
1,body,188.56427001953125,134.7733612060547,0
3,bucket,66.73115539550781,130.39620971679688,0
