,name, x, y, z
0,arm,107.4540786743164,159.61367797851562,0
1,body,188.56365966796875,135.01556396484375,0
3,bucket,66.91092681884766,130.7786407470703,0
