,name, x, y, z
0,arm,107.42683410644531,160.48260498046875,0
1,body,188.56358337402344,135.27511596679688,0
3,bucket,67.12154388427734,131.16659545898438,0
