,name, x, y, z
0,arm,74.37616729736328,197.60519409179688,0
1,body,163.70242309570312,133.76092529296875,0
3,bucket,74.28418731689453,148.6876983642578,0
