,name, x, y, z
0,arm,107.41710662841797,161.35671997070312,0
1,body,188.56443786621094,135.5520782470703,0
3,bucket,67.36800384521484,131.5572509765625,0
