,name, x, y, z
0,arm,107.43659973144531,162.22802734375,0
1,body,188.56690979003906,135.8442840576172,0
3,bucket,67.64776611328125,131.9511260986328,0
