,name, x, y, z
0,arm,107.69965362548828,164.8141326904297,0
1,body,188.58238220214844,136.7848663330078,0
3,bucket,68.64323425292969,133.166015625,0
