,name, x, y, z
0,arm,107.84336853027344,165.66636657714844,0
1,body,188.58969116210938,137.11058044433594,0
3,bucket,69.01252746582031,133.5867462158203,0
