,name, x, y, z
0,arm,108.00900268554688,166.51341247558594,0
1,body,188.59780883789062,137.43780517578125,0
3,bucket,69.39332580566406,134.01766967773438,0
