,name, x, y, z
0,arm,108.39140319824219,168.19143676757812,0
1,body,188.6157989501953,138.08583068847656,0
3,bucket,70.17181396484375,134.91574096679688,0
