,name, x, y, z
0,arm,74.3492660522461,197.3700408935547,0
1,body,163.9970703125,133.6906280517578,0
3,bucket,74.48600769042969,148.45973205566406,0
