,name, x, y, z
0,arm,108.81765747070312,169.84689331054688,0
1,body,188.6350860595703,138.7069854736328,0
3,bucket,70.9437484741211,135.87139892578125,0
