,name, x, y, z
0,arm,110.06717681884766,174.66525268554688,0
1,body,188.6877899169922,140.1898651123047,0
3,bucket,72.8706283569336,139.19569396972656,0
