,name, x, y, z
0,arm,110.2328109741211,175.44509887695312,0
1,body,188.6941375732422,140.35269165039062,0
3,bucket,73.08918762207031,139.83111572265625,0
