,name, x, y, z
0,arm,110.37651824951172,176.2178497314453,0
1,body,188.69935607910156,140.48411560058594,0
3,bucket,73.26677703857422,140.49349975585938,0
