,name, x, y, z
0,arm,110.65886688232422,179.9702911376953,0
1,body,188.70660400390625,140.6624755859375,0
3,bucket,73.50904846191406,144.25106811523438,0
