,name, x, y, z
0,arm,110.64608764648438,182.131103515625,0
1,body,188.70660400390625,140.6624755859375,0
3,bucket,73.49371337890625,146.8085174560547,0
