,name, x, y, z
0,arm,110.63374328613281,182.83731079101562,0
1,body,188.70660400390625,140.6624755859375,0
3,bucket,73.48177337646484,147.68719482421875,0
