,name, x, y, z
0,arm,110.58956909179688,184.2301483154297,0
1,body,188.70660400390625,140.6624755859375,0
3,bucket,73.4429702758789,149.4568634033203,0
