,name, x, y, z
0,arm,74.2943115234375,196.9165802001953,0
1,body,164.6742706298828,133.54281616210938,0
3,bucket,74.90221405029297,148.01513671875,0
