,name, x, y, z
0,arm,110.45643615722656,186.27410888671875,0
1,body,188.70660400390625,140.6624755859375,0
3,bucket,73.3355941772461,152.07473754882812,0
