,name, x, y, z
0,arm,110.3089370727539,187.60943603515625,0
1,body,188.70660400390625,140.6624755859375,0
3,bucket,73.22205352783203,153.7431640625,0
