,name, x, y, z
0,arm,110.21390533447266,188.26963806152344,0
1,body,188.70660400390625,140.6624755859375,0
3,bucket,73.15033721923828,154.5408477783203,0
