,name, x, y, z
0,arm,110.10306549072266,188.9252166748047,0
1,body,188.70660400390625,140.6624755859375,0
3,bucket,73.0676040649414,155.30819702148438,0
