,name, x, y, z
0,arm,109.47737121582031,191.50607299804688,0
1,body,188.70660400390625,140.6624755859375,0
3,bucket,72.61082458496094,157.98428344726562,0
