,name, x, y, z
0,arm,107.99407958984375,194.03138732910156,0
1,body,187.98402404785156,140.6728973388672,0
3,bucket,71.1006851196289,159.85401916503906,0
