,name, x, y, z
0,arm,107.1379165649414,194.65371704101562,0
1,body,187.5076446533203,140.6801300048828,0
3,bucket,70.36455535888672,160.19888305664062,0
