,name, x, y, z
0,arm,100.85603332519531,198.26905822753906,0
1,body,184.4246063232422,140.73973083496094,0
3,bucket,65.92831420898438,161.54869079589844,0
