,name, x, y, z
0,arm,99.50293731689453,199.97415161132812,0
1,body,184.07447814941406,140.76307678222656,0
3,bucket,65.46028137207031,161.94142150878906,0
