,name, x, y, z
0,arm,99.495361328125,200.521240234375,0
1,body,184.05271911621094,140.76316833496094,0
3,bucket,65.48329162597656,162.04847717285156,0
