,name, x, y, z
0,arm,99.43889617919922,201.56979370117188,0
1,body,183.97164916992188,140.7499542236328,0
3,bucket,65.58029174804688,162.22874450683594,0
