,name, x, y, z
0,arm,99.33580780029297,202.55258178710938,0
1,body,183.84915161132812,140.72201538085938,0
3,bucket,65.75247192382812,162.36790466308594,0
