,name, x, y, z
0,arm,74.12964630126953,196.2974090576172,0
1,body,165.84051513671875,133.31982421875,0
3,bucket,75.45353698730469,147.3807373046875,0
