,name, x, y, z
0,arm,99.2700424194336,203.0174560546875,0
1,body,183.775634765625,140.70375061035156,0
3,bucket,65.86951446533203,162.42369079589844,0
