,name, x, y, z
0,arm,99.19651794433594,203.4636688232422,0
1,body,183.69564819335938,140.68321228027344,0
3,bucket,66.00860595703125,162.47108459472656,0
