,name, x, y, z
0,arm,99.11652374267578,203.89048767089844,0
1,body,183.6104736328125,140.66094970703125,0
3,bucket,66.17080688476562,162.51072692871094,0
