,name, x, y, z
0,arm,99.03135681152344,204.29718017578125,0
1,body,183.52139282226562,140.63739013671875,0
3,bucket,66.3572006225586,162.5432586669922,0
