,name, x, y, z
0,arm,98.75775146484375,205.3889923095703,0
1,body,183.24392700195312,140.56387329101562,0
3,bucket,67.07257843017578,162.6044158935547,0
