,name, x, y, z
0,arm,98.66481018066406,205.707763671875,0
1,body,183.1522674560547,140.54002380371094,0
3,bucket,67.36664581298828,162.61477661132812,0
