,name, x, y, z
0,arm,98.4841079711914,206.27296447753906,0
1,body,182.9780731201172,140.4962158203125,0
3,bucket,68.0447998046875,162.62420654296875,0
