,name, x, y, z
0,arm,74.03165435791016,196.1123046875,0
1,body,166.25091552734375,133.24954223632812,0
3,bucket,75.59001159667969,147.178955078125,0
