,name, x, y, z
0,arm,98.31893920898438,206.7369384765625,0
1,body,182.8245391845703,140.46072387695312,0
3,bucket,68.85002899169922,162.62277221679688,0
