,name, x, y, z
0,arm,98.24542999267578,206.9290771484375,0
1,body,182.75875854492188,140.4473114013672,0
3,bucket,69.30303192138672,162.6195526123047,0
