,name, x, y, z
0,arm,98.17967224121094,207.0937042236328,0
1,body,182.7020721435547,140.43740844726562,0
3,bucket,69.79108428955078,162.61550903320312,0
