,name, x, y, z
0,arm,98.12295532226562,207.2300567626953,0
1,body,182.65570068359375,140.43154907226562,0
3,bucket,70.3152084350586,162.61126708984375,0
