,name, x, y, z
0,arm,98.07659149169922,207.3373565673828,0
1,body,182.6210174560547,140.43016052246094,0
3,bucket,70.87654113769531,162.6074676513672,0
