,name, x, y, z
0,arm,98.04187774658203,207.41497802734375,0
1,body,182.5991973876953,140.43373107910156,0
3,bucket,71.47611236572266,162.60470581054688,0
