,name, x, y, z
0,arm,98.02008819580078,207.4620819091797,0
1,body,182.59169006347656,140.44276428222656,0
3,bucket,72.11508178710938,162.60365295410156,0
