,name, x, y, z
0,arm,97.99309539794922,207.4779052734375,0
1,body,182.53395080566406,140.4962921142578,0
3,bucket,73.44153594970703,162.3148956298828,0
