,name, x, y, z
0,arm,97.934814453125,207.4777374267578,0
1,body,182.46922302246094,140.541259765625,0
3,bucket,74.09696960449219,161.9779510498047,0
