,name, x, y, z
0,arm,97.70233917236328,207.47653198242188,0
1,body,182.29275512695312,140.6541290283203,0
3,bucket,75.34519958496094,160.9988250732422,0
