,name, x, y, z
0,arm,97.52841186523438,207.4752197265625,0
1,body,182.19091796875,140.71661376953125,0
3,bucket,75.91917419433594,160.3885955810547,0
