,name, x, y, z
0,arm,96.77753448486328,207.46681213378906,0
1,body,181.89036560058594,140.8958740234375,0
3,bucket,77.32752990722656,158.26719665527344,0
