,name, x, y, z
0,arm,96.08740234375,207.4562225341797,0
1,body,181.7435760498047,140.9815216064453,0
3,bucket,77.91099548339844,156.77044677734375,0
