,name, x, y, z
0,arm,94.77061462402344,207.4302520751953,0
1,body,181.70794677734375,141.0148468017578,0
3,bucket,78.07856750488281,154.7182159423828,0
