,name, x, y, z
0,arm,94.258544921875,207.37948608398438,0
1,body,181.77157592773438,141.01467895507812,0
3,bucket,77.95193481445312,154.12966918945312,0
