,name, x, y, z
0,arm,92.00872039794922,206.4833526611328,0
1,body,182.36155700683594,141.0098419189453,0
3,bucket,76.74594116210938,152.22434997558594,0
