,name, x, y, z
0,arm,91.4384536743164,206.11666870117188,0
1,body,182.5728759765625,141.0068817138672,0
3,bucket,76.30213165283203,151.84710693359375,0
