,name, x, y, z
0,arm,90.3481674194336,205.25494384765625,0
1,body,183.0442352294922,140.99790954589844,0
3,bucket,75.28933715820312,151.19313049316406,0
