,name, x, y, z
0,arm,89.84513854980469,204.7720947265625,0
1,body,183.29620361328125,140.99159240722656,0
3,bucket,74.7333755493164,150.9111328125,0
