,name, x, y, z
0,arm,89.38157653808594,204.2628173828125,0
1,body,183.55374145507812,140.98388671875,0
3,bucket,74.15304565429688,150.65562438964844,0
