,name, x, y, z
0,arm,88.96597290039062,203.73318481445312,0
1,body,183.81283569335938,140.9746551513672,0
3,bucket,73.55487060546875,150.42398071289062,0
