,name, x, y, z
0,arm,88.60684204101562,203.18931579589844,0
1,body,184.06948852539062,140.96372985839844,0
3,bucket,72.94535827636719,150.2135772705078,0
