,name, x, y, z
0,arm,88.09205627441406,202.08340454101562,0
1,body,184.5594482421875,140.93630981445312,0
3,bucket,71.7183609008789,149.84596252441406,0
