,name, x, y, z
0,arm,87.95340728759766,201.5335693359375,0
1,body,184.78475952148438,140.9195098876953,0
3,bucket,71.1138916015625,149.68348693847656,0
