,name, x, y, z
0,arm,87.9052963256836,200.99400329589844,0
1,body,184.9924774169922,140.89178466796875,0
3,bucket,70.52276611328125,149.53179931640625,0
