,name, x, y, z
0,arm,87.95513153076172,198.97227478027344,0
1,body,185.65792846679688,140.6058349609375,0
3,bucket,68.26983642578125,148.98558044433594,0
