,name, x, y, z
0,arm,87.98033905029297,198.49147033691406,0
1,body,185.78770446777344,140.49725341796875,0
3,bucket,67.7256088256836,148.8524932861328,0
