,name, x, y, z
0,arm,88.14879608154297,196.12718200683594,0
1,body,186.2646484375,139.79847717285156,0
3,bucket,65.02955627441406,148.09103393554688,0
