,name, x, y, z
0,arm,88.18623352050781,195.64707946777344,0
1,body,186.3323211669922,139.63685607910156,0
3,bucket,64.48292541503906,147.90321350097656,0
