,name, x, y, z
0,arm,88.22333526611328,195.15943908691406,0
1,body,186.39295959472656,139.4710693359375,0
3,bucket,63.92967224121094,147.69808959960938,0
