,name, x, y, z
0,arm,88.25940704345703,194.6621856689453,0
1,body,186.44752502441406,139.3024444580078,0
3,bucket,63.36800765991211,147.4733428955078,0
