,name, x, y, z
0,arm,88.29376983642578,194.15309143066406,0
1,body,186.49697875976562,139.13229370117188,0
3,bucket,62.79618453979492,147.2266082763672,0
