,name, x, y, z
0,arm,88.32576751708984,193.6300048828125,0
1,body,186.54226684570312,138.96197509765625,0
3,bucket,62.21238708496094,146.95559692382812,0
