,name, x, y, z
0,arm,88.35470581054688,193.0907440185547,0
1,body,186.58433532714844,138.7928009033203,0
3,bucket,61.6148681640625,146.65794372558594,0
