,name, x, y, z
0,arm,88.3799057006836,192.53318786621094,0
1,body,186.6241455078125,138.62612915039062,0
3,bucket,61.00184631347656,146.33131408691406,0
