,name, x, y, z
0,arm,88.40068817138672,191.95510864257812,0
1,body,186.66262817382812,138.46327209472656,0
3,bucket,60.37153244018555,145.97340393066406,0
