,name, x, y, z
0,arm,88.41636657714844,191.35438537597656,0
1,body,186.7007598876953,138.30555725097656,0
3,bucket,59.72214889526367,145.5818328857422,0
