,name, x, y, z
0,arm,88.4363021850586,189.39657592773438,0
1,body,186.9038848876953,137.87997436523438,0
3,bucket,57.7319221496582,144.19566345214844,0
