,name, x, y, z
0,arm,88.4555892944336,188.69248962402344,0
1,body,187.04519653320312,137.7578125,0
3,bucket,57.10431671142578,143.6724395751953,0
