,name, x, y, z
0,arm,88.52957916259766,187.2188720703125,0
1,body,187.42860412597656,137.54159545898438,0
3,bucket,55.915348052978516,142.55694580078125,0
