,name, x, y, z
0,arm,88.64633178710938,185.6710205078125,0
1,body,187.92311096191406,137.36058044433594,0
3,bucket,54.81686782836914,141.37440490722656,0
