,name, x, y, z
0,arm,88.71905517578125,184.87413024902344,0
1,body,188.2033233642578,137.2823028564453,0
3,bucket,54.30234909057617,140.76734924316406,0
