,name, x, y, z
0,arm,88.80040740966797,184.06455993652344,0
1,body,188.5009002685547,137.21176147460938,0
3,bucket,53.81143569946289,140.15478515625,0
