,name, x, y, z
0,arm,88.8897933959961,183.24427795410156,0
1,body,188.81228637695312,137.14852905273438,0
3,bucket,53.344390869140625,139.54046630859375,0
