,name, x, y, z
0,arm,88.98648071289062,182.41519165039062,0
1,body,189.1341094970703,137.09226989746094,0
3,bucket,52.901607513427734,138.92813110351562,0
