,name, x, y, z
0,arm,72.19937896728516,195.24356079101562,0
1,body,168.95294189453125,132.92808532714844,0
3,bucket,75.16867065429688,145.92933654785156,0
