,name, x, y, z
0,arm,89.55611419677734,178.2067108154297,0
1,body,190.77658081054688,136.90255737304688,0
3,bucket,51.0618782043457,136.02748107910156,0
