,name, x, y, z
0,arm,89.81163787841797,176.53033447265625,0
1,body,191.38421630859375,136.86265563964844,0
3,bucket,50.50662612915039,135.01242065429688,0
