,name, x, y, z
0,arm,90.34038543701172,173.2758026123047,0
1,body,192.3614959716797,136.8284454345703,0
3,bucket,49.7196159362793,133.39613342285156,0
