,name, x, y, z
0,arm,71.71038055419922,195.19546508789062,0
1,body,169.25914001464844,132.91976928710938,0
3,bucket,74.82833099365234,145.77720642089844,0
