,name, x, y, z
0,arm,90.60287475585938,171.72891235351562,0
1,body,192.67709350585938,136.84068298339844,0
3,bucket,49.492305755615234,132.8543701171875,0
