,name, x, y, z
0,arm,90.80530548095703,170.2545166015625,0
1,body,192.87913513183594,136.93728637695312,0
3,bucket,49.36167526245117,132.49073791503906,0
