,name, x, y, z
0,arm,90.87301635742188,169.54022216796875,0
1,body,192.95236206054688,137.01351928710938,0
3,bucket,49.32298278808594,132.35662841796875,0
