,name, x, y, z
0,arm,90.97173309326172,168.13906860351562,0
1,body,193.07382202148438,137.20440673828125,0
3,bucket,49.278804779052734,132.14303588867188,0
