,name, x, y, z
0,arm,91.01477813720703,167.44483947753906,0
1,body,193.13438415527344,137.31207275390625,0
3,bucket,49.265419006347656,132.04727172851562,0
