,name, x, y, z
0,arm,91.1185302734375,166.05064392089844,0
1,body,193.28578186035156,137.5343780517578,0
3,bucket,49.23603057861328,131.83702087402344,0
