,name, x, y, z
0,arm,71.148681640625,195.170166015625,0
1,body,169.53150939941406,132.92417907714844,0
3,bucket,74.39701843261719,145.6324920654297,0
