,name, x, y, z
0,arm,91.19132232666016,165.34332275390625,0
1,body,193.38893127441406,137.6420440673828,0
3,bucket,49.21210861206055,131.70623779296875,0
