,name, x, y, z
0,arm,91.5657730102539,163.1362762451172,0
1,body,193.88180541992188,137.9091796875,0
3,bucket,49.05560302734375,131.11349487304688,0
