,name, x, y, z
0,arm,92.00595092773438,161.55722045898438,0
1,body,194.42466735839844,138.00579833984375,0
3,bucket,48.84083557128906,130.4698028564453,0
