,name, x, y, z
0,arm,93.10421752929688,159.10458374023438,0
1,body,195.4551239013672,138.6526336669922,0
3,bucket,48.7796630859375,129.7219696044922,0
