,name, x, y, z
0,arm,93.65652465820312,158.58897399902344,0
1,body,195.57174682617188,139.28982543945312,0
3,bucket,49.06008529663086,129.9046173095703,0
