,name, x, y, z
0,arm,94.91893768310547,158.09738159179688,0
1,body,195.4876251220703,140.7829132080078,0
3,bucket,49.7982292175293,130.6371307373047,0
