,name, x, y, z
0,arm,95.55840301513672,158.03062438964844,0
1,body,195.3860321044922,141.4849090576172,0
3,bucket,50.14458465576172,131.06153869628906,0
