,name, x, y, z
0,arm,96.69695281982422,158.03057861328125,0
1,body,195.30224609375,142.4451141357422,0
3,bucket,50.530677795410156,131.7327880859375,0
