,name, x, y, z
0,arm,97.1402587890625,158.01077270507812,0
1,body,195.41165161132812,142.5702667236328,0
3,bucket,50.46949005126953,131.86781311035156,0
