,name, x, y, z
0,arm,97.69619750976562,157.7936553955078,0
1,body,196.0443115234375,142.57447814941406,0
3,bucket,50.13301086425781,131.9536590576172,0
