,name, x, y, z
0,arm,98.02500915527344,157.59825134277344,0
1,body,196.7241668701172,142.5900115966797,0
3,bucket,49.79194641113281,132.0905303955078,0
