,name, x, y, z
0,arm,98.13017272949219,157.52703857421875,0
1,body,197.03408813476562,142.5948028564453,0
3,bucket,49.611167907714844,132.19711303710938,0
