,name, x, y, z
0,arm,98.24829864501953,157.3789520263672,0
1,body,197.97705078125,142.60447692871094,0
3,bucket,48.740234375,133.05523681640625,0
