,name, x, y, z
0,arm,98.18162536621094,157.3629608154297,0
1,body,198.2126922607422,142.60972595214844,0
3,bucket,48.16845703125,133.84983825683594,0
