,name, x, y, z
0,arm,98.13078308105469,157.3634796142578,0
1,body,198.25704956054688,142.614013671875,0
3,bucket,47.836524963378906,134.3651580810547,0
