,name, x, y, z
0,arm,98.01372528076172,157.4544219970703,0
1,body,198.1982879638672,142.86312866210938,0
3,bucket,47.0759162902832,135.64842224121094,0
