,name, x, y, z
0,arm,97.84712982177734,158.576416015625,0
1,body,197.89207458496094,143.89968872070312,0
3,bucket,45.772247314453125,138.09165954589844,0
