,name, x, y, z
0,arm,97.80496978759766,159.18605041503906,0
1,body,197.775390625,144.3472137451172,0
3,bucket,45.317501068115234,139.01052856445312,0
