,name, x, y, z
0,arm,97.7571029663086,160.66635131835938,0
1,body,197.58541870117188,145.28306579589844,0
3,bucket,44.41231918334961,140.954345703125,0
