,name, x, y, z
0,arm,97.75682067871094,161.50624084472656,0
1,body,197.53390502929688,145.73403930664062,0
3,bucket,43.97351837158203,141.96241760253906,0
