,name, x, y, z
0,arm,97.77595520019531,162.39212036132812,0
1,body,197.52589416503906,146.1487579345703,0
3,bucket,43.551666259765625,142.98329162597656,0
