,name, x, y, z
0,arm,68.31466674804688,197.73068237304688,0
1,body,163.48992919921875,133.31272888183594,0
3,bucket,71.81803131103516,145.5459747314453,0
