,name, x, y, z
0,arm,98.40252685546875,167.8792724609375,0
1,body,198.41213989257812,147.577392578125,0
3,bucket,41.604347229003906,149.02272033691406,0
