,name, x, y, z
0,arm,98.56741333007812,168.74685668945312,0
1,body,198.6204376220703,147.71925354003906,0
3,bucket,41.37202072143555,150.0047607421875,0
