,name, x, y, z
0,arm,98.73047637939453,169.59469604492188,0
1,body,198.83120727539062,147.84231567382812,0
3,bucket,41.158138275146484,150.98345947265625,0
