,name, x, y, z
0,arm,98.88362121582031,170.42141723632812,0
1,body,199.04051208496094,147.9478302001953,0
3,bucket,40.959590911865234,151.9604034423828,0
