,name, x, y, z
0,arm,99.01883697509766,171.22560119628906,0
1,body,199.24436950683594,148.03720092773438,0
3,bucket,40.773231506347656,152.93711853027344,0
