,name, x, y, z
0,arm,67.89372253417969,197.87814331054688,0
1,body,163.22425842285156,133.2788848876953,0
3,bucket,71.3469467163086,145.63357543945312,0
