,name, x, y, z
0,arm,99.23631286621094,173.48959350585938,0
1,body,199.7833251953125,148.2216796875,0
3,bucket,40.255367279052734,155.88168334960938,0
