,name, x, y, z
0,arm,99.21931457519531,174.19017028808594,0
1,body,199.925537109375,148.25973510742188,0
3,bucket,40.08597183227539,156.8732147216797,0
