,name, x, y, z
0,arm,99.0027847290039,175.50198364257812,0
1,body,200.1298370361328,148.30874633789062,0
3,bucket,39.733116149902344,158.8807373046875,0
