,name, x, y, z
0,arm,98.78716278076172,176.11048889160156,0
1,body,200.18397521972656,148.32237243652344,0
3,bucket,39.543277740478516,159.8998260498047,0
