,name, x, y, z
0,arm,98.10102081298828,177.22593688964844,0
1,body,200.1763153076172,148.33453369140625,0
3,bucket,39.12106704711914,161.9765625,0
