,name, x, y, z
0,arm,97.61441802978516,177.73013305664062,0
1,body,200.1065216064453,148.3357391357422,0
3,bucket,38.882347106933594,163.0373077392578,0
