,name, x, y, z
0,arm,96.31390380859375,178.62464904785156,0
1,body,199.81520080566406,148.33511352539062,0
3,bucket,38.333885192871094,165.21144104003906,0
