,name, x, y, z
0,arm,61.4741325378418,202.8791961669922,0
1,body,157.9956512451172,141.6426544189453,0
3,bucket,84.78335571289062,159.3379364013672,0
