,name, x, y, z
0,arm,94.46859741210938,179.35775756835938,0
1,body,198.94715881347656,147.91131591796875,0
3,bucket,37.8078727722168,167.11709594726562,0
