,name, x, y, z
0,arm,93.1007308959961,180.3444366455078,0
1,body,197.52366638183594,147.77749633789062,0
3,bucket,37.94896697998047,167.085693359375,0
