,name, x, y, z
0,arm,93.10220336914062,180.52516174316406,0
1,body,197.2704620361328,147.78781127929688,0
3,bucket,38.1278190612793,166.8155059814453,0
