,name, x, y, z
0,arm,93.11685180664062,180.95172119140625,0
1,body,196.68197631835938,147.83016967773438,0
3,bucket,38.946170806884766,165.63900756835938,0
