,name, x, y, z
0,arm,93.13978576660156,181.1515350341797,0
1,body,196.4136199951172,147.8643798828125,0
3,bucket,39.71220397949219,164.60557556152344,0
