,name, x, y, z
0,arm,93.1565933227539,181.22962951660156,0
1,body,196.31103515625,147.8822021484375,0
3,bucket,40.1571044921875,164.03085327148438,0
