,name, x, y, z
0,arm,93.20321655273438,181.3480224609375,0
1,body,196.15982055664062,147.91746520996094,0
3,bucket,41.163490295410156,162.7933807373047,0
