,name, x, y, z
0,arm,93.2339859008789,181.39068603515625,0
1,body,196.10743713378906,147.93421936035156,0
3,bucket,41.72210693359375,162.14178466796875,0
