,name, x, y, z
0,arm,93.27031707763672,181.42391967773438,0
1,body,196.06808471679688,147.94989013671875,0
3,bucket,42.31578826904297,161.47569274902344,0
