,name, x, y, z
0,arm,93.36157989501953,181.466796875,0
1,body,196.02098083496094,147.97659301757812,0
3,bucket,43.60263442993164,160.12245178222656,0
