,name, x, y, z
0,arm,93.41743469238281,181.47879028320312,0
1,body,196.00950622558594,147.98690795898438,0
3,bucket,44.29291534423828,159.4464569091797,0
