,name, x, y, z
0,arm,66.93463897705078,198.0531768798828,0
1,body,164.06809997558594,133.21572875976562,0
3,bucket,69.85842895507812,146.00941467285156,0
