,name, x, y, z
0,arm,93.48072814941406,181.486083984375,0
1,body,196.0036163330078,147.99472045898438,0
3,bucket,45.01253128051758,158.7783203125,0
