,name, x, y, z
0,arm,93.55194091796875,181.48980712890625,0
1,body,196.00146484375,147.99966430664062,0
3,bucket,45.76007843017578,158.12362670898438,0
