,name, x, y, z
0,arm,89.81964111328125,181.14297485351562,0
1,body,189.29873657226562,147.14295959472656,0
3,bucket,43.16769027709961,154.96778869628906,0
