,name, x, y, z
0,arm,88.14833068847656,180.8608856201172,0
1,body,187.90463256835938,146.70333862304688,0
3,bucket,42.661991119384766,154.27340698242188,0
