,name, x, y, z
0,arm,87.22029113769531,180.48890686035156,0
1,body,187.18765258789062,146.19879150390625,0
3,bucket,42.80107879638672,153.5460968017578,0
