,name, x, y, z
0,arm,86.99215698242188,180.0593719482422,0
1,body,186.7519073486328,145.67218017578125,0
3,bucket,43.117122650146484,152.8026123046875,0
