,name, x, y, z
0,arm,66.40638732910156,198.1067657470703,0
1,body,164.2093505859375,133.2637939453125,0
3,bucket,69.1736068725586,146.1571502685547,0
