,name, x, y, z
0,arm,87.00186920166016,179.6102294921875,0
1,body,186.55178833007812,145.1658935546875,0
3,bucket,43.56573486328125,152.04522705078125,0
