,name, x, y, z
0,arm,87.1795883178711,179.14630126953125,0
1,body,186.5000457763672,144.70953369140625,0
3,bucket,44.10244369506836,151.2770233154297,0
