,name, x, y, z
0,arm,87.45560455322266,178.67263793945312,0
1,body,186.50978088378906,144.33370971679688,0
3,bucket,44.68185043334961,150.50204467773438,0
