,name, x, y, z
0,arm,87.7593994140625,178.1951141357422,0
1,body,186.49319458007812,144.07003784179688,0
3,bucket,45.25743865966797,149.7252960205078,0
