,name, x, y, z
0,arm,88.0193862915039,177.72012329101562,0
1,body,186.35621643066406,143.9411163330078,0
3,bucket,45.79180908203125,148.9519805908203,0
