,name, x, y, z
0,arm,88.1783447265625,177.25341796875,0
1,body,186.07078552246094,143.9310760498047,0
3,bucket,46.288150787353516,148.18502807617188,0
