,name, x, y, z
0,arm,88.22486114501953,176.3470458984375,0
1,body,185.1508331298828,144.17837524414062,0
3,bucket,47.22116470336914,146.67822265625,0
