,name, x, y, z
0,arm,88.04243469238281,175.47317504882812,0
1,body,183.94711303710938,144.63479614257812,0
3,bucket,48.16810607910156,145.21958923339844,0
