,name, x, y, z
0,arm,65.6466064453125,198.19654846191406,0
1,body,164.15753173828125,133.38015747070312,0
3,bucket,68.38069915771484,146.31484985351562,0
