,name, x, y, z
0,arm,87.79364013671875,174.62586975097656,0
1,body,182.6800079345703,145.12088012695312,0
3,bucket,49.24331283569336,143.8212127685547,0
