,name, x, y, z
0,arm,87.75331115722656,172.97935485839844,0
1,body,180.8374481201172,145.4600372314453,0
3,bucket,52.24631118774414,141.24131774902344,0
