,name, x, y, z
0,arm,87.95865631103516,172.57077026367188,0
1,body,180.67669677734375,145.34304809570312,0
3,bucket,53.2559814453125,140.64590454101562,0
