,name, x, y, z
0,arm,91.07263946533203,170.18348693847656,0
1,body,181.56085205078125,144.50189208984375,0
3,bucket,60.6276741027832,137.41184997558594,0
