,name, x, y, z
0,arm,91.70907592773438,169.8208465576172,0
1,body,181.75904846191406,144.3568878173828,0
3,bucket,61.865657806396484,136.91461181640625,0
