,name, x, y, z
0,arm,92.32018280029297,169.47581481933594,0
1,body,181.897216796875,144.21580505371094,0
3,bucket,63.045005798339844,136.4254150390625,0
