,name, x, y, z
0,arm,93.77545928955078,168.57594299316406,0
1,body,181.66796875,143.83676147460938,0
3,bucket,65.99552154541016,134.99229431152344,0
