,name, x, y, z
0,arm,94.20258331298828,168.1190185546875,0
1,body,180.69314575195312,143.64178466796875,0
3,bucket,67.23414611816406,134.0528564453125,0
