,name, x, y, z
0,arm,94.18444061279297,167.942626953125,0
1,body,179.8734893798828,143.5679473876953,0
3,bucket,67.56298828125,133.584228515625,0
