,name, x, y, z
0,arm,93.98129272460938,167.8050537109375,0
1,body,178.79458618164062,143.51272583007812,0
3,bucket,67.66634368896484,133.1148681640625,0
