,name, x, y, z
0,arm,93.57041931152344,167.7093963623047,0
1,body,177.42845153808594,143.478271484375,0
3,bucket,67.52049255371094,132.64364624023438,0
