,name, x, y, z
0,arm,92.0414047241211,167.669189453125,0
1,body,173.96571350097656,143.4931182861328,0
3,bucket,66.47327423095703,131.67892456054688,0
