,name, x, y, z
0,arm,90.95913696289062,167.74391174316406,0
1,body,172.04261779785156,143.54322814941406,0
3,bucket,65.71067810058594,131.2059326171875,0
