,name, x, y, z
0,arm,89.76426696777344,167.86508178710938,0
1,body,170.09686279296875,143.6162109375,0
3,bucket,64.90355682373047,130.7605743408203,0
