,name, x, y, z
0,arm,87.36367797851562,168.17608642578125,0
1,body,166.44656372070312,143.8121795654297,0
3,bucket,63.50001907348633,130.01699829101562,0
