,name, x, y, z
0,arm,86.32142639160156,168.33053588867188,0
1,body,164.89663696289062,143.92581176757812,0
3,bucket,63.07578659057617,129.75088500976562,0
