,name, x, y, z
0,arm,85.49352264404297,168.4607391357422,0
1,body,163.63323974609375,144.0436553955078,0
3,bucket,62.951351165771484,129.57666015625,0
