,name, x, y, z
0,arm,84.80760192871094,168.5776824951172,0
1,body,162.07809448242188,144.27398681640625,0
3,bucket,63.75813293457031,129.50552368164062,0
