,name, x, y, z
0,arm,85.1536865234375,168.52621459960938,0
1,body,160.9645538330078,144.48495483398438,0
3,bucket,65.19793701171875,129.50828552246094,0
