,name, x, y, z
0,arm,85.48448181152344,168.47532653808594,0
1,body,160.49325561523438,144.58306884765625,0
3,bucket,66.07608795166016,129.5150146484375,0
