,name, x, y, z
0,arm,87.03861999511719,168.24533081054688,0
1,body,159.34152221679688,144.8491973876953,0
3,bucket,69.24575805664062,129.55160522460938,0
