,name, x, y, z
0,arm,87.72470092773438,168.1492919921875,0
1,body,159.0227508544922,144.92881774902344,0
3,bucket,70.45353698730469,129.5679168701172,0
