,name, x, y, z
0,arm,61.48094940185547,199.02146911621094,0
1,body,162.92361450195312,134.2216339111328,0
3,bucket,64.6981201171875,147.09963989257812,0
