,name, x, y, z
0,arm,90.20618438720703,167.8303985595703,0
1,body,158.16876220703125,145.14154052734375,0
3,bucket,74.41659545898438,129.6233367919922,0
