,name, x, y, z
0,arm,91.15520477294922,167.72024536132812,0
1,body,157.89599609375,145.20407104492188,0
3,bucket,75.82367706298828,129.64260864257812,0
