,name, x, y, z
0,arm,93.20140838623047,167.50575256347656,0
1,body,157.32833862304688,145.31716918945312,0
3,bucket,78.7179946899414,129.679931640625,0
