,name, x, y, z
0,arm,95.40666961669922,167.31199645996094,0
1,body,156.68685913085938,145.41485595703125,0
3,bucket,81.66493225097656,129.71279907226562,0
