,name, x, y, z
0,arm,97.72486114501953,167.15443420410156,0
1,body,155.918212890625,145.49790954589844,0
3,bucket,84.59931182861328,129.7379608154297,0
