,name, x, y, z
0,arm,60.5241813659668,199.36102294921875,0
1,body,162.58450317382812,134.44920349121094,0
3,bucket,63.792179107666016,147.34780883789062,0
