,name, x, y, z
0,arm,102.5152587890625,167.00975036621094,0
1,body,153.78929138183594,145.6265411376953,0
3,bucket,90.17134094238281,129.74681091308594,0
