,name, x, y, z
0,arm,103.71196746826172,167.01687622070312,0
1,body,153.11338806152344,145.66070556640625,0
3,bucket,91.46694946289062,129.7263641357422,0
