,name, x, y, z
0,arm,104.90042114257812,167.03701782226562,0
1,body,152.3929443359375,145.69985961914062,0
3,bucket,92.72425842285156,129.69468688964844,0
