,name, x, y, z
0,arm,109.5347671508789,167.21417236328125,0
1,body,149.27098083496094,145.92111206054688,0
3,bucket,97.42693328857422,129.4947052001953,0
