,name, x, y, z
0,arm,59.74782180786133,199.7606658935547,0
1,body,162.32362365722656,134.65292358398438,0
3,bucket,62.94912338256836,147.62217712402344,0
