,name, x, y, z
0,arm,111.75445556640625,167.33700561523438,0
1,body,147.70957946777344,146.0806884765625,0
3,bucket,99.6216049194336,129.3781280517578,0
