,name, x, y, z
0,arm,113.88941955566406,167.46461486816406,0
1,body,146.25730895996094,146.28057861328125,0
3,bucket,101.74174499511719,129.2713623046875,0
