,name, x, y, z
0,arm,115.9249267578125,167.5834503173828,0
1,body,144.99635314941406,146.52664184570312,0
3,bucket,103.80988311767578,129.19004821777344,0
