,name, x, y, z
0,arm,116.9007568359375,167.63536071777344,0
1,body,144.4632568359375,146.66880798339844,0
3,bucket,104.83141326904297,129.163818359375,0
