,name, x, y, z
0,arm,117.84615325927734,167.67999267578125,0
1,body,144.0087890625,146.82467651367188,0
3,bucket,105.8484115600586,129.14984130859375,0
