,name, x, y, z
0,arm,119.63838195800781,167.7406768798828,0
1,body,143.38104248046875,147.20498657226562,0
3,bucket,107.86051177978516,129.26641845703125,0
