,name, x, y, z
0,arm,120.46361541748047,167.7587127685547,0
1,body,143.22308349609375,147.47279357910156,0
3,bucket,108.82734680175781,129.58078002929688,0
