,name, x, y, z
0,arm,121.22551727294922,167.77696228027344,0
1,body,143.15858459472656,147.78858947753906,0
3,bucket,109.77375030517578,130.0648193359375,0
