,name, x, y, z
0,arm,121.93756866455078,167.79885864257812,0
1,body,143.17691040039062,148.1425018310547,0
3,bucket,110.70947265625,130.69012451171875,0
