,name, x, y, z
0,arm,123.26605224609375,167.86767578125,0
1,body,143.4193878173828,148.925537109375,0
3,bucket,112.58777618408203,132.25131225585938,0
