,name, x, y, z
0,arm,123.90945434570312,167.92156982421875,0
1,body,143.62222290039062,149.33494567871094,0
3,bucket,113.54981231689453,133.13052368164062,0
