,name, x, y, z
0,arm,125.22205352783203,168.08572387695312,0
1,body,144.13775634765625,150.14047241210938,0
3,bucket,115.56816101074219,134.94447326660156,0
