,name, x, y, z
0,arm,126.65890502929688,168.34837341308594,0
1,body,144.72862243652344,150.86270141601562,0
3,bucket,117.77705383300781,136.6435546875,0
