,name, x, y, z
0,arm,59.0293083190918,200.75367736816406,0
1,body,162.21719360351562,134.92747497558594,0
3,bucket,61.56557846069336,148.26025390625,0
