,name, x, y, z
0,arm,127.45761108398438,168.52536010742188,0
1,body,145.02572631835938,151.16798400878906,0
3,bucket,118.97728729248047,137.37918090820312,0
