,name, x, y, z
0,arm,130.3368377685547,169.28086853027344,0
1,body,145.79550170898438,151.74266052246094,0
3,bucket,123.07768249511719,138.7903289794922,0
