,name, x, y, z
0,arm,132.79371643066406,170.00657653808594,0
1,body,146.12046813964844,151.7785186767578,0
3,bucket,126.31830596923828,138.87057495117188,0
