,name, x, y, z
0,arm,134.2164306640625,170.50680541992188,0
1,body,146.24562072753906,151.74925231933594,0
3,bucket,128.0789794921875,138.78147888183594,0
