,name, x, y, z
0,arm,137.35630798339844,171.94598388671875,0
1,body,146.4437713623047,151.64280700683594,0
3,bucket,131.73846435546875,138.4634246826172,0
