,name, x, y, z
0,arm,59.23371887207031,201.35377502441406,0
1,body,162.46209716796875,134.967529296875,0
3,bucket,61.08207702636719,148.6293487548828,0
