,name, x, y, z
0,arm,140.68472290039062,173.78213500976562,0
1,body,146.58152770996094,151.492919921875,0
3,bucket,135.3832244873047,138.01885986328125,0
