,name, x, y, z
0,arm,142.34315490722656,174.7786865234375,0
1,body,146.63116455078125,151.4093475341797,0
3,bucket,137.12547302246094,137.7716522216797,0
