,name, x, y, z
0,arm,145.49542236328125,176.78770446777344,0
1,body,146.69891357421875,151.24034118652344,0
3,bucket,140.30050659179688,137.27235412597656,0
