,name, x, y, z
0,arm,59.911556243896484,202.02748107910156,0
1,body,162.86781311035156,134.96092224121094,0
3,bucket,60.76640319824219,149.02890014648438,0
