,name, x, y, z
0,arm,60.83894729614258,202.7685546875,0
1,body,163.33682250976562,134.94276428222656,0
3,bucket,60.60205078125,149.4515380859375,0
