,name, x, y, z
0,arm,63.38545227050781,205.18197631835938,0
1,body,164.90892028808594,134.84384155273438,0
3,bucket,60.761226654052734,150.83168029785156,0
