,name, x, y, z
0,arm,64.11567687988281,205.98202514648438,0
1,body,165.41635131835938,134.80435180664062,0
3,bucket,60.946571350097656,151.32046508789062,0
