,name, x, y, z
0,arm,65.32603454589844,207.4532928466797,0
1,body,166.2775115966797,134.73052978515625,0
3,bucket,61.36249542236328,152.32542419433594,0
