,name, x, y, z
0,arm,65.78216552734375,208.0837860107422,0
1,body,166.58822631835938,134.70115661621094,0
3,bucket,61.54194259643555,152.83636474609375,0
