,name, x, y, z
0,arm,66.1228256225586,208.61703491210938,0
1,body,166.79043579101562,134.68011474609375,0
3,bucket,61.66835403442383,153.3494873046875,0
