,name, x, y, z
0,arm,66.40979766845703,209.31036376953125,0
1,body,166.95306396484375,134.66641235351562,0
3,bucket,61.77704620361328,154.36572265625,0
