,name, x, y, z
0,arm,69.04029846191406,209.94293212890625,0
1,body,168.80691528320312,134.65646362304688,0
3,bucket,62.98936462402344,156.19102478027344,0
