,name, x, y, z
0,arm,61.35826873779297,203.21839904785156,0
1,body,157.79898071289062,141.39268493652344,0
3,bucket,84.74121856689453,159.4752197265625,0
