,name, x, y, z
0,arm,73.34160614013672,210.22171020507812,0
1,body,171.23178100585938,134.64617919921875,0
3,bucket,64.49851989746094,157.31336975097656,0
