,name, x, y, z
0,arm,76.62970733642578,210.33534240722656,0
1,body,173.0558624267578,134.63412475585938,0
3,bucket,65.56675720214844,157.91830444335938,0
