,name, x, y, z
0,arm,81.2751235961914,210.42547607421875,0
1,body,175.72308349609375,134.60311889648438,0
3,bucket,66.9641342163086,158.57630920410156,0
