,name, x, y, z
0,arm,82.56360626220703,210.439697265625,0
1,body,176.51776123046875,134.58831787109375,0
3,bucket,67.31564331054688,158.72227478027344,0
