,name, x, y, z
0,arm,61.34554672241211,203.31199645996094,0
1,body,157.74545288085938,141.32089233398438,0
3,bucket,84.7484130859375,159.50827026367188,0
