,name, x, y, z
0,arm,85.00675201416016,210.45437622070312,0
1,body,178.3524932861328,134.5269012451172,0
3,bucket,67.8187026977539,158.9158172607422,0
