,name, x, y, z
0,arm,85.194091796875,210.45458984375,0
1,body,178.7662811279297,134.49583435058594,0
3,bucket,67.78236389160156,158.8792266845703,0
