,name, x, y, z
0,arm,85.19403076171875,210.3982391357422,0
1,body,179.13685607910156,134.4539794921875,0
3,bucket,67.67591857910156,158.7730255126953,0
