,name, x, y, z
0,arm,85.1924819946289,209.97128295898438,0
1,body,179.75830078125,134.34329223632812,0
3,bucket,67.26779174804688,158.3733367919922,0
