,name, x, y, z
0,arm,85.19027709960938,209.6165313720703,0
1,body,180.01417541503906,134.27713012695312,0
3,bucket,66.9737319946289,158.09063720703125,0
