,name, x, y, z
0,arm,85.1866455078125,209.17819213867188,0
1,body,180.23680114746094,134.20555114746094,0
3,bucket,66.62469482421875,157.75987243652344,0
