,name, x, y, z
0,arm,85.18121337890625,208.66415405273438,0
1,body,180.42868041992188,134.12986755371094,0
3,bucket,66.22451782226562,157.38641357421875,0
