,name, x, y, z
0,arm,85.16358947753906,207.4407958984375,0
1,body,180.7301788330078,133.9716033935547,0
3,bucket,65.28582000732422,156.53297424316406,0
