,name, x, y, z
0,arm,85.09111022949219,204.43495178222656,0
1,body,181.0740509033203,133.6648712158203,0
3,bucket,62.961509704589844,154.5508270263672,0
