,name, x, y, z
0,arm,85.06316375732422,203.61326599121094,0
1,body,181.12057495117188,133.59803771972656,0
3,bucket,62.30942153930664,154.02932739257812,0
