,name, x, y, z
0,arm,84.99296569824219,201.94119262695312,0
1,body,181.18380737304688,133.48553466796875,0
3,bucket,60.946659088134766,152.99288940429688,0
