,name, x, y, z
0,arm,84.94998168945312,201.1066436767578,0
1,body,181.2054901123047,133.44253540039062,0
3,bucket,60.24354553222656,152.48870849609375,0
