,name, x, y, z
0,arm,84.90130615234375,200.28367614746094,0
1,body,181.22386169433594,133.41018676757812,0
3,bucket,59.531009674072266,152.00108337402344,0
