,name, x, y, z
0,arm,84.8465347290039,199.48020935058594,0
1,body,181.241455078125,133.3897705078125,0
3,bucket,58.812843322753906,151.53536987304688,0
