,name, x, y, z
0,arm,84.78533935546875,198.70416259765625,0
1,body,181.26072692871094,133.3826904296875,0
3,bucket,58.09282302856445,151.09695434570312,0
