,name, x, y, z
0,arm,84.71734619140625,197.96348571777344,0
1,body,181.36785888671875,133.54591369628906,0
3,bucket,57.54058074951172,150.81703186035156,0
