,name, x, y, z
0,arm,84.7709732055664,197.33644104003906,0
1,body,181.57101440429688,134.00302124023438,0
3,bucket,57.299217224121094,150.80169677734375,0
