,name, x, y, z
0,arm,86.96076965332031,196.35711669921875,0
1,body,182.54432678222656,137.8751983642578,0
3,bucket,58.638057708740234,152.67587280273438,0
