,name, x, y, z
0,arm,89.75927734375,196.59268188476562,0
1,body,183.28919982910156,141.76588439941406,0
3,bucket,60.90101623535156,155.10528564453125,0
