,name, x, y, z
0,arm,90.74829864501953,196.73385620117188,0
1,body,183.51568603515625,143.04962158203125,0
3,bucket,61.68850326538086,155.93299865722656,0
