,name, x, y, z
0,arm,91.72093200683594,196.8707275390625,0
1,body,183.7252197265625,144.27328491210938,0
3,bucket,62.435638427734375,156.72154235839844,0
