,name, x, y, z
0,arm,93.52408599853516,197.0529022216797,0
1,body,184.08140563964844,146.42967224121094,0
3,bucket,63.68620300292969,158.07843017578125,0
