,name, x, y, z
0,arm,94.99915313720703,196.9889373779297,0
1,body,184.33607482910156,148.0318603515625,0
3,bucket,64.42092895507812,158.98316955566406,0
