,name, x, y, z
0,arm,95.99444580078125,196.53445434570312,0
1,body,184.4695587158203,148.89463806152344,0
3,bucket,64.41696166992188,159.25238037109375,0
