,name, x, y, z
0,arm,61.294105529785156,203.5944366455078,0
1,body,157.5740509033203,141.04580688476562,0
3,bucket,84.86205291748047,159.58448791503906,0
