,name, x, y, z
0,arm,96.36616516113281,194.8583526611328,0
1,body,184.66314697265625,148.99850463867188,0
3,bucket,63.126834869384766,158.50437927246094,0
