,name, x, y, z
0,arm,96.40425872802734,193.3876953125,0
1,body,184.92506408691406,149.02520751953125,0
3,bucket,62.24501037597656,157.85910034179688,0
