,name, x, y, z
0,arm,96.47592163085938,191.79287719726562,0
1,body,185.20834350585938,149.04881286621094,0
3,bucket,61.41582489013672,157.164794921875,0
