,name, x, y, z
0,arm,96.7013931274414,188.33587646484375,0
1,body,185.82785034179688,149.08729553222656,0
3,bucket,59.899620056152344,155.67440795898438,0
