,name, x, y, z
0,arm,96.77143859863281,187.43516540527344,0
1,body,185.99172973632812,149.09530639648438,0
3,bucket,59.54729461669922,155.28895568847656,0
