,name, x, y, z
0,arm,96.92389678955078,185.613037109375,0
1,body,186.32789611816406,149.10943603515625,0
3,bucket,58.87126159667969,154.51248168945312,0
