,name, x, y, z
0,arm,97.34976959228516,181.0906524658203,0
1,body,187.20089721679688,149.1352996826172,0
3,bucket,57.325069427490234,152.60557556152344,0
