,name, x, y, z
0,arm,97.43794250488281,180.21817016601562,0
1,body,187.3783416748047,149.1390838623047,0
3,bucket,57.03652572631836,152.24147033691406,0
