,name, x, y, z
0,arm,97.61257934570312,178.5315704345703,0
1,body,187.7332305908203,149.14535522460938,0
3,bucket,56.4762077331543,151.5418701171875,0
