,name, x, y, z
0,arm,97.69790649414062,177.72401428222656,0
1,body,187.91000366210938,149.14793395996094,0
3,bucket,56.203453063964844,151.209228515625,0
