,name, x, y, z
0,arm,97.78109741210938,176.94467163085938,0
1,body,188.0858612060547,149.15017700195312,0
3,bucket,55.934932708740234,150.8899383544922,0
