,name, x, y, z
0,arm,97.93878936767578,175.48390197753906,0
1,body,188.43348693847656,149.15371704101562,0
3,bucket,55.40874481201172,150.29705810546875,0
