,name, x, y, z
0,arm,98.01210021972656,174.8090362548828,0
1,body,188.6045379638672,149.1550750732422,0
3,bucket,55.150089263916016,150.0263214111328,0
