,name, x, y, z
0,arm,98.08097839355469,174.17556762695312,0
1,body,188.7732696533203,149.15615844726562,0
3,bucket,54.89372253417969,149.7746124267578,0
