,name, x, y, z
0,arm,98.14480590820312,173.58677673339844,0
1,body,188.93936157226562,149.15707397460938,0
3,bucket,54.63911819458008,149.54336547851562,0
