,name, x, y, z
0,arm,98.20301818847656,173.04603576660156,0
1,body,189.10247802734375,149.1577606201172,0
3,bucket,54.3858528137207,149.33399963378906,0
