,name, x, y, z
0,arm,98.2550048828125,172.55654907226562,0
1,body,189.26223754882812,149.1582794189453,0
3,bucket,54.13336181640625,149.14793395996094,0
