,name, x, y, z
0,arm,61.257137298583984,203.72796630859375,0
1,body,157.4864044189453,140.8511199951172,0
3,bucket,85.0243148803711,159.5922088623047,0
