,name, x, y, z
0,arm,98.30020141601562,172.12164306640625,0
1,body,189.41830444335938,149.1586456298828,0
3,bucket,53.88118362426758,148.986572265625,0
