,name, x, y, z
0,arm,98.3379898071289,171.7445831298828,0
1,body,189.57034301757812,149.15890502929688,0
3,bucket,53.62886047363281,148.85137939453125,0
