,name, x, y, z
0,arm,98.4013671875,170.99365234375,0
1,body,189.99876403808594,149.15916442871094,0
3,bucket,52.865787506103516,148.61688232421875,0
