,name, x, y, z
0,arm,98.4037857055664,170.88104248046875,0
1,body,190.13116455078125,149.15916442871094,0
3,bucket,52.60777282714844,148.60047912597656,0
