,name, x, y, z
0,arm,98.38167572021484,170.87460327148438,0
1,body,190.37757873535156,149.1470184326172,0
3,bucket,52.08073425292969,148.91970825195312,0
