,name, x, y, z
0,arm,98.32656860351562,171.32444763183594,0
1,body,190.70458984375,149.08970642089844,0
3,bucket,51.26992416381836,150.43284606933594,0
