,name, x, y, z
0,arm,98.280029296875,171.88467407226562,0
1,body,190.89459228515625,149.02984619140625,0
3,bucket,50.72664260864258,151.97938537597656,0
