,name, x, y, z
0,arm,98.25392150878906,172.23245239257812,0
1,body,190.98114013671875,148.9944305419922,0
3,bucket,50.456974029541016,152.87496948242188,0
