,name, x, y, z
0,arm,98.22600555419922,172.62071228027344,0
1,body,191.06199645996094,148.9558868408203,0
3,bucket,50.18979263305664,153.83485412597656,0
