,name, x, y, z
0,arm,98.1962890625,173.0459747314453,0
1,body,191.13719177246094,148.91456604003906,0
3,bucket,49.92612838745117,154.84596252441406,0
