,name, x, y, z
0,arm,98.16487884521484,173.50474548339844,0
1,body,191.20672607421875,148.87081909179688,0
3,bucket,49.666831970214844,155.89532470703125,0
