,name, x, y, z
0,arm,98.13176727294922,173.9935760498047,0
1,body,191.27052307128906,148.82498168945312,0
3,bucket,49.41284942626953,156.9699249267578,0
