,name, x, y, z
0,arm,98.0606918334961,175.0475311279297,0
1,body,191.38088989257812,148.72848510742188,0
3,bucket,48.92467498779297,159.14280700683594,0
