,name, x, y, z
0,arm,98.0228042602539,175.60568237304688,0
1,body,191.42742919921875,148.67857360839844,0
3,bucket,48.69229507446289,160.2150421142578,0
