,name, x, y, z
0,arm,97.9425277709961,176.7670440673828,0
1,body,191.5030975341797,148.57713317871094,0
3,bucket,48.25567626953125,162.2657928466797,0
