,name, x, y, z
0,arm,97.90025329589844,177.3632354736328,0
1,body,191.53216552734375,148.5263671875,0
3,bucket,48.053340911865234,163.21815490722656,0
