,name, x, y, z
0,arm,97.76535034179688,179.17210388183594,0
1,body,191.58409118652344,148.37799072265625,0
3,bucket,47.52139663696289,165.62608337402344,0
