,name, x, y, z
0,arm,97.66913604736328,180.36004638671875,0
1,body,191.58909606933594,148.2860565185547,0
3,bucket,47.23882293701172,166.72552490234375,0
