,name, x, y, z
0,arm,61.22380447387695,203.81375122070312,0
1,body,157.42953491210938,140.665283203125,0
3,bucket,85.23971557617188,159.5678253173828,0
