,name, x, y, z
0,arm,97.56827545166016,181.50082397460938,0
1,body,191.5701141357422,148.2030487060547,0
3,bucket,47.022850036621094,167.29721069335938,0
