,name, x, y, z
0,arm,97.39279174804688,183.0627899169922,0
1,body,191.47576904296875,148.10867309570312,0
3,bucket,46.805538177490234,167.2513427734375,0
