,name, x, y, z
0,arm,97.28984832763672,183.53466796875,0
1,body,191.4142303466797,148.09022521972656,0
3,bucket,46.74162673950195,167.1708984375,0
