,name, x, y, z
0,arm,96.34600830078125,185.5697479248047,0
1,body,190.89602661132812,148.0858612060547,0
3,bucket,46.47629928588867,166.5260772705078,0
