,name, x, y, z
0,arm,96.08324432373047,185.9208526611328,0
1,body,190.75473022460938,148.1002197265625,0
3,bucket,46.435752868652344,166.35879516601562,0
