,name, x, y, z
0,arm,95.79975891113281,186.25634765625,0
1,body,190.6023406982422,148.1188201904297,0
3,bucket,46.39996337890625,166.1821746826172,0
