,name, x, y, z
0,arm,93.75930786132812,188.0122833251953,0
1,body,189.4915008544922,148.301513671875,0
3,bucket,46.29861068725586,165.00831604003906,0
