,name, x, y, z
0,arm,93.37858581542969,188.2741241455078,0
1,body,189.27957153320312,148.34059143066406,0
3,bucket,46.302921295166016,164.8074493408203,0
