,name, x, y, z
0,arm,92.59774017333984,188.7831268310547,0
1,body,188.8386688232422,148.4231719970703,0
3,bucket,46.332054138183594,164.4146270751953,0
