,name, x, y, z
0,arm,91.40386962890625,189.52908325195312,0
1,body,188.14418029785156,148.55279541015625,0
3,bucket,46.43055725097656,163.87001037597656,0
