,name, x, y, z
0,arm,91.00680541992188,189.77825927734375,0
1,body,187.90646362304688,148.59613037109375,0
3,bucket,46.479068756103516,163.7063446044922,0
