,name, x, y, z
0,arm,90.22454071044922,190.28526306152344,0
1,body,187.42568969726562,148.6810302734375,0
3,bucket,46.60099792480469,163.4149169921875,0
