,name, x, y, z
0,arm,89.8427963256836,190.5457000732422,0
1,body,187.18389892578125,148.7218780517578,0
3,bucket,46.67498016357422,163.2901611328125,0
