,name, x, y, z
0,arm,89.46967315673828,190.8125,0
1,body,186.94210815429688,148.7611846923828,0
3,bucket,46.75798416137695,163.18138122558594,0
