,name, x, y, z
0,arm,89.10690307617188,191.08694458007812,0
1,body,186.700927734375,148.79859924316406,0
3,bucket,46.850215911865234,163.0901336669922,0
