,name, x, y, z
0,arm,61.19618225097656,203.86940002441406,0
1,body,157.39947509765625,140.48724365234375,0
3,bucket,85.49652862548828,159.52059936523438,0
