,name, x, y, z
0,arm,88.41946411132812,191.66419982910156,0
1,body,186.22305297851562,148.86639404296875,0
3,bucket,47.06348419189453,162.96620178222656,0
