,name, x, y, z
0,arm,88.09832763671875,191.96958923339844,0
1,body,185.987548828125,148.89608764648438,0
3,bucket,47.18492889404297,162.93316650390625,0
