,name, x, y, z
0,arm,87.23585510253906,192.9602508544922,0
1,body,185.29507446289062,148.9685821533203,0
3,bucket,47.605491638183594,162.9237518310547,0
