,name, x, y, z
0,arm,86.98031616210938,193.31373596191406,0
1,body,185.0683135986328,148.98745727539062,0
3,bucket,47.763099670410156,162.94869995117188,0
