,name, x, y, z
0,arm,86.51341247558594,194.05201721191406,0
1,body,184.61988830566406,149.01780700683594,0
3,bucket,48.10209655761719,163.03721618652344,0
