,name, x, y, z
0,arm,86.30081176757812,194.4357452392578,0
1,body,184.3978729248047,149.0294647216797,0
3,bucket,48.282657623291016,163.09971618652344,0
