,name, x, y, z
0,arm,61.188594818115234,203.88429260253906,0
1,body,157.39474487304688,140.42945861816406,0
3,bucket,85.58932495117188,159.5013885498047,0
