,name, x, y, z
0,arm,86.10124206542969,194.828369140625,0
1,body,184.17703247070312,149.03890991210938,0
3,bucket,48.470069885253906,163.17359924316406,0
