,name, x, y, z
0,arm,85.14299774169922,197.3387908935547,0
1,body,182.86843872070312,149.05369567871094,0
3,bucket,49.7159309387207,163.82449340820312,0
