,name, x, y, z
0,arm,84.78911590576172,198.66693115234375,0
1,body,182.21661376953125,149.0382843017578,0
3,bucket,50.39863204956055,164.2576141357422,0
