,name, x, y, z
0,arm,64.39424133300781,199.69996643066406,0
1,body,160.43368530273438,145.24575805664062,0
3,bucket,86.90239715576172,157.62977600097656,0
