,name, x, y, z
0,arm,84.68545532226562,199.11643981933594,0
1,body,181.99859619140625,149.0303955078125,0
3,bucket,50.63227081298828,164.41412353515625,0
