,name, x, y, z
0,arm,84.58788299560547,199.5684356689453,0
1,body,181.77987670898438,149.02125549316406,0
3,bucket,50.86832046508789,164.57568359375,0
