,name, x, y, z
0,arm,84.16896057128906,201.843505859375,0
1,body,180.67002868652344,148.96017456054688,0
3,bucket,52.06956100463867,165.4395294189453,0
