,name, x, y, z
0,arm,84.09445190429688,202.29734802246094,0
1,body,180.44361877441406,148.945556640625,0
3,bucket,52.311126708984375,165.619384765625,0
