,name, x, y, z
0,arm,61.176246643066406,203.9125518798828,0
1,body,157.39239501953125,140.31607055664062,0
3,bucket,85.7830810546875,159.45985412597656,0
