,name, x, y, z
0,arm,83.65796661376953,204.96055603027344,0
1,body,179.0392608642578,148.84854125976562,0
3,bucket,53.734130859375,166.69863891601562,0
