,name, x, y, z
0,arm,83.58092498779297,205.38873291015625,0
1,body,178.79600524902344,148.8317413330078,0
3,bucket,53.96294403076172,166.8729705810547,0
