,name, x, y, z
0,arm,83.50090789794922,205.81076049804688,0
1,body,178.54962158203125,148.81497192382812,0
3,bucket,54.18827438354492,167.04420471191406,0
