,name, x, y, z
0,arm,83.41729736328125,206.22608947753906,0
1,body,178.29998779296875,148.7983856201172,0
3,bucket,54.40969467163086,167.21163940429688,0
