,name, x, y, z
0,arm,83.13825988769531,207.42530822753906,0
1,body,177.52984619140625,148.7504425048828,0
3,bucket,55.04605484008789,167.6854705810547,0
