,name, x, y, z
0,arm,61.17169189453125,203.92723083496094,0
1,body,157.3944854736328,140.26034545898438,0
3,bucket,85.88314056396484,159.43821716308594,0
