,name, x, y, z
0,arm,82.80318450927734,208.54147338867188,0
1,body,176.72506713867188,148.70611572265625,0
3,bucket,55.63256072998047,168.1044158935547,0
