,name, x, y, z
0,arm,82.54440307617188,209.23239135742188,0
1,body,176.17434692382812,148.67095947265625,0
3,bucket,55.998653411865234,168.34963989257812,0
