,name, x, y, z
0,arm,82.40583801269531,209.5619354248047,0
1,body,175.8963623046875,148.65036010742188,0
3,bucket,56.17570114135742,168.46197509765625,0
