,name, x, y, z
0,arm,82.11190032958984,210.19082641601562,0
1,body,175.3372802734375,148.60223388671875,0
3,bucket,56.51962661743164,168.6656951904297,0
