,name, x, y, z
0,arm,81.46527862548828,211.3365020751953,0
1,body,174.21812438964844,148.47361755371094,0
3,bucket,57.17673873901367,168.98779296875,0
