,name, x, y, z
0,arm,80.9383773803711,212.10792541503906,0
1,body,173.3907470703125,148.34349060058594,0
3,bucket,57.65441131591797,169.15281677246094,0
