,name, x, y, z
0,arm,80.75629425048828,212.35009765625,0
1,body,173.11935424804688,148.29281616210938,0
3,bucket,57.81273651123047,169.1929473876953,0
