,name, x, y, z
0,arm,80.5715103149414,212.5853729248047,0
1,body,172.85081481933594,148.23818969726562,0
3,bucket,57.971214294433594,169.2255401611328,0
