,name, x, y, z
0,arm,80.38423919677734,212.81407165527344,0
1,body,172.5855255126953,148.17941284179688,0
3,bucket,58.130245208740234,169.25051879882812,0
