,name, x, y, z
0,arm,61.166114807128906,203.9608917236328,0
1,body,157.4044189453125,140.1507110595703,0
3,bucket,86.08753204345703,159.39491271972656,0
