,name, x, y, z
0,arm,79.22502136230469,214.06759643554688,0
1,body,171.08355712890625,147.73036193847656,0
3,bucket,59.11796188354492,169.2374267578125,0
