,name, x, y, z
0,arm,78.83158874511719,214.44862365722656,0
1,body,170.626220703125,147.53948974609375,0
3,bucket,59.469337463378906,169.16937255859375,0
