,name, x, y, z
0,arm,78.24226379394531,214.9954833984375,0
1,body,169.99114990234375,147.20932006835938,0
3,bucket,60.028385162353516,169.00546264648438,0
