,name, x, y, z
0,arm,77.468994140625,215.69375610351562,0
1,body,169.25558471679688,146.6786651611328,0
3,bucket,60.85107421875,168.66793823242188,0
