,name, x, y, z
0,arm,77.09237670898438,216.0363006591797,0
1,body,168.9423370361328,146.3706512451172,0
3,bucket,61.30347442626953,168.4464569091797,0
