,name, x, y, z
0,arm,76.7252197265625,216.3784637451172,0
1,body,168.66969299316406,146.0316925048828,0
3,bucket,61.78807830810547,168.18844604492188,0
