,name, x, y, z
0,arm,76.36953735351562,216.72340393066406,0
1,body,168.4408416748047,145.6598358154297,0
3,bucket,62.30876159667969,167.89306640625,0
