,name, x, y, z
0,arm,76.1966552734375,216.89791870117188,0
1,body,168.34384155273438,145.4672393798828,0
3,bucket,62.582542419433594,167.73117065429688,0
