,name, x, y, z
0,arm,61.16581726074219,204.0047607421875,0
1,body,157.4210968017578,140.04322814941406,0
3,bucket,86.294677734375,159.35389709472656,0
