,name, x, y, z
0,arm,76.0259017944336,217.07559204101562,0
1,body,168.2598876953125,145.27952575683594,0
3,bucket,62.86670684814453,167.56048583984375,0
