,name, x, y, z
0,arm,75.85646057128906,217.25694274902344,0
1,body,168.18939208984375,145.09768676757812,0
3,bucket,63.165714263916016,167.3815460205078,0
