,name, x, y, z
0,arm,75.52456665039062,217.62469482421875,0
1,body,168.0852508544922,144.75357055664062,0
3,bucket,63.825775146484375,167.0016632080078,0
