,name, x, y, z
0,arm,74.9126968383789,218.33834838867188,0
1,body,167.99740600585938,144.15664672851562,0
3,bucket,65.5184326171875,166.1732940673828,0
