,name, x, y, z
0,arm,74.77578735351562,218.50294494628906,0
1,body,167.9949951171875,144.02951049804688,0
3,bucket,66.04508209228516,165.95631408691406,0
