,name, x, y, z
0,arm,74.16343688964844,219.24603271484375,0
1,body,168.0698699951172,143.49661254882812,0
3,bucket,70.4063949584961,164.63600158691406,0
