,name, x, y, z
0,arm,74.1056137084961,219.3129425048828,0
1,body,168.08782958984375,143.4517059326172,0
3,bucket,71.37147521972656,164.421630859375,0
