,name, x, y, z
0,arm,74.06309509277344,219.35891723632812,0
1,body,168.10464477539062,143.4209747314453,0
3,bucket,72.41454315185547,164.21151733398438,0
