,name, x, y, z
0,arm,74.03684997558594,219.38229370117188,0
1,body,168.1192169189453,143.4049072265625,0
3,bucket,73.53900146484375,164.00668334960938,0
