,name, x, y, z
0,arm,74.0279312133789,219.38137817382812,0
1,body,168.11026000976562,143.365478515625,0
3,bucket,74.6281967163086,163.78179931640625,0
