,name, x, y, z
0,arm,74.171630859375,219.23886108398438,0
1,body,167.99143981933594,143.11544799804688,0
3,bucket,76.38611602783203,163.19308471679688,0
