,name, x, y, z
0,arm,74.33906555175781,219.07957458496094,0
1,body,167.89224243164062,142.9103546142578,0
3,bucket,77.08216857910156,162.82882690429688,0
