,name, x, y, z
0,arm,74.82430267333984,218.57936096191406,0
1,body,167.62423706054688,142.34762573242188,0
3,bucket,78.1766357421875,161.95968627929688,0
