,name, x, y, z
0,arm,75.1258544921875,218.23629760742188,0
1,body,167.4594268798828,141.99285888671875,0
3,bucket,78.60237884521484,161.454345703125,0
