,name, x, y, z
0,arm,75.45575714111328,217.8297882080078,0
1,body,167.2767791748047,141.59112548828125,0
3,bucket,78.96532440185547,160.90158081054688,0
