,name, x, y, z
0,arm,75.80597686767578,217.35873413085938,0
1,body,167.0782928466797,141.14389038085938,0
3,bucket,79.2791748046875,160.30113220214844,0
