,name, x, y, z
0,arm,76.16826629638672,216.82208251953125,0
1,body,166.8659210205078,140.65267944335938,0
3,bucket,79.5574951171875,159.65289306640625,0
