,name, x, y, z
0,arm,76.5345230102539,216.21868896484375,0
1,body,166.6417236328125,140.1189727783203,0
3,bucket,79.81400299072266,158.95663452148438,0
