,name, x, y, z
0,arm,76.89659118652344,215.54750061035156,0
1,body,166.40765380859375,139.54417419433594,0
3,bucket,80.06233215332031,158.21209716796875,0
