,name, x, y, z
0,arm,61.17662811279297,204.10128784179688,0
1,body,157.45620727539062,139.88534545898438,0
3,bucket,86.60285949707031,159.30279541015625,0
