,name, x, y, z
0,arm,78.35901641845703,211.13601684570312,0
1,body,165.15972900390625,136.10621643066406,0
3,bucket,81.65931701660156,153.75909423828125,0
