,name, x, y, z
0,arm,78.5248794555664,210.03500366210938,0
1,body,164.9086151123047,135.31613159179688,0
3,bucket,82.14535522460938,152.72100830078125,0
