,name, x, y, z
0,arm,61.18352127075195,204.14425659179688,0
1,body,157.47000122070312,139.83346557617188,0
3,bucket,86.70313262939453,159.28994750976562,0
