,name, x, y, z
0,arm,78.72484588623047,204.0376434326172,0
1,body,163.815185546875,131.64425659179688,0
3,bucket,85.6131362915039,147.79281616210938,0
