,name, x, y, z
0,arm,79.04068756103516,202.31744384765625,0
1,body,163.54310607910156,130.8804931640625,0
3,bucket,87.25980377197266,146.7515411376953,0
