,name, x, y, z
0,arm,79.38543701171875,201.82301330566406,0
1,body,163.46194458007812,130.77342224121094,0
3,bucket,88.08847045898438,146.60499572753906,0
