,name, x, y, z
0,arm,80.49317932128906,201.64593505859375,0
1,body,163.34556579589844,130.77325439453125,0
3,bucket,89.63737487792969,146.6048583984375,0
