,name, x, y, z
0,arm,81.57060241699219,201.64588928222656,0
1,body,163.23779296875,130.77296447753906,0
3,bucket,90.9958724975586,146.60484313964844,0
