,name, x, y, z
0,arm,83.68807983398438,201.65069580078125,0
1,body,163.00242614746094,130.7740936279297,0
3,bucket,93.64122009277344,146.6090850830078,0
