,name, x, y, z
0,arm,84.329345703125,201.65670776367188,0
1,body,162.92041015625,130.77618408203125,0
3,bucket,94.43174743652344,146.614013671875,0
