,name, x, y, z
0,arm,84.610595703125,201.6609649658203,0
1,body,162.8817138671875,130.77777099609375,0
3,bucket,94.7759017944336,146.61746215820312,0
