,name, x, y, z
0,arm,84.86712646484375,201.6662139892578,0
1,body,162.84446716308594,130.77980041503906,0
3,bucket,95.08805847167969,146.6216583251953,0
