,name, x, y, z
0,arm,85.31086730957031,201.68003845214844,0
1,body,162.7740478515625,130.7852020263672,0
3,bucket,95.6226577758789,146.63259887695312,0
