,name, x, y, z
0,arm,85.50039672851562,201.68878173828125,0
1,body,162.74072265625,130.78872680664062,0
3,bucket,95.84820556640625,146.63951110839844,0
