,name, x, y, z
0,arm,61.20273971557617,204.25048828125,0
1,body,157.49996948242188,139.73062133789062,0
3,bucket,86.89736938476562,159.27255249023438,0
