,name, x, y, z
0,arm,85.66993713378906,201.69894409179688,0
1,body,162.70855712890625,130.79281616210938,0
3,bucket,96.04801940917969,146.6474151611328,0
