,name, x, y, z
0,arm,85.95381164550781,201.7237548828125,0
1,body,162.6474609375,130.802978515625,0
3,bucket,96.37661743164062,146.66671752929688,0
