,name, x, y, z
0,arm,86.0704574584961,201.73861694335938,0
1,body,162.61839294433594,130.8091278076172,0
3,bucket,96.50855255126953,146.67819213867188,0
