,name, x, y, z
0,arm,86.17182159423828,201.7552490234375,0
1,body,162.59019470214844,130.81602478027344,0
3,bucket,96.62097930908203,146.69100952148438,0
