,name, x, y, z
0,arm,86.33345794677734,201.7942352294922,0
1,body,162.53614807128906,130.83229064941406,0
3,bucket,96.79352569580078,146.7209014892578,0
