,name, x, y, z
0,arm,86.39605712890625,201.81680297851562,0
1,body,162.51019287109375,130.841796875,0
3,bucket,96.8567886352539,146.73817443847656,0
