,name, x, y, z
0,arm,86.44805908203125,201.84149169921875,0
1,body,162.4848175048828,130.85220336914062,0
3,bucket,96.90680694580078,146.75701904296875,0
