,name, x, y, z
0,arm,61.2151985168457,204.31504821777344,0
1,body,157.51577758789062,139.67959594726562,0
3,bucket,86.9904556274414,159.2687530517578,0
