,name, x, y, z
0,arm,86.52507781982422,201.89784240722656,0
1,body,162.4355926513672,130.87606811523438,0
3,bucket,96.97325134277344,146.79989624023438,0
