,name, x, y, z
0,arm,86.59068298339844,202.0011444091797,0
1,body,162.36451721191406,130.92001342773438,0
3,bucket,97.012451171875,146.87814331054688,0
