,name, x, y, z
0,arm,86.60395050048828,202.04095458984375,0
1,body,162.3412628173828,130.93702697753906,0
3,bucket,97.0156478881836,146.90823364257812,0
