,name, x, y, z
0,arm,86.61487579345703,202.08367919921875,0
1,body,162.318115234375,130.95530700683594,0
3,bucket,97.01648712158203,146.94049072265625,0
