,name, x, y, z
0,arm,86.64533233642578,202.22996520996094,0
1,body,162.2486114501953,131.01808166503906,0
3,bucket,97.02059173583984,147.05062866210938,0
