,name, x, y, z
0,arm,86.65865325927734,202.2850799560547,0
1,body,162.22518920898438,131.04180908203125,0
3,bucket,97.02766418457031,147.09207153320312,0
