,name, x, y, z
0,arm,86.67549896240234,202.34361267089844,0
1,body,162.20150756835938,131.0670166015625,0
3,bucket,97.04022979736328,147.13601684570312,0
