,name, x, y, z
0,arm,86.72453308105469,202.4711151123047,0
1,body,162.15313720703125,131.12200927734375,0
3,bucket,97.08793640136719,147.2316131591797,0
