,name, x, y, z
0,arm,86.80181121826172,202.61328125,0
1,body,162.10292053222656,131.18344116210938,0
3,bucket,97.17622375488281,147.3380584716797,0
