,name, x, y, z
0,arm,86.85399627685547,202.6901092529297,0
1,body,162.07696533203125,131.21669006347656,0
3,bucket,97.239501953125,147.39553833007812,0
