,name, x, y, z
0,arm,86.9913330078125,202.85574340820312,0
1,body,162.02293395996094,131.28842163085938,0
3,bucket,97.41207122802734,147.519287109375,0
