,name, x, y, z
0,arm,87.07884216308594,202.9447479248047,0
1,body,161.9947509765625,131.3270263671875,0
3,bucket,97.52447509765625,147.58572387695312,0
