,name, x, y, z
0,arm,87.18046569824219,203.03799438476562,0
1,body,161.96566772460938,131.36749267578125,0
3,bucket,97.65641021728516,147.6553192138672,0
