,name, x, y, z
0,arm,87.58181762695312,203.3443145751953,0
1,body,161.8723907470703,131.5005645751953,0
3,bucket,98.18482208251953,147.88360595703125,0
