,name, x, y, z
0,arm,87.75170135498047,203.45556640625,0
1,body,161.83908081054688,131.54896545410156,0
3,bucket,98.41038513183594,147.96646118164062,0
