,name, x, y, z
0,arm,88.15266418457031,203.6925048828125,0
1,body,161.76866149902344,131.65206909179688,0
3,bucket,98.94497680664062,148.14273071289062,0
