,name, x, y, z
0,arm,88.3860855102539,203.81832885742188,0
1,body,161.73141479492188,131.7069091796875,0
3,bucket,99.25714111328125,148.23631286621094,0
