,name, x, y, z
0,arm,88.92469787597656,204.08529663085938,0
1,body,161.65249633789062,131.82325744628906,0
3,bucket,99.97898864746094,148.43467712402344,0
