,name, x, y, z
0,arm,89.56681060791016,204.37322998046875,0
1,body,161.5672149658203,131.9488525390625,0
3,bucket,100.84126281738281,148.6484832763672,0
