,name, x, y, z
0,arm,90.32191467285156,204.68299865722656,0
1,body,161.47500610351562,132.08407592773438,0
3,bucket,101.85650634765625,148.87832641601562,0
