,name, x, y, z
0,arm,90.7447738647461,204.84629821777344,0
1,body,161.42611694335938,132.15541076660156,0
3,bucket,102.42536163330078,148.9994354248047,0
