,name, x, y, z
0,arm,91.19938659667969,205.01531982421875,0
1,body,161.37530517578125,132.22926330566406,0
3,bucket,103.0371322631836,149.12477111816406,0
