,name, x, y, z
0,arm,93.35899353027344,205.7509765625,0
1,body,161.1511688232422,132.55091857910156,0
3,bucket,105.9445571899414,149.6697540283203,0
