,name, x, y, z
0,arm,61.286041259765625,204.66525268554688,0
1,body,157.5813446044922,139.4770050048828,0
3,bucket,87.32548522949219,159.29434204101562,0
