,name, x, y, z
0,arm,95.00525665283203,206.71951293945312,0
1,body,158.65870666503906,132.9676513671875,0
3,bucket,108.78562927246094,151.00697326660156,0
