,name, x, y, z
0,arm,94.99323272705078,207.0348358154297,0
1,body,157.5422821044922,133.10726928710938,0
3,bucket,108.8890380859375,151.35830688476562,0
