,name, x, y, z
0,arm,94.59114837646484,207.72445678710938,0
1,body,155.0703582763672,133.45004272460938,0
3,bucket,107.58724975585938,151.71307373046875,0
