,name, x, y, z
0,arm,93.85000610351562,208.45826721191406,0
1,body,153.01268005371094,133.88201904296875,0
3,bucket,105.09404754638672,151.4276885986328,0
