,name, x, y, z
0,arm,93.42194366455078,208.81863403320312,0
1,body,152.30899047851562,134.1157684326172,0
3,bucket,103.94734954833984,151.13731384277344,0
