,name, x, y, z
0,arm,92.99854278564453,209.1544647216797,0
1,body,151.79586791992188,134.3499298095703,0
3,bucket,102.93123626708984,150.8191680908203,0
