,name, x, y, z
0,arm,92.29631805419922,209.6903839111328,0
1,body,151.2627716064453,134.78509521484375,0
3,bucket,101.48253631591797,150.3116912841797,0
