,name, x, y, z
0,arm,92.0827407836914,209.8593292236328,0
1,body,151.20350646972656,134.96890258789062,0
3,bucket,101.1458969116211,150.22837829589844,0
