,name, x, y, z
0,arm,91.59648895263672,210.03025817871094,0
1,body,150.0999298095703,135.63037109375,0
3,bucket,99.50312042236328,150.98658752441406,0
