,name, x, y, z
0,arm,61.33510971069336,204.90492248535156,0
1,body,157.61341857910156,139.37615966796875,0
3,bucket,87.46435546875,159.33656311035156,0
