,name, x, y, z
0,arm,91.28297424316406,210.036376953125,0
1,body,149.44281005859375,135.73187255859375,0
3,bucket,98.76387786865234,151.47711181640625,0
