,name, x, y, z
0,arm,91.11307525634766,210.03689575195312,0
1,body,149.10244750976562,135.7678680419922,0
3,bucket,98.36872863769531,151.74603271484375,0
