,name, x, y, z
0,arm,90.94080352783203,210.0369415283203,0
1,body,148.76683044433594,135.79624938964844,0
3,bucket,97.95964813232422,152.0245361328125,0
