,name, x, y, z
0,arm,90.60819244384766,210.03933715820312,0
1,body,148.14743041992188,135.8368377685547,0
3,bucket,97.10894012451172,152.59169006347656,0
