,name, x, y, z
0,arm,90.32331848144531,210.0510711669922,0
1,body,147.6601104736328,135.86709594726562,0
3,bucket,96.23027801513672,153.14137268066406,0
