,name, x, y, z
0,arm,90.21072387695312,210.062744140625,0
1,body,147.48953247070312,135.88255310058594,0
3,bucket,95.78624725341797,153.3980255126953,0
