,name, x, y, z
0,arm,90.06908416748047,210.1024169921875,0
1,body,147.3417510986328,135.92242431640625,0
3,bucket,94.90036010742188,153.85174560546875,0
