,name, x, y, z
0,arm,61.363346099853516,205.04327392578125,0
1,body,157.62879943847656,139.32574462890625,0
3,bucket,87.52506256103516,159.3662567138672,0
