,name, x, y, z
0,arm,90.0495834350586,210.1322479248047,0
1,body,147.39654541015625,135.94967651367188,0
3,bucket,94.47846221923828,154.04090881347656,0
