,name, x, y, z
0,arm,90.08562469482422,210.18055725097656,0
1,body,147.5509033203125,135.98171997070312,0
3,bucket,94.08914184570312,154.20668029785156,0
