,name, x, y, z
0,arm,90.81086730957031,210.62179565429688,0
1,body,148.8646240234375,136.1412353515625,0
3,bucket,92.75657653808594,154.72462463378906,0
