,name, x, y, z
0,arm,91.40513610839844,210.9531707763672,0
1,body,149.72940063476562,136.22854614257812,0
3,bucket,92.15383911132812,154.95870971679688,0
