,name, x, y, z
0,arm,92.06465148925781,211.3294677734375,0
1,body,150.572998046875,136.312255859375,0
3,bucket,91.53929138183594,155.2235870361328,0
