,name, x, y, z
0,arm,93.02983856201172,211.93067932128906,0
1,body,151.5753936767578,136.41709899902344,0
3,bucket,90.50749206542969,155.75537109375,0
