,name, x, y, z
0,arm,93.310791015625,212.1304473876953,0
1,body,151.8823699951172,136.44448852539062,0
3,bucket,90.12136840820312,155.97996520996094,0
