,name, x, y, z
0,arm,93.56218719482422,212.32809448242188,0
1,body,152.1954803466797,136.4683380126953,0
3,bucket,89.71574401855469,156.2271270751953,0
