,name, x, y, z
0,arm,93.9793472290039,212.71734619140625,0
1,body,152.83639526367188,136.5066680908203,0
3,bucket,88.85374450683594,156.78321838378906,0
