,name, x, y, z
0,arm,94.14663696289062,212.90924072265625,0
1,body,153.16232299804688,136.521728515625,0
3,bucket,88.40113830566406,157.08926391601562,0
