,name, x, y, z
0,arm,94.28744506835938,213.09957885742188,0
1,body,153.4906463623047,136.53448486328125,0
3,bucket,87.93673706054688,157.41200256347656,0
