,name, x, y, z
0,arm,61.42757797241211,205.3603515625,0
1,body,157.65736389160156,139.224609375,0
3,bucket,87.62682342529297,159.44468688964844,0
