,name, x, y, z
0,arm,94.5587387084961,213.6623992919922,0
1,body,154.4803924560547,136.5618438720703,0
3,bucket,86.49146270751953,158.46591186523438,0
