,name, x, y, z
0,arm,94.60134887695312,213.84780883789062,0
1,body,154.80880737304688,136.5683135986328,0
3,bucket,85.99874114990234,158.84088134765625,0
