,name, x, y, z
0,arm,94.59659576416016,214.39935302734375,0
1,body,155.77627563476562,136.58413696289062,0
3,bucket,84.514404296875,160.0165252685547,0
