,name, x, y, z
0,arm,94.55337524414062,214.58216857910156,0
1,body,156.08970642089844,136.58921813964844,0
3,bucket,84.02391815185547,160.42044067382812,0
