,name, x, y, z
0,arm,94.49063110351562,214.7646942138672,0
1,body,156.3970184326172,136.5946807861328,0
3,bucket,83.53874969482422,160.8279266357422,0
