,name, x, y, z
0,arm,94.30965423583984,215.1295166015625,0
1,body,156.98960876464844,136.6079864501953,0
3,bucket,82.59207916259766,161.64779663085938,0
