,name, x, y, z
0,arm,61.463783264160156,205.54043579101562,0
1,body,157.6702880859375,139.17385864257812,0
3,bucket,87.66691589355469,159.49412536621094,0
