,name, x, y, z
0,arm,93.91111755371094,215.67837524414062,0
1,body,157.8091583251953,136.6384735107422,0
3,bucket,81.25969696044922,162.8679962158203,0
