,name, x, y, z
0,arm,93.74747467041016,215.8623504638672,0
1,body,158.06005859375,136.65264892578125,0
3,bucket,80.84654235839844,163.2663116455078,0
