,name, x, y, z
0,arm,92.73297119140625,216.7965087890625,0
1,body,159.10536193847656,136.7672882080078,0
3,bucket,79.09934997558594,165.12925720214844,0
