,name, x, y, z
0,arm,92.25001525878906,217.17959594726562,0
1,body,159.408203125,136.8391571044922,0
3,bucket,78.5846939086914,165.7871551513672,0
