,name, x, y, z
0,arm,91.99510955810547,217.3737335205078,0
1,body,159.53115844726562,136.88189697265625,0
3,bucket,78.37445068359375,166.091552734375,0
