,name, x, y, z
0,arm,91.73226165771484,217.56980895996094,0
1,body,159.63385009765625,136.92955017089844,0
3,bucket,78.19815063476562,166.37765502929688,0
