,name, x, y, z
0,arm,91.46226501464844,217.76797485351562,0
1,body,159.71536254882812,136.98243713378906,0
3,bucket,78.05772399902344,166.64401245117188,0
