,name, x, y, z
0,arm,61.54461669921875,205.94715881347656,0
1,body,157.69271850585938,139.07179260253906,0
3,bucket,87.7233657836914,159.61517333984375,0
