,name, x, y, z
0,arm,89.01567840576172,219.5137481689453,0
1,body,161.28982543945312,138.6914520263672,0
3,bucket,78.09870910644531,167.9828643798828,0
