,name, x, y, z
0,arm,88.03775024414062,219.7285919189453,0
1,body,161.7707977294922,138.93948364257812,0
3,bucket,78.52307891845703,167.9300994873047,0
