,name, x, y, z
0,arm,61.58944320678711,206.17514038085938,0
1,body,157.70187377929688,139.02040100097656,0
3,bucket,87.7387924194336,159.68751525878906,0
