,name, x, y, z
0,arm,85.6263427734375,218.97154235839844,0
1,body,162.1592254638672,138.93934631347656,0
3,bucket,79.92147827148438,165.31015014648438,0
