,name, x, y, z
0,arm,85.06653594970703,218.6616973876953,0
1,body,162.23529052734375,138.9392547607422,0
3,bucket,80.28041076660156,164.52044677734375,0
