,name, x, y, z
0,arm,83.91023254394531,217.91453552246094,0
1,body,162.3956756591797,138.93894958496094,0
3,bucket,81.04914855957031,162.86204528808594,0
