,name, x, y, z
0,arm,83.32393646240234,217.4849853515625,0
1,body,162.48251342773438,138.93875122070312,0
3,bucket,81.4519271850586,162.04005432128906,0
