,name, x, y, z
0,arm,82.16048431396484,216.53335571289062,0
1,body,162.58534240722656,138.94049072265625,0
3,bucket,82.27613830566406,160.5233917236328,0
