,name, x, y, z
0,arm,81.06267547607422,215.5039825439453,0
1,body,162.2327423095703,138.9731903076172,0
3,bucket,83.09059143066406,159.24154663085938,0
