,name, x, y, z
0,arm,80.58013916015625,214.9997100830078,0
1,body,161.9680938720703,139.0140380859375,0
3,bucket,83.47848510742188,158.69114685058594,0
