,name, x, y, z
0,arm,61.63732147216797,206.4204559326172,0
1,body,157.70948791503906,138.96871948242188,0
3,bucket,87.74510955810547,159.76828002929688,0
