,name, x, y, z
0,arm,79.84600067138672,214.10606384277344,0
1,body,161.506591796875,139.17002868652344,0
3,bucket,84.18384552001953,157.77330017089844,0
