,name, x, y, z
0,arm,79.61627960205078,213.3349609375,0
1,body,161.76980590820312,139.66073608398438,0
3,bucket,84.98282623291016,156.8589630126953,0
