,name, x, y, z
0,arm,79.9428482055664,213.19898986816406,0
1,body,162.99708557128906,140.0955352783203,0
3,bucket,85.38280487060547,156.53729248046875,0
