,name, x, y, z
0,arm,80.1296157836914,213.16529846191406,0
1,body,163.6771697998047,140.27883911132812,0
3,bucket,85.56320190429688,156.44728088378906,0
