,name, x, y, z
0,arm,80.33080291748047,213.14736938476562,0
1,body,164.24229431152344,140.40646362304688,0
3,bucket,85.73721313476562,156.39694213867188,0
