,name, x, y, z
0,arm,80.54558563232422,213.13998413085938,0
1,body,164.572998046875,140.45355224609375,0
3,bucket,85.90987396240234,156.38047790527344,0
