,name, x, y, z
0,arm,81.26275634765625,213.2791748046875,0
1,body,164.88706970214844,140.3623504638672,0
3,bucket,84.95355987548828,156.7686004638672,0
