,name, x, y, z
0,arm,82.36075592041016,213.974853515625,0
1,body,165.11483764648438,140.14923095703125,0
3,bucket,80.95448303222656,158.00357055664062,0
