,name, x, y, z
0,arm,82.95745086669922,214.22772216796875,0
1,body,165.396484375,140.10231018066406,0
3,bucket,78.81914520263672,158.6514129638672,0
