,name, x, y, z
0,arm,61.76252365112305,206.96713256835938,0
1,body,157.72036743164062,138.94583129882812,0
3,bucket,87.69550323486328,159.9604949951172,0
