,name, x, y, z
0,arm,84.2115478515625,213.86764526367188,0
1,body,166.88070678710938,140.15338134765625,0
3,bucket,75.79341125488281,159.6065673828125,0
