,name, x, y, z
0,arm,85.15200805664062,212.951416015625,0
1,body,168.5309600830078,140.30397033691406,0
3,bucket,74.29682159423828,160.12686157226562,0
