,name, x, y, z
0,arm,85.45490264892578,212.59771728515625,0
1,body,169.10079956054688,140.3824920654297,0
3,bucket,73.86280059814453,160.2881622314453,0
