,name, x, y, z
0,arm,61.87645721435547,207.2683868408203,0
1,body,157.7245635986328,138.98617553710938,0
3,bucket,87.636962890625,160.0688934326172,0
