,name, x, y, z
0,arm,87.02265930175781,210.9750213623047,0
1,body,171.64356994628906,141.241455078125,0
3,bucket,70.85883331298828,161.45919799804688,0
