,name, x, y, z
0,arm,86.8314437866211,211.05136108398438,0
1,body,171.57943725585938,141.9654998779297,0
3,bucket,67.85408020019531,162.36207580566406,0
