,name, x, y, z
0,arm,86.65373229980469,211.0994873046875,0
1,body,171.44422912597656,142.00460815429688,0
3,bucket,67.13147735595703,162.41307067871094,0
