,name, x, y, z
0,arm,86.6907730102539,211.1131134033203,0
1,body,171.32298278808594,141.99285888671875,0
3,bucket,66.47840881347656,162.3169403076172,0
