,name, x, y, z
0,arm,86.88893127441406,210.96218872070312,0
1,body,171.22413635253906,141.98037719726562,0
3,bucket,65.89313507080078,162.0730743408203,0
