,name, x, y, z
0,arm,87.09888458251953,210.55841064453125,0
1,body,171.15121459960938,141.96823120117188,0
3,bucket,65.36717224121094,161.71517944335938,0
