,name, x, y, z
0,arm,87.31993103027344,209.94248962402344,0
1,body,171.107666015625,141.95758056640625,0
3,bucket,64.89187622070312,161.2771453857422,0
