,name, x, y, z
0,arm,88.04346466064453,207.2272186279297,0
1,body,171.19244384765625,141.9398651123047,0
3,bucket,63.688941955566406,159.8138885498047,0
