,name, x, y, z
0,arm,88.30562591552734,206.16502380371094,0
1,body,171.31077575683594,141.93785095214844,0
3,bucket,63.34041976928711,159.38446044921875,0
