,name, x, y, z
0,arm,88.58140563964844,205.09010314941406,0
1,body,171.48480224609375,141.93801879882812,0
3,bucket,63.008689880371094,159.03890991210938,0
