,name, x, y, z
0,arm,89.51280975341797,202.18661499023438,0
1,body,172.39102172851562,141.957763671875,0
3,bucket,62.060646057128906,158.74501037597656,0
