,name, x, y, z
0,arm,62.20249557495117,207.90147399902344,0
1,body,157.73316955566406,139.14080810546875,0
3,bucket,87.47200775146484,160.29592895507812,0
