,name, x, y, z
0,arm,90.19656372070312,200.84056091308594,0
1,body,173.271728515625,142.01255798339844,0
3,bucket,61.477210998535156,158.8251495361328,0
