,name, x, y, z
0,arm,90.54564666748047,200.3441162109375,0
1,body,173.78887939453125,142.05447387695312,0
3,bucket,61.22700500488281,158.89573669433594,0
