,name, x, y, z
0,arm,91.27814483642578,199.61814880371094,0
1,body,174.9815673828125,142.1650848388672,0
3,bucket,60.86175537109375,159.1093292236328,0
