,name, x, y, z
0,arm,91.66947937011719,199.3541717529297,0
1,body,175.6590576171875,142.23284912109375,0
3,bucket,60.76750183105469,159.2568817138672,0
