,name, x, y, z
0,arm,92.08283233642578,199.13327026367188,0
1,body,176.39190673828125,142.3083038330078,0
3,bucket,60.74606704711914,159.4346466064453,0
