,name, x, y, z
0,arm,92.52217864990234,198.9381866455078,0
1,body,177.1811065673828,142.3910369873047,0
3,bucket,60.8078498840332,159.64488220214844,0
