,name, x, y, z
0,arm,92.99149322509766,198.75167846679688,0
1,body,178.02760314941406,142.4805450439453,0
3,bucket,60.96322250366211,159.88990783691406,0
