,name, x, y, z
0,arm,62.40408706665039,208.2218475341797,0
1,body,157.7386016845703,139.2432098388672,0
3,bucket,87.37335968017578,160.40878295898438,0
