,name, x, y, z
0,arm,94.0358657836914,198.33566284179688,0
1,body,179.8883056640625,142.67877197265625,0
3,bucket,61.590572357177734,160.4932403564453,0
