,name, x, y, z
0,arm,95.22062683105469,197.78594970703125,0
1,body,181.8702392578125,142.90090942382812,0
3,bucket,62.5670051574707,161.24594116210938,0
