,name, x, y, z
0,arm,95.83489227294922,197.47201538085938,0
1,body,182.85614013671875,143.0178985595703,0
3,bucket,63.124244689941406,161.67083740234375,0
