,name, x, y, z
0,arm,97.02539825439453,196.81211853027344,0
1,body,184.71774291992188,143.2571258544922,0
3,bucket,64.2484130859375,162.6016845703125,0
