,name, x, y, z
0,arm,97.56886291503906,196.48448181152344,0
1,body,185.55331420898438,143.37660217285156,0
3,bucket,64.76396942138672,163.10107421875,0
