,name, x, y, z
0,arm,98.05603790283203,196.17071533203125,0
1,body,186.29873657226562,143.49420166015625,0
3,bucket,65.21437072753906,163.6188507080078,0
