,name, x, y, z
0,arm,62.6243896484375,208.53707885742188,0
1,body,157.74551391601562,139.35446166992188,0
3,bucket,87.26922607421875,160.51736450195312,0
