,name, x, y, z
0,arm,99.01593017578125,195.4043731689453,0
1,body,187.79345703125,143.82217407226562,0
3,bucket,65.9175796508789,165.2499237060547,0
