,name, x, y, z
0,arm,99.11414337158203,195.23789978027344,0
1,body,187.97775268554688,143.91873168945312,0
3,bucket,65.85044860839844,165.80880737304688,0
