,name, x, y, z
0,arm,98.87969970703125,195.0937042236328,0
1,body,187.8682403564453,144.08494567871094,0
3,bucket,65.22369384765625,166.93017578125,0
