,name, x, y, z
0,arm,98.62603759765625,195.12747192382812,0
1,body,187.77349853515625,144.15419006347656,0
3,bucket,64.85673522949219,167.48878479003906,0
