,name, x, y, z
0,arm,98.41624450683594,195.22586059570312,0
1,body,187.6870880126953,144.21530151367188,0
3,bucket,64.48766326904297,168.04490661621094,0
