,name, x, y, z
0,arm,98.24556732177734,195.38436889648438,0
1,body,187.60861206054688,144.26922607421875,0
3,bucket,64.11527252197266,168.59783935546875,0
