,name, x, y, z
0,arm,98.00267791748047,195.86399841308594,0
1,body,187.47390747070312,144.3592071533203,0
3,bucket,63.3557014465332,169.69126892089844,0
