,name, x, y, z
0,arm,97.92095947265625,196.17617797851562,0
1,body,187.41688537597656,144.3970947265625,0
3,bucket,62.96614074707031,170.23033142089844,0
