,name, x, y, z
0,arm,97.85939025878906,196.5306854248047,0
1,body,187.36624145507812,144.43154907226562,0
3,bucket,62.56840515136719,170.7633819580078,0
