,name, x, y, z
0,arm,97.813232421875,196.9230194091797,0
1,body,187.3215789794922,144.46343994140625,0
3,bucket,62.161338806152344,171.28964233398438,0
