,name, x, y, z
0,arm,97.77772521972656,197.3487548828125,0
1,body,187.28250122070312,144.49371337890625,0
3,bucket,61.74372100830078,171.8084716796875,0
