,name, x, y, z
0,arm,97.7481460571289,197.80340576171875,0
1,body,187.24864196777344,144.5233154296875,0
3,bucket,61.31437301635742,172.319091796875,0
