,name, x, y, z
0,arm,97.71975708007812,198.2825164794922,0
1,body,187.21958923339844,144.55316162109375,0
3,bucket,60.87202835083008,172.8208465576172,0
