,name, x, y, z
0,arm,97.59419250488281,199.8221435546875,0
1,body,187.15737915039062,144.65345764160156,0
3,bucket,59.45519256591797,174.265625,0
