,name, x, y, z
0,arm,97.52303314208984,200.3545684814453,0
1,body,187.14366149902344,144.69361877441406,0
3,bucket,58.94895935058594,174.72470092773438,0
