,name, x, y, z
0,arm,63.0999870300293,209.12911987304688,0
1,body,157.76585388183594,139.57965087890625,0
3,bucket,87.06007385253906,160.71005249023438,0
