,name, x, y, z
0,arm,97.30839538574219,201.4215087890625,0
1,body,187.1244354248047,144.78952026367188,0
3,bucket,57.8782958984375,175.60479736328125,0
