,name, x, y, z
0,arm,97.15538024902344,201.9470977783203,0
1,body,187.11813354492188,144.84715270996094,0
3,bucket,57.311485290527344,176.02439880371094,0
