,name, x, y, z
0,arm,96.9655990600586,202.46148681640625,0
1,body,187.113525390625,144.91249084472656,0
3,bucket,56.722049713134766,176.42942810058594,0
