,name, x, y, z
0,arm,96.73428344726562,202.96022033691406,0
1,body,187.11013793945312,144.9858856201172,0
3,bucket,56.110145568847656,176.8187713623047,0
