,name, x, y, z
0,arm,96.45853424072266,203.4390106201172,0
1,body,187.1072235107422,145.06549072265625,0
3,bucket,55.481231689453125,177.18984985351562,0
