,name, x, y, z
0,arm,95.79319763183594,204.3224639892578,0
1,body,187.0995330810547,145.2337646484375,0
3,bucket,54.19984817504883,177.86532592773438,0
