,name, x, y, z
0,arm,95.41610717773438,204.72024536132812,0
1,body,187.09307861328125,145.31764221191406,0
3,bucket,53.561004638671875,178.16378784179688,0
