,name, x, y, z
0,arm,95.01773834228516,205.08412170410156,0
1,body,187.08383178710938,145.3981170654297,0
3,bucket,52.932498931884766,178.43209838867188,0
