,name, x, y, z
0,arm,93.33617401123047,206.13182067871094,0
1,body,187.0020751953125,145.63809204101562,0
3,bucket,50.65861511230469,179.14434814453125,0
