,name, x, y, z
0,arm,91.81163787841797,206.30172729492188,0
1,body,186.68612670898438,145.4871063232422,0
3,bucket,49.08208084106445,178.5587158203125,0
