,name, x, y, z
0,arm,91.18701171875,205.6465301513672,0
1,body,186.2215576171875,144.98411560058594,0
3,bucket,48.601802825927734,176.76666259765625,0
