,name, x, y, z
0,arm,90.89857482910156,205.13165283203125,0
1,body,185.9294891357422,144.64341735839844,0
3,bucket,48.425758361816406,175.57623291015625,0
