,name, x, y, z
0,arm,90.34561920166016,203.8503875732422,0
1,body,185.27723693847656,143.84130859375,0
3,bucket,48.18086624145508,172.8490447998047,0
