,name, x, y, z
0,arm,89.48731231689453,201.6688690185547,0
1,body,184.21534729003906,142.51007080078125,0
3,bucket,47.95107650756836,168.62060546875,0
