,name, x, y, z
0,arm,89.13433074951172,200.97125244140625,0
1,body,183.8378448486328,142.07867431640625,0
3,bucket,47.85195541381836,167.36878967285156,0
