,name, x, y, z
0,arm,88.72978210449219,200.32948303222656,0
1,body,183.46432495117188,141.6727294921875,0
3,bucket,47.73317337036133,166.2766571044922,0
