,name, x, y, z
0,arm,88.26983642578125,199.76812744140625,0
1,body,183.1033935546875,141.3011932373047,0
3,bucket,47.58959197998047,165.37791442871094,0
