,name, x, y, z
0,arm,87.75289154052734,199.3036346435547,0
1,body,182.7534942626953,140.9630584716797,0
3,bucket,47.42420196533203,164.64718627929688,0
