,name, x, y, z
0,arm,63.821353912353516,209.83416748046875,0
1,body,157.8208465576172,139.83441162109375,0
3,bucket,86.80335998535156,160.8943328857422,0
