,name, x, y, z
0,arm,86.58097076416016,198.59133911132812,0
1,body,182.07054138183594,140.3726348876953,0
3,bucket,47.06339645385742,163.52903747558594,0
