,name, x, y, z
0,arm,85.9459457397461,198.2943572998047,0
1,body,181.72926330566406,140.11328125,0
3,bucket,46.88565444946289,163.06138610839844,0
