,name, x, y, z
0,arm,85.29151153564453,198.00393676757812,0
1,body,181.38272094726562,139.873046875,0
3,bucket,46.72149658203125,162.60104370117188,0
