,name, x, y, z
0,arm,84.62761688232422,197.695556640625,0
1,body,181.02676391601562,139.6483917236328,0
3,bucket,46.579750061035156,162.10794067382812,0
