,name, x, y, z
0,arm,82.67893981933594,196.41648864746094,0
1,body,179.8617401123047,139.03240966796875,0
3,bucket,46.37738800048828,160.0303955078125,0
