,name, x, y, z
0,arm,81.51537322998047,195.02288818359375,0
1,body,178.964599609375,138.63613891601562,0
3,bucket,46.56612014770508,157.76419067382812,0
