,name, x, y, z
0,arm,80.9820327758789,194.10540771484375,0
1,body,178.4762420654297,138.44239807128906,0
3,bucket,46.87104034423828,156.36387634277344,0
