,name, x, y, z
0,arm,64.0427017211914,209.9971466064453,0
1,body,157.84780883789062,139.87319946289062,0
3,bucket,86.74886322021484,160.91615295410156,0
