,name, x, y, z
0,arm,79.93462371826172,192.04531860351562,0
1,body,177.43983459472656,138.09609985351562,0
3,bucket,47.84375762939453,153.3780975341797,0
