,name, x, y, z
0,arm,78.89276885986328,190.1378631591797,0
1,body,176.3521728515625,137.850341796875,0
3,bucket,49.142234802246094,150.6365509033203,0
