,name, x, y, z
0,arm,78.36637115478516,189.41116333007812,0
1,body,175.79977416992188,137.7822265625,0
3,bucket,49.85438537597656,149.5414581298828,0
