,name, x, y, z
0,arm,77.83230590820312,188.92640686035156,0
1,body,175.24728393554688,137.75973510742188,0
3,bucket,50.57691192626953,148.72837829589844,0
