,name, x, y, z
0,arm,77.28756713867188,188.7514190673828,0
1,body,174.69837951660156,137.78128051757812,0
3,bucket,51.29046630859375,148.1384735107422,0
