,name, x, y, z
0,arm,76.19559478759766,188.88796997070312,0
1,body,173.06329345703125,138.0447998046875,0
3,bucket,53.377769470214844,146.97268676757812,0
