,name, x, y, z
0,arm,64.24559020996094,210.1143798828125,0
1,body,157.87998962402344,139.87893676757812,0
3,bucket,86.71646881103516,160.91331481933594,0
