,name, x, y, z
0,arm,75.86698913574219,189.2049560546875,0
1,body,171.40672302246094,138.5302734375,0
3,bucket,55.441444396972656,146.48199462890625,0
