,name, x, y, z
0,arm,75.83397674560547,189.330810546875,0
1,body,170.84115600585938,138.72450256347656,0
3,bucket,56.13664245605469,146.4171600341797,0
