,name, x, y, z
0,arm,75.76300811767578,189.58706665039062,0
1,body,169.6787567138672,139.13980102539062,0
3,bucket,57.55402374267578,146.3697509765625,0
