,name, x, y, z
0,arm,75.10026550292969,190.00511169433594,0
1,body,167.2115478515625,140.0021514892578,0
3,bucket,60.545894622802734,146.34689331054688,0
