,name, x, y, z
0,arm,74.82038116455078,190.07823181152344,0
1,body,166.5855712890625,140.22569274902344,0
3,bucket,61.318511962890625,146.33726501464844,0
