,name, x, y, z
0,arm,74.26984405517578,190.1873321533203,0
1,body,165.36306762695312,140.69317626953125,0
3,bucket,62.8723030090332,146.31092834472656,0
