,name, x, y, z
0,arm,73.88823699951172,190.25245666503906,0
1,body,164.2191162109375,141.20448303222656,0
3,bucket,64.41764068603516,146.27955627441406,0
