,name, x, y, z
0,arm,73.86341857910156,190.28390502929688,0
1,body,163.2008514404297,141.77951049804688,0
3,bucket,65.9306411743164,146.24835205078125,0
