,name, x, y, z
0,arm,74.9061050415039,190.29042053222656,0
1,body,162.0122833251953,142.80514526367188,0
3,bucket,68.08727264404297,146.21324157714844,0
