,name, x, y, z
0,arm,64.57462310791016,210.18824768066406,0
1,body,157.9595184326172,139.69088745117188,0
3,bucket,86.72101593017578,160.762939453125,0
