,name, x, y, z
0,arm,75.63555908203125,190.28697204589844,0
1,body,161.7300262451172,143.20050048828125,0
3,bucket,68.76410675048828,146.20726013183594,0
