,name, x, y, z
0,arm,76.5951156616211,190.28277587890625,0
1,body,161.77334594726562,143.61476135253906,0
3,bucket,69.40962982177734,146.34310913085938,0
