,name, x, y, z
0,arm,77.8062744140625,190.172607421875,0
1,body,160.30038452148438,144.4830780029297,0
3,bucket,70.90978240966797,146.15048217773438,0
