,name, x, y, z
0,arm,76.6655044555664,189.83299255371094,0
1,body,157.91055297851562,144.76670837402344,0
3,bucket,71.8697509765625,144.89186096191406,0
