,name, x, y, z
0,arm,75.75452423095703,189.57411193847656,0
1,body,156.35186767578125,144.8409881591797,0
3,bucket,72.43879699707031,143.98919677734375,0
