,name, x, y, z
0,arm,64.69185638427734,210.09727478027344,0
1,body,158.00302124023438,139.35516357421875,0
3,bucket,86.73760986328125,160.5074462890625,0
