,name, x, y, z
0,arm,75.30104064941406,189.46051025390625,0
1,body,155.6547088623047,144.8921356201172,0
3,bucket,72.75472259521484,143.6332244873047,0
