,name, x, y, z
0,arm,74.47674560546875,189.30752563476562,0
1,body,154.5443878173828,145.1031951904297,0
3,bucket,73.53714752197266,143.30267333984375,0
