,name, x, y, z
0,arm,74.13733673095703,189.28518676757812,0
1,body,154.12884521484375,145.29104614257812,0
3,bucket,74.03507232666016,143.3433837890625,0
