,name, x, y, z
0,arm,73.65402221679688,189.43812561035156,0
1,body,153.42013549804688,145.81622314453125,0
3,bucket,75.2509994506836,143.65045166015625,0
