,name, x, y, z
0,arm,73.40257263183594,189.83526611328125,0
1,body,152.86660766601562,146.47389221191406,0
3,bucket,76.72998046875,144.2168426513672,0
