,name, x, y, z
0,arm,73.3493881225586,190.0964813232422,0
1,body,152.64501953125,146.82737731933594,0
3,bucket,77.55671691894531,144.58172607421875,0
