,name, x, y, z
0,arm,64.77989959716797,209.88192749023438,0
1,body,158.04974365234375,138.86598205566406,0
3,bucket,86.76077270507812,160.1370086669922,0
