,name, x, y, z
0,arm,73.3593978881836,190.6863555908203,0
1,body,152.30618286132812,147.53353881835938,0
3,bucket,79.36188507080078,145.4436798095703,0
