,name, x, y, z
0,arm,73.5790023803711,191.56629943847656,0
1,body,152.040771484375,148.44049072265625,0
3,bucket,82.38037109375,146.9737091064453,0
