,name, x, y, z
0,arm,73.79546356201172,192.01820373535156,0
1,body,152.01162719726562,148.8506317138672,0
3,bucket,84.54234313964844,148.08642578125,0
