,name, x, y, z
0,arm,74.03213500976562,192.32322692871094,0
1,body,152.0892333984375,149.12039184570312,0
3,bucket,86.75884246826172,149.23768615722656,0
