,name, x, y, z
0,arm,74.15443420410156,192.43003845214844,0
1,body,152.16497802734375,149.21514892578125,0
3,bucket,87.8680191040039,149.8187255859375,0
