,name, x, y, z
0,arm,74.27770233154297,192.5117645263672,0
1,body,152.26365661621094,149.28981018066406,0
3,bucket,88.96733856201172,150.39845275878906,0
