,name, x, y, z
0,arm,74.40052032470703,192.57237243652344,0
1,body,152.3840789794922,149.3494110107422,0
3,bucket,90.04906463623047,150.97328186035156,0
