,name, x, y, z
0,arm,74.75334930419922,192.66766357421875,0
1,body,152.8632049560547,149.4877166748047,0
3,bucket,93.11015319824219,152.63185119628906,0
