,name, x, y, z
0,arm,74.8613052368164,192.6840362548828,0
1,body,153.05810546875,149.53700256347656,0
3,bucket,94.04314422607422,153.15061950683594,0
