,name, x, y, z
0,arm,75.315673828125,192.9002227783203,0
1,body,154.50990295410156,150.21612548828125,0
3,bucket,98.17594909667969,155.65037536621094,0
