,name, x, y, z
0,arm,75.34662628173828,192.99375915527344,0
1,body,154.78945922851562,150.4394989013672,0
3,bucket,98.54866790771484,155.93101501464844,0
