,name, x, y, z
0,arm,75.34678649902344,193.45887756347656,0
1,body,155.69317626953125,151.40255737304688,0
3,bucket,98.98946380615234,156.47059631347656,0
