,name, x, y, z
0,arm,73.7637710571289,194.1916046142578,0
1,body,156.31521606445312,154.70057678222656,0
3,bucket,98.07762145996094,156.6207275390625,0
