,name, x, y, z
0,arm,72.47661590576172,194.28567504882812,0
1,body,156.22544860839844,154.6492462158203,0
3,bucket,97.48423767089844,156.6234130859375,0
