,name, x, y, z
0,arm,64.922607421875,208.6791229248047,0
1,body,158.22225952148438,136.7542724609375,0
3,bucket,86.87676239013672,158.54327392578125,0
