,name, x, y, z
0,arm,70.31499481201172,194.20375061035156,0
1,body,155.77610778808594,154.38450622558594,0
3,bucket,96.01942443847656,156.59371948242188,0
