,name, x, y, z
0,arm,68.73907470703125,194.0387420654297,0
1,body,155.13502502441406,154.0135498046875,0
3,bucket,94.35755157470703,156.55712890625,0
