,name, x, y, z
0,arm,68.1136474609375,193.9447479248047,0
1,body,154.80564880371094,153.82958984375,0
3,bucket,93.51787567138672,156.55123901367188,0
