,name, x, y, z
0,arm,67.5661392211914,193.85357666015625,0
1,body,154.50404357910156,153.66860961914062,0
3,bucket,92.70720672607422,156.5616455078125,0
