,name, x, y, z
0,arm,67.07373809814453,193.77310180664062,0
1,body,154.25547790527344,153.54721069335938,0
3,bucket,91.95161437988281,156.59434509277344,0
