,name, x, y, z
0,arm,66.61348724365234,193.7112579345703,0
1,body,154.08529663085938,153.48191833496094,0
3,bucket,91.27732849121094,156.65538024902344,0
