,name, x, y, z
0,arm,66.16251373291016,193.67588806152344,0
1,body,153.9691619873047,153.52191162109375,0
3,bucket,90.70423889160156,156.76690673828125,0
