,name, x, y, z
0,arm,64.94760131835938,208.15602111816406,0
1,body,158.2948455810547,135.92807006835938,0
3,bucket,86.93342590332031,157.92044067382812,0
