,name, x, y, z
0,arm,64.74759674072266,194.24993896484375,0
1,body,153.6887664794922,154.29791259765625,0
3,bucket,89.51252746582031,157.42623901367188,0
