,name, x, y, z
0,arm,64.25724029541016,194.6643524169922,0
1,body,153.6141357421875,154.69046020507812,0
3,bucket,89.25199890136719,157.71795654296875,0
