,name, x, y, z
0,arm,62.75577163696289,196.2714080810547,0
1,body,153.43089294433594,155.9127197265625,0
3,bucket,88.71583557128906,158.6559295654297,0
