,name, x, y, z
0,arm,62.251338958740234,196.85545349121094,0
1,body,153.3795166015625,156.24974060058594,0
3,bucket,88.57957458496094,158.95301818847656,0
