,name, x, y, z
0,arm,61.747955322265625,197.42724609375,0
1,body,153.33106994628906,156.50880432128906,0
3,bucket,88.44486236572266,159.22401428222656,0
