,name, x, y, z
0,arm,61.247528076171875,197.96475219726562,0
1,body,153.28445434570312,156.6642303466797,0
3,bucket,88.29987335205078,159.45790100097656,0
