,name, x, y, z
0,arm,60.751914978027344,198.44598388671875,0
1,body,153.2384490966797,156.69027709960938,0
3,bucket,88.13267517089844,159.64366149902344,0
