,name, x, y, z
0,arm,64.40765380859375,199.6953887939453,0
1,body,160.45765686035156,145.29537963867188,0
2,body_back,218.6826629638672,145.29537963867188,0
3,bucket,86.93266296386719,157.62037658691406,0
4,bucket_tip,97.55764770507812,127.87036895751953,0
5,springhinge_arm,49.957664489746094,209.47036743164062,0
6,springhinge_boom,117.53265380859375,195.44537353515625,0
