,name, x, y, z
0,arm,64.40765380859375,199.6953582763672,0
1,body,160.45765686035156,145.2947998046875,0
2,body_back,218.68304443359375,145.2948760986328,0
3,bucket,86.9324951171875,157.61993408203125,0
4,bucket_tip,97.55753326416016,127.86980438232422,0
5,springhinge_arm,49.95733642578125,209.47015380859375,0
6,springhinge_boom,117.5326156616211,195.44508361816406,0
