,name, x, y, z
0,arm,64.09488677978516,199.9588623046875,0
1,body,160.17787170410156,144.8432159423828,0
2,body_back,218.0990447998047,144.72914123535156,0
3,bucket,86.6343994140625,157.80308532714844,0
4,bucket_tip,97.59861755371094,127.83451843261719,0
5,springhinge_arm,49.35504150390625,209.9576416015625,0
6,springhinge_boom,117.428955078125,195.4187469482422,0
