,name, x, y, z
0,arm,64.97026824951172,207.6037139892578,0
1,body,158.3771514892578,135.08709716796875,0
2,body_back,215.42257690429688,137.3699493408203,0
3,bucket,87.00029754638672,157.28648376464844,0
4,bucket_tip,83.35227966308594,127.49148559570312,0
5,springhinge_arm,49.945831298828125,219.96849060058594,0
6,springhinge_boom,121.35917663574219,195.22161865234375,0
