,name, x, y, z
0,arm,59.78267288208008,199.15817260742188,0
1,body,153.17999267578125,156.5426788330078,0
2,body_back,219.75131225585938,158.5001983642578,0
3,bucket,87.7077407836914,159.85342407226562,0
4,bucket_tip,93.66032409667969,134.68084716796875,0
5,springhinge_arm,44.21861267089844,207.01092529296875,0
6,springhinge_boom,111.7693862915039,202.21441650390625,0
