,name, x, y, z
0,arm,59.31349563598633,199.38612365722656,0
1,body,153.18113708496094,156.43515014648438,0
2,body_back,219.90103149414062,158.35992431640625,0
3,bucket,87.45852661132812,159.89234924316406,0
4,bucket_tip,93.6095199584961,134.68141174316406,0
5,springhinge_arm,43.63145065307617,207.4083251953125,0
6,springhinge_boom,111.7066879272461,202.229248046875,0
