,name, x, y, z
0,arm,58.85799789428711,199.5517578125,0
1,body,153.20713806152344,156.31040954589844,0
2,body_back,220.02980041503906,158.18727111816406,0
3,bucket,87.19252014160156,159.89952087402344,0
4,bucket_tip,93.58126831054688,134.6593017578125,0
5,springhinge_arm,43.106807708740234,207.7615509033203,0
6,springhinge_boom,111.64717864990234,202.22659301757812,0
