,name, x, y, z
0,arm,58.418846130371094,199.6741485595703,0
1,body,153.2614288330078,156.17250061035156,0
2,body_back,220.14251708984375,157.98532104492188,0
3,bucket,86.91548156738281,159.88412475585938,0
4,bucket_tip,93.58354949951172,134.62103271484375,0
5,springhinge_arm,42.640506744384766,208.08250427246094,0
6,springhinge_boom,111.59223175048828,202.2107696533203,0
