,name, x, y, z
0,arm,57.998600006103516,199.77247619628906,0
1,body,153.34744262695312,156.02537536621094,0
2,body_back,220.24412536621094,157.75706481933594,0
3,bucket,86.63318634033203,159.85531616210938,0
4,bucket_tip,93.6242904663086,134.57301330566406,0
5,springhinge_arm,42.228431701660156,208.383056640625,0
6,springhinge_boom,111.54324340820312,202.18585205078125,0
