,name, x, y, z
0,arm,57.59990692138672,199.86581420898438,0
1,body,153.46865844726562,155.87303161621094,0
2,body_back,220.33958435058594,157.50563049316406,0
3,bucket,86.3514175415039,159.82235717773438,0
4,bucket_tip,93.71150207519531,134.5218048095703,0
5,springhinge_arm,41.86643981933594,208.67514038085938,0
6,springhinge_boom,111.5016098022461,202.1561737060547,0
