,name, x, y, z
0,arm,57.22529983520508,199.9734344482422,0
1,body,153.62855529785156,155.7195587158203,0
2,body_back,220.4339141845703,157.2340545654297,0
3,bucket,86.07601165771484,159.79443359375,0
4,bucket_tip,93.85321807861328,134.473876953125,0
5,springhinge_arm,41.5504150390625,208.97068786621094,0
6,springhinge_boom,111.4687728881836,202.12586975097656,0
