,name, x, y, z
0,arm,56.877506256103516,200.11456298828125,0
1,body,153.8306427001953,155.5689697265625,0
2,body_back,220.5321044921875,156.94544982910156,0
3,bucket,85.81279754638672,159.78082275390625,0
4,bucket_tip,94.05748748779297,134.43576049804688,0
5,springhinge_arm,41.2762336730957,209.28164672851562,0
6,springhinge_boom,111.44613647460938,202.09921264648438,0
