,name, x, y, z
0,arm,56.55914306640625,200.30848693847656,0
1,body,154.07835388183594,155.4252471923828,0
2,body_back,220.63905334472656,156.64285278320312,0
3,bucket,85.56756591796875,159.79078674316406,0
4,bucket_tip,94.3322982788086,134.4139862060547,0
5,springhinge_arm,41.03970718383789,209.62002563476562,0
6,springhinge_boom,111.43508911132812,202.08042907714844,0
