,name, x, y, z
0,arm,56.272804260253906,200.5745391845703,0
1,body,154.37525939941406,155.29251098632812,0
2,body_back,220.75985717773438,156.3293914794922,0
3,bucket,85.3462142944336,159.8336181640625,0
4,bucket_tip,94.68577575683594,134.4151153564453,0
5,springhinge_arm,40.83673095703125,209.99786376953125,0
6,springhinge_boom,111.43708038330078,202.07379150390625,0
