,name, x, y, z
0,arm,64.99604797363281,207.04119873046875,0
1,body,158.47044372558594,134.25921630859375,0
2,body_back,215.55581665039062,136.99562072753906,0
3,bucket,87.07817077636719,156.66238403320312,0
4,bucket_tip,83.34571838378906,126.55571746826172,0
5,springhinge_arm,49.96880340576172,219.42584228515625,0
6,springhinge_boom,121.60445404052734,194.59646606445312,0
