,name, x, y, z
0,arm,56.02117156982422,200.93209838867188,0
1,body,154.7248077392578,155.17477416992188,0
2,body_back,220.89952087402344,156.00814819335938,0
3,bucket,85.15457916259766,159.9186248779297,0
4,bucket_tip,95.12604522705078,134.4457244873047,0
5,springhinge_arm,40.66314697265625,210.42715454101562,0
6,springhinge_boom,111.45352935791016,202.0835418701172,0
