,name, x, y, z
0,arm,55.8068962097168,201.40057373046875,0
1,body,155.13058471679688,155.0761260986328,0
2,body_back,221.06304931640625,155.68223571777344,0
3,bucket,84.9985122680664,160.05516052246094,0
4,bucket_tip,95.6611557006836,134.5123748779297,0
5,springhinge_arm,40.51470184326172,210.92005920410156,0
6,springhinge_boom,111.48582458496094,202.114013671875,0
