,name, x, y, z
0,arm,55.632659912109375,201.99942016601562,0
1,body,155.59609985351562,155.0006561279297,0
2,body_back,221.2554931640625,155.35470581054688,0
3,bucket,84.88399505615234,160.2525634765625,0
4,bucket_tip,96.29932403564453,134.62164306640625,0
5,springhinge_arm,40.387325286865234,211.48855590820312,0
6,springhinge_boom,111.53546142578125,202.1693572998047,0
