,name, x, y, z
0,arm,55.501129150390625,202.7481689453125,0
1,body,156.11546325683594,154.97784423828125,0
2,body_back,221.47592163085938,155.02813720703125,0
3,bucket,84.9299545288086,160.5247344970703,0
4,bucket_tip,97.08645629882812,134.814697265625,0
5,springhinge_arm,40.36540985107422,212.13758850097656,0
6,springhinge_boom,111.6149673461914,202.36474609375,0
