,name, x, y, z
0,arm,55.456451416015625,203.64503479003906,0
1,body,156.64532470703125,155.0100555419922,0
2,body_back,221.69943237304688,154.70240783691406,0
3,bucket,85.20849609375,160.8360137939453,0
4,bucket_tip,98.02609252929688,135.08436584472656,0
5,springhinge_arm,40.507301330566406,212.84286499023438,0
6,springhinge_boom,111.73074340820312,202.73143005371094,0
