,name, x, y, z
0,arm,55.52436828613281,204.6024932861328,0
1,body,157.13265991210938,155.06016540527344,0
2,body_back,221.8949737548828,154.37681579589844,0
3,bucket,85.65492248535156,161.12135314941406,0
4,bucket_tip,99.0625,135.36460876464844,0
5,springhinge_arm,40.769386291503906,213.57264709472656,0
6,springhinge_boom,111.87470245361328,203.14773559570312,0
