,name, x, y, z
0,arm,55.68000030517578,205.51136779785156,0
1,body,157.52438354492188,155.0909881591797,0
2,body_back,222.0315704345703,154.05067443847656,0
3,bucket,86.20439910888672,161.31561279296875,0
4,bucket_tip,100.13986206054688,135.58935546875,0
5,springhinge_arm,41.107967376708984,214.29525756835938,0
6,springhinge_boom,112.03885650634766,203.4918670654297,0
