,name, x, y, z
0,arm,55.898338317871094,206.26217651367188,0
1,body,157.76731872558594,155.06529235839844,0
2,body_back,222.07801818847656,153.72325134277344,0
3,bucket,86.79190063476562,161.35337829589844,0
4,bucket_tip,101.20216369628906,135.69229125976562,0
5,springhinge_arm,41.47928237915039,214.978759765625,0
6,springhinge_boom,112.2151107788086,203.64151000976562,0
