,name, x, y, z
0,arm,56.15427017211914,206.74526977539062,0
1,body,157.9110107421875,154.99851989746094,0
2,body_back,222.06797790527344,153.39402770996094,0
3,bucket,87.36331176757812,161.2897186279297,0
4,bucket_tip,102.20316314697266,135.70655822753906,0
5,springhinge_arm,41.84676742553711,215.59727478027344,0
6,springhinge_boom,112.39673614501953,203.6504669189453,0
