,name, x, y, z
0,arm,56.426815032958984,207.0395050048828,0
1,body,158.04098510742188,154.93075561523438,0
2,body_back,222.05560302734375,153.06324768066406,0
3,bucket,87.9081802368164,161.2233428955078,0
4,bucket_tip,103.13555908203125,135.7100372314453,0
5,springhinge_arm,42.203033447265625,216.1486053466797,0
6,springhinge_boom,112.58187866210938,203.6542510986328,0
