,name, x, y, z
0,arm,65.03031158447266,206.48777770996094,0
1,body,158.57603454589844,133.4723663330078,0
2,body_back,215.7045135498047,136.62684631347656,0
3,bucket,87.16777038574219,156.06898498535156,0
4,bucket_tip,83.34494018554688,125.66657257080078,0
5,springhinge_arm,50.007240295410156,218.91122436523438,0
6,springhinge_boom,121.8409423828125,194.00311279296875,0
