,name, x, y, z
0,arm,56.71092987060547,207.29833984375,0
1,body,158.15782165527344,154.86183166503906,0
2,body_back,222.04066467285156,152.7313995361328,0
3,bucket,88.4271011352539,161.15438842773438,0
4,bucket_tip,104.00189208984375,135.70326232910156,0
5,springhinge_arm,42.548057556152344,216.63650512695312,0
6,springhinge_boom,112.77000427246094,203.6531219482422,0
