,name, x, y, z
0,arm,57.005767822265625,207.52377319335938,0
1,body,158.2620391845703,154.79151916503906,0
2,body_back,222.0228271484375,152.39894104003906,0
3,bucket,88.92066955566406,161.0830535888672,0
4,bucket_tip,104.8047103881836,135.6868896484375,0
5,springhinge_arm,42.881805419921875,217.0648956298828,0
6,springhinge_boom,112.96060180664062,203.6474609375,0
