,name, x, y, z
0,arm,57.310359954833984,207.71775817871094,0
1,body,158.35427856445312,154.71963500976562,0
2,body_back,222.0018310546875,152.0662841796875,0
3,bucket,89.38945770263672,161.00941467285156,0
4,bucket_tip,105.54651641845703,135.6614532470703,0
5,springhinge_arm,43.204200744628906,217.43740844726562,0
6,springhinge_boom,113.1530990600586,203.637451171875,0
