,name, x, y, z
0,arm,57.623779296875,207.88226318359375,0
1,body,158.43505859375,154.64585876464844,0
2,body_back,221.97735595703125,151.73390197753906,0
3,bucket,89.83402252197266,160.93362426757812,0
4,bucket_tip,106.2298583984375,135.6276092529297,0
5,springhinge_arm,43.515193939208984,217.75794982910156,0
6,springhinge_boom,113.34698486328125,203.62339782714844,0
