,name, x, y, z
0,arm,57.945072174072266,208.01934814453125,0
1,body,158.50498962402344,154.5701141357422,0
2,body_back,221.94912719726562,151.40228271484375,0
3,bucket,90.25496673583984,160.85581970214844,0
4,bucket_tip,106.85728454589844,135.58590698242188,0
5,springhinge_arm,43.81477355957031,218.0303192138672,0
6,springhinge_boom,113.54170227050781,203.6055908203125,0
