,name, x, y, z
0,arm,58.273319244384766,208.13095092773438,0
1,body,158.5645751953125,154.49209594726562,0
2,body_back,221.9168243408203,151.07188415527344,0
3,bucket,90.65287017822266,160.7761993408203,0
4,bucket_tip,107.43132781982422,135.5369873046875,0
5,springhinge_arm,44.102848052978516,218.25831604003906,0
6,springhinge_boom,113.73668670654297,203.5843505859375,0
