,name, x, y, z
0,arm,58.60760498046875,208.2190704345703,0
1,body,158.61448669433594,154.4115753173828,0
2,body_back,221.8801727294922,150.74310302734375,0
3,bucket,91.02826690673828,160.6947784423828,0
4,bucket_tip,107.95452880859375,135.4813690185547,0
5,springhinge_arm,44.37937545776367,218.44577026367188,0
6,springhinge_boom,113.931396484375,203.55990600585938,0
