,name, x, y, z
0,arm,58.94693374633789,208.28575134277344,0
1,body,158.6552276611328,154.32839965820312,0
2,body_back,221.8388671875,150.41650390625,0
3,bucket,91.38174438476562,160.61183166503906,0
4,bucket_tip,108.42945098876953,135.41973876953125,0
5,springhinge_arm,44.6442756652832,218.59657287597656,0
6,springhinge_boom,114.1252670288086,203.53262329101562,0
