,name, x, y, z
0,arm,59.29041290283203,208.3330078125,0
1,body,158.68740844726562,154.24229431152344,0
2,body_back,221.79263305664062,150.09243774414062,0
3,bucket,91.71395874023438,160.52735900878906,0
4,bucket_tip,108.85867309570312,135.35260009765625,0
5,springhinge_arm,44.8975715637207,218.7144775390625,0
6,springhinge_boom,114.31779479980469,203.50267028808594,0
