,name, x, y, z
0,arm,59.6370964050293,208.3627166748047,0
1,body,158.7115936279297,154.15306091308594,0
2,body_back,221.74111938476562,149.7714385986328,0
3,bucket,92.02534484863281,160.44158935546875,0
4,bucket_tip,109.24470520019531,135.2806396484375,0
5,springhinge_arm,45.13908386230469,218.8034210205078,0
6,springhinge_boom,114.50834655761719,203.4704132080078,0
