,name, x, y, z
0,arm,59.985931396484375,208.37709045410156,0
1,body,158.7283935546875,154.06045532226562,0
2,body_back,221.68409729003906,149.45399475097656,0
3,bucket,92.31665802001953,160.3546905517578,0
4,bucket_tip,109.5902328491211,135.2044677734375,0
5,springhinge_arm,45.36892318725586,218.86729431152344,0
6,springhinge_boom,114.69649505615234,203.43618774414062,0
