,name, x, y, z
0,arm,60.686588287353516,208.36766052246094,0
1,body,158.7420654296875,153.86436462402344,0
2,body_back,221.55215454101562,148.83152770996094,0
3,bucket,92.84101867675781,160.1779022216797,0
4,bucket_tip,110.16973114013672,135.0417938232422,0
5,springhinge_arm,45.7929801940918,218.93521118164062,0
6,springhinge_boom,115.06298065185547,203.36277770996094,0
