,name, x, y, z
0,arm,61.03645324707031,208.34788513183594,0
1,body,158.74012756347656,153.7603759765625,0
2,body_back,221.47662353515625,148.52749633789062,0
3,bucket,93.07527160644531,160.0883026123047,0
4,bucket_tip,110.408935546875,134.95652770996094,0
5,springhinge_arm,45.98713302612305,218.94703674316406,0
6,springhinge_boom,115.24024963378906,203.32418823242188,0
