,name, x, y, z
0,arm,61.38471603393555,208.32081604003906,0
1,body,158.73309326171875,153.6521453857422,0
2,body_back,221.39439392089844,148.22885131835938,0
3,bucket,93.29170989990234,159.99813842773438,0
4,bucket_tip,110.61792755126953,134.86944580078125,0
5,springhinge_arm,46.16931915283203,218.94937133789062,0
6,springhinge_boom,115.41282653808594,203.2847442626953,0
