,name, x, y, z
0,arm,61.73039627075195,208.2885284423828,0
1,body,158.72158813476562,153.5394744873047,0
2,body_back,221.30506896972656,147.9361114501953,0
3,bucket,93.49089050292969,159.907470703125,0
4,bucket_tip,110.79927825927734,134.78115844726562,0
5,springhinge_arm,46.33942413330078,218.9460906982422,0
6,springhinge_boom,115.58009338378906,203.24472045898438,0
