,name, x, y, z
0,arm,62.072547912597656,208.25302124023438,0
1,body,158.70619201660156,153.42210388183594,0
2,body_back,221.2084197998047,147.64974975585938,0
3,bucket,93.67342376708984,159.81651306152344,0
4,bucket_tip,110.95561981201172,134.69232177734375,0
5,springhinge_arm,46.4974479675293,218.94113159179688,0
6,springhinge_boom,115.74152374267578,203.20448303222656,0
