,name, x, y, z
0,arm,62.41017532348633,208.2163848876953,0
1,body,158.6875,153.2998504638672,0
2,body_back,221.1040802001953,147.37025451660156,0
3,bucket,93.83987426757812,159.7253875732422,0
4,bucket_tip,111.08954620361328,134.60353088378906,0
5,springhinge_arm,46.643306732177734,218.93846130371094,0
6,springhinge_boom,115.89651489257812,203.1642303466797,0
