,name, x, y, z
0,arm,63.06800842285156,208.14794921875,0
1,body,158.64256286621094,153.03965759277344,0
2,body_back,220.8711395263672,146.83372497558594,0
3,bucket,94.12689208984375,159.54318237304688,0
4,bucket_tip,111.30064392089844,134.42849731445312,0
5,springhinge_arm,46.89822006225586,218.9557647705078,0
6,springhinge_boom,116.18489074707031,203.0850067138672,0
