,name, x, y, z
0,arm,65.14611053466797,205.48484802246094,0
1,body,158.82940673828125,132.13388061523438,0
2,body_back,216.05564880371094,135.93304443359375,0
3,bucket,87.38513946533203,155.0583038330078,0
4,bucket_tip,83.35726928710938,124.15533447265625,0
5,springhinge_arm,50.157039642333984,218.04229736328125,0
6,springhinge_boom,122.28225708007812,192.998291015625,0
