,name, x, y, z
0,arm,63.38624954223633,208.12025451660156,0
1,body,158.61749267578125,152.90126037597656,0
2,body_back,220.74195861816406,146.5776824951172,0
3,bucket,94.24868774414062,159.45240783691406,0
4,bucket_tip,111.38313293457031,134.34352111816406,0
5,springhinge_arm,47.007225036621094,218.9836883544922,0
6,springhinge_boom,116.31718444824219,203.04660034179688,0
