,name, x, y, z
0,arm,63.696075439453125,208.09971618652344,0
1,body,158.59152221679688,152.75711059570312,0
2,body_back,220.60386657714844,146.33041381835938,0
3,bucket,94.35674285888672,159.36203002929688,0
4,bucket_tip,111.4537353515625,134.2610626220703,0
5,springhinge_arm,47.10377883911133,219.02978515625,0
6,springhinge_boom,116.44072723388672,203.00941467285156,0
