,name, x, y, z
0,arm,63.99646759033203,208.0884552001953,0
1,body,158.56521606445312,152.6068572998047,0
2,body_back,220.45657348632812,146.09246826171875,0
3,bucket,94.45169830322266,159.27223205566406,0
4,bucket_tip,111.51514434814453,134.18179321289062,0
5,springhinge_arm,47.18790817260742,219.09805297851562,0
6,springhinge_boom,116.55499267578125,202.97377014160156,0
