,name, x, y, z
0,arm,64.2864761352539,208.08848571777344,0
1,body,158.53921508789062,152.45037841796875,0
2,body_back,220.29977416992188,145.8643035888672,0
3,bucket,94.53414154052734,159.18313598632812,0
4,bucket_tip,111.56997680664062,134.1062774658203,0
5,springhinge_arm,47.259456634521484,219.19253540039062,0
6,springhinge_boom,116.65937042236328,202.93995666503906,0
