,name, x, y, z
0,arm,64.56504821777344,208.10194396972656,0
1,body,158.5140838623047,152.2873992919922,0
2,body_back,220.13311767578125,145.64633178710938,0
3,bucket,94.60465240478516,159.09486389160156,0
4,bucket_tip,111.62093353271484,134.03515625,0
5,springhinge_arm,47.31844711303711,219.31715393066406,0
6,springhinge_boom,116.7532730102539,202.90818786621094,0
