,name, x, y, z
0,arm,65.08406829833984,208.17759704589844,0
1,body,158.4688720703125,151.9409942626953,0
2,body_back,219.7690887451172,145.2432861328125,0
3,bucket,94.71234893798828,158.9215087890625,0
4,bucket_tip,111.72190856933594,133.90872192382812,0
5,springhinge_arm,47.39838790893555,219.67324829101562,0
6,springhinge_boom,116.90740203857422,202.852294921875,0
