,name, x, y, z
0,arm,65.32247161865234,208.24400329589844,0
1,body,158.4499969482422,151.75711059570312,0
2,body_back,219.5710906982422,145.0591583251953,0
3,bucket,94.75074005126953,158.83673095703125,0
4,bucket_tip,111.77729797363281,133.85467529296875,0
5,springhinge_arm,47.41924285888672,219.9127960205078,0
6,springhinge_boom,116.96644592285156,202.82876586914062,0
