,name, x, y, z
0,arm,65.54544830322266,208.33224487304688,0
1,body,158.4344482421875,151.56585693359375,0
2,body_back,219.3620147705078,144.8872528076172,0
3,bucket,94.77963256835938,158.7533721923828,0
4,bucket_tip,111.83956909179688,133.8075408935547,0
5,springhinge_arm,47.42725372314453,220.19874572753906,0
6,springhinge_boom,117.01268768310547,202.8085174560547,0
