,name, x, y, z
0,arm,65.23846435546875,205.07391357421875,0
1,body,158.9797821044922,131.63841247558594,0
2,body_back,216.26197814941406,135.62155151367188,0
3,bucket,87.51437377929688,154.6830596923828,0
4,bucket_tip,83.36872100830078,123.5970230102539,0
5,springhinge_arm,50.28167724609375,217.72628784179688,0
6,springhinge_boom,122.48445129394531,192.6303253173828,0
