,name, x, y, z
0,arm,65.94113159179688,208.5829620361328,0
1,body,158.41571044921875,151.16015625,0
2,body_back,218.90936279296875,144.58221435546875,0
3,bucket,94.81131744384766,158.59161376953125,0
4,bucket_tip,111.99552917480469,133.73670959472656,0
5,springhinge_arm,47.404510498046875,220.92617797851562,0
6,springhinge_boom,117.06441497802734,202.779296875,0
