,name, x, y, z
0,arm,66.11183166503906,208.74964904785156,0
1,body,158.4137725830078,150.94525146484375,0
2,body_back,218.6651611328125,144.45008850097656,0
3,bucket,94.81532287597656,158.5135040283203,0
4,bucket_tip,112.09464263916016,133.71429443359375,0
5,springhinge_arm,47.37363052368164,221.3759002685547,0
6,springhinge_boom,117.06869506835938,202.77088928222656,0
