,name, x, y, z
0,arm,66.26303100585938,208.94679260253906,0
1,body,158.41761779785156,150.72203063964844,0
2,body_back,218.4086456298828,144.33221435546875,0
3,bucket,94.81228637695312,158.43746948242188,0
4,bucket_tip,112.21149444580078,133.70138549804688,0
5,springhinge_arm,47.32965850830078,221.88839721679688,0
6,springhinge_boom,117.05781555175781,202.76707458496094,0
