,name, x, y, z
0,arm,66.39376068115234,209.17652893066406,0
1,body,158.42782592773438,150.490234375,0
2,body_back,218.13951110839844,144.22911071777344,0
3,bucket,94.80282592773438,158.36363220214844,0
4,bucket_tip,112.34886169433594,133.69862365722656,0
5,springhinge_arm,47.27255630493164,222.4677734375,0
6,springhinge_boom,117.03120422363281,202.7681121826172,0
