,name, x, y, z
0,arm,66.50299072265625,209.44094848632812,0
1,body,158.44503784179688,150.24966430664062,0
2,body_back,217.85733032226562,144.14129638671875,0
3,bucket,94.78746795654297,158.29217529296875,0
4,bucket_tip,112.5093765258789,133.70669555664062,0
5,springhinge_arm,47.202205657958984,223.1182403564453,0
6,springhinge_boom,116.98817443847656,202.77435302734375,0
