,name, x, y, z
0,arm,66.58967590332031,209.7423095703125,0
1,body,158.46961975097656,149.9928436279297,0
2,body_back,217.56271362304688,144.0891571044922,0
3,bucket,94.76808166503906,158.3009490966797,0
4,bucket_tip,112.69517517089844,133.74180603027344,0
5,springhinge_arm,47.12077331542969,223.83987426757812,0
6,springhinge_boom,116.9336929321289,202.8441619873047,0
