,name, x, y, z
0,arm,66.65512084960938,210.1288299560547,0
1,body,158.50082397460938,149.7165069580078,0
2,body_back,217.25950622558594,144.0868682861328,0
3,bucket,94.75105285644531,158.45095825195312,0
4,bucket_tip,112.90554809570312,133.8144073486328,0
5,springhinge_arm,47.03904724121094,224.61695861816406,0
6,springhinge_boom,116.873779296875,203.02244567871094,0
