,name, x, y, z
0,arm,66.71002960205078,210.63046264648438,0
1,body,158.5376434326172,149.4265899658203,0
2,body_back,216.95228576660156,144.12562561035156,0
3,bucket,94.7438735961914,158.71694946289062,0
4,bucket_tip,113.13898468017578,133.91651916503906,0
5,springhinge_arm,46.969947814941406,225.42979431152344,0
6,springhinge_boom,116.80947875976562,203.2890625,0
