,name, x, y, z
0,arm,66.76734924316406,211.22164916992188,0
1,body,158.5791015625,149.1290740966797,0
2,body_back,216.64578247070312,144.19650268554688,0
3,bucket,94.75420379638672,159.07350158691406,0
4,bucket_tip,113.39411163330078,134.04006958007812,0
5,springhinge_arm,46.92652893066406,226.2584991455078,0
6,springhinge_boom,116.74195098876953,203.62387084960938,0
