,name, x, y, z
0,arm,66.84011840820312,211.8767852783203,0
1,body,158.6241455078125,148.82989501953125,0
2,body_back,216.34458923339844,144.29061889648438,0
3,bucket,94.78959655761719,159.49522399902344,0
4,bucket_tip,113.66944122314453,134.17706298828125,0
5,springhinge_arm,46.921810150146484,227.08328247070312,0
6,springhinge_boom,116.67227172851562,204.0066375732422,0
