,name, x, y, z
0,arm,66.94147491455078,212.57022094726562,0
1,body,158.6717529296875,148.5351104736328,0
2,body_back,216.05352783203125,144.3990478515625,0
3,bucket,94.85769653320312,159.95657348632812,0
4,bucket_tip,113.96355438232422,134.31935119628906,0
5,springhinge_arm,46.9688835144043,227.88414001464844,0
6,springhinge_boom,116.60159301757812,204.41708374023438,0
