,name, x, y, z
0,arm,67.08456420898438,213.27615356445312,0
1,body,158.7209930419922,148.250732421875,0
2,body_back,215.77719116210938,144.5127716064453,0
3,bucket,94.96614837646484,160.4319305419922,0
4,bucket_tip,114.27498626708984,134.45883178710938,0
5,springhinge_arm,47.08089065551758,228.6410675048828,0
6,springhinge_boom,116.531005859375,204.83482360839844,0
