,name, x, y, z
0,arm,67.282470703125,213.96875,0
1,body,158.77073669433594,147.9827423095703,0
2,body_back,215.5203857421875,144.62290954589844,0
3,bucket,95.12260437011719,160.89573669433594,0
4,bucket_tip,114.60228729248047,134.5874481201172,0
5,springhinge_arm,47.27094268798828,229.33416748046875,0
6,springhinge_boom,116.4616470336914,205.23956298828125,0
