,name, x, y, z
0,arm,68.33732604980469,215.70748901367188,0
1,body,158.9131317138672,147.337890625,0
2,body_back,214.91433715820312,144.84127807617188,0
3,bucket,95.95693969726562,161.96002197265625,0
4,bucket_tip,115.66478729248047,134.82618713378906,0
5,springhinge_arm,48.44143295288086,230.82888793945312,0
6,springhinge_boom,116.27222442626953,206.17062377929688,0
