,name, x, y, z
0,arm,69.55742645263672,216.32359313964844,0
1,body,158.9919891357422,147.10134887695312,0
2,body_back,214.69483947753906,144.80300903320312,0
3,bucket,96.8944091796875,162.13829040527344,0
4,bucket_tip,116.42550659179688,134.78089904785156,0
5,springhinge_arm,49.85441970825195,231.13638305664062,0
6,springhinge_boom,116.1727523803711,206.3498077392578,0
