,name, x, y, z
0,arm,70.36241149902344,216.3902587890625,0
1,body,159.0246124267578,147.18899536132812,0
2,body_back,214.6499481201172,144.61532592773438,0
3,bucket,97.49736785888672,161.9842529296875,0
4,bucket_tip,116.82279968261719,134.69520568847656,0
5,springhinge_arm,50.78480911254883,230.99851989746094,0
6,springhinge_boom,116.2387466430664,206.22811889648438,0
