,name, x, y, z
0,arm,71.30706787109375,216.15452575683594,0
1,body,159.05697631835938,147.49473571777344,0
2,body_back,214.62921142578125,144.25289916992188,0
3,bucket,98.18205261230469,161.70054626464844,0
4,bucket_tip,117.25951385498047,134.5894012451172,0
5,springhinge_arm,51.84459686279297,230.6942138671875,0
6,springhinge_boom,116.4937515258789,205.98362731933594,0
