,name, x, y, z
0,arm,65.51943969726562,204.5296630859375,0
1,body,159.3345489501953,131.13572692871094,0
2,body_back,216.74559020996094,135.1031951904297,0
3,bucket,87.8177719116211,154.2981719970703,0
4,bucket_tip,83.39798736572266,123.0348129272461,0
5,springhinge_arm,50.66368865966797,217.4268798828125,0
6,springhinge_boom,122.8453140258789,192.27195739746094,0
