,name, x, y, z
0,arm,72.36397552490234,215.62928771972656,0
1,body,159.09457397460938,147.87423706054688,0
2,body_back,214.60845947265625,143.80377197265625,0
3,bucket,98.93568420410156,161.37387084960938,0
4,bucket_tip,117.76806640625,134.45884704589844,0
5,springhinge_arm,53.00209045410156,230.33424377441406,0
6,springhinge_boom,116.8956069946289,205.69825744628906,0
