,name, x, y, z
0,arm,73.49747467041016,215.00721740722656,0
1,body,159.14280700683594,148.18275451660156,0
2,body_back,214.56362915039062,143.35618591308594,0
3,bucket,99.74565887451172,161.0911865234375,0
4,bucket_tip,118.38103485107422,134.2989044189453,0
5,springhinge_arm,54.22565841674805,230.0297088623047,0
6,springhinge_boom,117.40210723876953,205.45411682128906,0
