,name, x, y, z
0,arm,74.67185974121094,214.48147583007812,0
1,body,159.20709228515625,148.2752685546875,0
2,body_back,214.47064208984375,142.99862670898438,0
3,bucket,100.59919738769531,160.9396209716797,0
4,bucket_tip,119.13102722167969,134.10488891601562,0
5,springhinge_arm,55.483558654785156,229.89190673828125,0
6,springhinge_boom,117.97101593017578,205.33349609375,0
