,name, x, y, z
0,arm,75.8513412475586,214.24562072753906,0
1,body,159.2919158935547,148.16409301757812,0
2,body_back,214.307861328125,142.76097106933594,0
3,bucket,101.48289489746094,160.9947967529297,0
4,bucket_tip,120.03759765625,133.8734130859375,0
5,springhinge_arm,56.75066375732422,230.0582275390625,0
6,springhinge_boom,118.56594848632812,205.32130432128906,0
