,name, x, y, z
0,arm,77.0083236694336,214.42344665527344,0
1,body,159.39797973632812,147.97181701660156,0
2,body_back,214.0810546875,142.59799194335938,0
3,bucket,102.3809814453125,161.22740173339844,0
4,bucket_tip,121.06822204589844,133.6065216064453,0
5,springhinge_arm,58.029293060302734,230.53977966308594,0
6,springhinge_boom,119.17505645751953,205.34254455566406,0
