,name, x, y, z
0,arm,79.286376953125,215.64979553222656,0
1,body,159.67266845703125,147.4232635498047,0
2,body_back,213.5022735595703,142.39869689941406,0
3,bucket,104.15457153320312,161.9436492919922,0
4,bucket_tip,123.31857299804688,132.97996520996094,0
5,springhinge_arm,60.65761184692383,232.1357421875,0
6,springhinge_boom,120.41256713867188,205.45474243164062,0
