,name, x, y, z
0,arm,81.61094665527344,217.24819946289062,0
1,body,160.02870178222656,146.78903198242188,0
2,body_back,212.86856079101562,142.20562744140625,0
3,bucket,105.78794860839844,162.52423095703125,0
4,bucket_tip,125.51484680175781,132.25228881835938,0
5,springhinge_arm,63.441436767578125,234.05239868164062,0
6,springhinge_boom,121.63690185546875,205.60891723632812,0
