,name, x, y, z
0,arm,82.8261489868164,217.89002990722656,0
1,body,160.23648071289062,146.48988342285156,0
2,body_back,212.5732421875,142.0502166748047,0
3,bucket,106.51068115234375,162.58668518066406,0
4,bucket_tip,126.47754669189453,131.85902404785156,0
5,springhinge_arm,64.9145278930664,234.9341583251953,0
6,springhinge_boom,122.22949981689453,205.6826171875,0
