,name, x, y, z
0,arm,65.718994140625,204.43504333496094,0
1,body,159.54672241210938,131.13726806640625,0
2,body_back,217.0249481201172,134.90101623535156,0
3,bucket,87.99231719970703,154.26376342773438,0
4,bucket_tip,83.41696166992188,123.0604248046875,0
5,springhinge_arm,50.95342254638672,217.43264770507812,0
6,springhinge_boom,123.00179290771484,192.2434844970703,0
