,name, x, y, z
0,arm,85.42633056640625,218.44020080566406,0
1,body,160.70188903808594,145.99667358398438,0
2,body_back,212.08462524414062,141.5502166748047,0
3,bucket,107.71284484863281,162.19117736816406,0
4,bucket_tip,127.97918701171875,131.0360565185547,0
5,springhinge_arm,68.02264404296875,236.2799835205078,0
6,springhinge_boom,123.35455322265625,205.79774475097656,0
