,name, x, y, z
0,arm,86.79568481445312,218.5512237548828,0
1,body,160.94749450683594,145.80007934570312,0
2,body_back,211.889892578125,141.22706604003906,0
3,bucket,108.19696044921875,161.81207275390625,0
4,bucket_tip,128.53309631347656,130.6204833984375,0
5,springhinge_arm,69.6120376586914,236.76539611816406,0
6,springhinge_boom,123.8865966796875,205.8417510986328,0
