,name, x, y, z
0,arm,88.17371368408203,218.61326599121094,0
1,body,161.1930694580078,145.63250732421875,0
2,body_back,211.7252655029297,140.87384033203125,0
3,bucket,108.60859680175781,161.34947204589844,0
4,bucket_tip,128.97230529785156,130.212158203125,0
5,springhinge_arm,71.190673828125,237.15101623535156,0
6,springhinge_boom,124.39881896972656,205.87965393066406,0
