,name, x, y, z
0,arm,89.53041076660156,218.6384735107422,0
1,body,161.4320526123047,145.49070739746094,0
2,body_back,211.58828735351562,140.5044708251953,0
3,bucket,108.9518051147461,160.83139038085938,0
4,bucket_tip,129.30923461914062,129.81846618652344,0
5,springhinge_arm,72.7326889038086,237.45567321777344,0
6,springhinge_boom,124.89149475097656,205.9134521484375,0
