,name, x, y, z
0,arm,90.83568572998047,218.6388702392578,0
1,body,161.6579132080078,145.3714141845703,0
2,body_back,211.4767303466797,140.13302612304688,0
3,bucket,109.23072814941406,160.28599548339844,0
4,bucket_tip,129.55636596679688,129.44691467285156,0
5,springhinge_arm,74.21221923828125,237.69842529296875,0
6,springhinge_boom,125.36497497558594,205.94534301757812,0
