,name, x, y, z
0,arm,92.05941772460938,218.62661743164062,0
1,body,161.8640899658203,145.27142333984375,0
2,body_back,211.38824462890625,139.77359008789062,0
3,bucket,109.44951629638672,159.74148559570312,0
4,bucket_tip,129.72621154785156,129.10498046875,0
5,springhinge_arm,75.60338592529297,237.8982391357422,0
6,springhinge_boom,125.81959533691406,205.97752380371094,0
