,name, x, y, z
0,arm,93.17139434814453,218.61386108398438,0
1,body,162.0440216064453,145.18736267089844,0
2,body_back,211.320556640625,139.44027709960938,0
3,bucket,109.61226654052734,159.22608947753906,0
4,bucket_tip,129.831298828125,128.80015563964844,0
5,springhinge_arm,76.88019561767578,238.07421875,0
6,springhinge_boom,126.25568389892578,206.0120391845703,0
