,name, x, y, z
0,arm,94.93920135498047,218.63543701171875,0
1,body,162.2989044189453,145.05413818359375,0
2,body_back,211.23812866210938,138.90830993652344,0
3,bucket,109.78644561767578,158.3957977294922,0
4,bucket_tip,129.89756774902344,128.331787109375,0
5,springhinge_arm,78.98686981201172,238.43080139160156,0
6,springhinge_boom,127.07369995117188,206.09677124023438,0
