,name, x, y, z
0,arm,65.96316528320312,204.44190979003906,0
1,body,159.78582763671875,131.24673461914062,0
2,body_back,217.32254028320312,134.727294921875,0
3,bucket,88.1770248413086,154.2561798095703,0
4,bucket_tip,83.44126892089844,123.24304962158203,0
5,springhinge_arm,51.328006744384766,217.48548889160156,0
6,springhinge_boom,123.14303588867188,192.22088623046875,0
