,name, x, y, z
0,arm,95.89679718017578,218.80113220214844,0
1,body,162.3699188232422,144.94549560546875,0
2,body_back,211.21075439453125,138.6502685546875,0
3,bucket,109.78658294677734,158.02188110351562,0
4,bucket_tip,129.8559112548828,128.1019287109375,0
5,springhinge_arm,80.32398986816406,238.92117309570312,0
6,springhinge_boom,127.8217544555664,206.216796875,0
