,name, x, y, z
0,arm,95.99596405029297,218.96856689453125,0
1,body,162.3486328125,144.892578125,0
2,body_back,211.21878051757812,138.6193084716797,0
3,bucket,109.70533752441406,158.04510498046875,0
4,bucket_tip,129.77163696289062,128.11671447753906,0
5,springhinge_arm,80.7413330078125,239.2596893310547,0
6,springhinge_boom,128.1702880859375,206.2947540283203,0
