,name, x, y, z
0,arm,95.95427703857422,219.20523071289062,0
1,body,162.3238067626953,144.8389434814453,0
2,body_back,211.24832153320312,138.60836791992188,0
3,bucket,109.53972625732422,158.17654418945312,0
4,bucket_tip,129.5847930908203,128.24325561523438,0
5,springhinge_arm,81.11231231689453,239.6608123779297,0
6,springhinge_boom,128.5018310546875,206.3841094970703,0
