,name, x, y, z
0,arm,95.91427612304688,219.50588989257812,0
1,body,162.29586791992188,144.78416442871094,0
2,body_back,211.29844665527344,138.6153564453125,0
3,bucket,109.29339599609375,158.40377807617188,0
4,bucket_tip,129.3014373779297,128.46868896484375,0
5,springhinge_arm,81.43962860107422,240.11538696289062,0
6,springhinge_boom,128.81614685058594,206.48306274414062,0
