,name, x, y, z
0,arm,95.87570190429688,219.86184692382812,0
1,body,162.26539611816406,144.72793579101562,0
2,body_back,211.36822509765625,138.63821411132812,0
3,bucket,108.96993255615234,158.71438598632812,0
4,bucket_tip,128.92764282226562,128.78030395507812,0
5,springhinge_arm,81.72594451904297,240.6141815185547,0
6,springhinge_boom,129.1129913330078,206.58982849121094,0
