,name, x, y, z
0,arm,95.80193328857422,220.70468139648438,0
1,body,162.19908142089844,144.6097869873047,0
2,body_back,211.56307983398438,138.7230682373047,0
3,bucket,108.10636901855469,159.5356903076172,0
4,bucket_tip,127.93316650390625,129.61065673828125,0
5,springhinge_arm,82.1865005493164,241.70750427246094,0
6,springhinge_boom,129.6535186767578,206.81971740722656,0
