,name, x, y, z
0,arm,95.76626586914062,221.1740264892578,0
1,body,162.16432189941406,144.54718017578125,0
2,body_back,211.68626403808594,138.7809295654297,0
3,bucket,107.57357788085938,160.02146911621094,0
4,bucket_tip,127.32470703125,130.10374450683594,0
5,springhinge_arm,82.36610412597656,242.28358459472656,0
6,springhinge_boom,129.896728515625,206.93931579589844,0
