,name, x, y, z
0,arm,95.73110961914062,221.6636505126953,0
1,body,162.1292724609375,144.48184204101562,0
2,body_back,211.82546997070312,138.8462677001953,0
3,bucket,106.97840118408203,160.54058837890625,0
4,bucket_tip,126.65033721923828,130.63160705566406,0
5,springhinge_arm,82.51564025878906,242.86692810058594,0
6,springhinge_boom,130.1217041015625,207.05958557128906,0
