,name, x, y, z
0,arm,63.994895935058594,200.0491180419922,0
1,body,160.0994110107422,144.72242736816406,0
2,body_back,217.93467712402344,144.5783233642578,0
3,bucket,86.55448913574219,157.85740661621094,0
4,bucket_tip,97.61064147949219,127.82852935791016,0
5,springhinge_arm,49.19342803955078,210.09564208984375,0
6,springhinge_boom,117.40055847167969,195.4132537841797,0
