,name, x, y, z
0,arm,66.24710845947266,204.50857543945312,0
1,body,160.04562377929688,131.4403533935547,0
2,body_back,217.62969970703125,134.57891845703125,0
3,bucket,88.36589050292969,154.2705535888672,0
4,bucket_tip,83.46980285644531,123.54869842529297,0
5,springhinge_arm,51.77146911621094,217.58021545410156,0
6,springhinge_boom,123.27059173583984,192.20411682128906,0
