,name, x, y, z
0,arm,95.69625854492188,222.16476440429688,0
1,body,162.0944061279297,144.4133758544922,0
2,body_back,211.97959899902344,138.91696166992188,0
3,bucket,106.32445526123047,161.08053588867188,0
4,bucket_tip,125.9161148071289,131.18136596679688,0
5,springhinge_arm,82.63771057128906,243.44822692871094,0
6,springhinge_boom,130.3280792236328,207.17877197265625,0
