,name, x, y, z
0,arm,95.66142272949219,222.66854858398438,0
1,body,162.06028747558594,144.34146118164062,0
2,body_back,212.14785766601562,138.99093627929688,0
3,bucket,105.61553192138672,161.62875366210938,0
4,bucket_tip,125.1283187866211,131.7401123046875,0
5,springhinge_arm,82.73515319824219,244.0182647705078,0
6,springhinge_boom,130.51580810546875,207.2951202392578,0
