,name, x, y, z
0,arm,95.62642669677734,223.1662139892578,0
1,body,162.0275421142578,144.2657928466797,0
2,body_back,212.32925415039062,139.06610107421875,0
3,bucket,104.85533142089844,162.1726837158203,0
4,bucket_tip,124.2930908203125,132.29495239257812,0
5,springhinge_arm,82.81067657470703,244.56776428222656,0
6,springhinge_boom,130.68463134765625,207.4068145751953,0
