,name, x, y, z
0,arm,95.59100341796875,223.64892578125,0
1,body,161.99664306640625,144.18597412109375,0
2,body_back,212.5228271484375,139.14028930664062,0
3,bucket,104.04757690429688,162.6997528076172,0
4,bucket_tip,123.41658782958984,132.83291625976562,0
5,springhinge_arm,82.86701202392578,245.0873565673828,0
6,springhinge_boom,130.83432006835938,207.5120391845703,0
