,name, x, y, z
0,arm,95.5549545288086,224.10787963867188,0
1,body,161.9681854248047,144.1017608642578,0
2,body_back,212.7276153564453,139.21145629882812,0
3,bucket,103.19596099853516,163.19735717773438,0
4,bucket_tip,122.5050277709961,133.34112548828125,0
5,springhinge_arm,82.90687561035156,245.5678253173828,0
6,springhinge_boom,130.9646759033203,207.60903930664062,0
