,name, x, y, z
0,arm,95.51798248291016,224.53424072265625,0
1,body,161.94268798828125,144.0127716064453,0
2,body_back,212.94273376464844,139.27748107910156,0
3,bucket,102.30429077148438,163.65293884277344,0
4,bucket_tip,121.56463623046875,133.806640625,0
5,springhinge_arm,82.93305969238281,245.99989318847656,0
6,springhinge_boom,131.0755157470703,207.69606018066406,0
