,name, x, y, z
0,arm,95.47993469238281,224.919189453125,0
1,body,161.9207305908203,143.9186553955078,0
2,body_back,213.1671600341797,139.33616638183594,0
3,bucket,101.37628936767578,164.05386352539062,0
4,bucket_tip,120.60163879394531,134.21646118164062,0
5,springhinge_arm,82.94831085205078,246.3741455078125,0
6,springhinge_boom,131.16665649414062,207.77120971679688,0
