,name, x, y, z
0,arm,95.44053649902344,225.25396728515625,0
1,body,161.90284729003906,143.8191680908203,0
2,body_back,213.3999786376953,139.38552856445312,0
3,bucket,100.41569519042969,164.38763427734375,0
4,bucket_tip,119.6222152709961,134.55775451660156,0
5,springhinge_arm,82.95536041259766,246.68142700195312,0
6,springhinge_boom,131.2378387451172,207.8328094482422,0
