,name, x, y, z
0,arm,95.35678100585938,225.73748779296875,0
1,body,161.8815155029297,143.60247802734375,0
2,body_back,213.8870391845703,139.44764709472656,0
3,bucket,98.41190338134766,164.80316162109375,0
4,bucket_tip,117.63909912109375,134.9828338623047,0
5,springhinge_arm,82.95594024658203,247.05772399902344,0
6,springhinge_boom,131.31973266601562,207.90802001953125,0
