,name, x, y, z
0,arm,66.56401824951172,204.6273651123047,0
1,body,160.31996154785156,131.69432067871094,0
2,body_back,217.9376678466797,134.4527587890625,0
3,bucket,88.55281066894531,154.3020782470703,0
4,bucket_tip,83.50137329101562,123.94332885742188,0
5,springhinge_arm,52.267601013183594,217.7115936279297,0
6,springhinge_boom,123.38589477539062,192.1931915283203,0
