,name, x, y, z
0,arm,95.31194305419922,225.86865234375,0
1,body,161.8791961669922,143.48471069335938,0
2,body_back,214.1393280029297,139.45620727539062,0
3,bucket,97.37622833251953,164.8598175048828,0
4,bucket_tip,116.64788818359375,135.0408172607422,0
5,springhinge_arm,82.95499420166016,247.1082763671875,0
6,springhinge_boom,131.33004760742188,207.91810607910156,0
