,name, x, y, z
0,arm,95.26485443115234,225.91433715820312,0
1,body,161.93252563476562,143.35975646972656,0
2,body_back,214.40167236328125,139.4417266845703,0
3,bucket,96.32804107666016,164.7710723876953,0
4,bucket_tip,115.66901397705078,134.9622344970703,0
5,springhinge_arm,82.90424346923828,247.0433807373047,0
6,springhinge_boom,131.30157470703125,207.86785888671875,0
