,name, x, y, z
0,arm,95.1706771850586,225.82058715820312,0
1,body,162.0802764892578,143.22940063476562,0
2,body_back,214.67620849609375,139.4017791748047,0
3,bucket,95.27665710449219,164.5258026123047,0
4,bucket_tip,114.70784759521484,134.74505615234375,0
5,springhinge_arm,82.76504516601562,246.8590850830078,0
6,springhinge_boom,131.22108459472656,207.7277374267578,0
