,name, x, y, z
0,arm,94.99300384521484,225.5574951171875,0
1,body,162.3061981201172,143.0969696044922,0
2,body_back,214.95858764648438,139.34152221679688,0
3,bucket,94.22682189941406,164.1553955078125,0
4,bucket_tip,113.76358032226562,134.41708374023438,0
5,springhinge_arm,82.55699157714844,246.57090759277344,0
6,springhinge_boom,131.0960235595703,207.51377868652344,0
