,name, x, y, z
0,arm,94.74410247802734,225.1522979736328,0
1,body,162.59353637695312,142.9656524658203,0
2,body_back,215.244384765625,139.2661895751953,0
3,bucket,93.18321228027344,163.69125366210938,0
4,bucket_tip,112.83534240722656,134.0061798095703,0
5,springhinge_arm,82.29962921142578,246.1944122314453,0
6,springhinge_boom,130.93382263183594,207.24192810058594,0
