,name, x, y, z
0,arm,94.08209991455078,224.02435302734375,0
1,body,163.28575134277344,142.71900939941406,0
2,body_back,215.80845642089844,139.09100341796875,0
3,bucket,91.13330841064453,162.60745239257812,0
4,bucket_tip,111.02352905273438,133.04669189453125,0
5,springhinge_arm,81.71517944335938,245.23849487304688,0
6,springhinge_boom,130.52752685546875,206.58847045898438,0
