,name, x, y, z
0,arm,93.6936264038086,223.3560333251953,0
1,body,163.65725708007812,142.6099853515625,0
2,body_back,216.07789611816406,139.00155639648438,0
3,bucket,90.13640594482422,162.05056762695312,0
4,bucket_tip,110.1382827758789,132.55377197265625,0
5,springhinge_arm,81.4272689819336,244.690185546875,0
6,springhinge_boom,130.29832458496094,206.23883056640625,0
