,name, x, y, z
0,arm,93.28329467773438,222.65443420410156,0
1,body,164.02345275878906,142.51478576660156,0
2,body_back,216.33311462402344,138.9178009033203,0
3,bucket,89.16446685791016,161.52560424804688,0
4,bucket_tip,109.26569366455078,132.08917236328125,0
5,springhinge_arm,81.16830444335938,244.1156768798828,0
6,springhinge_boom,130.0616455078125,205.895263671875,0
