,name, x, y, z
0,arm,92.8634262084961,221.94679260253906,0
1,body,164.36764526367188,142.4365234375,0
2,body_back,216.56959533691406,138.8449249267578,0
3,bucket,88.2221450805664,161.06393432617188,0
4,bucket_tip,108.40487670898438,131.68072509765625,0
5,springhinge_arm,80.95785522460938,243.530517578125,0
6,springhinge_boom,129.82485961914062,205.57373046875,0
