,name, x, y, z
0,arm,66.9068832397461,204.79037475585938,0
1,body,160.6025848388672,131.98471069335938,0
2,body_back,218.23782348632812,134.34567260742188,0
3,bucket,88.73175811767578,154.34588623046875,0
4,bucket_tip,83.53490447998047,124.392822265625,0
5,springhinge_arm,52.800445556640625,217.87432861328125,0
6,springhinge_boom,123.49050903320312,192.1880645751953,0
