,name, x, y, z
0,arm,92.44636535644531,221.26028442382812,0
1,body,164.6731414794922,142.37838745117188,0
2,body_back,216.782958984375,138.78811645507812,0
3,bucket,87.31415557861328,160.69696044921875,0
4,bucket_tip,107.55500793457031,131.35618591308594,0
5,springhinge_arm,80.81546783447266,242.95021057128906,0
6,springhinge_boom,129.59542846679688,205.29019165039062,0
