,name, x, y, z
0,arm,92.04441833496094,220.6221160888672,0
1,body,164.92324829101562,142.34353637695312,0
2,body_back,216.96881103515625,138.75259399414062,0
3,bucket,86.44515228271484,160.4561309814453,0
4,bucket_tip,106.71525573730469,131.14344787597656,0
5,springhinge_arm,80.76072692871094,242.3903350830078,0
6,springhinge_boom,129.38075256347656,205.0606689453125,0
