,name, x, y, z
0,arm,91.6699447631836,220.0595245361328,0
1,body,165.1012725830078,142.3351593017578,0
2,body_back,217.1226806640625,138.7435302734375,0
3,bucket,85.61984252929688,160.37278747558594,0
4,bucket_tip,105.88472747802734,131.07029724121094,0
5,springhinge_arm,80.81320190429688,241.86639404296875,0
6,springhinge_boom,129.18824768066406,204.90110778808594,0
