,name, x, y, z
0,arm,91.3352279663086,219.5997314453125,0
1,body,165.23519897460938,142.3483123779297,0
2,body_back,217.25083923339844,138.75634765625,0
3,bucket,84.84175872802734,160.3911895751953,0
4,bucket_tip,105.06268310546875,131.0918426513672,0
5,springhinge_arm,80.93231201171875,241.3907928466797,0
6,springhinge_boom,129.02395629882812,204.7888946533203,0
