,name, x, y, z
0,arm,91.05016326904297,219.2246856689453,0
1,body,165.36505126953125,142.37530517578125,0
2,body_back,217.36422729492188,138.7823486328125,0
3,bucket,84.10987854003906,160.4328155517578,0
4,bucket_tip,104.24852752685547,131.1425323486328,0
5,springhinge_arm,81.064208984375,240.96331787109375,0
6,springhinge_boom,128.88832092285156,204.69015502929688,0
