,name, x, y, z
0,arm,90.62593841552734,218.61013793945312,0
1,body,165.61854553222656,142.4672088623047,0
2,body_back,217.55731201171875,138.8701629638672,0
3,bucket,82.7761459350586,160.57525634765625,0
4,bucket_tip,102.64187622070312,131.31820678710938,0
5,springhinge_arm,81.36539459228516,240.23960876464844,0
6,springhinge_boom,128.69924926757812,204.52938842773438,0
