,name, x, y, z
0,arm,90.37886810302734,218.15347290039062,0
1,body,165.8734893798828,142.603515625,0
2,body_back,217.7232666015625,138.99942016601562,0
3,bucket,81.60134887695312,160.77935791015625,0
4,bucket_tip,101.06069946289062,131.5712432861328,0
5,springhinge_arm,81.71451568603516,239.66864013671875,0
6,springhinge_boom,128.61351013183594,204.4114532470703,0
