,name, x, y, z
0,arm,90.31523895263672,217.97579956054688,0
1,body,166.00523376464844,142.6859893798828,0
2,body_back,217.80276489257812,139.0772247314453,0
3,bucket,81.06815338134766,160.89794921875,0
4,bucket_tip,100.2784194946289,131.7185821533203,0
5,springhinge_arm,81.9063949584961,239.4320831298828,0
6,springhinge_boom,128.60704040527344,204.3662109375,0
