,name, x, y, z
0,arm,67.26890563964844,204.98983764648438,0
1,body,160.8872833251953,132.28759765625,0
2,body_back,218.5214385986328,134.2544403076172,0
3,bucket,88.8966293334961,154.3970489501953,0
4,bucket_tip,83.5691909790039,124.8629379272461,0
5,springhinge_arm,53.35371017456055,218.0631103515625,0
6,springhinge_boom,123.58592987060547,192.1886444091797,0
