,name, x, y, z
0,arm,90.28807067871094,217.8272705078125,0
1,body,166.14178466796875,142.7768096923828,0
2,body_back,217.8834991455078,139.16258239746094,0
3,bucket,80.56822967529297,161.02413940429688,0
4,bucket_tip,99.50098419189453,131.87547302246094,0
5,springhinge_arm,82.10945129394531,239.2238006591797,0
6,springhinge_boom,128.6236114501953,204.32894897460938,0
