,name, x, y, z
0,arm,90.39920806884766,217.5227508544922,0
1,body,166.5948944091797,143.0900421142578,0
2,body_back,218.15960693359375,139.45436096191406,0
3,bucket,79.24638366699219,161.42201232910156,0
4,bucket_tip,97.1926498413086,132.37069702148438,0
5,springhinge_arm,82.78282165527344,238.73475646972656,0
6,springhinge_boom,128.8019561767578,204.25543212890625,0
