,name, x, y, z
0,arm,90.60770416259766,217.40293884277344,0
1,body,166.94798278808594,143.32363891601562,0
2,body_back,218.39869689941406,139.66921997070312,0
3,bucket,78.49181365966797,161.67727661132812,0
4,bucket_tip,95.66865539550781,132.68865966796875,0
5,springhinge_arm,83.28253173828125,238.48876953125,0
6,springhinge_boom,129.01869201660156,204.2292022705078,0
