,name, x, y, z
0,arm,90.74444580078125,217.3577117919922,0
1,body,167.14427185058594,143.44508361816406,0
2,body_back,218.542724609375,139.77992248535156,0
3,bucket,78.14607238769531,161.79409790039062,0
4,bucket_tip,94.90962219238281,132.83419799804688,0
5,springhinge_arm,83.54679107666016,238.3798370361328,0
6,springhinge_boom,129.15357971191406,204.22012329101562,0
