,name, x, y, z
0,arm,90.89937591552734,217.3177490234375,0
1,body,167.35568237304688,143.5684356689453,0
2,body_back,218.7066650390625,139.89154052734375,0
3,bucket,77.8184814453125,161.9001922607422,0
4,bucket_tip,94.1518783569336,132.9664306640625,0
5,springhinge_arm,83.82029724121094,238.2758026123047,0
6,springhinge_boom,129.304931640625,204.21255493164062,0
