,name, x, y, z
0,arm,91.06988525390625,217.27957153320312,0
1,body,167.5836944580078,143.69273376464844,0
2,body_back,218.8931427001953,140.00315856933594,0
3,bucket,77.5068588256836,161.99301147460938,0
4,bucket_tip,93.39490509033203,133.08206176757812,0
5,springhinge_arm,84.102783203125,238.17335510253906,0
6,springhinge_boom,129.47174072265625,204.20553588867188,0
