,name, x, y, z
0,arm,91.25333404541016,217.23974609375,0
1,body,167.8297882080078,143.81704711914062,0
2,body_back,219.10487365722656,140.11378479003906,0
3,bucket,77.2090835571289,162.06988525390625,0
4,bucket_tip,92.6382064819336,133.1778564453125,0
5,springhinge_arm,84.39397430419922,238.0692138671875,0
6,springhinge_boom,129.65313720703125,204.19813537597656,0
