,name, x, y, z
0,arm,67.64307403564453,205.21791076660156,0
1,body,161.1678466796875,132.57899475097656,0
2,body_back,218.77976989746094,134.17599487304688,0
3,bucket,89.04134368896484,154.4507598876953,0
4,bucket_tip,83.60311889648438,125.31947326660156,0
5,springhinge_arm,53.911338806152344,218.2727508544922,0
6,springhinge_boom,123.67366790771484,192.19496154785156,0
