,name, x, y, z
0,arm,91.44715118408203,217.19493103027344,0
1,body,168.0953826904297,143.94052124023438,0
2,body_back,219.34446716308594,140.2225341796875,0
3,bucket,76.92292022705078,162.12826538085938,0
4,bucket_tip,91.88124084472656,133.25054931640625,0
5,springhinge_arm,84.69355010986328,237.95997619628906,0
6,springhinge_boom,129.84811401367188,204.18948364257812,0
