,name, x, y, z
0,arm,91.64871215820312,217.14163208007812,0
1,body,168.3820343017578,144.0621337890625,0
2,body_back,219.61459350585938,140.3284149169922,0
3,bucket,76.64630126953125,162.1654815673828,0
4,bucket_tip,91.12356567382812,133.2968292236328,0
5,springhinge_arm,85.00128173828125,237.84237670898438,0
6,springhinge_boom,130.05577087402344,204.17857360839844,0
