,name, x, y, z
0,arm,91.85539245605469,217.07643127441406,0
1,body,168.69117736816406,144.1810760498047,0
2,body_back,219.91798400878906,140.43052673339844,0
3,bucket,76.37701416015625,162.1790008544922,0
4,bucket_tip,90.36461639404297,133.31350708007812,0
5,springhinge_arm,85.31687927246094,237.71310424804688,0
6,springhinge_boom,130.27516174316406,204.16456604003906,0
