,name, x, y, z
0,arm,92.27423095703125,216.89718627929688,0
1,body,169.3512725830078,144.407470703125,0
2,body_back,220.59031677246094,140.62014770507812,0
3,bucket,75.85541534423828,162.1781463623047,0
4,bucket_tip,88.84252166748047,133.30543518066406,0
5,springhinge_arm,85.97074127197266,237.40960693359375,0
6,springhinge_boom,130.7464141845703,204.12338256835938,0
