,name, x, y, z
0,arm,92.48428344726562,216.7789764404297,0
1,body,169.69436645507812,144.51341247558594,0
2,body_back,220.94827270507812,140.70631408691406,0
3,bucket,75.60328674316406,162.17471313476562,0
4,bucket_tip,88.0802001953125,133.29318237304688,0
5,springhinge_arm,86.30828094482422,237.2333221435547,0
6,springhinge_boom,130.99740600585938,204.0939483642578,0
