,name, x, y, z
0,arm,92.6949691772461,216.64059448242188,0
1,body,170.04537963867188,144.61436462402344,0
2,body_back,221.3196563720703,140.78672790527344,0
3,bucket,75.35716247558594,162.16903686523438,0
4,bucket_tip,87.31745910644531,133.27540588378906,0
5,springhinge_arm,86.65218353271484,237.04042053222656,0
6,springhinge_boom,131.25790405273438,204.0579833984375,0
