,name, x, y, z
0,arm,92.9063949584961,216.48211669921875,0
1,body,170.40367126464844,144.71046447753906,0
2,body_back,221.70352172851562,140.86160278320312,0
3,bucket,75.11711883544922,162.16122436523438,0
4,bucket_tip,86.5545654296875,133.25228881835938,0
5,springhinge_arm,87.00187683105469,236.83099365234375,0
6,springhinge_boom,131.52734375,204.01522827148438,0
