,name, x, y, z
0,arm,93.11873626708984,216.30364990234375,0
1,body,170.7686004638672,144.80177307128906,0
2,body_back,222.09898376464844,140.93112182617188,0
3,bucket,74.88326263427734,162.15126037597656,0
4,bucket_tip,85.79183959960938,133.22402954101562,0
5,springhinge_arm,87.35679626464844,236.60496520996094,0
6,springhinge_boom,131.8051300048828,203.96539306640625,0
