,name, x, y, z
0,arm,93.33206939697266,216.10528564453125,0
1,body,171.13958740234375,144.888427734375,0
2,body_back,222.50514221191406,140.9954833984375,0
3,bucket,74.65572357177734,162.1392059326172,0
4,bucket_tip,85.02959442138672,133.1907958984375,0
5,springhinge_arm,87.71640014648438,236.36239624023438,0
6,springhinge_boom,132.09071350097656,203.9081573486328,0
