,name, x, y, z
0,arm,68.02250671386719,205.46676635742188,0
1,body,161.43798828125,132.83493041992188,0
2,body_back,219.0041046142578,134.1071319580078,0
3,bucket,89.15977478027344,154.50209045410156,0
4,bucket_tip,83.63552856445312,125.72808074951172,0
5,springhinge_arm,54.45703887939453,218.49790954589844,0
6,springhinge_boom,123.75524139404297,192.20692443847656,0
