,name, x, y, z
0,arm,93.54656982421875,215.8871307373047,0
1,body,171.51596069335938,144.97048950195312,0
2,body_back,222.92112731933594,141.0548858642578,0
3,bucket,74.43463134765625,162.12509155273438,0
4,bucket_tip,84.26807403564453,133.15274047851562,0
5,springhinge_arm,88.08011627197266,236.1033172607422,0
6,springhinge_boom,132.3834686279297,203.84326171875,0
