,name, x, y, z
0,arm,93.76235961914062,215.64920043945312,0
1,body,171.8971405029297,145.0480499267578,0
2,body_back,223.3460235595703,141.1095428466797,0
3,bucket,74.22008514404297,162.10894775390625,0
4,bucket_tip,83.50760650634766,133.1100616455078,0
5,springhinge_arm,88.44738006591797,235.82769775390625,0
6,springhinge_boom,132.68287658691406,203.7704315185547,0
