,name, x, y, z
0,arm,93.97957611083984,215.39163208007812,0
1,body,172.28245544433594,145.12124633789062,0
2,body_back,223.77894592285156,141.1596221923828,0
3,bucket,74.01216888427734,162.0908203125,0
4,bucket_tip,82.74848937988281,133.0629119873047,0
5,springhinge_arm,88.81761169433594,235.5355987548828,0
6,springhinge_boom,132.98831176757812,203.68939208984375,0
