,name, x, y, z
0,arm,94.41880798339844,214.81796264648438,0
1,body,173.06314086914062,145.25485229492188,0
2,body_back,224.6653289794922,141.24693298339844,0
3,bucket,73.61683654785156,162.048828125,0
4,bucket_tip,81.2354736328125,132.9559783935547,0
5,springhinge_arm,89.56483459472656,234.90196228027344,0
6,springhinge_boom,133.61505126953125,203.50140380859375,0
