,name, x, y, z
0,arm,94.64108276367188,214.50201416015625,0
1,body,173.45721435546875,145.31549072265625,0
2,body_back,225.11695861816406,141.2845458984375,0
3,bucket,73.42957305908203,162.02503967285156,0
4,bucket_tip,80.48213958740234,132.89654541015625,0
5,springhinge_arm,89.94065856933594,234.5604705810547,0
6,springhinge_boom,133.9351806640625,203.3939666748047,0
