,name, x, y, z
0,arm,94.86531829833984,214.1667938232422,0
1,body,173.85296630859375,145.37210083007812,0
2,body_back,225.57305908203125,141.31838989257812,0
3,bucket,73.24944305419922,161.99940490722656,0
4,bucket_tip,79.7313461303711,132.83335876464844,0
5,springhinge_arm,90.31723022460938,234.20254516601562,0
6,springhinge_boom,134.25901794433594,203.27711486816406,0
