,name, x, y, z
0,arm,95.09162139892578,213.81234741210938,0
1,body,174.24974060058594,145.42478942871094,0
2,body_back,226.03269958496094,141.3486785888672,0
3,bucket,73.07649230957031,161.97198486328125,0
4,bucket_tip,78.98334503173828,132.76657104492188,0
5,springhinge_arm,90.6939468383789,233.82818603515625,0
6,springhinge_boom,134.5860137939453,203.15060424804688,0
