,name, x, y, z
0,arm,95.32014465332031,213.4387969970703,0
1,body,174.64695739746094,145.47369384765625,0
2,body_back,226.49502563476562,141.37557983398438,0
3,bucket,72.91092681884766,161.94285583496094,0
4,bucket_tip,78.23845672607422,132.69639587402344,0
5,springhinge_arm,91.0703125,233.43739318847656,0
6,springhinge_boom,134.9156036376953,203.01412963867188,0
