,name, x, y, z
0,arm,95.55103302001953,213.0462188720703,0
1,body,175.04397583007812,145.51890563964844,0
2,body_back,226.95916748046875,141.39935302734375,0
3,bucket,72.75282287597656,161.91201782226562,0
4,bucket_tip,77.49701690673828,132.62301635742188,0
5,springhinge_arm,91.44574737548828,233.0302734375,0
6,springhinge_boom,135.2472381591797,202.86746215820312,0
