,name, x, y, z
0,arm,96.0204086303711,212.204345703125,0
1,body,175.8349151611328,145.59854125976562,0
2,body_back,227.8891143798828,141.43812561035156,0
3,bucket,72.45935821533203,161.8453826904297,0
4,bucket_tip,76.02547454833984,132.46725463867188,0
5,springhinge_arm,92.19146728515625,232.16685485839844,0
6,springhinge_boom,135.9141387939453,202.54226684570312,0
