,name, x, y, z
0,arm,96.2591552734375,211.7552490234375,0
1,body,176.22760009765625,145.6331787109375,0
2,body_back,228.35316467285156,141.45355224609375,0
3,bucket,72.32424926757812,161.8096923828125,0
4,bucket_tip,75.29600524902344,132.38523864746094,0
5,springhinge_arm,92.56066131591797,231.7106475830078,0
6,springhinge_boom,136.248291015625,202.36317443847656,0
