,name, x, y, z
0,arm,96.50077056884766,211.2874755859375,0
1,body,176.6175994873047,145.66448974609375,0
2,body_back,228.81546020507812,141.4666290283203,0
3,bucket,72.19709777832031,161.77243041992188,0
4,bucket_tip,74.57113647460938,132.3007049560547,0
5,springhinge_arm,92.92668151855469,231.23809814453125,0
6,springhinge_boom,136.58216857910156,202.17269897460938,0
