,name, x, y, z
0,arm,96.74542999267578,210.8011016845703,0
1,body,177.00424194335938,145.69256591796875,0
2,body_back,229.2750244140625,141.4774932861328,0
3,bucket,72.07789611816406,161.7336883544922,0
4,bucket_tip,73.85111236572266,132.2138214111328,0
5,springhinge_arm,93.2889175415039,230.7492218017578,0
6,springhinge_boom,136.91513061523438,201.97056579589844,0
