,name, x, y, z
0,arm,96.99321746826172,210.2962188720703,0
1,body,177.3870086669922,145.717529296875,0
2,body_back,229.7310333251953,141.4864044189453,0
3,bucket,71.96687316894531,161.6934814453125,0
4,bucket_tip,73.13632202148438,132.12477111816406,0
5,springhinge_arm,93.6468734741211,230.24407958984375,0
6,springhinge_boom,137.24667358398438,201.7565155029297,0
