,name, x, y, z
0,arm,97.24430847167969,209.77294921875,0
1,body,177.76515197753906,145.73941040039062,0
2,body_back,230.1825408935547,141.49351501464844,0
3,bucket,71.86405944824219,161.65182495117188,0
4,bucket_tip,72.42696380615234,132.03370666503906,0
5,springhinge_arm,93.9999008178711,229.7226104736328,0
6,springhinge_boom,137.57614135742188,201.53016662597656,0
