,name, x, y, z
0,arm,97.49880981445312,209.23133850097656,0
1,body,178.13815307617188,145.7583770751953,0
2,body_back,230.62869262695312,141.49905395507812,0
3,bucket,71.76963806152344,161.6088104248047,0
4,bucket_tip,71.72338104248047,131.9408416748047,0
5,springhinge_arm,94.34752655029297,229.18492126464844,0
6,springhinge_boom,137.90301513671875,201.29136657714844,0
