,name, x, y, z
0,arm,97.75687408447266,208.6715087890625,0
1,body,178.50531005859375,145.77452087402344,0
2,body_back,231.06858825683594,141.50320434570312,0
3,bucket,71.68367767333984,161.56442260742188,0
4,bucket_tip,71.0258560180664,131.8463134765625,0
5,springhinge_arm,94.68912506103516,228.63095092773438,0
6,springhinge_boom,138.22669982910156,201.0397186279297,0
