,name, x, y, z
0,arm,98.01859283447266,208.09353637695312,0
1,body,178.8660430908203,145.78793334960938,0
2,body_back,231.50132751464844,141.50619506835938,0
3,bucket,71.60629272460938,161.51878356933594,0
4,bucket_tip,70.33470153808594,131.7503662109375,0
5,springhinge_arm,95.024169921875,228.06077575683594,0
6,springhinge_boom,138.54661560058594,200.77500915527344,0
