,name, x, y, z
0,arm,68.76919555664062,205.9951629638672,0
1,body,161.92201232910156,133.1439971923828,0
2,body_back,219.3155975341797,133.9854736328125,0
3,bucket,89.29334259033203,154.57801818847656,0
4,bucket_tip,83.69112396240234,126.26394653320312,0
5,springhinge_arm,55.44781494140625,218.9735565185547,0
6,springhinge_boom,123.9059829711914,192.24766540527344,0
