,name, x, y, z
0,arm,98.28414154052734,207.4975128173828,0
1,body,179.21975708007812,145.79864501953125,0
2,body_back,231.92604064941406,141.50819396972656,0
3,bucket,71.53764343261719,161.4718475341797,0
4,bucket_tip,69.65022277832031,131.65309143066406,0
5,springhinge_arm,95.35210418701172,227.47434997558594,0
6,springhinge_boom,138.86221313476562,200.49693298339844,0
