,name, x, y, z
0,arm,98.55366516113281,206.88352966308594,0
1,body,179.56576538085938,145.8068389892578,0
2,body_back,232.34176635742188,141.5093994140625,0
3,bucket,71.4777603149414,161.42367553710938,0
4,bucket_tip,68.97266387939453,131.5546875,0
5,springhinge_arm,95.67232513427734,226.8717498779297,0
6,springhinge_boom,139.17286682128906,200.2052001953125,0
