,name, x, y, z
0,arm,98.82723236083984,206.2516632080078,0
1,body,179.90345764160156,145.81256103515625,0
2,body_back,232.74766540527344,141.510009765625,0
3,bucket,71.42681121826172,161.37432861328125,0
4,bucket_tip,68.30235290527344,131.45535278320312,0
5,springhinge_arm,95.98429107666016,226.2529296875,0
6,springhinge_boom,139.47801208496094,199.89947509765625,0
