,name, x, y, z
0,arm,99.10503387451172,205.6019744873047,0
1,body,180.2322540283203,145.81593322753906,0
2,body_back,233.14285278320312,141.51022338867188,0
3,bucket,71.38492584228516,161.32383728027344,0
4,bucket_tip,67.63959503173828,131.3552703857422,0
5,springhinge_arm,96.28746032714844,225.6179656982422,0
6,springhinge_boom,139.77711486816406,199.5795440673828,0
