,name, x, y, z
0,arm,99.673828125,204.2496337890625,0
1,body,180.86074829101562,145.80860900878906,0
2,body_back,233.89767456054688,141.5061492919922,0
3,bucket,71.32524108886719,161.20542907714844,0
4,bucket_tip,66.33781433105469,131.1527862548828,0
5,springhinge_arm,96.86945343017578,224.2989959716797,0
6,springhinge_boom,140.35362243652344,198.89537048339844,0
