,name, x, y, z
0,arm,99.9576416015625,203.54661560058594,0
1,body,181.1602325439453,145.7837677001953,0
2,body_back,234.25668334960938,141.49407958984375,0
3,bucket,71.30059814453125,161.1101837158203,0
4,bucket_tip,65.69927215576172,131.04940795898438,0
5,springhinge_arm,97.15628814697266,223.61444091796875,0
6,springhinge_boom,140.6281280517578,198.5303955078125,0
