,name, x, y, z
0,arm,100.23146057128906,202.8258819580078,0
1,body,181.45037841796875,145.74322509765625,0
2,body_back,234.60379028320312,141.47434997558594,0
3,bucket,71.27816772460938,160.98768615722656,0
4,bucket_tip,65.0691146850586,130.94454956054688,0
5,springhinge_arm,97.44187927246094,222.9138946533203,0
6,springhinge_boom,140.8931884765625,198.15113830566406,0
