,name, x, y, z
0,arm,100.4955825805664,202.08853149414062,0
1,body,181.7316131591797,145.6876220703125,0
2,body_back,234.93927001953125,141.44729614257812,0
3,bucket,71.25785064697266,160.8391876220703,0
4,bucket_tip,64.447509765625,130.83836364746094,0
5,springhinge_arm,97.72634887695312,222.19813537597656,0
6,springhinge_boom,141.1489715576172,197.7584686279297,0
