,name, x, y, z
0,arm,69.12252044677734,206.25900268554688,0
1,body,162.13565063476562,133.20326232910156,0
2,body_back,219.4169158935547,133.92848205566406,0
3,bucket,89.31993103027344,154.60049438476562,0
4,bucket_tip,83.715087890625,126.39889526367188,0
5,springhinge_arm,55.87680435180664,219.2143096923828,0
6,springhinge_boom,123.97798919677734,192.27635192871094,0
