,name, x, y, z
0,arm,100.9959945678711,200.56869506835938,0
1,body,182.26902770996094,145.53411865234375,0
2,body_back,235.57656860351562,141.37261962890625,0
3,bucket,71.22348022460938,160.4691162109375,0
4,bucket_tip,63.23051834106445,130.62274169921875,0
5,springhinge_arm,98.29256439208984,220.72398376464844,0
6,springhinge_boom,141.6334228515625,196.9366455078125,0
