,name, x, y, z
0,arm,101.46141052246094,198.99623107910156,0
1,body,182.77584838867188,145.3286590576172,0
2,body_back,236.17095947265625,141.2726593017578,0
3,bucket,71.19686889648438,160.009765625,0
4,bucket_tip,62.04946517944336,130.40367126464844,0
5,springhinge_arm,98.85594940185547,219.19802856445312,0
6,springhinge_boom,142.08274841308594,196.07228088378906,0
