,name, x, y, z
0,arm,101.68173217773438,198.19309997558594,0
1,body,183.018798828125,145.20816040039062,0
2,body_back,236.4528045654297,141.2140350341797,0
3,bucket,71.18627166748047,159.7496795654297,0
4,bucket_tip,61.47272491455078,130.29322814941406,0
5,springhinge_arm,99.13689422607422,218.4175262451172,0
6,springhinge_boom,142.29461669921875,195.62643432617188,0
