,name, x, y, z
0,arm,101.89424896240234,197.3802947998047,0
1,body,183.25535583496094,145.07672119140625,0
2,body_back,236.72476196289062,141.15008544921875,0
3,bucket,71.1773681640625,159.47096252441406,0
4,bucket_tip,60.9053840637207,130.18238830566406,0
5,springhinge_arm,99.41751098632812,217.62631225585938,0
6,springhinge_boom,142.49815368652344,195.17269897460938,0
