,name, x, y, z
0,arm,102.0992431640625,196.55886840820312,0
1,body,183.48593139648438,144.93504333496094,0
2,body_back,236.98724365234375,141.08116149902344,0
3,bucket,71.170166015625,159.17486572265625,0
4,bucket_tip,60.34759521484375,130.0712890625,0
5,springhinge_arm,99.69796752929688,216.8251953125,0
6,springhinge_boom,142.69354248046875,194.71205139160156,0
