,name, x, y, z
0,arm,102.29705047607422,195.72999572753906,0
1,body,183.71096801757812,144.7837677001953,0
2,body_back,237.240478515625,141.00755310058594,0
3,bucket,71.16451263427734,158.86257934570312,0
4,bucket_tip,59.79947280883789,129.9600830078125,0
5,springhinge_arm,99.97836303710938,216.014892578125,0
6,springhinge_boom,142.88095092773438,194.24530029296875,0
