,name, x, y, z
0,arm,102.48798370361328,194.89483642578125,0
1,body,183.93084716796875,144.6236572265625,0
2,body_back,237.48475646972656,140.92967224121094,0
3,bucket,71.1603775024414,158.5353546142578,0
4,bucket_tip,59.26115798950195,129.8489532470703,0
5,springhinge_arm,100.25883483886719,215.19622802734375,0
6,springhinge_boom,143.06051635742188,193.7735137939453,0
