,name, x, y, z
0,arm,102.67230224609375,194.0545654296875,0
1,body,184.14598083496094,144.455322265625,0
2,body_back,237.72036743164062,140.84776306152344,0
3,bucket,71.15762329101562,158.19442749023438,0
4,bucket_tip,58.73281478881836,129.73800659179688,0
5,springhinge_arm,100.53948974609375,214.36985778808594,0
6,springhinge_boom,143.2323760986328,193.29745483398438,0
