,name, x, y, z
0,arm,102.85035705566406,193.2102508544922,0
1,body,184.35684204101562,144.27947998046875,0
2,body_back,237.94761657714844,140.76222229003906,0
3,bucket,71.15624237060547,157.84103393554688,0
4,bucket_tip,58.21453857421875,129.62744140625,0
5,springhinge_arm,100.82051086425781,213.53662109375,0
6,springhinge_boom,143.39671325683594,192.8181915283203,0
