,name, x, y, z
0,arm,103.02245330810547,192.3630828857422,0
1,body,184.56382751464844,144.09678649902344,0
2,body_back,238.1668701171875,140.67332458496094,0
3,bucket,71.15619659423828,157.47634887695312,0
4,bucket_tip,57.706546783447266,129.51734924316406,0
5,springhinge_arm,101.10201263427734,212.6972198486328,0
6,springhinge_boom,143.55374145507812,192.3365020751953,0
