,name, x, y, z
0,arm,103.18891906738281,191.5142059326172,0
1,body,184.76731872558594,143.90794372558594,0
2,body_back,238.37831115722656,140.58145141601562,0
3,bucket,71.15730285644531,157.10166931152344,0
4,bucket_tip,57.208866119384766,129.40792846679688,0
5,springhinge_arm,101.38407135009766,211.85243225097656,0
6,springhinge_boom,143.70350646972656,191.8533935546875,0
