,name, x, y, z
0,arm,103.35005187988281,190.6647186279297,0
1,body,184.96778869628906,143.71365356445312,0
2,body_back,238.5823516845703,140.4869384765625,0
3,bucket,71.15959167480469,156.7182159423828,0
4,bucket_tip,56.72176742553711,129.29933166503906,0
5,springhinge_arm,101.66690063476562,211.0030517578125,0
6,springhinge_boom,143.8462677001953,191.36981201171875,0
