,name, x, y, z
0,arm,103.50614929199219,189.8158721923828,0
1,body,185.16561889648438,143.51455688476562,0
2,body_back,238.7791748046875,140.3900604248047,0
3,bucket,71.16293334960938,156.3271484375,0
4,bucket_tip,56.24528503417969,129.19166564941406,0
5,springhinge_arm,101.95057678222656,210.14974975585938,0
6,springhinge_boom,143.98211669921875,190.8865509033203,0
