,name, x, y, z
0,arm,103.65753173828125,188.9686737060547,0
1,body,185.36123657226562,143.31138610839844,0
2,body_back,238.9691619873047,140.2912139892578,0
3,bucket,71.16726684570312,155.92977905273438,0
4,bucket_tip,55.77962875366211,129.0851287841797,0
5,springhinge_arm,102.2352523803711,209.29336547851562,0
6,springhinge_boom,144.11123657226562,190.40464782714844,0
