,name, x, y, z
0,arm,103.80451202392578,188.12437438964844,0
1,body,185.5550537109375,143.10476684570312,0
2,body_back,239.15257263183594,140.19068908691406,0
3,bucket,71.17253112792969,155.52731323242188,0
4,bucket_tip,55.32489013671875,128.97984313964844,0
5,springhinge_arm,102.52105712890625,208.4346160888672,0
6,springhinge_boom,144.23379516601562,189.9249725341797,0
