,name, x, y, z
0,arm,103.9473876953125,187.2840576171875,0
1,body,185.74754333496094,142.89544677734375,0
2,body_back,239.32972717285156,140.0888671875,0
3,bucket,71.17864990234375,155.12094116210938,0
4,bucket_tip,54.88124084472656,128.87599182128906,0
5,springhinge_arm,102.80812072753906,207.5742645263672,0
6,springhinge_boom,144.3499298095703,189.448486328125,0
