,name, x, y, z
0,arm,104.22216796875,185.62001037597656,0
1,body,186.13003540039062,142.4713134765625,0
2,body_back,239.6664276123047,139.8825225830078,0
3,bucket,71.19317626953125,154.30154418945312,0
4,bucket_tip,54.02776336669922,128.67311096191406,0
5,springhinge_arm,103.38652038574219,205.85177612304688,0
6,springhinge_boom,144.5636444091797,188.5086212158203,0
