,name, x, y, z
0,arm,104.35465240478516,184.79855346679688,0
1,body,186.32089233398438,142.2578582763672,0
2,body_back,239.82655334472656,139.77867126464844,0
3,bucket,71.2013931274414,153.89093017578125,0
4,bucket_tip,53.61817169189453,128.5743865966797,0
5,springhinge_arm,103.67811584472656,204.99114990234375,0
6,springhinge_boom,144.66148376464844,188.04708862304688,0
