,name, x, y, z
0,arm,63.884490966796875,200.15008544921875,0
1,body,160.01364135742188,144.59095764160156,0
2,body_back,217.75526428222656,144.4149169921875,0
3,bucket,86.46793365478516,157.9170684814453,0
4,bucket_tip,97.62367248535156,127.82206726074219,0
5,springhinge_arm,49.01830291748047,210.24705505371094,0
6,springhinge_boom,117.36957550048828,195.4073028564453,0
