,name, x, y, z
0,arm,69.76496124267578,206.7571258544922,0
1,body,162.54356384277344,133.30120849609375,0
2,body_back,219.6198272705078,133.8238067626953,0
3,bucket,89.37431335449219,154.63548278808594,0
4,bucket_tip,83.76425170898438,126.64097595214844,0
5,springhinge_arm,56.63990020751953,219.6935577392578,0
6,springhinge_boom,124.11811828613281,192.34909057617188,0
