,name, x, y, z
0,arm,104.4842758178711,183.98568725585938,0
1,body,186.5120849609375,142.04443359375,0
2,body_back,239.9816131591797,139.67483520507812,0
3,bucket,71.210205078125,153.4813690185547,0
4,bucket_tip,53.22023010253906,128.47767639160156,0
5,springhinge_arm,103.97150421142578,204.1319580078125,0
6,springhinge_boom,144.75357055664062,187.59239196777344,0
