,name, x, y, z
0,arm,104.61137390136719,183.1825408935547,0
1,body,186.70399475097656,141.83169555664062,0
2,body_back,240.1318817138672,139.5713348388672,0
3,bucket,71.21949768066406,153.0740966796875,0
4,bucket_tip,52.83412170410156,128.38314819335938,0
5,springhinge_arm,104.26683044433594,203.27496337890625,0
6,springhinge_boom,144.8400421142578,187.14549255371094,0
