,name, x, y, z
0,arm,104.73625946044922,182.3902587890625,0
1,body,186.89703369140625,141.6203155517578,0
2,body_back,240.27767944335938,139.468505859375,0
3,bucket,71.22920227050781,152.67031860351562,0
4,bucket_tip,52.45986557006836,128.29095458984375,0
5,springhinge_arm,104.56414794921875,202.42088317871094,0
6,springhinge_boom,144.92103576660156,186.70724487304688,0
