,name, x, y, z
0,arm,104.85921478271484,181.60995483398438,0
1,body,187.09164428710938,141.41098022460938,0
2,body_back,240.4192657470703,139.3666534423828,0
3,bucket,71.23925018310547,152.27125549316406,0
4,bucket_tip,52.09769821166992,128.2012176513672,0
5,springhinge_arm,104.86366271972656,201.5704803466797,0
6,springhinge_boom,144.99673461914062,186.27857971191406,0
