,name, x, y, z
0,arm,105.10064697265625,180.09002685546875,0
1,body,187.4872589111328,141.00119018554688,0
2,body_back,240.69110107421875,139.1672821044922,0
3,bucket,71.26011657714844,151.4922637939453,0
4,bucket_tip,51.41014099121094,128.02976989746094,0
5,springhinge_arm,105.46976470947266,199.88385009765625,0
6,springhinge_boom,145.1328582763672,185.4537353515625,0
