,name, x, y, z
0,arm,105.21971893310547,179.35263061523438,0
1,body,187.68905639648438,140.80210876464844,0
2,body_back,240.8219451904297,139.07041931152344,0
3,bucket,71.27076721191406,151.11477661132812,0
4,bucket_tip,51.084983825683594,127.94835662841797,0
5,springhinge_arm,105.77657318115234,199.049072265625,0
6,springhinge_boom,145.19357299804688,185.0593719482422,0
