,name, x, y, z
0,arm,105.338134765625,178.6318359375,0
1,body,187.8941192626953,140.60780334472656,0
2,body_back,240.94976806640625,138.9759063720703,0
3,bucket,71.28147888183594,150.74693298339844,0
4,bucket_tip,50.7724723815918,127.87002563476562,0
5,springhinge_arm,106.0860824584961,198.2210235595703,0
6,springhinge_boom,145.24964904785156,184.6782989501953,0
