,name, x, y, z
0,arm,105.45620727539062,177.92874145507812,0
1,body,188.1028594970703,140.4189453125,0
2,body_back,241.07492065429688,138.88400268554688,0
3,bucket,71.29218292236328,150.38998413085938,0
4,bucket_tip,50.47274398803711,127.79490661621094,0
5,springhinge_arm,106.39845275878906,197.40048217773438,0
6,springhinge_boom,145.3012237548828,184.3114013671875,0
