,name, x, y, z
0,arm,70.05479431152344,206.99044799804688,0
1,body,162.73817443847656,133.3403778076172,0
2,body_back,219.7214813232422,133.77581787109375,0
3,bucket,89.40150451660156,154.6481475830078,0
4,bucket_tip,83.78887176513672,126.7485580444336,0
5,springhinge_arm,56.9769401550293,219.9314727783203,0
6,springhinge_boom,124.18668365478516,192.39247131347656,0
