,name, x, y, z
0,arm,105.69246673583984,176.58035278320312,0
1,body,188.53292846679688,140.0604248046875,0
2,body_back,241.3182373046875,138.70957946777344,0
3,bucket,71.313232421875,149.713623046875,0
4,bucket_tip,49.91209411621094,127.65498352050781,0
5,springhinge_arm,107.0321273803711,195.78480529785156,0
6,springhinge_boom,145.39141845703125,183.62387084960938,0
