,name, x, y, z
0,arm,105.8113021850586,175.93731689453125,0
1,body,188.75515747070312,139.89210510253906,0
2,body_back,241.43710327148438,138.62771606445312,0
3,bucket,71.32345581054688,149.39669799804688,0
4,bucket_tip,49.65147399902344,127.59048461914062,0
5,springhinge_arm,107.353759765625,194.99122619628906,0
6,springhinge_boom,145.43040466308594,183.30508422851562,0
