,name, x, y, z
0,arm,105.93104553222656,175.31658935546875,0
1,body,188.98268127441406,139.73196411132812,0
2,body_back,241.5543670654297,138.54978942871094,0
3,bucket,71.3333511352539,149.09555053710938,0
4,bucket_tip,49.40420150756836,127.52980041503906,0
5,springhinge_arm,107.67870330810547,194.2081298828125,0
6,springhinge_boom,145.4654998779297,183.004150390625,0
