,name, x, y, z
0,arm,106.05194091796875,174.71932983398438,0
1,body,189.2159881591797,139.58070373535156,0
2,body_back,241.67047119140625,138.4761962890625,0
3,bucket,71.3428955078125,148.81141662597656,0
4,bucket_tip,49.170372009277344,127.47309112548828,0
5,springhinge_arm,108.00716400146484,193.436279296875,0
6,springhinge_boom,145.49688720703125,182.7220001220703,0
