,name, x, y, z
0,arm,106.29863739013672,173.59967041015625,0
1,body,189.7015380859375,139.3076171875,0
2,body_back,241.90023803710938,138.3433380126953,0
3,bucket,71.36054992675781,148.29917907714844,0
4,bucket_tip,48.74368667602539,127.37228393554688,0
5,springhinge_arm,108.67504119873047,191.92942810058594,0
6,springhinge_boom,145.5491180419922,182.21780395507812,0
