,name, x, y, z
0,arm,106.42498016357422,173.07958984375,0
1,body,189.95462036132812,139.18710327148438,0
2,body_back,242.01446533203125,138.2847137451172,0
3,bucket,71.36849975585938,148.0735321044922,0
4,bucket_tip,48.551116943359375,127.32845306396484,0
5,springhinge_arm,109.01471710205078,191.1959228515625,0
6,springhinge_boom,145.57029724121094,181.99755859375,0
