,name, x, y, z
0,arm,106.55381774902344,172.58755493164062,0
1,body,190.2151336669922,139.07823181152344,0
2,body_back,242.1287078857422,138.2317352294922,0
3,bucket,71.37580871582031,147.86981201171875,0
4,bucket_tip,48.37256622314453,127.28921508789062,0
5,springhinge_arm,109.3584213256836,190.4767303466797,0
6,springhinge_boom,145.58839416503906,181.7997589111328,0
