,name, x, y, z
0,arm,106.68538665771484,172.1246795654297,0
1,body,190.48350524902344,138.9816436767578,0
2,body_back,242.24319458007812,138.1847686767578,0
3,bucket,71.38237762451172,147.6892547607422,0
4,bucket_tip,48.20819091796875,127.25471496582031,0
5,springhinge_arm,109.70624542236328,189.7725372314453,0
6,springhinge_boom,145.60354614257812,181.6253662109375,0
