,name, x, y, z
0,arm,106.82001495361328,171.69207763671875,0
1,body,190.7601318359375,138.89804077148438,0
2,body_back,242.3582763671875,138.1440887451172,0
3,bucket,71.38811492919922,147.53311157226562,0
4,bucket_tip,48.0581169128418,127.22510528564453,0
5,springhinge_arm,110.05834197998047,189.0841522216797,0
6,springhinge_boom,145.615966796875,181.47528076171875,0
