,name, x, y, z
0,arm,106.95801544189453,171.2909698486328,0
1,body,191.04547119140625,138.82810974121094,0
2,body_back,242.47422790527344,138.11004638671875,0
3,bucket,71.39299774169922,147.40260314941406,0
4,bucket_tip,47.922508239746094,127.2005386352539,0
5,springhinge_arm,110.41485595703125,188.41233825683594,0
6,springhinge_boom,145.62576293945312,181.3504180908203,0
