,name, x, y, z
0,arm,107.0997085571289,170.92242431640625,0
1,body,191.3399200439453,138.77252197265625,0
2,body_back,242.59133911132812,138.08299255371094,0
3,bucket,71.39692687988281,147.29893493652344,0
4,bucket_tip,47.80147933959961,127.18115997314453,0
5,springhinge_arm,110.77588653564453,187.75779724121094,0
6,springhinge_boom,145.6331024169922,181.25169372558594,0
