,name, x, y, z
0,arm,107.24539184570312,170.58763122558594,0
1,body,191.64385986328125,138.7319793701172,0
2,body_back,242.70989990234375,138.0632781982422,0
3,bucket,71.39978790283203,147.22337341308594,0
4,bucket_tip,47.69518280029297,127.1671371459961,0
5,springhinge_arm,111.14158630371094,187.12136840820312,0
6,springhinge_boom,145.6381378173828,181.1800537109375,0
