,name, x, y, z
0,arm,107.5499496459961,170.0238800048828,0
1,body,192.2820281982422,138.69873046875,0
2,body_back,242.95262145996094,138.04710388183594,0
3,bucket,71.40216827392578,147.1614532470703,0
4,bucket_tip,47.52729797363281,127.15574645996094,0
5,springhinge_arm,111.88746643066406,185.90570068359375,0
6,springhinge_boom,145.6419677734375,181.12161254882812,0
