,name, x, y, z
0,arm,107.70948791503906,169.79718017578125,0
1,body,192.61390686035156,138.84092712402344,0
2,body_back,243.0780792236328,138.05189514160156,0
3,bucket,71.42278289794922,147.1802978515625,0
4,bucket_tip,47.46479415893555,127.15776062011719,0
5,springhinge_arm,112.26467895507812,185.3325653076172,0
6,springhinge_boom,145.6066436767578,181.124267578125,0
