,name, x, y, z
0,arm,107.89268493652344,169.6087646484375,0
1,body,192.93551635742188,139.20233154296875,0
2,body_back,243.20791625976562,138.06512451171875,0
3,bucket,71.47428131103516,147.24908447265625,0
4,bucket_tip,47.407615661621094,127.17192077636719,0
5,springhinge_arm,112.6250991821289,184.80621337890625,0
6,springhinge_boom,145.5183563232422,181.13632202148438,0
