,name, x, y, z
0,arm,108.10079193115234,169.45802307128906,0
1,body,193.2244873046875,139.6851348876953,0
2,body_back,243.34295654296875,138.08494567871094,0
3,bucket,71.54122924804688,147.38629150390625,0
4,bucket_tip,47.344688415527344,127.21036529541016,0
5,springhinge_arm,112.94562530517578,184.35226440429688,0
6,springhinge_boom,145.40359497070312,181.16383361816406,0
