,name, x, y, z
0,arm,108.48783874511719,169.26341247558594,0
1,body,193.61534118652344,140.6237030029297,0
2,body_back,243.6316680908203,138.1373291015625,0
3,bucket,71.65967559814453,147.93984985351562,0
4,bucket_tip,47.157344818115234,127.40864562988281,0
5,springhinge_arm,113.37464141845703,183.76397705078125,0
6,springhinge_boom,145.20053100585938,181.28945922851562,0
