,name, x, y, z
0,arm,70.57706451416016,207.42666625976562,0
1,body,163.109619140625,133.40042114257812,0
2,body_back,219.92520141601562,133.68788146972656,0
3,bucket,89.45429229736328,154.66436767578125,0
4,bucket_tip,83.8366470336914,126.93807983398438,0
5,springhinge_arm,57.56949234008789,220.40264892578125,0
6,springhinge_boom,124.32192993164062,192.49169921875,0
