,name, x, y, z
0,arm,108.61488342285156,169.21652221679688,0
1,body,193.6725616455078,140.88385009765625,0
2,body_back,243.7869415283203,138.16629028320312,0
3,bucket,71.6802749633789,148.39308166503906,0
4,bucket_tip,47.01082229614258,127.59276580810547,0
5,springhinge_arm,113.43692779541016,183.6808319091797,0
6,springhinge_boom,145.1652069091797,181.3997344970703,0
