,name, x, y, z
0,arm,108.66300964355469,169.20123291015625,0
1,body,193.67007446289062,141.0208282470703,0
2,body_back,243.95040893554688,138.19480895996094,0
3,bucket,71.6512451171875,148.98365783691406,0
4,bucket_tip,46.81635284423828,127.91388702392578,0
5,springhinge_arm,113.43694305419922,183.72689819335938,0
6,springhinge_boom,145.17269897460938,181.5480499267578,0
