,name, x, y, z
0,arm,108.65715026855469,169.42576599121094,0
1,body,193.6521759033203,141.2681884765625,0
2,body_back,244.30126953125,138.24940490722656,0
3,bucket,71.42697143554688,150.5508270263672,0
4,bucket_tip,46.282562255859375,129.13119506835938,0
5,springhinge_arm,113.43705749511719,184.07785034179688,0
6,springhinge_boom,145.23095703125,181.9518585205078,0
