,name, x, y, z
0,arm,108.64910888671875,169.69544982910156,0
1,body,193.63816833496094,141.3791961669922,0
2,body_back,244.48822021484375,138.2756805419922,0
3,bucket,71.2372055053711,151.50759887695312,0
4,bucket_tip,45.94587326049805,130.00025939941406,0
5,springhinge_arm,113.43718719482422,184.3709259033203,0
6,springhinge_boom,145.28070068359375,182.20188903808594,0
