,name, x, y, z
0,arm,108.636962890625,170.0603485107422,0
1,body,193.6217498779297,141.48214721679688,0
2,body_back,244.6825408935547,138.30142211914062,0
3,bucket,70.99932861328125,152.56674194335938,0
4,bucket_tip,45.56442642211914,131.02493286132812,0
5,springhinge_arm,113.43743133544922,184.73460388183594,0
6,springhinge_boom,145.34347534179688,182.4803924560547,0
