,name, x, y, z
0,arm,108.62026977539062,170.51307678222656,0
1,body,193.60365295410156,141.57736206054688,0
2,body_back,244.88397216796875,138.32672119140625,0
3,bucket,70.71609497070312,153.71827697753906,0
4,bucket_tip,45.13949966430664,132.191650390625,0
5,springhinge_arm,113.43780517578125,185.16297912597656,0
6,springhinge_boom,145.41880798339844,182.78466796875,0
