,name, x, y, z
0,arm,108.59854888916016,171.04635620117188,0
1,body,193.58448791503906,141.66510009765625,0
2,body_back,245.09225463867188,138.35165405273438,0
3,bucket,70.39016723632812,154.9523468017578,0
4,bucket_tip,44.6723518371582,133.48687744140625,0
5,springhinge_arm,113.43829345703125,185.65013122558594,0
6,springhinge_boom,145.506103515625,183.1119842529297,0
