,name, x, y, z
0,arm,108.57127380371094,171.65281677246094,0
1,body,193.5650634765625,141.7457275390625,0
2,body_back,245.30718994140625,138.37640380859375,0
3,bucket,70.02435302734375,156.2591094970703,0
4,bucket_tip,44.164390563964844,134.89710998535156,0
5,springhinge_arm,113.4389877319336,186.1902618408203,0
6,springhinge_boom,145.60491943359375,183.45970153808594,0
