,name, x, y, z
0,arm,108.53797912597656,172.3252410888672,0
1,body,193.54598999023438,141.8195037841797,0
2,body_back,245.5285186767578,138.4010009765625,0
3,bucket,69.62132263183594,157.6286163330078,0
4,bucket_tip,43.61683654785156,136.4087677001953,0
5,springhinge_arm,113.43985748291016,186.77740478515625,0
6,springhinge_boom,145.7146759033203,183.8250274658203,0
