,name, x, y, z
0,arm,70.8115463256836,207.62986755371094,0
1,body,163.28677368164062,133.4217529296875,0
2,body_back,220.02732849121094,133.6476593017578,0
3,bucket,89.47930145263672,154.6680908203125,0
4,bucket_tip,83.8592300415039,127.0204849243164,0
5,springhinge_arm,57.8280143737793,220.63536071777344,0
6,springhinge_boom,124.38908386230469,192.54690551757812,0
