,name, x, y, z
0,arm,108.4981918334961,173.05616760253906,0
1,body,193.5280303955078,141.88673400878906,0
2,body_back,245.75596618652344,138.42556762695312,0
3,bucket,69.18376922607422,159.05104064941406,0
4,bucket_tip,43.03099822998047,138.00831604003906,0
5,springhinge_arm,113.44091796875,187.40573120117188,0
6,springhinge_boom,145.8348388671875,184.20529174804688,0
