,name, x, y, z
0,arm,108.33480072021484,175.52728271484375,0
1,body,193.48780822753906,142.05226135253906,0
2,body_back,246.47279357910156,138.5001678466797,0
3,bucket,67.69165802001953,163.5368194580078,0
4,bucket_tip,41.05707550048828,143.19915771484375,0
5,springhinge_arm,113.44570922851562,189.47894287109375,0
6,springhinge_boom,146.25282287597656,185.40858459472656,0
