,name, x, y, z
0,arm,108.09526062011719,178.261962890625,0
1,body,193.4828338623047,142.1697998046875,0
2,body_back,247.2362060546875,138.5782470703125,0
3,bucket,65.9874496459961,168.142822265625,0
4,bucket_tip,38.78578567504883,148.69398498535156,0
5,springhinge_arm,113.45330047607422,191.71090698242188,0
6,springhinge_boom,146.74594116210938,186.64871215820312,0
