,name, x, y, z
0,arm,107.99620056152344,179.19793701171875,0
1,body,193.49229431152344,142.19973754882812,0
2,body_back,247.4998779296875,138.60552978515625,0
3,bucket,65.38496398925781,169.6587677001953,0
4,bucket_tip,37.968685150146484,150.5299835205078,0
5,springhinge_arm,113.45655822753906,192.46275329589844,0
6,springhinge_boom,146.92457580566406,187.05763244628906,0
