,name, x, y, z
0,arm,107.88670349121094,180.1339111328125,0
1,body,193.5084991455078,142.22555541992188,0
2,body_back,247.76779174804688,138.6336212158203,0
3,bucket,64.76984405517578,171.14852905273438,0
4,bucket_tip,37.1237907409668,152.34559631347656,0
5,springhinge_arm,113.46025085449219,193.20870971679688,0
6,springhinge_boom,147.1094970703125,187.45982360839844,0
