,name, x, y, z
0,arm,107.76632690429688,181.0625457763672,0
1,body,193.53211975097656,142.24754333496094,0
2,body_back,248.03964233398438,138.66262817382812,0
3,bucket,64.14478302001953,172.60223388671875,0
4,bucket_tip,36.252384185791016,154.12733459472656,0
5,springhinge_arm,113.46434020996094,193.94290161132812,0
6,springhinge_boom,147.3001251220703,187.85255432128906,0
