,name, x, y, z
0,arm,107.63453674316406,181.9765625,0
1,body,193.5638885498047,142.26602172851562,0
2,body_back,248.3152313232422,138.692626953125,0
3,bucket,63.51251220703125,174.00999450683594,0
4,bucket_tip,35.35576248168945,155.8616485595703,0
5,springhinge_arm,113.46890258789062,194.65945434570312,0
6,springhinge_boom,147.49600219726562,188.2331085205078,0
