,name, x, y, z
0,arm,107.49087524414062,182.8686065673828,0
1,body,193.60452270507812,142.28128051757812,0
2,body_back,248.5942840576172,138.72372436523438,0
3,bucket,62.87578201293945,175.3619384765625,0
4,bucket_tip,34.43526077270508,157.53497314453125,0
5,springhinge_arm,113.47395324707031,195.35247802734375,0
6,springhinge_boom,147.69656372070312,188.59877014160156,0
