,name, x, y, z
0,arm,107.33483123779297,183.73135375976562,0
1,body,193.65467834472656,142.2936248779297,0
2,body_back,248.87657165527344,138.75604248046875,0
3,bucket,62.237308502197266,176.64816284179688,0
4,bucket_tip,33.49213790893555,159.13380432128906,0
5,springhinge_arm,113.4794921875,196.01609802246094,0
6,springhinge_boom,147.9013214111328,188.94688415527344,0
