,name, x, y, z
0,arm,106.78758239746094,186.07064819335938,0
1,body,193.86953735351562,142.3162078857422,0
2,body_back,249.74044799804688,138.861328125,0
3,bucket,60.338645935058594,180.01376342773438,0
4,bucket_tip,30.540260314941406,163.34793090820312,0
5,springhinge_arm,113.49938201904297,197.7716827392578,0
6,springhinge_boom,148.535400390625,189.8585662841797,0
