,name, x, y, z
0,arm,106.5771713256836,186.74302673339844,0
1,body,193.9649200439453,142.3199462890625,0
2,body_back,250.0332489013672,138.89956665039062,0
3,bucket,59.720428466796875,180.93836975097656,0
4,bucket_tip,29.51978302001953,164.51345825195312,0
5,springhinge_arm,113.5071792602539,198.2588653564453,0
6,springhinge_boom,148.75161743164062,190.1092529296875,0
