,name, x, y, z
0,arm,106.11140441894531,187.88279724121094,0
1,body,194.19566345214844,142.32350158691406,0
2,body_back,250.62472534179688,138.98129272460938,0
3,bucket,58.52243423461914,182.4322509765625,0
4,bucket_tip,27.4320011138916,166.40438842773438,0
5,springhinge_arm,113.5246810913086,199.0509033203125,0
6,springhinge_boom,149.18829345703125,190.5145263671875,0
