,name, x, y, z
0,arm,105.85505676269531,188.33554077148438,0
1,body,194.3323974609375,142.3239288330078,0
2,body_back,250.9228515625,139.02500915527344,0
3,bucket,57.94807434082031,182.98178100585938,0
4,bucket_tip,26.367244720458984,167.10275268554688,0
5,springhinge_arm,113.53439331054688,199.343994140625,0
6,springhinge_boom,149.40765380859375,190.66366577148438,0
