,name, x, y, z
0,arm,71.23258209228516,208.00755310058594,0
1,body,163.62498474121094,133.44845581054688,0
2,body_back,220.23208618164062,133.57394409179688,0
3,bucket,89.52490234375,154.6672821044922,0
4,bucket_tip,83.90017700195312,127.16182708740234,0
5,springhinge_arm,58.27693176269531,221.09368896484375,0
6,springhinge_boom,124.52349853515625,192.6668701171875,0
