,name, x, y, z
0,arm,105.58245086669922,188.70040893554688,0
1,body,194.48431396484375,142.3238525390625,0
2,body_back,251.22232055664062,139.07077026367188,0
3,bucket,57.39382553100586,183.3865509033203,0
4,bucket_tip,25.290346145629883,167.61834716796875,0
5,springhinge_arm,113.54485321044922,199.5606231689453,0
6,springhinge_boom,149.62705993652344,190.7735595703125,0
