,name, x, y, z
0,arm,104.98645782470703,189.13729858398438,0
1,body,194.83651733398438,142.3234100341797,0
2,body_back,251.82415771484375,139.16880798339844,0
3,bucket,56.35638427734375,183.72222900390625,0
4,bucket_tip,23.105287551879883,168.04705810546875,0
5,springhinge_arm,113.5678939819336,199.74098205566406,0
6,springhinge_boom,150.0637664794922,190.8647003173828,0
