,name, x, y, z
0,arm,104.66207885742188,189.1946258544922,0
1,body,195.05975341796875,142.36566162109375,0
2,body_back,252.1066131591797,139.26083374023438,0
3,bucket,55.92313003540039,183.73049926757812,0
4,bucket_tip,22.056861877441406,168.0537872314453,0
5,springhinge_arm,113.59532928466797,199.7492218017578,0
6,springhinge_boom,150.24635314941406,190.8795623779297,0
