,name, x, y, z
0,arm,104.34918212890625,189.2040557861328,0
1,body,195.31735229492188,142.48226928710938,0
2,body_back,252.35203552246094,139.4298858642578,0
3,bucket,55.600135803222656,183.7527618408203,0
4,bucket_tip,21.111360549926758,168.0719757080078,0
5,springhinge_arm,113.64917755126953,199.77191162109375,0
6,springhinge_boom,150.36288452148438,190.92184448242188,0
