,name, x, y, z
0,arm,104.0743179321289,189.2300567626953,0
1,body,195.5832977294922,142.6608428955078,0
2,body_back,252.56253051757812,139.66932678222656,0
3,bucket,55.3754768371582,183.78515625,0
4,bucket_tip,20.2633056640625,168.09861755371094,0
5,springhinge_arm,113.72367095947266,199.80604553222656,0
6,springhinge_boom,150.41818237304688,190.98814392089844,0
