,name, x, y, z
0,arm,103.8329086303711,189.26931762695312,0
1,body,195.8551483154297,142.89402770996094,0
2,body_back,252.7402801513672,139.97232055664062,0
3,bucket,55.236793518066406,183.82383728027344,0
4,bucket_tip,19.506555557250977,168.1306915283203,0
5,springhinge_arm,113.81291198730469,199.84861755371094,0
6,springhinge_boom,150.41712951660156,191.07501220703125,0
