,name, x, y, z
0,arm,103.62023162841797,189.31851196289062,0
1,body,196.1304168701172,143.1742401123047,0
2,body_back,252.88768005371094,140.3319091796875,0
3,bucket,55.17148208618164,183.86488342285156,0
4,bucket_tip,18.834638595581055,168.16510009765625,0
5,springhinge_arm,113.9110336303711,199.89654541015625,0
6,springhinge_boom,150.36485290527344,191.17884826660156,0
