,name, x, y, z
0,arm,103.43138122558594,189.3742218017578,0
1,body,196.40676879882812,143.4940185546875,0
2,body_back,253.00723266601562,140.74114990234375,0
3,bucket,55.16703796386719,183.90452575683594,0
4,bucket_tip,18.240825653076172,168.1989288330078,0
5,springhinge_arm,114.01234436035156,199.94686889648438,0
6,springhinge_boom,150.2666015625,191.29623413085938,0
