,name, x, y, z
0,arm,103.26153564453125,189.43313598632812,0
1,body,196.68185424804688,143.84576416015625,0
2,body_back,253.10145568847656,141.19309997558594,0
3,bucket,55.2106819152832,183.93894958496094,0
4,bucket_tip,17.718013763427734,168.2292022705078,0
5,springhinge_arm,114.11104583740234,199.99658203125,0
6,springhinge_boom,150.1276092529297,191.4236602783203,0
