,name, x, y, z
0,arm,71.4212646484375,208.1824188232422,0
1,body,163.78636169433594,133.45428466796875,0
2,body_back,220.3348388671875,133.54017639160156,0
3,bucket,89.5448989868164,154.66290283203125,0
4,bucket_tip,83.9179916381836,127.22123718261719,0
5,springhinge_arm,58.47037887573242,221.31875610351562,0
6,springhinge_boom,124.59127044677734,192.73097229003906,0
