,name, x, y, z
0,arm,103.10572052001953,189.49192810058594,0
1,body,196.95350646972656,144.2220458984375,0
2,body_back,253.1729278564453,141.68087768554688,0
3,bucket,55.2898063659668,183.96449279785156,0
4,bucket_tip,17.258987426757812,168.25296020507812,0
5,springhinge_arm,114.2015609741211,200.04275512695312,0
6,springhinge_boom,149.95310974121094,191.55764770507812,0
