,name, x, y, z
0,arm,102.9590072631836,189.54739379882812,0
1,body,197.21957397460938,144.6155548095703,0
2,body_back,253.2242431640625,142.1977996826172,0
3,bucket,55.391929626464844,183.9774932861328,0
4,bucket_tip,16.85637664794922,168.2674560546875,0
5,springhinge_arm,114.27835083007812,200.08250427246094,0
6,springhinge_boom,149.74832153320312,191.6948699951172,0
