,name, x, y, z
0,arm,102.81645965576172,189.5963134765625,0
1,body,197.47801208496094,145.01901245117188,0
2,body_back,253.25808715820312,142.73727416992188,0
3,bucket,55.50471496582031,183.97442626953125,0
4,bucket_tip,16.502761840820312,168.26983642578125,0
5,springhinge_arm,114.33601379394531,200.1130828857422,0
6,springhinge_boom,149.51837158203125,191.83203125,0
