,name, x, y, z
0,arm,102.52436828613281,189.662109375,0
1,body,197.9644775390625,145.82801818847656,0
2,body_back,253.28355407714844,143.8584747314453,0
3,bucket,55.71384811401367,183.90614318847656,0
4,bucket_tip,15.912759780883789,168.22740173339844,0
5,springhinge_arm,114.373046875,200.1356201171875,0
6,springhinge_boom,149.00311279296875,192.0933074951172,0
