,name, x, y, z
0,arm,102.36518859863281,189.6729736328125,0
1,body,198.18885803222656,146.22007751464844,0
2,body_back,253.28036499023438,144.4280548095703,0
3,bucket,55.78664779663086,183.83424377441406,0
4,bucket_tip,15.661646842956543,168.1773223876953,0
5,springhinge_arm,114.34223937988281,200.12228393554688,0
6,springhinge_boom,148.72755432128906,192.21127319335938,0
