,name, x, y, z
0,arm,102.19098663330078,189.66525268554688,0
1,body,198.3984375,146.59518432617188,0
2,body_back,253.26983642578125,144.995849609375,0
3,bucket,55.822845458984375,183.732666015625,0
4,bucket_tip,15.429858207702637,168.1045379638672,0
5,springhinge_arm,114.2718276977539,200.08905029296875,0
6,springhinge_boom,148.44630432128906,192.3167266845703,0
