,name, x, y, z
0,arm,101.99697875976562,189.63601684570312,0
1,body,198.59165954589844,146.9470672607422,0
2,body_back,253.2545623779297,145.55630493164062,0
3,bucket,55.81120300292969,183.5982666015625,0
4,bucket_tip,15.210256576538086,168.00650024414062,0
5,springhinge_arm,114.15702056884766,200.03346252441406,0
6,springhinge_boom,148.16392517089844,192.4068145751953,0
