,name, x, y, z
0,arm,101.7785873413086,189.58253479003906,0
1,body,198.76693725585938,147.2696075439453,0
2,body_back,253.2368621826172,146.10406494140625,0
3,bucket,55.74064636230469,183.42774963378906,0
4,bucket_tip,14.995660781860352,167.88070678710938,0
5,springhinge_arm,113.99295806884766,199.9529266357422,0
6,springhinge_boom,147.8848419189453,192.4787139892578,0
