,name, x, y, z
0,arm,101.53118896484375,189.501953125,0
1,body,198.92282104492188,147.55697631835938,0
2,body_back,253.21917724609375,146.6339569091797,0
3,bucket,55.600181579589844,183.2178955078125,0
4,bucket_tip,14.77896785736084,167.7245635986328,0
5,springhinge_arm,113.77479553222656,199.84495544433594,0
6,springhinge_boom,147.6133270263672,192.5295867919922,0
