,name, x, y, z
0,arm,71.59676361083984,208.3482208251953,0
1,body,163.94285583496094,133.4554443359375,0
2,body_back,220.43775939941406,133.50823974609375,0
3,bucket,89.56258392333984,154.6559600830078,0
4,bucket_tip,83.93354797363281,127.2734146118164,0
5,springhinge_arm,58.64512634277344,221.5406494140625,0
6,springhinge_boom,124.6596450805664,192.79736328125,0
