,name, x, y, z
0,arm,101.25020599365234,189.39149475097656,0
1,body,199.05789184570312,147.80331420898438,0
2,body_back,253.20379638671875,147.14097595214844,0
3,bucket,55.37896728515625,182.9654541015625,0
4,bucket_tip,14.553167343139648,167.53558349609375,0
5,springhinge_arm,113.49773406982422,199.70701599121094,0
6,springhinge_boom,147.3535919189453,192.5566864013672,0
