,name, x, y, z
0,arm,100.9310073852539,189.2484130859375,0
1,body,199.17076110839844,148.00296020507812,0
2,body_back,253.1930694580078,147.62026977539062,0
3,bucket,55.0661735534668,182.66708374023438,0
4,bucket_tip,14.311271667480469,167.31114196777344,0
5,springhinge_arm,113.15692901611328,199.5365753173828,0
6,springhinge_boom,147.10964965820312,192.55726623535156,0
