,name, x, y, z
0,arm,100.15930938720703,188.8531036376953,0
1,body,199.3243408203125,148.23977661132812,0
2,body_back,253.19451904296875,148.4769744873047,0
3,bucket,54.1221809387207,181.91908264160156,0
4,bucket_tip,13.751324653625488,166.7454071044922,0
5,springhinge_arm,112.26399993896484,199.08792114257812,0
6,springhinge_boom,146.68515014648438,192.46807861328125,0
