,name, x, y, z
0,arm,99.69730377197266,188.59515380859375,0
1,body,199.3623504638672,148.265869140625,0
2,body_back,253.2112274169922,148.8451690673828,0
3,bucket,53.46884536743164,181.4623260498047,0
4,bucket_tip,13.41942310333252,166.39852905273438,0
5,springhinge_arm,111.70156860351562,198.80429077148438,0
6,springhinge_boom,146.51242065429688,192.37269592285156,0
