,name, x, y, z
0,arm,99.17798614501953,188.29299926757812,0
1,body,199.37265014648438,148.22286987304688,0
2,body_back,253.24159240722656,149.1671905517578,0
3,bucket,52.67936706542969,180.9453582763672,0
4,bucket_tip,13.043437957763672,166.00509643554688,0
5,springhinge_arm,111.0545425415039,198.4774169921875,0
6,springhinge_boom,146.37115478515625,192.23968505859375,0
