,name, x, y, z
0,arm,98.59620666503906,187.94349670410156,0
1,body,199.35369873046875,148.10504150390625,0
2,body_back,253.28787231445312,149.43850708007812,0
3,bucket,51.7419319152832,180.3641815185547,0
4,bucket_tip,12.616226196289062,165.56198120117188,0
5,springhinge_arm,110.31714630126953,198.10427856445312,0
6,springhinge_boom,146.2653350830078,192.06610107421875,0
