,name, x, y, z
0,arm,97.9466552734375,187.54339599609375,0
1,body,199.3040771484375,147.9065399169922,0
2,body_back,253.3524169921875,149.65443420410156,0
3,bucket,50.64409255981445,179.7144775390625,0
4,bucket_tip,12.130423545837402,165.0657958984375,0
5,springhinge_arm,109.48321533203125,197.68162536621094,0
6,springhinge_boom,146.19883728027344,191.8488006591797,0
