,name, x, y, z
0,arm,97.22364044189453,187.0891571044922,0
1,body,199.22213745117188,147.62118530273438,0
2,body_back,253.4375762939453,149.81031799316406,0
3,bucket,49.372840881347656,178.9916534423828,0
4,bucket_tip,11.578371047973633,164.5130157470703,0
5,springhinge_arm,108.54615020751953,197.20614624023438,0
6,springhinge_boom,146.17578125,191.5845947265625,0
