,name, x, y, z
0,arm,96.42119598388672,186.57704162597656,0
1,body,198.84642028808594,147.28700256347656,0
2,body_back,253.81027221679688,149.9341278076172,0
3,bucket,47.97227096557617,178.21629333496094,0
4,bucket_tip,10.993517875671387,163.92787170410156,0
5,springhinge_arm,107.52593994140625,196.69866943359375,0
6,springhinge_boom,146.2865447998047,191.2943572998047,0
