,name, x, y, z
0,arm,71.76020812988281,208.50515747070312,0
1,body,164.09463500976562,133.4522247314453,0
2,body_back,220.54095458984375,133.47802734375,0
3,bucket,89.57768249511719,154.64662170410156,0
4,bucket_tip,83.9466323852539,127.31867980957031,0
5,springhinge_arm,58.802696228027344,221.75926208496094,0
6,springhinge_boom,124.72892761230469,192.86573791503906,0
