,name, x, y, z
0,arm,95.55801391601562,186.0333251953125,0
1,body,198.0982666015625,146.95968627929688,0
2,body_back,254.51480102539062,150.06002807617188,0
3,bucket,46.6357536315918,177.4229736328125,0
4,bucket_tip,10.444438934326172,163.34042358398438,0
5,springhinge_arm,106.54313659667969,196.21315002441406,0
6,springhinge_boom,146.50375366210938,191.02406311035156,0
