,name, x, y, z
0,arm,94.72991943359375,185.52658081054688,0
1,body,197.2597198486328,146.6622772216797,0
2,body_back,255.21939086914062,150.1924285888672,0
3,bucket,45.57357406616211,176.6275634765625,0
4,bucket_tip,9.975959777832031,162.75547790527344,0
5,springhinge_arm,105.74179077148438,195.79525756835938,0
6,springhinge_boom,146.6546630859375,190.80783081054688,0
