,name, x, y, z
0,arm,94.04662322998047,185.11619567871094,0
1,body,196.63491821289062,146.424072265625,0
2,body_back,255.5923614501953,150.3357391357422,0
3,bucket,44.996028900146484,175.8460235595703,0
4,bucket_tip,9.633042335510254,162.17787170410156,0
5,springhinge_arm,105.26589965820312,195.49078369140625,0
6,springhinge_boom,146.56655883789062,190.6797332763672,0
