,name, x, y, z
0,arm,93.61771392822266,184.86167907714844,0
1,body,196.20877075195312,146.23312377929688,0
2,body_back,255.64205932617188,150.4932098388672,0
3,bucket,44.714656829833984,175.0912322998047,0
4,bucket_tip,9.425213813781738,161.6110076904297,0
5,springhinge_arm,104.97476196289062,195.2681121826172,0
6,springhinge_boom,146.2715301513672,190.60963439941406,0
