,name, x, y, z
0,arm,93.32791137695312,184.71522521972656,0
1,body,195.76492309570312,146.0575714111328,0
2,body_back,255.6036376953125,150.66334533691406,0
3,bucket,44.40657424926758,174.36416625976562,0
4,bucket_tip,9.32976245880127,161.05271911621094,0
5,springhinge_arm,104.6357421875,195.06460571289062,0
6,springhinge_boom,145.92147827148438,190.54432678222656,0
