,name, x, y, z
0,arm,92.62125396728516,184.47731018066406,0
1,body,194.83265686035156,145.74937438964844,0
2,body_back,255.2967987060547,151.03067016601562,0
3,bucket,43.74465560913086,172.98455810546875,0
4,bucket_tip,9.461652755737305,159.947265625,0
5,springhinge_arm,103.83856201171875,194.7106475830078,0
6,springhinge_boom,145.0842742919922,190.4253692626953,0
