,name, x, y, z
0,arm,92.21820068359375,184.3812713623047,0
1,body,194.3484344482422,145.6151580810547,0
2,body_back,255.0454864501953,151.22244262695312,0
3,bucket,43.40790557861328,172.32777404785156,0
4,bucket_tip,9.681859016418457,159.3928680419922,0
5,springhinge_arm,103.3925552368164,194.55824279785156,0
6,springhinge_boom,144.61109924316406,190.3704833984375,0
