,name, x, y, z
0,arm,91.79117584228516,184.29747009277344,0
1,body,193.85498046875,145.49317932128906,0
2,body_back,254.7404327392578,151.41604614257812,0
3,bucket,43.07874298095703,171.69020080566406,0
4,bucket_tip,10.00027084350586,158.83250427246094,0
5,springhinge_arm,102.92312622070312,194.4208526611328,0
6,springhinge_boom,144.11094665527344,190.3178253173828,0
