,name, x, y, z
0,arm,91.34712219238281,184.22357177734375,0
1,body,193.3544158935547,145.38262939453125,0
2,body_back,254.39012145996094,151.6087188720703,0
3,bucket,42.76572036743164,171.06967163085938,0
4,bucket_tip,10.41323471069336,158.26258850097656,0
5,springhinge_arm,102.43636322021484,194.29747009277344,0
6,springhinge_boom,143.59078979492188,190.26678466796875,0
