,name, x, y, z
0,arm,63.76490020751953,200.26080322265625,0
1,body,159.92127990722656,144.44996643066406,0
2,body_back,217.56251525878906,144.2405548095703,0
3,bucket,86.37570190429688,157.9814453125,0
4,bucket_tip,97.63758850097656,127.81505584716797,0
5,springhinge_arm,48.83164978027344,210.41053771972656,0
6,springhinge_boom,117.3363265991211,195.40081787109375,0
