,name, x, y, z
0,arm,71.9126205444336,208.65338134765625,0
1,body,164.24188232421875,133.44480895996094,0
2,body_back,220.64439392089844,133.4494171142578,0
3,bucket,89.58983612060547,154.63494873046875,0
4,bucket_tip,83.95687866210938,127.35723114013672,0
5,springhinge_arm,58.944602966308594,221.97418212890625,0
6,springhinge_boom,124.79928588867188,192.9357452392578,0
