,name, x, y, z
0,arm,90.43550109863281,184.09646606445312,0
1,body,192.3404083251953,145.19277954101562,0
2,body_back,253.58822631835938,151.9805145263672,0
3,bucket,42.22243881225586,169.8713836669922,0
4,bucket_tip,11.508803367614746,157.07952880859375,0
5,springhinge_arm,101.43527221679688,194.08865356445312,0
6,springhinge_boom,142.51849365234375,190.1669158935547,0
