,name, x, y, z
0,arm,89.98172760009766,184.03863525390625,0
1,body,191.83120727539062,145.1118927001953,0
2,body_back,253.15379333496094,152.15423583984375,0
3,bucket,42.009315490722656,169.2893524169922,0
4,bucket_tip,12.184311866760254,156.45916748046875,0
5,springhinge_arm,100.93319702148438,194.001220703125,0
6,springhinge_boom,141.9803924560547,190.1168975830078,0
