,name, x, y, z
0,arm,89.53855895996094,183.98158264160156,0
1,body,191.3233184814453,145.03932189941406,0
2,body_back,252.7084503173828,152.3162078857422,0
3,bucket,41.84661102294922,168.71592712402344,0
4,bucket_tip,12.94020938873291,155.814697265625,0
5,springhinge_arm,100.43819427490234,193.92372131347656,0
6,springhinge_boom,141.4503173828125,190.06593322753906,0
