,name, x, y, z
0,arm,89.11288452148438,183.92300415039062,0
1,body,190.8188934326172,144.97430419921875,0
2,body_back,252.26083374023438,152.4637451171875,0
3,bucket,41.74291229248047,168.14895629882812,0
4,bucket_tip,13.772943496704102,155.142578125,0
5,springhinge_arm,99.95639038085938,193.85516357421875,0
6,springhinge_boom,140.93527221679688,190.01345825195312,0
