,name, x, y, z
0,arm,88.71154022216797,183.86058044433594,0
1,body,190.3199920654297,144.91604614257812,0
2,body_back,251.81939697265625,152.5941162109375,0
3,bucket,41.706748962402344,167.5863494873047,0
4,bucket_tip,14.678977966308594,154.4391326904297,0
5,springhinge_arm,99.493896484375,193.79454040527344,0
6,springhinge_boom,140.44224548339844,189.95877075195312,0
