,name, x, y, z
0,arm,88.34148406982422,183.7920684814453,0
1,body,189.828857421875,144.86376953125,0
2,body_back,251.3928985595703,152.70462036132812,0
3,bucket,41.74681091308594,167.0259552001953,0
4,bucket_tip,15.654839515686035,153.7007293701172,0
5,springhinge_arm,99.05686950683594,193.7408447265625,0
6,springhinge_boom,139.9783477783203,189.90130615234375,0
