,name, x, y, z
0,arm,87.72295379638672,183.62750244140625,0
1,body,188.8780059814453,144.77403259277344,0
2,body_back,250.61874389648438,152.8551788330078,0
3,bucket,42.08954620361328,165.9033660888672,0
4,bucket_tip,17.801572799682617,152.10464477539062,0
5,springhinge_arm,98.28350067138672,193.65008544921875,0
6,springhinge_boom,139.16567993164062,189.7754669189453,0
