,name, x, y, z
0,arm,87.48820495605469,183.5269012451172,0
1,body,188.42254638671875,144.73501586914062,0
2,body_back,250.28823852539062,152.8898468017578,0
3,bucket,42.40941619873047,165.33692932128906,0
4,bucket_tip,18.965394973754883,151.23971557617188,0
5,springhinge_arm,97.9593734741211,193.61102294921875,0
6,springhinge_boom,138.83094787597656,189.705810546875,0
