,name, x, y, z
0,arm,72.05509948730469,208.7931671142578,0
1,body,164.38478088378906,133.4335174560547,0
2,body_back,220.7481231689453,133.42221069335938,0
3,bucket,89.5987777709961,154.62103271484375,0
4,bucket_tip,83.96402740478516,127.38933563232422,0
5,springhinge_arm,59.072383880615234,222.18521118164062,0
6,springhinge_boom,124.87101745605469,193.00711059570312,0
