,name, x, y, z
0,arm,87.3123779296875,183.4110107421875,0
1,body,187.98251342773438,144.72055053710938,0
2,body_back,249.97364807128906,152.9073028564453,0
3,bucket,42.83671951293945,164.76461791992188,0
4,bucket_tip,20.18443489074707,150.32662963867188,0
5,springhinge_arm,97.68321990966797,193.5771942138672,0
6,springhinge_boom,138.54733276367188,189.63108825683594,0
