,name, x, y, z
0,arm,87.20013427734375,183.27822875976562,0
1,body,187.55612182617188,144.74978637695312,0
2,body_back,249.6444091796875,152.9204559326172,0
3,bucket,43.364986419677734,164.1861572265625,0
4,bucket_tip,21.45330047607422,149.36822509765625,0
5,springhinge_arm,97.45155334472656,193.55035400390625,0
6,springhinge_boom,138.3075714111328,189.5516815185547,0
