,name, x, y, z
0,arm,87.14724731445312,183.12966918945312,0
1,body,187.14097595214844,144.8192596435547,0
2,body_back,249.30027770996094,152.92974853515625,0
3,bucket,43.98479080200195,163.60169982910156,0
4,bucket_tip,22.76629066467285,148.3686065673828,0
5,springhinge_arm,97.25897216796875,193.52996826171875,0
6,springhinge_boom,138.10638427734375,189.46826171875,0
