,name, x, y, z
0,arm,87.14723205566406,182.96717834472656,0
1,body,186.73455810546875,144.92555236816406,0
2,body_back,248.94110107421875,152.9356231689453,0
3,bucket,44.686668395996094,163.0113525390625,0
4,bucket_tip,24.117666244506836,147.3318634033203,0
5,springhinge_arm,97.1001205444336,193.515625,0
6,springhinge_boom,137.9384765625,189.38153076171875,0
