,name, x, y, z
0,arm,87.19363403320312,182.79248046875,0
1,body,186.3344268798828,145.065185546875,0
2,body_back,248.5666046142578,152.93849182128906,0
3,bucket,45.461151123046875,162.41522216796875,0
4,bucket_tip,25.5017032623291,146.2621307373047,0
5,springhinge_arm,96.9696044921875,193.5067901611328,0
6,springhinge_boom,137.7985076904297,189.29209899902344,0
