,name, x, y, z
0,arm,87.39978790283203,182.41384887695312,0
1,body,185.5432891845703,145.4307861328125,0
2,body_back,247.7709197998047,152.93701171875,0
3,bucket,47.19027328491211,161.20616149902344,0
4,bucket_tip,28.344928741455078,144.0400848388672,0
5,springhinge_arm,96.77214813232422,193.5038604736328,0
6,springhinge_boom,137.5813446044922,189.10777282714844,0
