,name, x, y, z
0,arm,87.54662322998047,182.2135009765625,0
1,body,185.14727783203125,145.64984130859375,0
2,body_back,247.34925842285156,152.93353271484375,0
3,bucket,48.125953674316406,160.5934295654297,0
4,bucket_tip,29.792577743530273,142.89598083496094,0
5,springhinge_arm,96.69436645507812,193.50877380371094,0
6,springhinge_boom,137.4934844970703,189.0142059326172,0
