,name, x, y, z
0,arm,87.71397399902344,182.00820922851562,0
1,body,184.74777221679688,145.88845825195312,0
2,body_back,246.91151428222656,152.92880249023438,0
3,bucket,49.096500396728516,159.97544860839844,0
4,bucket_tip,31.250032424926758,141.7353057861328,0
5,springhinge_arm,96.62348937988281,193.51734924316406,0
6,springhinge_boom,137.41241455078125,188.9205780029297,0
