,name, x, y, z
0,arm,87.89546966552734,181.7997589111328,0
1,body,184.3422393798828,146.14321899414062,0
2,body_back,246.4573974609375,152.9232635498047,0
3,bucket,50.092411041259766,159.35227966308594,0
4,bucket_tip,32.711517333984375,140.56216430664062,0
5,springhinge_arm,96.55403137207031,193.52906799316406,0
6,springhinge_boom,137.33279418945312,188.82752990722656,0
