,name, x, y, z
0,arm,72.18869018554688,208.92465209960938,0
1,body,164.52354431152344,133.4185791015625,0
2,body_back,220.85215759277344,133.3962860107422,0
3,bucket,89.60414123535156,154.60494995117188,0
4,bucket_tip,83.9677505493164,127.41520690917969,0
5,springhinge_arm,59.187530517578125,222.39199829101562,0
6,springhinge_boom,124.94428253173828,193.07943725585938,0
