,name, x, y, z
0,arm,88.08452606201172,181.58998107910156,0
1,body,183.92823791503906,146.41065979003906,0
2,body_back,245.98670959472656,152.9173583984375,0
3,bucket,51.10425567626953,158.72409057617188,0
4,bucket_tip,34.17128372192383,139.3806610107422,0
5,springhinge_arm,96.48065185546875,193.54345703125,0
6,springhinge_boom,137.24935913085938,188.73573303222656,0
