,name, x, y, z
0,arm,88.6327133178711,180.97064208984375,0
1,body,182.6107940673828,147.25466918945312,0
2,body_back,244.4731903076172,152.9017791748047,0
3,bucket,54.14091110229492,156.8104705810547,0
4,bucket_tip,38.483192443847656,135.82711791992188,0
5,springhinge_arm,96.18314361572266,193.5980987548828,0
6,springhinge_boom,136.92295837402344,188.4744110107422,0
