,name, x, y, z
0,arm,88.7875747680664,180.7735137939453,0
1,body,182.13832092285156,147.5384063720703,0
2,body_back,243.9341583251953,152.8987579345703,0
3,bucket,55.12199401855469,156.163330078125,0
4,bucket_tip,39.878910064697266,134.6532745361328,0
5,springhinge_arm,96.04025268554688,193.61849975585938,0
6,springhinge_boom,136.77114868164062,188.39418029785156,0
