,name, x, y, z
0,arm,88.91768646240234,180.58409118652344,0
1,body,181.64508056640625,147.81759643554688,0
2,body_back,243.3775177001953,152.8975372314453,0
3,bucket,56.07180404663086,155.51174926757812,0
4,bucket_tip,41.24433135986328,133.49160766601562,0
5,springhinge_arm,95.86656951904297,193.63922119140625,0
6,springhinge_boom,136.58900451660156,188.31846618652344,0
