,name, x, y, z
0,arm,89.01663208007812,180.40414428710938,0
1,body,181.12855529785156,148.0888214111328,0
2,body_back,242.8030242919922,152.89857482910156,0
3,bucket,56.980804443359375,154.85586547851562,0
4,bucket_tip,42.57367706298828,132.34622192382812,0
5,springhinge_arm,95.65666198730469,193.65977478027344,0
6,springhinge_boom,136.37120056152344,188.2479248046875,0
