,name, x, y, z
0,arm,89.07792663574219,180.23550415039062,0
1,body,180.5863800048828,148.3485870361328,0
2,body_back,242.2104949951172,152.90228271484375,0
3,bucket,57.83961868286133,154.19577026367188,0
4,bucket_tip,43.861228942871094,131.2212371826172,0
5,springhinge_arm,95.40516662597656,193.67970275878906,0
6,springhinge_boom,136.11245727539062,188.18324279785156,0
