,name, x, y, z
0,arm,89.09508514404297,180.0799102783203,0
1,body,180.0160369873047,148.59347534179688,0
2,body_back,241.59971618652344,152.90911865234375,0
3,bucket,58.638755798339844,153.53163146972656,0
4,bucket_tip,45.10126876831055,130.12075805664062,0
5,springhinge_arm,95.10672760009766,193.69850158691406,0
6,springhinge_boom,135.80747985839844,188.1250457763672,0
