,name, x, y, z
0,arm,89.0616455078125,179.939208984375,0
1,body,179.4151153564453,148.820068359375,0
2,body_back,240.9705047607422,152.91952514648438,0
3,bucket,59.36882400512695,152.86355590820312,0
4,bucket_tip,46.28810119628906,129.04888916015625,0
5,springhinge_arm,94.75596618652344,193.71571350097656,0
6,springhinge_boom,135.4509735107422,188.07400512695312,0
