,name, x, y, z
0,arm,72.3144760131836,209.0480499267578,0
1,body,164.6582794189453,133.4002685546875,0
2,body_back,220.95643615722656,133.37147521972656,0
3,bucket,89.60563659667969,154.58680725097656,0
4,bucket_tip,83.96772003173828,127.43510437011719,0
5,springhinge_arm,59.29156494140625,222.59432983398438,0
6,springhinge_boom,125.01934051513672,193.1524200439453,0
