,name, x, y, z
0,arm,88.97117614746094,179.81524658203125,0
1,body,178.78106689453125,149.02487182617188,0
2,body_back,240.3225860595703,152.9339141845703,0
3,bucket,60.020286560058594,152.19161987304688,0
4,bucket_tip,47.41594696044922,128.00973510742188,0
5,springhinge_arm,94.34746551513672,193.73086547851562,0
6,springhinge_boom,135.03759765625,188.03077697753906,0
