,name, x, y, z
0,arm,88.59317016601562,179.6245574951172,0
1,body,177.40394592285156,149.3553924560547,0
2,body_back,238.9698944091797,152.9763946533203,0
3,bucket,61.04977798461914,150.8367919921875,0
4,bucket_tip,49.47183609008789,126.04598999023438,0
5,springhinge_arm,93.33580780029297,193.7530517578125,0
6,springhinge_boom,134.01910400390625,187.9703369140625,0
