,name, x, y, z
0,arm,87.90936279296875,179.52230834960938,0
1,body,175.86497497558594,149.55752563476562,0
2,body_back,237.5399627685547,153.0401153564453,0
3,bucket,61.65165710449219,149.4681396484375,0
4,bucket_tip,51.223148345947266,124.26244354248047,0
5,springhinge_arm,92.02873992919922,193.7613067626953,0
6,springhinge_boom,132.70960998535156,187.9490509033203,0
