,name, x, y, z
0,arm,87.43659210205078,179.50885009765625,0
1,body,175.01300048828125,149.62631225585938,0
2,body_back,236.76568603515625,153.0913848876953,0
3,bucket,61.76680374145508,148.7900848388672,0
4,bucket_tip,51.96701431274414,123.45816802978516,0
5,springhinge_arm,91.23709106445312,193.77088928222656,0
6,springhinge_boom,131.94300842285156,187.95970153808594,0
