,name, x, y, z
0,arm,86.86558532714844,179.5194854736328,0
1,body,174.0924835205078,149.70294189453125,0
2,body_back,235.9211883544922,153.16734313964844,0
3,bucket,61.76026916503906,148.13189697265625,0
4,bucket_tip,52.6223030090332,122.72537231445312,0
5,springhinge_arm,90.3426513671875,193.7980194091797,0
6,springhinge_boom,131.12066650390625,187.9898223876953,0
