,name, x, y, z
0,arm,86.20246124267578,179.5497589111328,0
1,body,173.1168212890625,149.78599548339844,0
2,body_back,235.02020263671875,153.26446533203125,0
3,bucket,61.64840316772461,147.49461364746094,0
4,bucket_tip,53.200286865234375,122.0601806640625,0
5,springhinge_arm,89.3625259399414,193.84011840820312,0
6,springhinge_boom,130.255126953125,188.03672790527344,0
