,name, x, y, z
0,arm,85.46311950683594,179.5970001220703,0
1,body,172.09954833984375,149.87405395507812,0
2,body_back,234.0766143798828,153.37928771972656,0
3,bucket,61.447654724121094,146.87933349609375,0
4,bucket_tip,53.71230697631836,121.4588394165039,0
5,springhinge_arm,88.31392669677734,193.894775390625,0
6,springhinge_boom,129.3590545654297,188.09776306152344,0
