,name, x, y, z
0,arm,84.66358184814453,179.65870666503906,0
1,body,171.0540313720703,149.96566772460938,0
2,body_back,233.10409545898438,153.5082244873047,0
3,bucket,61.1743049621582,146.2870635986328,0
4,bucket_tip,54.16959762573242,120.91744232177734,0
5,springhinge_arm,87.21391296386719,193.95936584472656,0
6,springhinge_boom,128.44491577148438,188.17022705078125,0
