,name, x, y, z
0,arm,72.43358612060547,209.16357421875,0
1,body,164.78924560546875,133.37881469726562,0
2,body_back,221.06109619140625,133.34767150878906,0
3,bucket,89.60297393798828,154.56674194335938,0
4,bucket_tip,83.96366882324219,127.44927978515625,0
5,springhinge_arm,59.38603210449219,222.7919158935547,0
6,springhinge_boom,125.096435546875,193.2257537841797,0
