,name, x, y, z
0,arm,82.94760131835938,179.81504821777344,0
1,body,168.93202209472656,150.15383911132812,0
2,body_back,231.12750244140625,153.7945098876953,0
3,bucket,60.475345611572266,145.17576599121094,0
4,bucket_tip,54.96507263183594,119.99927520751953,0
5,springhinge_arm,84.9281234741211,194.1085662841797,0
6,springhinge_boom,126.61279296875,188.33865356445312,0
