,name, x, y, z
0,arm,82.0630874633789,179.9045867919922,0
1,body,167.88247680664062,150.2475128173828,0
2,body_back,230.1510009765625,153.94483947753906,0
3,bucket,60.0825309753418,144.65887451171875,0
4,bucket_tip,55.325870513916016,119.61486053466797,0
5,springhinge_arm,83.77666473388672,194.18812561035156,0
6,springhinge_boom,125.71998596191406,188.42926025390625,0
