,name, x, y, z
0,arm,79.4950942993164,180.1875,0
1,body,164.94090270996094,150.50970458984375,0
2,body_back,227.43406677246094,154.3822479248047,0
3,bucket,58.92704391479492,143.27572631835938,0
4,bucket_tip,56.395782470703125,118.71427154541016,0
5,springhinge_arm,80.49345397949219,194.41651916503906,0
6,springhinge_boom,123.28532409667969,188.69442749023438,0
