,name, x, y, z
0,arm,78.72075653076172,180.27798461914062,0
1,body,164.07418823242188,150.58604431152344,0
2,body_back,226.64520263671875,154.51182556152344,0
3,bucket,58.60411834716797,142.87403869628906,0
4,bucket_tip,56.785850524902344,118.48554229736328,0
5,springhinge_arm,79.51321411132812,194.48089599609375,0
6,springhinge_boom,122.596923828125,188.77162170410156,0
