,name, x, y, z
0,arm,77.390380859375,180.4378204345703,0
1,body,162.59217834472656,150.71353149414062,0
2,body_back,225.32534790039062,154.72557067871094,0
3,bucket,58.14982223510742,142.16600036621094,0
4,bucket_tip,57.68386459350586,118.1123275756836,0
5,springhinge_arm,77.82669830322266,194.57687377929688,0
6,springhinge_boom,121.48026275634766,188.89312744140625,0
