,name, x, y, z
0,arm,76.86624908447266,180.50198364257812,0
1,body,162.00375366210938,150.76177978515625,0
2,body_back,224.82192993164062,154.80270385742188,0
3,bucket,58.05121994018555,141.8617706298828,0
4,bucket_tip,58.214359283447266,117.96018981933594,0
5,springhinge_arm,77.15469360351562,194.60353088378906,0
6,springhinge_boom,121.07714080810547,188.93206787109375,0
