,name, x, y, z
0,arm,72.54702758789062,209.27139282226562,0
1,body,164.9165802001953,133.35450744628906,0
2,body_back,221.16604614257812,133.32472229003906,0
3,bucket,89.59575653076172,154.54476928710938,0
4,bucket_tip,83.95523834228516,127.45797729492188,0
5,springhinge_arm,59.47240447998047,222.98452758789062,0
6,springhinge_boom,125.17573547363281,193.299072265625,0
