,name, x, y, z
0,arm,76.45744323730469,180.55218505859375,0
1,body,161.5349578857422,150.79782104492188,0
2,body_back,224.4412078857422,154.85533142089844,0
3,bucket,58.06009292602539,141.5921173095703,0
4,bucket_tip,58.8142204284668,117.82592010498047,0
5,springhinge_arm,76.61969757080078,194.61256408691406,0
6,springhinge_boom,120.79424285888672,188.952880859375,0
