,name, x, y, z
0,arm,76.17986297607422,180.58590698242188,0
1,body,161.14007568359375,150.8311767578125,0
2,body_back,224.1377716064453,154.89088439941406,0
3,bucket,58.13367462158203,141.3690643310547,0
4,bucket_tip,59.43552017211914,117.7166748046875,0
5,springhinge_arm,76.17962646484375,194.6125030517578,0
6,springhinge_boom,120.58495330810547,188.96385192871094,0
