,name, x, y, z
0,arm,75.99034118652344,180.61148071289062,0
1,body,160.76275634765625,150.87326049804688,0
2,body_back,223.85568237304688,154.91873168945312,0
3,bucket,58.218563079833984,141.20655822753906,0
4,bucket_tip,60.01980209350586,117.64146423339844,0
5,springhinge_arm,75.78189849853516,194.61361694335938,0
6,springhinge_boom,120.39208221435547,188.9751434326172,0
