,name, x, y, z
0,arm,75.83505249023438,180.6392059326172,0
1,body,160.4008026123047,150.92530822753906,0
2,body_back,223.59304809570312,154.93801879882812,0
3,bucket,58.31547546386719,141.10826110839844,0
4,bucket_tip,60.56268310546875,117.59915161132812,0
5,springhinge_arm,75.42794036865234,194.6161651611328,0
6,springhinge_boom,120.21255493164062,188.9867706298828,0
