,name, x, y, z
0,arm,75.71430206298828,180.669189453125,0
1,body,160.0519256591797,150.9886474609375,0
2,body_back,223.34788513183594,154.94801330566406,0
3,bucket,58.425045013427734,141.0780487060547,0
4,bucket_tip,61.059715270996094,117.58866882324219,0
5,springhinge_arm,75.11915588378906,194.6203155517578,0
6,springhinge_boom,120.04318237304688,188.99876403808594,0
