,name, x, y, z
0,arm,75.6283187866211,180.70156860351562,0
1,body,159.7142333984375,151.07118225097656,0
2,body_back,223.1185760498047,154.95291137695312,0
3,bucket,58.547943115234375,141.105224609375,0
4,bucket_tip,61.50788116455078,117.62116241455078,0
5,springhinge_arm,74.84644317626953,194.66261291503906,0
6,springhinge_boom,119.88147735595703,189.0317840576172,0
