,name, x, y, z
0,arm,75.57691955566406,180.77137756347656,0
1,body,159.38722229003906,151.17857360839844,0
2,body_back,222.904541015625,154.95750427246094,0
3,bucket,58.68492889404297,141.17454528808594,0
4,bucket_tip,61.909820556640625,117.7059555053711,0
5,springhinge_arm,74.5991439819336,194.77590942382812,0
6,springhinge_boom,119.72740936279297,189.10443115234375,0
