,name, x, y, z
0,arm,75.55829620361328,180.91000366210938,0
1,body,159.07081604003906,151.30882263183594,0
2,body_back,222.7055206298828,154.9617462158203,0
3,bucket,58.836788177490234,141.28289794921875,0
4,bucket_tip,62.26963806152344,117.83914184570312,0
5,springhinge_arm,74.37637329101562,194.95486450195312,0
6,springhinge_boom,119.58163452148438,189.2137451171875,0
