,name, x, y, z
0,arm,75.57014465332031,181.1122589111328,0
1,body,158.7649383544922,151.4598846435547,0
2,body_back,222.521240234375,154.96563720703125,0
3,bucket,59.00428009033203,141.42713928222656,0
4,bucket_tip,62.59137725830078,118.016845703125,0
5,springhinge_arm,74.17725372314453,195.19427490234375,0
6,springhinge_boom,119.4448013305664,189.35678100585938,0
