,name, x, y, z
0,arm,75.61028289794922,181.37294006347656,0
1,body,158.46951293945312,151.62979125976562,0
2,body_back,222.3513946533203,154.9691162109375,0
3,bucket,59.18824005126953,141.6041259765625,0
4,bucket_tip,62.879180908203125,118.23518371582031,0
5,springhinge_arm,74.00090789794922,195.4888458251953,0
6,springhinge_boom,119.3175277709961,189.53053283691406,0
