,name, x, y, z
0,arm,75.67643737792969,181.6868896484375,0
1,body,158.18438720703125,151.81646728515625,0
2,body_back,222.19577026367188,154.97216796875,0
3,bucket,59.38939666748047,141.81072998046875,0
4,bucket_tip,63.137027740478516,118.4902572631836,0
5,springhinge_arm,73.84642791748047,195.83331298828125,0
6,springhinge_boom,119.200439453125,189.7320556640625,0
