,name, x, y, z
0,arm,75.7663803100586,182.04891967773438,0
1,body,157.90953063964844,152.01792907714844,0
2,body_back,222.05406188964844,154.97479248046875,0
3,bucket,59.60857009887695,142.04380798339844,0
4,bucket_tip,63.36910629272461,118.7781982421875,0
5,springhinge_arm,73.71295928955078,196.22238159179688,0
6,springhinge_boom,119.09423065185547,189.95840454101562,0
