,name, x, y, z
0,arm,75.87784576416016,182.45387268066406,0
1,body,157.64483642578125,152.2321319580078,0
2,body_back,221.9259796142578,154.97691345214844,0
3,bucket,59.846519470214844,142.30023193359375,0
4,bucket_tip,63.57942199707031,119.09510803222656,0
5,springhinge_arm,73.59957122802734,196.6508331298828,0
6,springhinge_boom,118.9994888305664,190.20654296875,0
