,name, x, y, z
0,arm,76.15644073486328,183.3717041015625,0
1,body,157.14549255371094,152.69073486328125,0
2,body_back,221.70965576171875,154.97962951660156,0
3,bucket,60.381900787353516,142.8705596923828,0
4,bucket_tip,63.95116424560547,119.80030822753906,0
5,springhinge_arm,73.4295883178711,197.6046905517578,0
6,springhinge_boom,118.84698486328125,190.75650024414062,0
