,name, x, y, z
0,arm,76.31904602050781,183.87423706054688,0
1,body,156.9106903076172,152.93109130859375,0
2,body_back,221.62086486816406,154.98016357421875,0
3,bucket,60.68087387084961,143.17820739746094,0
4,bucket_tip,64.12073516845703,120.18083190917969,0
5,springhinge_arm,73.37120056152344,198.1195831298828,0
6,springhinge_boom,118.7905044555664,191.05238342285156,0
