,name, x, y, z
0,arm,76.6797103881836,184.9406280517578,0
1,body,156.47035217285156,153.42381286621094,0
2,body_back,221.4806365966797,154.97946166992188,0
3,bucket,61.345375061035156,143.82276916503906,0
4,bucket_tip,64.44770812988281,120.978271484375,0
5,springhinge_arm,73.30323791503906,199.1988983154297,0
6,springhinge_boom,118.72028350830078,191.67103576660156,0
