,name, x, y, z
0,arm,76.873291015625,185.49412536621094,0
1,body,156.26461791992188,153.67214965820312,0
2,body_back,221.4286651611328,154.97816467285156,0
3,bucket,61.71242904663086,144.15341186523438,0
4,bucket_tip,64.61324310302734,121.38742065429688,0
5,springhinge_arm,73.29187774658203,199.75277709960938,0
6,springhinge_boom,118.70780944824219,191.9879150390625,0
