,name, x, y, z
0,arm,77.07268524169922,186.05422973632812,0
1,body,156.0684051513672,153.9191131591797,0
2,body_back,221.38841247558594,154.9761962890625,0
3,bucket,62.103782653808594,144.48545837402344,0
4,bucket_tip,64.78561401367188,121.79834747314453,0
5,springhinge_arm,73.29442596435547,200.30914306640625,0
6,springhinge_boom,118.7112808227539,192.30584716796875,0
