,name, x, y, z
0,arm,72.76129150390625,209.46473693847656,0
1,body,165.16123962402344,133.29833984375,0
2,body_back,221.3770751953125,133.28076171875,0
3,bucket,89.56661224365234,154.49563598632812,0
4,bucket_tip,83.92415618896484,127.45994567871094,0
5,springhinge_arm,59.62718200683594,223.35350036621094,0
6,springhinge_boom,125.34205627441406,193.4444122314453,0
