,name, x, y, z
0,arm,77.27564239501953,186.61575317382812,0
1,body,155.881591796875,154.16265869140625,0
2,body_back,221.3595733642578,154.97352600097656,0
3,bucket,62.520111083984375,144.81576538085938,0
4,bucket_tip,64.96886444091797,122.20716094970703,0
5,springhinge_arm,73.30997467041016,200.86268615722656,0
6,springhinge_boom,118.73131561279297,192.6218719482422,0
