,name, x, y, z
0,arm,77.47997283935547,187.17356872558594,0
1,body,155.70413208007812,154.4008026123047,0
2,body_back,221.3419647216797,154.9701690673828,0
3,bucket,62.96232223510742,145.14122009277344,0
4,bucket_tip,65.16710662841797,122.6099853515625,0
5,springhinge_arm,73.33767700195312,201.408203125,0
6,springhinge_boom,118.76860046386719,192.93304443359375,0
