,name, x, y, z
0,arm,77.88362884521484,188.25718688964844,0
1,body,155.37677001953125,154.85275268554688,0
2,body_back,221.3391571044922,154.9611358642578,0
3,bucket,63.927284240722656,145.76492309570312,0
4,bucket_tip,65.62479400634766,123.382080078125,0
5,springhinge_arm,73.42591094970703,202.453857421875,0
6,springhinge_boom,118.89734649658203,193.52894592285156,0
