,name, x, y, z
0,arm,78.07848358154297,188.7726593017578,0
1,body,155.22669982910156,155.06253051757812,0
2,body_back,221.35342407226562,154.9554443359375,0
3,bucket,64.45162963867188,146.0569305419922,0
4,bucket_tip,65.89240264892578,123.74358367919922,0
5,springhinge_arm,73.48467254638672,202.94351196289062,0
6,springhinge_boom,118.9900894165039,193.8076934814453,0
