,name, x, y, z
0,arm,78.26570129394531,189.26364135742188,0
1,body,155.0856170654297,155.25881958007812,0
2,body_back,221.3777618408203,154.9488983154297,0
3,bucket,65.00492095947266,146.33154296875,0
4,bucket_tip,66.1913070678711,124.08355712890625,0
5,springhinge_arm,73.5520248413086,203.40399169921875,0
6,springhinge_boom,119.10261535644531,194.0697479248047,0
