,name, x, y, z
0,arm,78.60822296142578,190.15142822265625,0
1,body,154.82989501953125,155.60279846191406,0
2,body_back,221.45558166503906,154.9332733154297,0
3,bucket,66.20149230957031,146.8159637451172,0
4,bucket_tip,66.89929962158203,124.68331909179688,0
5,springhinge_arm,73.70894622802734,204.2164306640625,0
6,springhinge_boom,119.38951110839844,194.53175354003906,0
