,name, x, y, z
0,arm,78.75907897949219,190.53787231445312,0
1,body,154.715087890625,155.74649047851562,0
2,body_back,221.508544921875,154.92410278320312,0
3,bucket,66.8463134765625,147.01951599121094,0
4,bucket_tip,67.31653594970703,124.93536376953125,0
5,springhinge_arm,73.7967300415039,204.557861328125,0
6,springhinge_boom,119.56514739990234,194.72579956054688,0
