,name, x, y, z
0,arm,72.86430358886719,209.55068969726562,0
1,body,165.27886962890625,133.2670135498047,0
2,body_back,221.483154296875,133.25946044921875,0
3,bucket,89.54399871826172,154.46865844726562,0
4,bucket_tip,83.90084075927734,127.4537124633789,0
5,springhinge_arm,59.69858932495117,223.52940368652344,0
6,springhinge_boom,125.42950439453125,193.51577758789062,0
