,name, x, y, z
0,arm,79.00867462158203,191.16995239257812,0
1,body,154.51116943359375,155.96713256835938,0
2,body_back,221.64108276367188,154.90292358398438,0
3,bucket,68.2330093383789,147.33363342285156,0
4,bucket_tip,68.29792785644531,125.32429504394531,0
5,springhinge_arm,73.9865493774414,205.08473205566406,0
6,springhinge_boom,119.98403930664062,195.0251007080078,0
