,name, x, y, z
0,arm,79.17383575439453,191.57972717285156,0
1,body,154.34088134765625,156.08535766601562,0
2,body_back,221.80743408203125,154.87779235839844,0
3,bucket,69.75430297851562,147.50286865234375,0
4,bucket_tip,69.50238800048828,125.53379821777344,0
5,springhinge_arm,74.18948364257812,205.36851501464844,0
6,springhinge_boom,120.49732971191406,195.186279296875,0
