,name, x, y, z
0,arm,79.21915435791016,191.6882781982422,0
1,body,154.26808166503906,156.10098266601562,0
2,body_back,221.90255737304688,154.86367797851562,0
3,bucket,70.56733703613281,147.52528381347656,0
4,bucket_tip,70.19843292236328,125.56155395507812,0
5,springhinge_arm,74.2936019897461,205.4060821533203,0
6,springhinge_boom,120.79093933105469,195.20765686035156,0
