,name, x, y, z
0,arm,79.22789764404297,191.6865692138672,0
1,body,154.4691162109375,156.0670928955078,0
2,body_back,222.23158264160156,154.79039001464844,0
3,bucket,72.29478454589844,147.33212280273438,0
4,bucket_tip,71.78861999511719,125.44275665283203,0
5,springhinge_arm,74.49593353271484,205.14686584472656,0
6,springhinge_boom,121.43708038330078,195.01943969726562,0
