,name, x, y, z
0,arm,79.19670867919922,191.57778930664062,0
1,body,154.77322387695312,156.02767944335938,0
2,body_back,222.4615936279297,154.72891235351562,0
3,bucket,73.20059204101562,147.12393188476562,0
4,bucket_tip,72.67720794677734,125.31466674804688,0
5,springhinge_arm,74.58284759521484,204.8484344482422,0
6,springhinge_boom,121.76580047607422,194.81658935546875,0
