,name, x, y, z
0,arm,79.07076263427734,191.20533752441406,0
1,body,155.6210479736328,155.9144744873047,0
2,body_back,222.94337463378906,154.58326721191406,0
3,bucket,75.0724868774414,146.59591674804688,0
4,bucket_tip,74.62419891357422,124.98973846435547,0
5,springhinge_arm,74.69780731201172,203.99978637695312,0
6,springhinge_boom,122.36922454833984,194.30210876464844,0
