,name, x, y, z
0,arm,78.97791290283203,190.96861267089844,0
1,body,156.09774780273438,155.8448944091797,0
2,body_back,223.1514129638672,154.5099334716797,0
3,bucket,76.02902221679688,146.32073974609375,0
4,bucket_tip,75.67577362060547,124.82039642333984,0
5,springhinge_arm,74.71369934082031,203.48390197753906,0
6,springhinge_boom,122.61781311035156,194.0339813232422,0
