,name, x, y, z
0,arm,72.96600341796875,209.62969970703125,0
1,body,165.39364624023438,133.23385620117188,0
2,body_back,221.589599609375,133.23841857910156,0
3,bucket,89.51561737060547,154.440185546875,0
4,bucket_tip,83.87195587158203,127.44295501708984,0
5,springhinge_arm,59.76811218261719,223.6990966796875,0
6,springhinge_boom,125.5201187133789,193.58575439453125,0
