,name, x, y, z
0,arm,78.86638641357422,190.71615600585938,0
1,body,156.56536865234375,155.76927185058594,0
2,body_back,223.30877685546875,154.44329833984375,0
3,bucket,76.99332427978516,146.06765747070312,0
4,bucket_tip,76.77521514892578,124.66458129882812,0
5,springhinge_arm,74.69416046142578,202.92970275878906,0
6,springhinge_boom,122.81396484375,193.78738403320312,0
