,name, x, y, z
0,arm,78.73750305175781,190.46131896972656,0
1,body,156.99200439453125,155.6895294189453,0
2,body_back,223.39524841308594,154.38856506347656,0
3,bucket,77.96221923828125,145.8588409423828,0
4,bucket_tip,77.92073059082031,124.53585815429688,0
5,springhinge_arm,74.63470458984375,202.3541717529297,0
6,springhinge_boom,122.94623565673828,193.5839080810547,0
