,name, x, y, z
0,arm,78.5938491821289,190.2173309326172,0
1,body,157.34620666503906,155.60780334472656,0
2,body_back,223.39100646972656,154.3511962890625,0
3,bucket,78.9329833984375,145.7165985107422,0
4,bucket_tip,79.11095428466797,124.4479751586914,0
5,springhinge_arm,74.53135681152344,201.77452087402344,0
6,springhinge_boom,123.00362396240234,193.44529724121094,0
