,name, x, y, z
0,arm,78.43843078613281,189.99774169921875,0
1,body,157.596435546875,155.52621459960938,0
2,body_back,223.27618408203125,154.33656311035156,0
3,bucket,79.90283966064453,145.66326904296875,0
4,bucket_tip,80.34442138671875,124.41466522216797,0
5,springhinge_arm,74.37998962402344,201.2079315185547,0
6,springhinge_boom,122.97505950927734,193.393310546875,0
