,name, x, y, z
0,arm,78.10357666015625,189.66259765625,0
1,body,157.90472412109375,155.3690948486328,0
2,body_back,222.90443420410156,154.33319091796875,0
3,bucket,81.83003997802734,145.69720458984375,0
4,bucket_tip,82.9302978515625,124.52748107910156,0
5,springhinge_arm,74.0073471069336,200.1587371826172,0
6,springhinge_boom,122.7940673828125,193.38998413085938,0
