,name, x, y, z
0,arm,77.92781829833984,189.5186767578125,0
1,body,158.01138305664062,155.2938690185547,0
2,body_back,222.7063751220703,154.3311309814453,0
3,bucket,82.78369903564453,145.74078369140625,0
4,bucket_tip,84.27275848388672,124.6647720336914,0
5,springhinge_arm,73.8064956665039,199.67750549316406,0
6,springhinge_boom,122.68248748779297,193.38807678222656,0
