,name, x, y, z
0,arm,77.56377410888672,189.25816345214844,0
1,body,158.1392059326172,155.15003967285156,0
2,body_back,222.2908172607422,154.32652282714844,0
3,bucket,84.66217041015625,145.87777709960938,0
4,bucket_tip,87.03007507324219,125.08163452148438,0
5,springhinge_arm,73.3751449584961,198.7978515625,0
6,springhinge_boom,122.4230728149414,193.38424682617188,0
