,name, x, y, z
0,arm,77.37687683105469,189.1409149169922,0
1,body,158.16424560546875,155.08139038085938,0
2,body_back,222.07534790039062,154.3240509033203,0
3,bucket,85.58345794677734,145.96990966796875,0
4,bucket_tip,88.4343490600586,125.35343170166016,0
5,springhinge_arm,73.1444091796875,198.3978271484375,0
6,springhinge_boom,122.27764129638672,193.3824920654297,0
