,name, x, y, z
0,arm,63.63736343383789,200.38035583496094,0
1,body,159.82310485839844,144.30072021484375,0
2,body_back,217.35809326171875,144.05691528320312,0
3,bucket,86.27864074707031,158.05006408691406,0
4,bucket_tip,97.6521987915039,127.8074722290039,0
5,springhinge_arm,48.63518142700195,210.5849151611328,0
6,springhinge_boom,117.30104064941406,195.3938751220703,0
