,name, x, y, z
0,arm,73.0674819946289,209.70205688476562,0
1,body,165.5057373046875,133.1990966796875,0
2,body_back,221.69647216796875,133.21742248535156,0
3,bucket,89.48110961914062,154.41029357910156,0
4,bucket_tip,83.83712768554688,127.42794036865234,0
5,springhinge_arm,59.83720016479492,223.86239624023438,0
6,springhinge_boom,125.61409759521484,193.65408325195312,0
