,name, x, y, z
0,arm,77.18777465820312,189.03201293945312,0
1,body,158.16590881347656,155.01487731933594,0
2,body_back,221.8560791015625,154.32151794433594,0
3,bucket,86.49038696289062,146.07693481445312,0
4,bucket_tip,89.84860229492188,125.66227722167969,0
5,springhinge_arm,72.90351104736328,198.0232391357422,0
6,springhinge_boom,122.1233139038086,193.38099670410156,0
