,name, x, y, z
0,arm,76.80569458007812,188.83782958984375,0
1,body,158.10690307617188,154.8882293701172,0
2,body_back,221.41017150878906,154.31643676757812,0
3,bucket,88.25413513183594,146.3329620361328,0
4,bucket_tip,92.68584442138672,126.37550354003906,0
5,springhinge_arm,72.39070892333984,197.34730529785156,0
6,springhinge_boom,121.79275512695312,193.37901306152344,0
