,name, x, y, z
0,arm,76.61421966552734,188.75198364257812,0
1,body,158.05001831054688,154.82809448242188,0
2,body_back,221.18551635742188,154.31399536132812,0
3,bucket,89.10736083984375,146.48068237304688,0
4,bucket_tip,94.09819030761719,126.77213287353516,0
5,springhinge_arm,72.1185531616211,197.04434204101562,0
6,springhinge_boom,121.61888885498047,193.3787384033203,0
