,name, x, y, z
0,arm,76.23394775390625,188.60118103027344,0
1,body,157.89111328125,154.71397399902344,0
2,body_back,220.73779296875,154.30947875976562,0
3,bucket,90.74767303466797,146.81219482421875,0
4,bucket_tip,96.88380432128906,127.62584686279297,0
5,springhinge_arm,71.54225158691406,196.5044403076172,0
6,springhinge_boom,121.25995635986328,193.38003540039062,0
