,name, x, y, z
0,arm,76.04663848876953,188.53562927246094,0
1,body,157.79293823242188,154.66001892089844,0
2,body_back,220.51673889160156,154.30751037597656,0
3,bucket,91.53116607666016,146.9947052001953,0
4,bucket_tip,98.24641418457031,128.0751953125,0
5,springhinge_arm,71.23782348632812,196.2659149169922,0
6,springhinge_boom,121.07726287841797,193.38182067871094,0
