,name, x, y, z
0,arm,75.8622055053711,188.4762725830078,0
1,body,157.68484497070312,154.60806274414062,0
2,body_back,220.2989044189453,154.30575561523438,0
3,bucket,92.28791046142578,147.18748474121094,0
4,bucket_tip,99.58187866210938,128.5343017578125,0
5,springhinge_arm,70.9224624633789,196.0472412109375,0
6,springhinge_boom,120.89405059814453,193.3844451904297,0
