,name, x, y, z
0,arm,75.68133544921875,188.42279052734375,0
1,body,157.56874084472656,154.55812072753906,0
2,body_back,220.08523559570312,154.30430603027344,0
3,bucket,93.01605224609375,147.38987731933594,0
4,bucket_tip,100.88481903076172,128.9993133544922,0
5,springhinge_arm,70.59599304199219,195.84768676757812,0
6,springhinge_boom,120.7114486694336,193.38803100585938,0
