,name, x, y, z
0,arm,75.50477600097656,188.3748321533203,0
1,body,157.4465789794922,154.51016235351562,0
2,body_back,219.87680053710938,154.30316162109375,0
3,bucket,93.71385955810547,147.60125732421875,0
4,bucket_tip,102.14995574951172,129.46629333496094,0
5,springhinge_arm,70.25831604003906,195.66636657714844,0
6,springhinge_boom,120.53070831298828,193.3926544189453,0
