,name, x, y, z
0,arm,73.16983032226562,209.7678985595703,0
1,body,165.61537170410156,133.16311645507812,0
2,body_back,221.80377197265625,133.19644165039062,0
3,bucket,89.44022369384766,154.37913513183594,0
4,bucket_tip,83.79613494873047,127.40896606445312,0
5,springhinge_arm,59.90750503540039,224.01905822753906,0
6,springhinge_boom,125.71173858642578,193.7204132080078,0
