,name, x, y, z
0,arm,75.33330535888672,188.3321533203125,0
1,body,157.32017517089844,154.4641876220703,0
2,body_back,219.6745147705078,154.3023681640625,0
3,bucket,94.3794937133789,147.82093811035156,0
4,bucket_tip,103.37191009521484,129.931396484375,0
5,springhinge_arm,69.9092788696289,195.50254821777344,0
6,springhinge_boom,120.35293579101562,193.39840698242188,0
