,name, x, y, z
0,arm,75.00837707519531,188.2613525390625,0
1,body,157.06265258789062,154.3780517578125,0
2,body_back,219.29263305664062,154.3020782470703,0
3,bucket,95.60733795166016,148.2825927734375,0
4,bucket_tip,105.665283203125,130.8402862548828,0
5,springhinge_arm,69.17684936523438,195.22415161132812,0
6,springhinge_boom,120.01131439208984,193.41368103027344,0
