,name, x, y, z
0,arm,74.85638427734375,188.2326202392578,0
1,body,156.93531799316406,154.33786010742188,0
2,body_back,219.114990234375,154.30262756347656,0
3,bucket,96.16593933105469,148.5232391357422,0
4,bucket_tip,106.72602081298828,131.2762908935547,0
5,springhinge_arm,68.79318237304688,195.10797119140625,0
6,springhinge_boom,119.84979248046875,193.42337036132812,0
