,name, x, y, z
0,arm,74.71237182617188,188.20791625976562,0
1,body,156.81149291992188,154.2996063232422,0
2,body_back,218.94754028320312,154.30374145507812,0
3,bucket,96.685302734375,148.7696075439453,0
4,bucket_tip,107.72237396240234,131.69483947753906,0
5,springhinge_arm,68.39775085449219,195.00613403320312,0
6,springhinge_boom,119.69606018066406,193.4345703125,0
