,name, x, y, z
0,arm,74.57703399658203,188.18698120117188,0
1,body,156.69308471679688,154.26319885253906,0
2,body_back,218.79129028320312,154.30540466308594,0
3,bucket,97.16363525390625,149.02098083496094,0
4,bucket_tip,108.64906311035156,132.0919952392578,0
5,springhinge_arm,67.99041748046875,194.91775512695312,0
6,springhinge_boom,119.55132293701172,193.4473419189453,0
