,name, x, y, z
0,arm,74.45114135742188,188.16946411132812,0
1,body,156.58203125,154.22866821289062,0
2,body_back,218.64724731445312,154.30770874023438,0
3,bucket,97.59916687011719,149.27671813964844,0
4,bucket_tip,109.50074768066406,132.46389770507812,0
5,springhinge_arm,67.57108306884766,194.84205627441406,0
6,springhinge_boom,119.416748046875,193.4617919921875,0
