,name, x, y, z
0,arm,74.33541870117188,188.15509033203125,0
1,body,156.480224609375,154.19598388671875,0
2,body_back,218.5164031982422,154.31065368652344,0
3,bucket,97.99011993408203,149.5361785888672,0
4,bucket_tip,110.27212524414062,132.80661010742188,0
5,springhinge_arm,67.13964080810547,194.7782745361328,0
6,springhinge_boom,119.29354858398438,193.47799682617188,0
