,name, x, y, z
0,arm,74.23053741455078,188.14352416992188,0
1,body,156.38963317871094,154.1651153564453,0
2,body_back,218.39974975585938,154.31430053710938,0
3,bucket,98.33472442626953,149.79867553710938,0
4,bucket_tip,110.95787811279297,133.11627197265625,0
5,springhinge_arm,66.69596099853516,194.72555541992188,0
6,springhinge_boom,119.18290710449219,193.49606323242188,0
