,name, x, y, z
0,arm,74.13729858398438,188.13450622558594,0
1,body,156.3121337890625,154.1360626220703,0
2,body_back,218.29832458496094,154.31869506835938,0
3,bucket,98.63118743896484,150.06358337402344,0
4,bucket_tip,111.55270385742188,133.3889923095703,0
5,springhinge_arm,66.23991394042969,194.6831512451172,0
6,springhinge_boom,119.08601379394531,193.5160675048828,0
