,name, x, y, z
0,arm,73.27412414550781,209.8274383544922,0
1,body,165.72264099121094,133.1260223388672,0
2,body_back,221.91146850585938,133.17527770996094,0
3,bucket,89.39254760742188,154.34677124023438,0
4,bucket_tip,83.74858856201172,127.3862533569336,0
5,springhinge_arm,59.98046875,224.16871643066406,0
6,springhinge_boom,125.8132095336914,193.78440856933594,0
