,name, x, y, z
0,arm,74.05638885498047,188.12770080566406,0
1,body,156.24966430664062,154.10879516601562,0
2,body_back,218.2130584716797,154.32388305664062,0
3,bucket,98.87773895263672,150.33023071289062,0
4,bucket_tip,112.0512924194336,133.620849609375,0
5,springhinge_arm,65.77140808105469,194.6502685546875,0
6,springhinge_boom,119.00406646728516,193.53810119628906,0
