,name, x, y, z
0,arm,73.98855590820312,188.122802734375,0
1,body,156.20413208007812,154.0832977294922,0
2,body_back,218.14501953125,154.32986450195312,0
3,bucket,99.07257843017578,150.59796142578125,0
4,bucket_tip,112.44831848144531,133.80796813964844,0
5,springhinge_arm,65.29034423828125,194.62608337402344,0
6,springhinge_boom,118.93824005126953,193.562255859375,0
