,name, x, y, z
0,arm,73.93452453613281,188.1195526123047,0
1,body,156.17747497558594,154.0595703125,0
2,body_back,218.09519958496094,154.33676147460938,0
3,bucket,99.21395111083984,150.86611938476562,0
4,bucket_tip,112.73847961425781,133.94642639160156,0
5,springhinge_arm,64.79658508300781,194.60977172851562,0
6,springhinge_boom,118.8897476196289,193.588623046875,0
