,name, x, y, z
0,arm,73.89503479003906,188.11761474609375,0
1,body,156.17161560058594,154.03756713867188,0
2,body_back,218.06455993652344,154.3445281982422,0
3,bucket,99.30008697509766,151.134033203125,0
4,bucket_tip,112.91648864746094,134.03237915039062,0
5,springhinge_arm,64.2900161743164,194.60057067871094,0
6,springhinge_boom,118.85978698730469,193.6173095703125,0
