,name, x, y, z
0,arm,73.87081146240234,188.11663818359375,0
1,body,156.18844604492188,154.01727294921875,0
2,body_back,218.05413818359375,154.353271484375,0
3,bucket,99.32920837402344,151.40106201171875,0
4,bucket_tip,112.97701263427734,134.0618896484375,0
5,springhinge_arm,63.77055740356445,194.59768676757812,0
6,springhinge_boom,118.84955596923828,193.64837646484375,0
