,name, x, y, z
0,arm,73.86257934570312,188.1164093017578,0
1,body,156.21913146972656,153.9984893798828,0
2,body_back,218.0647735595703,154.36795043945312,0
3,bucket,99.3033676147461,151.66641235351562,0
4,bucket_tip,112.93283081054688,134.0588836669922,0
5,springhinge_arm,63.226470947265625,194.61122131347656,0
6,springhinge_boom,118.83108520507812,193.69036865234375,0
