,name, x, y, z
0,arm,73.82414245605469,188.13108825683594,0
1,body,156.25360107421875,153.9809112548828,0
2,body_back,218.09591674804688,154.39305114746094,0
3,bucket,99.22801208496094,151.92945861816406,0
4,bucket_tip,112.80406951904297,134.04998779296875,0
5,springhinge_arm,62.64841842651367,194.6511993408203,0
6,springhinge_boom,118.77727508544922,193.75103759765625,0
