,name, x, y, z
0,arm,73.71212005615234,188.17437744140625,0
1,body,156.2918701171875,153.96449279785156,0
2,body_back,218.14627075195312,154.42787170410156,0
3,bucket,99.1064682006836,152.18984985351562,0
4,bucket_tip,112.59635162353516,134.03541564941406,0
5,springhinge_arm,62.03975296020508,194.7167510986328,0
6,springhinge_boom,118.6904525756836,193.82919311523438,0
