,name, x, y, z
0,arm,73.53141021728516,188.24501037597656,0
1,body,156.33401489257812,153.9491424560547,0
2,body_back,218.2146453857422,154.47166442871094,0
3,bucket,98.94203186035156,152.44720458984375,0
4,bucket_tip,112.31532287597656,134.015380859375,0
5,springhinge_arm,61.403831481933594,194.8069305419922,0
6,springhinge_boom,118.57299041748047,193.9237823486328,0
