,name, x, y, z
0,arm,73.28692626953125,188.3418426513672,0
1,body,156.38006591796875,153.9347686767578,0
2,body_back,218.29978942871094,154.52374267578125,0
3,bucket,98.73799133300781,152.70118713378906,0
4,bucket_tip,111.96662139892578,133.9900665283203,0
5,springhinge_arm,60.74402618408203,194.92091369628906,0
6,springhinge_boom,118.42724609375,194.0336151123047,0
