,name, x, y, z
0,arm,73.3814926147461,209.8809051513672,0
1,body,165.82785034179688,133.08819580078125,0
2,body_back,222.01968383789062,133.15374755859375,0
3,bucket,89.33784484863281,154.31329345703125,0
4,bucket_tip,83.69422149658203,127.36002349853516,0
5,springhinge_arm,60.05769729614258,224.31114196777344,0
6,springhinge_boom,125.91879272460938,193.84571838378906,0
