,name, x, y, z
0,arm,72.98355865478516,188.46363830566406,0
1,body,156.43011474609375,153.9213104248047,0
2,body_back,218.40049743652344,154.5834197998047,0
3,bucket,98.49764251708984,152.9514617919922,0
4,bucket_tip,111.55587768554688,133.95968627929688,0
5,springhinge_arm,60.063682556152344,195.05775451660156,0
6,springhinge_boom,118.25557708740234,194.15760803222656,0
