,name, x, y, z
0,arm,71.27951049804688,189.17648315429688,0
1,body,156.67092895507812,153.87501525878906,0
2,body_back,218.93414306640625,154.8834228515625,0
3,bucket,97.23931884765625,153.90809631347656,0
4,bucket_tip,109.40538787841797,133.79159545898438,0
5,springhinge_arm,57.20425033569336,195.8158721923828,0
6,springhinge_boom,117.35676574707031,194.77247619628906,0
