,name, x, y, z
0,arm,70.75537872314453,189.40509033203125,0
1,body,156.74154663085938,153.86495971679688,0
2,body_back,219.09408569335938,154.97019958496094,0
3,bucket,96.86698150634766,154.1343536376953,0
4,bucket_tip,108.76907348632812,133.7389373779297,0
5,springhinge_arm,56.47166442871094,196.0535888671875,0
6,springhinge_boom,117.0908203125,194.95030212402344,0
