,name, x, y, z
0,arm,70.2018051147461,189.6514434814453,0
1,body,156.81643676757812,153.85531616210938,0
2,body_back,219.26220703125,155.0602569580078,0
3,bucket,96.4781494140625,154.354736328125,0
4,bucket_tip,108.10456848144531,133.6824493408203,0
5,springhinge_arm,55.73870086669922,196.3087921142578,0
6,springhinge_boom,116.81307983398438,195.13548278808594,0
