,name, x, y, z
0,arm,69.62369537353516,189.9143524169922,0
1,body,156.89564514160156,153.8460693359375,0
2,body_back,219.43724060058594,155.1529083251953,0
3,bucket,96.07611846923828,154.5688934326172,0
4,bucket_tip,107.4175033569336,133.622314453125,0
5,springhinge_arm,55.00875473022461,196.58058166503906,0
6,springhinge_boom,116.52591705322266,195.32691955566406,0
