,name, x, y, z
0,arm,69.02597045898438,190.19256591796875,0
1,body,156.97923278808594,153.8370819091797,0
2,body_back,219.61798095703125,155.24737548828125,0
3,bucket,95.66419982910156,154.7764434814453,0
4,bucket_tip,106.7135238647461,133.55873107910156,0
5,springhinge_arm,54.28514862060547,196.8680877685547,0
6,springhinge_boom,116.23168182373047,195.5235137939453,0
