,name, x, y, z
0,arm,68.41352844238281,190.48495483398438,0
1,body,157.06723022460938,153.8283233642578,0
2,body_back,219.8031768798828,155.34298706054688,0
3,bucket,95.24567413330078,154.97706604003906,0
4,bucket_tip,105.99825286865234,133.491943359375,0
5,springhinge_arm,53.57126235961914,197.1703643798828,0
6,springhinge_boom,115.9327392578125,195.72409057617188,0
