,name, x, y, z
0,arm,73.49299621582031,209.92845153808594,0
1,body,165.93112182617188,133.0498504638672,0
2,body_back,222.12831115722656,133.13172912597656,0
3,bucket,89.27572631835938,154.27879333496094,0
4,bucket_tip,83.63267517089844,127.33055877685547,0
5,springhinge_arm,60.140708923339844,224.44602966308594,0
6,springhinge_boom,126.02865600585938,193.90402221679688,0
