,name, x, y, z
0,arm,67.16411590576172,191.10731506347656,0
1,body,157.25665283203125,153.81109619140625,0
2,body_back,220.18202209472656,155.53482055664062,0
3,bucket,94.40201568603516,155.3560791015625,0
4,bucket_tip,104.55644989013672,133.34945678710938,0
5,springhinge_arm,52.186092376708984,197.81573486328125,0
6,springhinge_boom,115.33012390136719,196.1327362060547,0
