,name, x, y, z
0,arm,66.5369644165039,191.4348907470703,0
1,body,157.3582000732422,153.802490234375,0
2,body_back,220.37319946289062,155.62957763671875,0
3,bucket,93.98348999023438,155.53372192382812,0
4,bucket_tip,103.84119415283203,133.27420043945312,0
5,springhinge_arm,51.521522521972656,198.15704345703125,0
6,springhinge_boom,115.03117370605469,196.33859252929688,0
