,name, x, y, z
0,arm,65.91468811035156,191.77178955078125,0
1,body,157.46437072753906,153.7937774658203,0
2,body_back,220.5639190673828,155.7226104736328,0
3,bucket,93.5715560913086,155.7030029296875,0
4,bucket_tip,103.13721466064453,133.19650268554688,0
5,springhinge_arm,50.880123138427734,198.50955200195312,0
6,springhinge_boom,114.7369384765625,196.54388427734375,0
