,name, x, y, z
0,arm,65.30225372314453,192.11680603027344,0
1,body,157.5751953125,153.784912109375,0
2,body_back,220.75294494628906,155.813232421875,0
3,bucket,93.16952514648438,155.863525390625,0
4,bucket_tip,102.45014190673828,133.1166229248047,0
5,springhinge_arm,50.26521301269531,198.87234497070312,0
6,springhinge_boom,114.44977569580078,196.74757385253906,0
