,name, x, y, z
0,arm,64.70452880859375,192.46875,0
1,body,157.6907501220703,153.7757568359375,0
2,body_back,220.9390411376953,155.90069580078125,0
3,bucket,92.78070068359375,156.01499938964844,0
4,bucket_tip,101.78564453125,133.0347137451172,0
5,springhinge_arm,49.68019104003906,199.24456787109375,0
6,springhinge_boom,114.17203521728516,196.9485321044922,0
