,name, x, y, z
0,arm,64.12641906738281,192.82638549804688,0
1,body,157.81105041503906,153.7662811279297,0
2,body_back,221.12094116210938,155.98431396484375,0
3,bucket,92.40837097167969,156.15701293945312,0
4,bucket_tip,101.14933776855469,132.95098876953125,0
5,springhinge_arm,49.12841033935547,199.62530517578125,0
6,springhinge_boom,113.90608978271484,197.1455535888672,0
