,name, x, y, z
0,arm,63.57284164428711,193.1885528564453,0
1,body,157.93618774414062,153.7563934326172,0
2,body_back,221.29750061035156,156.06333923339844,0
3,bucket,92.05582427978516,156.28921508789062,0
4,bucket_tip,100.5468521118164,132.86569213867188,0
5,springhinge_arm,48.61323547363281,200.01368713378906,0
6,springhinge_boom,113.65428161621094,197.3376007080078,0
