,name, x, y, z
0,arm,63.04872131347656,193.55401611328125,0
1,body,158.06619262695312,153.74600219726562,0
2,body_back,221.46739196777344,156.13706970214844,0
3,bucket,91.72639465332031,156.41127014160156,0
4,bucket_tip,99.98385620117188,132.7789764404297,0
5,springhinge_arm,48.13801956176758,200.4087677001953,0
6,springhinge_boom,113.41897583007812,197.5234832763672,0
