,name, x, y, z
0,arm,62.558929443359375,193.9215850830078,0
1,body,158.20111083984375,153.73504638671875,0
2,body_back,221.62942504882812,156.204833984375,0
3,bucket,91.42337036132812,156.52281188964844,0
4,bucket_tip,99.46597290039062,132.69107055664062,0
5,springhinge_arm,47.706119537353516,200.80966186523438,0
6,springhinge_boom,113.20252227783203,197.7021026611328,0
