,name, x, y, z
0,arm,73.6097640991211,209.9703369140625,0
1,body,166.0326385498047,133.0112762451172,0
2,body_back,222.23744201660156,133.10910034179688,0
3,bucket,89.20594024658203,154.243408203125,0
4,bucket_tip,83.56372833251953,127.29811096191406,0
5,springhinge_arm,60.231143951416016,224.57313537597656,0
6,springhinge_boom,126.14311981201172,193.95896911621094,0
