,name, x, y, z
0,arm,62.108375549316406,194.29005432128906,0
1,body,158.34100341796875,153.7234344482422,0
2,body_back,221.7823944091797,156.26585388183594,0
3,bucket,91.1500244140625,156.62347412109375,0
4,bucket_tip,98.99884796142578,132.60218811035156,0
5,springhinge_arm,47.32090377807617,201.2154998779297,0
6,springhinge_boom,113.00728607177734,197.87232971191406,0
