,name, x, y, z
0,arm,61.70199203491211,194.658203125,0
1,body,158.4858856201172,153.71112060546875,0
2,body_back,221.92503356933594,156.3194580078125,0
3,bucket,90.90969848632812,156.71290588378906,0
4,bucket_tip,98.58809661865234,132.51251220703125,0
5,springhinge_arm,46.98573684692383,201.62535095214844,0
6,springhinge_boom,112.83561706542969,198.0330352783203,0
