,name, x, y, z
0,arm,61.041297912597656,195.38882446289062,0
1,body,158.7909393310547,153.68399047851562,0
2,body_back,222.1744384765625,156.40150451660156,0
3,bucket,90.54120635986328,156.85665893554688,0
4,bucket_tip,97.95835876464844,132.33163452148438,0
5,springhinge_arm,46.478965759277344,202.45361328125,0
6,springhinge_boom,112.57240295410156,198.3214111328125,0
