,name, x, y, z
0,arm,60.796817779541016,195.74884033203125,0
1,body,158.95118713378906,153.66900634765625,0
2,body_back,222.2787322998047,156.4285430908203,0
3,bucket,90.41967010498047,156.9102783203125,0
4,bucket_tip,97.75064849853516,132.24081420898438,0
5,springhinge_arm,46.31409454345703,202.87017822265625,0
6,springhinge_boom,112.48558807373047,198.44677734375,0
