,name, x, y, z
0,arm,60.616111755371094,196.103759765625,0
1,body,159.11663818359375,153.6529998779297,0
2,body_back,222.3677520751953,156.4452667236328,0
3,bucket,90.34431457519531,156.9512176513672,0
4,bucket_tip,97.62187957763672,132.15003967285156,0
5,springhinge_arm,46.212711334228516,203.28720092773438,0
6,springhinge_boom,112.43177032470703,198.5581512451172,0
