,name, x, y, z
0,arm,60.46564483642578,196.79339599609375,0
1,body,159.46334838867188,153.6175537109375,0
2,body_back,222.5028533935547,156.45062255859375,0
3,bucket,90.33805847167969,157.0,0
4,bucket_tip,97.60662078857422,131.96937561035156,0
5,springhinge_arm,46.19566345214844,204.1190948486328,0
6,springhinge_boom,112.42786407470703,198.74072265625,0
