,name, x, y, z
0,arm,60.48991012573242,197.12594604492188,0
1,body,159.64427185058594,153.59791564941406,0
2,body_back,222.56277465820312,156.44918823242188,0
3,bucket,90.39572143554688,157.01995849609375,0
4,bucket_tip,97.69170379638672,131.87974548339844,0
5,springhinge_arm,46.24711608886719,204.53273010253906,0
6,springhinge_boom,112.4706802368164,198.8234405517578,0
