,name, x, y, z
0,arm,60.5612678527832,197.4498291015625,0
1,body,159.82972717285156,153.57684326171875,0
2,body_back,222.6200408935547,156.4463348388672,0
3,bucket,90.48975372314453,157.0390625,0
4,bucket_tip,97.8304443359375,131.7906951904297,0
5,springhinge_arm,46.33102798461914,204.94439697265625,0
6,springhinge_boom,112.54051971435547,198.90257263183594,0
