,name, x, y, z
0,arm,73.73287200927734,210.0067138671875,0
1,body,166.13262939453125,132.9727020263672,0
2,body_back,222.34706115722656,133.08567810058594,0
3,bucket,89.12812042236328,154.20718383789062,0
4,bucket_tip,83.48698425292969,127.26290893554688,0
5,springhinge_arm,60.3304443359375,224.6920928955078,0
6,springhinge_boom,126.26234436035156,194.01025390625,0
