,name, x, y, z
0,arm,60.67766571044922,197.76510620117188,0
1,body,160.01934814453125,153.55419921875,0
2,body_back,222.6748046875,156.44163513183594,0
3,bucket,90.61845397949219,157.0572967529297,0
4,bucket_tip,98.02037811279297,131.70225524902344,0
5,springhinge_arm,46.44591522216797,205.35374450683594,0
6,springhinge_boom,112.63610076904297,198.97816467285156,0
