,name, x, y, z
0,arm,60.83699035644531,198.07186889648438,0
1,body,160.21275329589844,153.5298614501953,0
2,body_back,222.72706604003906,156.43472290039062,0
3,bucket,90.78016662597656,157.07473754882812,0
4,bucket_tip,98.25897216796875,131.61451721191406,0
5,springhinge_arm,46.590232849121094,205.76046752929688,0
6,springhinge_boom,112.75619506835938,199.05032348632812,0
