,name, x, y, z
0,arm,61.27601623535156,198.6600341796875,0
1,body,160.609375,153.4756317138672,0
2,body_back,222.82432556152344,156.41259765625,0
3,bucket,91.19577026367188,157.10716247558594,0
4,bucket_tip,98.8722152709961,131.4413604736328,0
5,springhinge_arm,46.96115493774414,206.56472778320312,0
6,springhinge_boom,113.06484985351562,199.18467712402344,0
