,name, x, y, z
0,arm,61.551544189453125,198.94158935546875,0
1,body,160.81182861328125,153.4455108642578,0
2,body_back,222.86947631835938,156.39659118652344,0
3,bucket,91.44628143310547,157.1221923828125,0
4,bucket_tip,99.24186706542969,131.35606384277344,0
5,springhinge_arm,47.184730529785156,206.96165466308594,0
6,springhinge_boom,113.25089263916016,199.24700927734375,0
