,name, x, y, z
0,arm,62.20417022705078,199.47998046875,0
1,body,161.22311401367188,153.37857055664062,0
2,body_back,222.9530487060547,156.3527374267578,0
3,bucket,92.02427673339844,157.15005493164062,0
4,bucket_tip,100.09474182128906,131.18836975097656,0
5,springhinge_arm,47.70060348510742,207.7434844970703,0
6,springhinge_boom,113.68016052246094,199.36241149902344,0
