,name, x, y, z
0,arm,62.577064514160156,199.7369384765625,0
1,body,161.43116760253906,153.3415069580078,0
2,body_back,222.9915771484375,156.3240966796875,0
3,bucket,92.34838104248047,157.16290283203125,0
4,bucket_tip,100.5729751586914,131.10610961914062,0
5,springhinge_arm,47.9898681640625,208.1277313232422,0
6,springhinge_boom,113.92086029052734,199.41563415527344,0
