,name, x, y, z
0,arm,63.40559005737305,200.2267608642578,0
1,body,161.85020446777344,153.2595977783203,0
2,body_back,223.06248474121094,156.25137329101562,0
3,bucket,93.05833435058594,157.18655395507812,0
4,bucket_tip,101.62055969238281,130.9450225830078,0
5,springhinge_arm,48.62350082397461,208.88131713867188,0
6,springhinge_boom,114.44812774658203,199.51353454589844,0
