,name, x, y, z
0,arm,73.8634262084961,210.03778076171875,0
1,body,166.23123168945312,132.93438720703125,0
2,body_back,222.45721435546875,133.06130981445312,0
3,bucket,89.04193115234375,154.17022705078125,0
4,bucket_tip,83.40213775634766,127.2252197265625,0
5,springhinge_arm,60.44023132324219,224.802734375,0
6,springhinge_boom,126.38658905029297,194.05751037597656,0
