,name, x, y, z
0,arm,63.85701370239258,200.45973205566406,0
1,body,162.0604248046875,153.21450805664062,0
2,body_back,223.09495544433594,156.20651245117188,0
3,bucket,93.44080352783203,157.19735717773438,0
4,bucket_tip,102.18492126464844,130.8663330078125,0
5,springhinge_arm,48.96487808227539,209.25001525878906,0
6,springhinge_boom,114.73217010498047,199.5583953857422,0
