,name, x, y, z
0,arm,64.33042907714844,200.684814453125,0
1,body,162.2705841064453,153.16650390625,0
2,body_back,223.12551879882812,156.1554412841797,0
3,bucket,93.8393325805664,157.20755004882812,0
4,bucket_tip,102.77298736572266,130.78897094726562,0
5,springhinge_arm,49.320556640625,209.6129150390625,0
6,springhinge_boom,115.02815246582031,199.6005859375,0
