,name, x, y, z
0,arm,64.82372283935547,200.9021453857422,0
1,body,162.48031616210938,153.1154327392578,0
2,body_back,223.15423583984375,156.0977783203125,0
3,bucket,94.25225067138672,157.21713256835938,0
4,bucket_tip,103.38227844238281,130.7130126953125,0
5,springhinge_arm,49.6890869140625,209.96966552734375,0
6,springhinge_boom,115.3348159790039,199.64022827148438,0
