,name, x, y, z
0,arm,65.3348159790039,201.1116943359375,0
1,body,162.68923950195312,153.0612030029297,0
2,body_back,223.18113708496094,156.03311157226562,0
3,bucket,94.6778564453125,157.22608947753906,0
4,bucket_tip,104.01028442382812,130.6384735107422,0
5,springhinge_arm,50.06895065307617,210.3199462890625,0
6,springhinge_boom,115.6509017944336,199.67738342285156,0
