,name, x, y, z
0,arm,65.86164093017578,201.31362915039062,0
1,body,162.89695739746094,153.00367736816406,0
2,body_back,223.20631408691406,155.9610595703125,0
3,bucket,95.11445617675781,157.23448181152344,0
4,bucket_tip,104.65452575683594,130.56546020507812,0
5,springhinge_arm,50.458621978759766,210.66348266601562,0
6,springhinge_boom,115.97515106201172,199.71217346191406,0
