,name, x, y, z
0,arm,66.40205383300781,201.50790405273438,0
1,body,163.10308837890625,152.94271850585938,0
2,body_back,223.2298126220703,155.88121032714844,0
3,bucket,95.56035614013672,157.24232482910156,0
4,bucket_tip,105.31248474121094,130.49403381347656,0
5,springhinge_arm,50.85659408569336,210.9998779296875,0
6,springhinge_boom,116.30630493164062,199.74461364746094,0
