,name, x, y, z
0,arm,66.9539794921875,201.69467163085938,0
1,body,163.30726623535156,152.8782196044922,0
2,body_back,223.25169372558594,155.7931671142578,0
3,bucket,96.01387023925781,157.24961853027344,0
4,bucket_tip,105.98167419433594,130.42422485351562,0
5,springhinge_arm,51.261356353759766,211.32887268066406,0
6,springhinge_boom,116.64311981201172,199.7748260498047,0
