,name, x, y, z
0,arm,67.51534271240234,201.8739776611328,0
1,body,163.50909423828125,152.81005859375,0
2,body_back,223.27200317382812,155.69654846191406,0
3,bucket,96.47332000732422,157.2563934326172,0
4,bucket_tip,106.65960693359375,130.3561248779297,0
5,springhinge_arm,51.671417236328125,211.650146484375,0
6,springhinge_boom,116.98433685302734,199.80288696289062,0
