,name, x, y, z
0,arm,68.08402252197266,202.0458984375,0
1,body,163.70819091796875,152.7381134033203,0
2,body_back,223.29083251953125,155.59095764160156,0
3,bucket,96.93697357177734,157.2626495361328,0
4,bucket_tip,107.34378814697266,130.289794921875,0
5,springhinge_arm,52.085243225097656,211.96336364746094,0
6,springhinge_boom,117.32868957519531,199.82888793945312,0
