,name, x, y, z
0,arm,74.00255584716797,210.06381225585938,0
1,body,166.3286895751953,132.8966522216797,0
2,body_back,222.56785583496094,133.03587341308594,0
3,bucket,88.94709777832031,154.13267517089844,0
4,bucket_tip,83.30892944335938,127.18529510498047,0
5,springhinge_arm,60.56206512451172,224.9047088623047,0
6,springhinge_boom,126.51610565185547,194.10037231445312,0
