,name, x, y, z
0,arm,69.81311798095703,202.5178680419922,0
1,body,164.28524780273438,152.49826049804688,0
2,body_back,223.3388214111328,155.21630859375,0
3,bucket,98.3364486694336,157.27865600585938,0
4,bucket_tip,109.4087905883789,130.1020050048828,0
5,springhinge_arm,53.33427429199219,212.85150146484375,0
6,springhinge_boom,118.36802673339844,199.89515686035156,0
