,name, x, y, z
0,arm,70.39018249511719,202.6608123779297,0
1,body,164.46958923339844,152.40989685058594,0
2,body_back,223.35218811035156,155.07080078125,0
3,bucket,98.80010986328125,157.28309631347656,0
4,bucket_tip,110.09297180175781,130.04336547851562,0
5,springhinge_arm,53.74809646606445,213.12930297851562,0
6,springhinge_boom,118.71238708496094,199.9136199951172,0
