,name, x, y, z
0,arm,70.96410369873047,202.79672241210938,0
1,body,164.64927673339844,152.317138671875,0
2,body_back,223.36436462402344,154.9143524169922,0
3,bucket,99.25955200195312,157.2871551513672,0
4,bucket_tip,110.77090454101562,129.98680114746094,0
5,springhinge_arm,54.15815734863281,213.3974609375,0
6,springhinge_boom,119.05359649658203,199.93040466308594,0
