,name, x, y, z
0,arm,71.53279113769531,202.92562866210938,0
1,body,164.82394409179688,152.21983337402344,0
2,body_back,223.37535095214844,154.74652099609375,0
3,bucket,99.71306610107422,157.29083251953125,0
4,bucket_tip,111.44010162353516,129.932373046875,0
5,springhinge_arm,54.56291961669922,213.6556396484375,0
6,springhinge_boom,119.3904037475586,199.94561767578125,0
