,name, x, y, z
0,arm,72.09414672851562,203.04757690429688,0
1,body,164.99317932128906,152.11785888671875,0
2,body_back,223.38525390625,154.56695556640625,0
3,bucket,100.15897369384766,157.29412841796875,0
4,bucket_tip,112.09806060791016,129.88015747070312,0
5,springhinge_arm,54.96089172363281,213.90353393554688,0
6,springhinge_boom,119.72157287597656,199.95928955078125,0
