,name, x, y, z
0,arm,72.64608001708984,203.1626739501953,0
1,body,165.15664672851562,152.0111083984375,0
2,body_back,223.39413452148438,154.37521362304688,0
3,bucket,100.59557342529297,157.29708862304688,0
4,bucket_tip,112.74230194091797,129.83021545410156,0
5,springhinge_arm,55.350563049316406,214.1408233642578,0
6,springhinge_boom,120.04581451416016,199.97152709960938,0
