,name, x, y, z
0,arm,73.18649291992188,203.27096557617188,0
1,body,165.3139190673828,151.89947509765625,0
2,body_back,223.40200805664062,154.17091369628906,0
3,bucket,101.02118682861328,157.29971313476562,0
4,bucket_tip,113.37030029296875,129.78260803222656,0
5,springhinge_arm,55.730411529541016,214.36720275878906,0
6,springhinge_boom,120.36190795898438,199.98240661621094,0
