,name, x, y, z
0,arm,73.71330261230469,203.3725128173828,0
1,body,165.46461486816406,151.78280639648438,0
2,body_back,223.40895080566406,153.95364379882812,0
3,bucket,101.43409729003906,157.30201721191406,0
4,bucket_tip,113.9795913696289,129.7373809814453,0
5,springhinge_arm,56.09895706176758,214.5823211669922,0
6,springhinge_boom,120.66856384277344,199.9919891357422,0
