,name, x, y, z
0,arm,74.15131378173828,210.0849151611328,0
1,body,166.42515563964844,132.8597412109375,0
2,body_back,222.67909240722656,133.00918579101562,0
3,bucket,88.84325408935547,154.09458923339844,0
4,bucket_tip,83.20699310302734,127.14337921142578,0
5,springhinge_arm,60.697471618652344,224.9977569580078,0
6,springhinge_boom,126.65108489990234,194.1385498046875,0
