,name, x, y, z
0,arm,74.71771240234375,203.5556640625,0
1,body,165.74481201171875,151.5338592529297,0
2,body_back,223.4203338623047,153.47869873046875,0
3,bucket,102.2151107788086,157.30581665039062,0
4,bucket_tip,115.13201141357422,129.65440368652344,0
5,springhinge_arm,56.79601287841797,214.97755432128906,0
6,springhinge_boom,121.24858856201172,200.00770568847656,0
