,name, x, y, z
0,arm,75.19112396240234,203.63742065429688,0
1,body,165.87353515625,151.4013671875,0
2,body_back,223.4248504638672,153.22021484375,0
3,bucket,102.57980346679688,157.3073272705078,0
4,bucket_tip,115.670166015625,129.61676025390625,0
5,springhinge_arm,57.121498107910156,215.15701293945312,0
6,springhinge_boom,121.51944732666016,200.01393127441406,0
