,name, x, y, z
0,arm,75.64254760742188,203.7126922607422,0
1,body,165.99415588378906,151.26332092285156,0
2,body_back,223.4286651611328,152.94717407226562,0
3,bucket,102.92505645751953,157.30859375,0
4,bucket_tip,116.17960357666016,129.58175659179688,0
5,springhinge_arm,57.42964553833008,215.32394409179688,0
6,springhinge_boom,121.7758560180664,200.01922607421875,0
