,name, x, y, z
0,arm,76.06989288330078,203.7815399169922,0
1,body,166.10630798339844,151.11964416503906,0
2,body_back,223.43185424804688,152.65921020507812,0
3,bucket,103.24916076660156,157.30966186523438,0
4,bucket_tip,116.6578369140625,129.54946899414062,0
5,springhinge_arm,57.718910217285156,215.47804260253906,0
6,springhinge_boom,122.01655578613281,200.0236358642578,0
