,name, x, y, z
0,arm,76.47106170654297,203.8440704345703,0
1,body,166.2095947265625,150.97021484375,0
2,body_back,223.43447875976562,152.3559112548828,0
3,bucket,103.55043029785156,157.31053161621094,0
4,bucket_tip,117.10237121582031,129.51995849609375,0
5,springhinge_arm,57.98779296875,215.61900329589844,0
6,springhinge_boom,122.24029541015625,200.02723693847656,0
