,name, x, y, z
0,arm,76.84396362304688,203.9003448486328,0
1,body,166.30361938476562,150.8148651123047,0
2,body_back,223.4365692138672,152.03688049316406,0
3,bucket,103.82715606689453,157.31121826171875,0
4,bucket_tip,117.5107192993164,129.4932861328125,0
5,springhinge_arm,58.23476791381836,215.74644470214844,0
6,springhinge_boom,122.4458236694336,200.03012084960938,0
