,name, x, y, z
0,arm,77.1865005493164,203.9503936767578,0
1,body,166.38803100585938,150.65350341796875,0
2,body_back,223.43820190429688,151.7017059326172,0
3,bucket,104.07766723632812,157.311767578125,0
4,bucket_tip,117.88037872314453,129.46951293945312,0
5,springhinge_arm,58.4583625793457,215.86009216308594,0
6,springhinge_boom,122.63186645507812,200.03236389160156,0
