,name, x, y, z
0,arm,77.49658203125,203.9943084716797,0
1,body,166.4624481201172,150.4860076904297,0
2,body_back,223.43942260742188,151.35000610351562,0
3,bucket,104.30027770996094,157.3121795654297,0
4,bucket_tip,118.20883178710938,129.44871520996094,0
5,springhinge_arm,58.65702438354492,215.95965576171875,0
6,springhinge_boom,122.79719543457031,200.03407287597656,0
