,name, x, y, z
0,arm,77.77210998535156,204.0321807861328,0
1,body,166.5264434814453,150.31224060058594,0
2,body_back,223.44029235839844,150.98138427734375,0
3,bucket,104.4932632446289,157.31246948242188,0
4,bucket_tip,118.49360656738281,129.43092346191406,0
5,springhinge_arm,58.82928466796875,216.0447540283203,0
6,springhinge_boom,122.94052124023438,200.0352783203125,0
