,name, x, y, z
0,arm,63.503170013427734,200.50787353515625,0
1,body,159.71983337402344,144.14434814453125,0
2,body_back,217.14373779296875,143.86570739746094,0
3,bucket,86.17768859863281,158.12234497070312,0
4,bucket_tip,97.66735076904297,127.79925537109375,0
5,springhinge_arm,48.43081283569336,210.7689208984375,0
6,springhinge_boom,117.26403045654297,195.38644409179688,0
