,name, x, y, z
0,arm,74.31084442138672,210.1013641357422,0
1,body,166.52081298828125,132.82386779785156,0
2,body_back,222.7908477783203,132.98110961914062,0
3,bucket,88.73011779785156,154.05606079101562,0
4,bucket_tip,83.09603118896484,127.0997314453125,0
5,springhinge_arm,60.848045349121094,225.08157348632812,0
6,springhinge_boom,126.79178619384766,194.17169189453125,0
