,name, x, y, z
0,arm,78.21114349365234,204.0899200439453,0
1,body,166.62173461914062,149.9453887939453,0
2,body_back,223.44125366210938,150.19180297851562,0
3,bucket,104.78368377685547,157.3127899169922,0
4,bucket_tip,118.92213439941406,129.4047088623047,0
5,springhinge_arm,59.088470458984375,216.1703643798828,0
6,springhinge_boom,123.15619659423828,200.03659057617188,0
