,name, x, y, z
0,arm,78.3704605102539,204.10995483398438,0
1,body,166.6522674560547,149.7520751953125,0
2,body_back,223.44142150878906,149.77001953125,0
3,bucket,104.8777084350586,157.31285095214844,0
4,bucket_tip,119.06088256835938,129.39639282226562,0
5,springhinge_arm,59.17239761352539,216.21023559570312,0
6,springhinge_boom,123.22602844238281,200.03684997558594,0
