,name, x, y, z
0,arm,78.48685455322266,204.12416076660156,0
1,body,166.67086791992188,149.55201721191406,0
2,body_back,223.44149780273438,149.32974243164062,0
3,bucket,104.93537139892578,157.3128662109375,0
4,bucket_tip,119.14596557617188,129.39134216308594,0
5,springhinge_arm,59.2238655090332,216.23439025878906,0
6,springhinge_boom,123.26885223388672,200.0369415283203,0
