,name, x, y, z
0,arm,78.5582275390625,204.13267517089844,0
1,body,166.67713928222656,149.34506225585938,0
2,body_back,223.44149780273438,148.87054443359375,0
3,bucket,104.95496368408203,157.31288146972656,0
4,bucket_tip,119.17487335205078,129.38966369628906,0
5,springhinge_arm,59.241355895996094,216.24252319335938,0
6,springhinge_boom,123.28340911865234,200.03695678710938,0
