,name, x, y, z
0,arm,78.51436614990234,204.11949157714844,0
1,body,166.29684448242188,148.9143524169922,0
2,body_back,223.0574951171875,147.90443420410156,0
3,bucket,104.68294525146484,157.19140625,0
4,bucket_tip,118.96887969970703,129.3902130126953,0
5,springhinge_arm,59.014225006103516,216.1870574951172,0
6,springhinge_boom,123.03779602050781,199.89169311523438,0
