,name, x, y, z
0,arm,78.03080749511719,204.00601196289062,0
1,body,165.31607055664062,148.4807891845703,0
2,body_back,222.0486602783203,146.92141723632812,0
3,bucket,103.98143005371094,156.87808227539062,0
4,bucket_tip,118.43763732910156,129.39410400390625,0
5,springhinge_arm,58.42850112915039,216.04400634765625,0
6,springhinge_boom,122.40438842773438,199.51710510253906,0
