,name, x, y, z
0,arm,77.65619659423828,203.9180908203125,0
1,body,164.6755828857422,148.2708282470703,0
2,body_back,221.3769989013672,146.44244384765625,0
3,bucket,103.5232925415039,156.67349243164062,0
4,bucket_tip,118.0906982421875,129.39834594726562,0
5,springhinge_arm,58.04597473144531,215.9506072998047,0
6,springhinge_boom,121.99073028564453,199.27247619628906,0
