,name, x, y, z
0,arm,77.22030639648438,203.81578063964844,0
1,body,163.97503662109375,148.06959533691406,0
2,body_back,220.62962341308594,145.9818572998047,0
3,bucket,103.02220916748047,156.44970703125,0
4,bucket_tip,117.71124267578125,129.4046630859375,0
5,springhinge_arm,57.62759780883789,215.84844970703125,0
6,springhinge_boom,121.53829956054688,199.00489807128906,0
