,name, x, y, z
0,arm,74.48223876953125,210.11334228515625,0
1,body,166.6158905029297,132.78936767578125,0
2,body_back,222.90318298339844,132.95152282714844,0
3,bucket,88.6072998046875,154.01719665527344,0
4,bucket_tip,82.9757308959961,127.05461883544922,0
5,springhinge_arm,61.015342712402344,225.1559295654297,0
6,springhinge_boom,126.93843078613281,194.1994171142578,0
