,name, x, y, z
0,arm,76.7435531616211,203.70388793945312,0
1,body,163.24447631835938,147.8802490234375,0
2,body_back,219.83340454101562,145.54721069335938,0
3,bucket,102.49966430664062,156.21633911132812,0
4,bucket_tip,117.31551361083984,129.4134979248047,0
5,springhinge_arm,57.1912956237793,215.74191284179688,0
6,springhinge_boom,121.06647491455078,198.72586059570312,0
