,name, x, y, z
0,arm,76.24636840820312,203.58718872070312,0
1,body,162.513916015625,147.70591735839844,0
2,body_back,219.01516723632812,145.14605712890625,0
3,bucket,101.97709655761719,155.9829559326172,0
4,bucket_tip,116.9197998046875,129.42523193359375,0
5,springhinge_arm,56.754981994628906,215.6353759765625,0
6,springhinge_boom,120.59466552734375,198.44683837890625,0
