,name, x, y, z
0,arm,75.74917602539062,203.47052001953125,0
1,body,161.81336975097656,147.5497589111328,0
2,body_back,218.2017059326172,144.78591918945312,0
3,bucket,101.47601318359375,155.75918579101562,0
4,bucket_tip,116.54033660888672,129.44032287597656,0
5,springhinge_arm,56.336605072021484,215.53321838378906,0
6,springhinge_boom,120.14222717285156,198.17926025390625,0
