,name, x, y, z
0,arm,75.27242279052734,203.35861206054688,0
1,body,161.17288208007812,147.4149627685547,0
2,body_back,217.419921875,144.47434997558594,0
3,bucket,101.01788330078125,155.55458068847656,0
4,bucket_tip,116.19340515136719,129.4591522216797,0
5,springhinge_arm,55.954078674316406,215.4398193359375,0
6,springhinge_boom,119.72856903076172,197.9346466064453,0
