,name, x, y, z
0,arm,74.46192169189453,203.1684112548828,0
1,body,160.19210815429688,147.221923828125,0
2,body_back,216.05859375,144.027099609375,0
3,bucket,100.31637573242188,155.24127197265625,0
4,bucket_tip,115.66214752197266,129.50975036621094,0
5,springhinge_arm,55.36833953857422,215.29678344726562,0
6,springhinge_boom,119.09516143798828,197.56002807617188,0
