,name, x, y, z
0,arm,74.16905975341797,203.0996856689453,0
1,body,159.91189575195312,147.16998291015625,0
2,body_back,215.53274536132812,143.90647888183594,0
3,bucket,100.11593627929688,155.15176391601562,0
4,bucket_tip,115.51036834716797,129.54234313964844,0
5,springhinge_arm,55.20098876953125,215.25592041015625,0
6,springhinge_boom,118.9141845703125,197.4530029296875,0
