,name, x, y, z
0,arm,73.9783706665039,203.054931640625,0
1,body,159.8118133544922,147.15196228027344,0
2,body_back,215.14590454101562,143.86459350585938,0
3,bucket,100.04434967041016,155.1197967529297,0
4,bucket_tip,115.45616149902344,129.58035278320312,0
5,springhinge_arm,55.1412239074707,215.24131774902344,0
6,springhinge_boom,118.84955596923828,197.41477966308594,0
