,name, x, y, z
0,arm,73.91023254394531,203.03892517089844,0
1,body,159.81040954589844,147.16395568847656,0
2,body_back,214.8438720703125,143.8812713623047,0
3,bucket,100.03218078613281,155.1428985595703,0
4,bucket_tip,115.44401550292969,129.63392639160156,0
5,springhinge_arm,55.13636016845703,215.2761688232422,0
6,springhinge_boom,118.84745788574219,197.44241333007812,0
