,name, x, y, z
0,arm,73.90609741210938,203.06982421875,0
1,body,159.80621337890625,147.19895935058594,0
2,body_back,214.5540313720703,143.92991638183594,0
3,bucket,99.99787139892578,155.21026611328125,0
4,bucket_tip,115.40994262695312,129.71188354492188,0
5,springhinge_arm,55.12344741821289,215.37782287597656,0
6,springhinge_boom,118.841552734375,197.52294921875,0
