,name, x, y, z
0,arm,74.66661071777344,210.12107849121094,0
1,body,166.71055603027344,132.75650024414062,0
2,body_back,223.01608276367188,132.9202423095703,0
3,bucket,88.47451782226562,153.97811889648438,0
4,bucket_tip,82.84574890136719,127.00828552246094,0
5,springhinge_arm,61.200923919677734,225.2205047607422,0
6,springhinge_boom,127.09123992919922,194.22145080566406,0
