,name, x, y, z
0,arm,73.89529418945312,203.15992736816406,0
1,body,159.79916381835938,147.25550842285156,0
2,body_back,214.2752227783203,144.00836181640625,0
3,bucket,99.9446029663086,155.3189697265625,0
4,bucket_tip,115.3573226928711,129.81259155273438,0
5,springhinge_arm,55.104942321777344,215.5420379638672,0
6,springhinge_boom,118.8322525024414,197.65286254882812,0
