,name, x, y, z
0,arm,73.88005828857422,203.3054962158203,0
1,body,159.78921508789062,147.33212280273438,0
2,body_back,214.00645446777344,144.11451721191406,0
3,bucket,99.87564849853516,155.46600341796875,0
4,bucket_tip,115.28960418701172,129.9344940185547,0
5,springhinge_arm,55.08332443237305,215.76451110839844,0
6,springhinge_boom,118.82006072998047,197.82859802246094,0
