,name, x, y, z
0,arm,73.8627700805664,203.5027313232422,0
1,body,159.77633666992188,147.4272918701172,0
2,body_back,213.7467041015625,144.24623107910156,0
3,bucket,99.79422760009766,155.64845275878906,0
4,bucket_tip,115.21021270751953,130.0760040283203,0
5,springhinge_arm,55.06106185913086,216.04095458984375,0
6,springhinge_boom,118.80542755126953,198.04666137695312,0
