,name, x, y, z
0,arm,73.8457260131836,203.74777221679688,0
1,body,159.76046752929688,147.5395965576172,0
2,body_back,213.49493408203125,144.40135192871094,0
3,bucket,99.70355987548828,155.8633575439453,0
4,bucket_tip,115.12259674072266,130.23550415039062,0
5,springhinge_arm,55.04066467285156,216.36709594726562,0
6,springhinge_boom,118.78882598876953,198.30355834960938,0
