,name, x, y, z
0,arm,73.83123016357422,204.03688049316406,0
1,body,159.7415771484375,147.6675262451172,0
2,body_back,213.25006103515625,144.5778045654297,0
3,bucket,99.60688018798828,156.10777282714844,0
4,bucket_tip,115.03015899658203,130.4114227294922,0
5,springhinge_arm,55.02455520629883,216.7386474609375,0
6,springhinge_boom,118.7707290649414,198.59568786621094,0
