,name, x, y, z
0,arm,73.82628631591797,205.13052368164062,0
1,body,159.66641235351562,148.13038635253906,0
2,body_back,212.5467529296875,145.213623046875,0
3,bucket,99.31319427490234,156.98854064941406,0
4,bucket_tip,114.75846099853516,131.02174377441406,0
5,springhinge_arm,55.0269775390625,218.0829315185547,0
6,springhinge_boom,118.71221160888672,199.6484375,0
