,name, x, y, z
0,arm,73.87830352783203,206.01025390625,0
1,body,159.60043334960938,148.49009704589844,0
2,body_back,212.09353637695312,145.7049560546875,0
3,bucket,99.14661407470703,157.6691436767578,0
4,bucket_tip,114.61624145507812,131.48153686523438,0
5,springhinge_arm,55.09556198120117,219.12762451171875,0
6,springhinge_boom,118.67432403564453,200.46192932128906,0
