,name, x, y, z
0,arm,74.86505889892578,210.1247100830078,0
1,body,166.8049774169922,132.72544860839844,0
2,body_back,223.1295928955078,132.8871307373047,0
3,bucket,88.33146667480469,153.9388885498047,0
4,bucket_tip,82.705810546875,126.96097564697266,0
5,springhinge_arm,61.4063720703125,225.27499389648438,0
6,springhinge_boom,127.25048065185547,194.2374267578125,0
