,name, x, y, z
0,arm,73.9278335571289,206.4839324951172,0
1,body,159.56259155273438,148.68087768554688,0
2,body_back,211.8685302734375,145.96446228027344,0
3,bucket,99.08181762695312,158.0286407470703,0
4,bucket_tip,114.56714630126953,131.7225341796875,0
5,springhinge_arm,55.15742874145508,219.6816864013672,0
6,springhinge_boom,118.65715026855469,200.89163208007812,0
