,name, x, y, z
0,arm,73.99614715576172,206.97508239746094,0
1,body,159.52142333984375,148.87696838378906,0
2,body_back,211.6431884765625,146.23036193847656,0
3,bucket,99.03362274169922,158.39697265625,0
4,bucket_tip,114.5372543334961,131.9688262939453,0
5,springhinge_arm,55.24093246459961,220.2511749267578,0
6,springhinge_boom,118.64176940917969,201.33189392089844,0
