,name, x, y, z
0,arm,74.0855712890625,207.4799041748047,0
1,body,159.47691345214844,149.076904296875,0
2,body_back,211.41648864746094,146.50051879882812,0
3,bucket,99.00529479980469,158.77120971679688,0
4,bucket_tip,114.53003692626953,132.2187957763672,0
5,springhinge_arm,55.34854507446289,220.83180236816406,0
6,springhinge_boom,118.62864685058594,201.7792205810547,0
