,name, x, y, z
0,arm,74.33695220947266,208.51536560058594,0
1,body,159.37765502929688,149.4823455810547,0
2,body_back,210.95486450195312,147.04510498046875,0
3,bucket,99.0210952758789,159.5255889892578,0
4,bucket_tip,114.59732055664062,132.7234649658203,0
5,springhinge_arm,55.64611053466797,222.00933837890625,0
6,springhinge_boom,118.61107635498047,202.68087768554688,0
