,name, x, y, z
0,arm,74.50354766845703,209.0384521484375,0
1,body,159.3228302001953,149.6849365234375,0
2,body_back,210.71788024902344,147.3152618408203,0
3,bucket,99.07170867919922,159.8998260498047,0
4,bucket_tip,114.67867279052734,132.9749755859375,0
5,springhinge_arm,55.840972900390625,222.59771728515625,0
6,springhinge_boom,118.6075668334961,203.12818908691406,0
