,name, x, y, z
0,arm,74.70052337646484,209.5599822998047,0
1,body,159.26449584960938,149.8854522705078,0
2,body_back,210.47535705566406,147.5811767578125,0
3,bucket,99.15510559082031,160.26815795898438,0
4,bucket_tip,114.79644012451172,133.2238006591797,0
5,springhinge_arm,56.06989669799805,223.18008422851562,0
6,springhinge_boom,118.60820007324219,203.56846618652344,0
