,name, x, y, z
0,arm,75.19486236572266,210.58334350585938,0
1,body,159.13714599609375,150.2744140625,0
2,body_back,209.9697265625,148.0916748046875,0
3,bucket,99.43321228027344,160.97532653808594,0
4,bucket_tip,115.15491485595703,133.70712280273438,0
5,springhinge_arm,56.63980484008789,224.3096923828125,0
6,springhinge_boom,118.62382507324219,204.41372680664062,0
