,name, x, y, z
0,arm,75.49681091308594,211.0775909423828,0
1,body,159.06802368164062,150.45989990234375,0
2,body_back,209.70448303222656,148.33201599121094,0
3,bucket,99.63434600830078,161.30825805664062,0
4,bucket_tip,115.40248107910156,133.9384002685547,0
5,springhinge_arm,56.98570251464844,224.84840393066406,0
6,springhinge_boom,118.63971710205078,204.81166076660156,0
