,name, x, y, z
0,arm,75.07870483398438,210.12451171875,0
1,body,166.89939880371094,132.69659423828125,0
2,body_back,223.24371337890625,132.8520050048828,0
3,bucket,88.17779541015625,153.8996124267578,0
4,bucket_tip,82.55558776855469,126.91293334960938,0
5,springhinge_arm,61.63325500488281,225.31912231445312,0
6,springhinge_boom,127.41637420654297,194.24696350097656,0
