,name, x, y, z
0,arm,75.83844757080078,211.5550994873047,0
1,body,158.99522399902344,150.63742065429688,0
2,body_back,209.42959594726562,148.5595703125,0
3,bucket,99.88121032714844,161.6234893798828,0
4,bucket_tip,115.7001724243164,134.16064453125,0
5,springhinge_arm,57.375553131103516,225.3639678955078,0
6,springhinge_boom,118.66165161132812,205.18844604492188,0
