,name, x, y, z
0,arm,76.22198486328125,212.01211547851562,0
1,body,158.91868591308594,150.80551147460938,0
2,body_back,209.14401245117188,148.772216796875,0
3,bucket,100.17699432373047,161.91806030273438,0
4,bucket_tip,116.05140686035156,134.37228393554688,0
5,springhinge_arm,57.81182861328125,225.8521270751953,0
6,springhinge_boom,118.6900634765625,205.54052734375,0
