,name, x, y, z
0,arm,76.64982604980469,212.44485473632812,0
1,body,158.83840942382812,150.9626922607422,0
2,body_back,208.84671020507812,148.9678192138672,0
3,bucket,100.52497863769531,162.18902587890625,0
4,bucket_tip,116.45965576171875,134.57171630859375,0
5,springhinge_arm,58.29701232910156,226.30860900878906,0
6,springhinge_boom,118.7254409790039,205.86441040039062,0
