,name, x, y, z
0,arm,77.12422943115234,212.84950256347656,0
1,body,158.7543182373047,151.1074676513672,0
2,body_back,208.5366668701172,149.14427185058594,0
3,bucket,100.92837524414062,162.43345642089844,0
4,bucket_tip,116.92835235595703,134.75732421875,0
5,springhinge_arm,58.83357238769531,226.72911071777344,0
6,springhinge_boom,118.76828002929688,206.1565399169922,0
