,name, x, y, z
0,arm,77.6475601196289,213.22225952148438,0
1,body,158.6663818359375,151.23838806152344,0
2,body_back,208.2128143310547,149.29940795898438,0
3,bucket,101.39041137695312,162.64834594726562,0
4,bucket_tip,117.46088409423828,134.9275665283203,0
5,springhinge_arm,59.423980712890625,227.10935974121094,0
6,springhinge_boom,118.81900787353516,206.4134063720703,0
