,name, x, y, z
0,arm,78.22209930419922,213.55931091308594,0
1,body,158.57455444335938,151.35398864746094,0
2,body_back,207.87413024902344,149.4311065673828,0
3,bucket,101.914306640625,162.83079528808594,0
4,bucket_tip,118.06071472167969,135.080810546875,0
5,springhinge_arm,60.07072448730469,227.44505310058594,0
6,springhinge_boom,118.87811279296875,206.63148498535156,0
