,name, x, y, z
0,arm,78.85017395019531,213.85691833496094,0
1,body,158.4788055419922,151.45277404785156,0
2,body_back,207.51954650878906,149.53726196289062,0
3,bucket,102.50331115722656,162.9778289794922,0
4,bucket_tip,118.73126220703125,135.21548461914062,0
5,springhinge_arm,60.776248931884766,227.73196411132812,0
6,springhinge_boom,118.946044921875,206.80723571777344,0
