,name, x, y, z
0,arm,79.53410339355469,214.11122131347656,0
1,body,158.37908935546875,151.53326416015625,0
2,body_back,207.14810180664062,149.61570739746094,0
3,bucket,103.16068267822266,163.08651733398438,0
4,bucket_tip,119.47601318359375,135.32998657226562,0
5,springhinge_arm,61.54309844970703,227.96572875976562,0
6,springhinge_boom,119.0233383178711,206.93714904785156,0
