,name, x, y, z
0,arm,80.27621459960938,214.31845092773438,0
1,body,158.27536010742188,151.593994140625,0
2,body_back,206.7586669921875,149.66436767578125,0
3,bucket,103.88959503173828,163.1538848876953,0
4,bucket_tip,120.29833221435547,135.42274475097656,0
5,springhinge_arm,62.37370681762695,228.14212036132812,0
6,springhinge_boom,119.11038970947266,207.01768493652344,0
