,name, x, y, z
0,arm,81.07881164550781,214.4748077392578,0
1,body,158.16757202148438,151.63348388671875,0
2,body_back,206.35028076171875,149.68104553222656,0
3,bucket,104.69332885742188,163.177001953125,0
4,bucket_tip,121.20167541503906,135.49217224121094,0
5,springhinge_arm,63.270530700683594,228.2568359375,0
6,springhinge_boom,119.20769500732422,207.04530334472656,0
