,name, x, y, z
0,arm,75.30865478515625,210.12063598632812,0
1,body,166.9939727783203,132.67015075683594,0
2,body_back,223.35845947265625,132.81475830078125,0
3,bucket,88.01317596435547,153.8603973388672,0
4,bucket_tip,82.394775390625,126.86444091796875,0
5,springhinge_arm,61.88317108154297,225.3526611328125,0
6,springhinge_boom,127.58914184570312,194.24977111816406,0
