,name, x, y, z
0,arm,81.94420623779297,214.5764923095703,0
1,body,157.87664794921875,151.65396118164062,0
2,body_back,205.86375427246094,149.5837860107422,0
3,bucket,105.60888671875,163.05799865722656,0
4,bucket_tip,122.31690979003906,135.5386962890625,0
5,springhinge_arm,64.23236083984375,228.31454467773438,0
6,springhinge_boom,119.31503295898438,206.876708984375,0
