,name, x, y, z
0,arm,82.8662338256836,214.6259307861328,0
1,body,157.30059814453125,151.67225646972656,0
2,body_back,205.27232360839844,149.34158325195312,0
3,bucket,106.57415008544922,162.7742462158203,0
4,bucket_tip,123.60962677001953,135.56692504882812,0
5,springhinge_arm,65.24300384521484,228.35586547851562,0
6,springhinge_boom,119.42935180664062,206.47471618652344,0
