,name, x, y, z
0,arm,83.8047103881836,214.6504669189453,0
1,body,156.55508422851562,151.70889282226562,0
2,body_back,204.62351989746094,149.02883911132812,0
3,bucket,107.44369506835938,162.43556213378906,0
4,bucket_tip,124.83552551269531,135.58140563964844,0
5,springhinge_arm,66.2825698852539,228.43026733398438,0
6,springhinge_boom,119.54694366455078,205.99490356445312,0
