,name, x, y, z
0,arm,85.53633880615234,214.75906372070312,0
1,body,155.0181427001953,151.9195556640625,0
2,body_back,203.34388732910156,148.48915100097656,0
3,bucket,108.31387329101562,162.0327911376953,0
4,bucket_tip,126.1094741821289,135.58750915527344,0
5,springhinge_arm,68.36903381347656,228.87660217285156,0
6,springhinge_boom,119.77699279785156,205.42431640625,0
