,name, x, y, z
0,arm,86.23220825195312,214.9102325439453,0
1,body,154.4221954345703,152.14822387695312,0
2,body_back,202.78884887695312,148.3535614013672,0
3,bucket,108.25870513916016,162.0970458984375,0
4,bucket_tip,125.99502563476562,135.4815673828125,0
5,springhinge_arm,69.36193084716797,229.3686981201172,0
6,springhinge_boom,119.87075805664062,205.5594024658203,0
