,name, x, y, z
0,arm,86.75112915039062,215.24993896484375,0
1,body,153.95541381835938,152.4552764892578,0
2,body_back,202.3019256591797,148.2703399658203,0
3,bucket,108.10984802246094,162.27337646484375,0
4,bucket_tip,125.6871566772461,135.21669006347656,0
5,springhinge_arm,70.26976776123047,230.06460571289062,0
6,springhinge_boom,119.93631744384766,205.91168212890625,0
