,name, x, y, z
0,arm,87.10162353515625,215.82569885253906,0
1,body,153.594970703125,152.78724670410156,0
2,body_back,201.8914031982422,148.2241973876953,0
3,bucket,107.89228057861328,162.537109375,0
4,bucket_tip,125.23905944824219,134.87237548828125,0
5,springhinge_arm,71.06362915039062,230.9093780517578,0
6,springhinge_boom,119.97872161865234,206.4016876220703,0
