,name, x, y, z
0,arm,87.4378890991211,217.42770385742188,0
1,body,153.10171508789062,153.31185913085938,0
2,body_back,201.33277893066406,148.18202209472656,0
3,bucket,107.35093688964844,163.22811889648438,0
4,bucket_tip,124.13502502441406,134.26319885253906,0
5,springhinge_arm,72.19367218017578,232.8256378173828,0
6,springhinge_boom,120.01456451416016,207.47705078125,0
