,name, x, y, z
0,arm,75.55603790283203,210.11334228515625,0
1,body,167.08888244628906,132.6464080810547,0
2,body_back,223.47384643554688,132.77523803710938,0
3,bucket,87.8373031616211,153.82135009765625,0
4,bucket_tip,82.2230224609375,126.81575775146484,0
5,springhinge_arm,62.15765380859375,225.37525939941406,0
6,springhinge_boom,127.76903533935547,194.2454833984375,0
