,name, x, y, z
0,arm,87.49400329589844,218.3251495361328,0
1,body,152.92323303222656,153.39749145507812,0
2,body_back,201.2012939453125,148.15541076660156,0
3,bucket,107.07713317871094,163.60609436035156,0
4,bucket_tip,123.58548736572266,134.15724182128906,0
5,springhinge_arm,72.47199249267578,233.78721618652344,0
6,springhinge_boom,120.01819610595703,207.90345764160156,0
