,name, x, y, z
0,arm,87.52228546142578,219.2010498046875,0
1,body,152.76345825195312,153.3844757080078,0
2,body_back,201.12783813476562,148.10765075683594,0
3,bucket,106.82978057861328,163.9767303466797,0
4,bucket_tip,123.09872436523438,134.24609375,0
5,springhinge_arm,72.62974548339844,234.6873016357422,0
6,springhinge_boom,120.01519012451172,208.23402404785156,0
