,name, x, y, z
0,arm,87.55191802978516,220.00247192382812,0
1,body,152.61819458007812,153.34681701660156,0
2,body_back,201.06326293945312,148.0378875732422,0
3,bucket,106.61009216308594,164.3350372314453,0
4,bucket_tip,122.67881774902344,134.4989471435547,0
5,springhinge_arm,72.76757049560547,235.51853942871094,0
6,springhinge_boom,120.00408935546875,208.52789306640625,0
