,name, x, y, z
0,arm,87.58805847167969,220.72225952148438,0
1,body,152.4868927001953,153.28660583496094,0
2,body_back,201.00717163085938,147.9482421875,0
3,bucket,106.4145278930664,164.67991638183594,0
4,bucket_tip,122.32005310058594,134.8953399658203,0
5,springhinge_arm,72.88716125488281,236.28302001953125,0
6,springhinge_boom,119.98606872558594,208.7872314453125,0
