,name, x, y, z
0,arm,87.62987518310547,221.36480712890625,0
1,body,152.36911010742188,153.20596313476562,0
2,body_back,200.95912170410156,147.8407745361328,0
3,bucket,106.23953247070312,165.01034545898438,0
4,bucket_tip,122.01668548583984,135.41473388671875,0
5,springhinge_arm,72.990234375,236.98284912109375,0
6,springhinge_boom,119.96227264404297,209.01422119140625,0
