,name, x, y, z
0,arm,87.67652130126953,221.93443298339844,0
1,body,152.26431274414062,153.1070098876953,0
2,body_back,200.91871643066406,147.71754455566406,0
3,bucket,106.08157348632812,165.32522583007812,0
4,bucket_tip,121.76298522949219,136.03663635253906,0
5,springhinge_arm,73.07848358154297,237.6201629638672,0
6,springhinge_boom,119.9338607788086,209.21096801757812,0
