,name, x, y, z
0,arm,87.7271499633789,222.4354705810547,0
1,body,152.1720428466797,152.99179077148438,0
2,body_back,200.88558959960938,147.58065795898438,0
3,bucket,105.9371109008789,165.6234893798828,0
4,bucket_tip,121.5532455444336,136.74057006835938,0
5,springhinge_arm,73.15361785888672,238.1970672607422,0
6,springhinge_boom,119.90200805664062,209.37965393066406,0
