,name, x, y, z
0,arm,87.78096008300781,222.8722686767578,0
1,body,152.09181213378906,152.8624725341797,0
2,body_back,200.85926818847656,147.4321746826172,0
3,bucket,105.8025894165039,165.90403747558594,0
4,bucket_tip,121.38172912597656,137.50599670410156,0
5,springhinge_arm,73.21732330322266,238.71563720703125,0
6,springhinge_boom,119.86786651611328,209.52244567871094,0
