,name, x, y, z
0,arm,87.8370590209961,223.24916076660156,0
1,body,152.0231170654297,152.7211151123047,0
2,body_back,200.83935546875,147.27420043945312,0
3,bucket,105.67447662353516,166.1658477783203,0
4,bucket_tip,121.24268341064453,138.3124237060547,0
5,springhinge_arm,73.27132415771484,239.17807006835938,0
6,springhinge_boom,119.83257293701172,209.64151000976562,0
