,name, x, y, z
0,arm,87.89466857910156,223.5705108642578,0
1,body,151.96546936035156,152.56985473632812,0
2,body_back,200.8254852294922,147.10877990722656,0
3,bucket,105.54923248291016,166.4077911376953,0
4,bucket_tip,121.13042449951172,139.1393585205078,0
5,springhinge_arm,73.31732940673828,239.5863800048828,0
6,springhinge_boom,119.79732513427734,209.73899841308594,0
