,name, x, y, z
0,arm,75.82195281982422,210.1028289794922,0
1,body,167.1843719482422,132.62557983398438,0
2,body_back,223.58990478515625,132.73326110839844,0
3,bucket,87.64982604980469,153.7825469970703,0
4,bucket_tip,82.04005432128906,126.76712799072266,0
5,springhinge_arm,62.45830535888672,225.38670349121094,0
6,springhinge_boom,127.95629119873047,194.2337646484375,0
