,name, x, y, z
0,arm,87.95291900634766,223.84066772460938,0
1,body,151.9183349609375,152.4107666015625,0
2,body_back,200.81716918945312,146.93801879882812,0
3,bucket,105.42328643798828,166.62884521484375,0
4,bucket_tip,121.03917694091797,139.96629333496094,0
5,springhinge_arm,73.35698699951172,239.9427490234375,0
6,springhinge_boom,119.76324462890625,209.81703186035156,0
