,name, x, y, z
0,arm,88.0109634399414,224.06390380859375,0
1,body,151.88124084472656,152.24595642089844,0
2,body_back,200.8140411376953,146.7639617919922,0
3,bucket,105.29308319091797,166.827880859375,0
4,bucket_tip,120.96319580078125,140.77272033691406,0
5,springhinge_arm,73.39204406738281,240.24929809570312,0
6,springhinge_boom,119.73147583007812,209.87783813476562,0
