,name, x, y, z
0,arm,88.0679702758789,224.24465942382812,0
1,body,151.85372924804688,152.07754516601562,0
2,body_back,200.81570434570312,146.5887451171875,0
3,bucket,105.1551284790039,167.00389099121094,0
4,bucket_tip,120.89681243896484,141.53817749023438,0
5,springhinge_arm,73.42418670654297,240.50808715820312,0
6,springhinge_boom,119.7032241821289,209.9235076904297,0
