,name, x, y, z
0,arm,88.12313079833984,224.38720703125,0
1,body,151.8352813720703,151.90762329101562,0
2,body_back,200.82168579101562,146.4143829345703,0
3,bucket,105.00585174560547,167.15574645996094,0
4,bucket_tip,120.83427429199219,142.24208068847656,0
5,springhinge_arm,73.45512390136719,240.72128295898438,0
6,springhinge_boom,119.67961120605469,209.9562530517578,0
