,name, x, y, z
0,arm,88.1755599975586,224.4959259033203,0
1,body,151.82542419433594,151.73831176757812,0
2,body_back,200.8316650390625,146.2429962158203,0
3,bucket,104.84172821044922,167.2823944091797,0
4,bucket_tip,120.76984405517578,142.86399841308594,0
5,springhinge_arm,73.48658752441406,240.89096069335938,0
6,springhinge_boom,119.66182708740234,209.9781951904297,0
