,name, x, y, z
0,arm,88.2244644165039,224.57513427734375,0
1,body,151.82362365722656,151.57168579101562,0
2,body_back,200.84515380859375,146.07664489746094,0
3,bucket,104.65917205810547,167.38278198242188,0
4,bucket_tip,120.69779205322266,143.38340759277344,0
5,springhinge_arm,73.52021026611328,241.01927185058594,0
6,springhinge_boom,119.6510009765625,209.9915008544922,0
