,name, x, y, z
0,arm,88.26898193359375,224.629150390625,0
1,body,151.82940673828125,151.40988159179688,0
2,body_back,200.8617401123047,145.91738891601562,0
3,bucket,104.45467376708984,167.455810546875,0
4,bucket_tip,120.61238861083984,143.77976989746094,0
5,springhinge_arm,73.5577392578125,241.10826110839844,0
6,springhinge_boom,119.64828491210938,209.99832153320312,0
