,name, x, y, z
0,arm,88.34151458740234,224.6791534423828,0
1,body,151.8617706298828,151.1090545654297,0
2,body_back,200.90264892578125,145.6285858154297,0
3,bucket,103.96560668945312,167.51551818847656,0
4,bucket_tip,120.37860107421875,144.12149047851562,0
5,springhinge_arm,73.65129089355469,241.17697143554688,0
6,springhinge_boom,119.671875,210.00120544433594,0
