,name, x, y, z
0,arm,88.38768005371094,224.67001342773438,0
1,body,151.9347686767578,150.84893798828125,0
2,body_back,200.95164489746094,145.3839569091797,0
3,bucket,103.35279083251953,167.41294860839844,0
4,bucket_tip,120.0317153930664,144.05160522460938,0
5,springhinge_arm,73.77788543701172,241.1564483642578,0
6,springhinge_boom,119.74485778808594,209.95803833007812,0
