,name, x, y, z
0,arm,88.41158294677734,224.56356811523438,0
1,body,152.05868530273438,150.62753295898438,0
2,body_back,201.0081024169922,145.17752075195312,0
3,bucket,102.62083435058594,167.12591552734375,0
4,bucket_tip,119.57109832763672,143.85348510742188,0
5,springhinge_arm,73.93627166748047,241.0960235595703,0
6,springhinge_boom,119.86878967285156,209.834228515625,0
