,name, x, y, z
0,arm,88.4163818359375,224.47332763671875,0
1,body,152.13763427734375,150.52957153320312,0
2,body_back,201.03912353515625,145.0875244140625,0
3,bucket,102.21367645263672,166.92294311523438,0
4,bucket_tip,119.30077362060547,143.71176147460938,0
5,springhinge_arm,74.02609252929688,241.0513458251953,0
6,springhinge_boom,119.9477310180664,209.7447509765625,0
