,name, x, y, z
0,arm,88.41679382324219,224.36001586914062,0
1,body,152.2267608642578,150.43911743164062,0
2,body_back,201.0719757080078,145.00579833984375,0
3,bucket,101.78092956542969,166.68545532226562,0
4,bucket_tip,119.00516510009766,143.5445098876953,0
5,springhinge_arm,74.12226867675781,240.99734497070312,0
6,springhinge_boom,120.03685760498047,209.6383056640625,0
