,name, x, y, z
0,arm,88.41325378417969,224.22483825683594,0
1,body,152.32522583007812,150.35549926757812,0
2,body_back,201.1066436767578,144.93190002441406,0
3,bucket,101.32401275634766,166.4174041748047,0
4,bucket_tip,118.68533325195312,143.35386657714844,0
5,springhinge_arm,74.22431182861328,240.93421936035156,0
6,springhinge_boom,120.13532257080078,209.51597595214844,0
