,name, x, y, z
0,arm,88.39547729492188,223.89376831054688,0
1,body,152.54673767089844,150.20584106445312,0
2,body_back,201.18148803710938,144.80587768554688,0
3,bucket,100.34320068359375,165.8049774169922,0
4,bucket_tip,117.97722625732422,142.9111328125,0
5,springhinge_arm,74.4438247680664,240.78135681152344,0
6,springhinge_boom,120.35682678222656,209.22793579101562,0
