,name, x, y, z
0,arm,88.3819351196289,223.70030212402344,0
1,body,152.66807556152344,150.1383514404297,0
2,body_back,201.2216033935547,144.7528839111328,0
3,bucket,99.82212829589844,165.4683837890625,0
4,bucket_tip,117.5910415649414,142.66336059570312,0
5,springhinge_arm,74.56024932861328,240.6920928955078,0
6,springhinge_boom,120.47817993164062,209.06436157226562,0
