,name, x, y, z
0,arm,88.3473129272461,223.26358032226562,0
1,body,152.9276885986328,150.01454162597656,0
2,body_back,201.30723571777344,144.664794921875,0
3,bucket,98.72560119628906,164.75379943847656,0
4,bucket_tip,116.75968933105469,142.12588500976562,0
5,springhinge_arm,74.80382537841797,240.48887634277344,0
6,springhinge_boom,120.73777770996094,208.703369140625,0
