,name, x, y, z
0,arm,88.3268814086914,223.02273559570312,0
1,body,153.0642852783203,149.956787109375,0
2,body_back,201.35276794433594,144.62884521484375,0
3,bucket,98.15301513671875,164.38357543945312,0
4,bucket_tip,116.31665802001953,141.84051513671875,0
5,springhinge_arm,74.9299545288086,240.37535095214844,0
6,springhinge_boom,120.87438201904297,208.5081329345703,0
