,name, x, y, z
0,arm,88.30484771728516,222.76852416992188,0
1,body,153.2041778564453,149.9008026123047,0
2,body_back,201.40000915527344,144.59771728515625,0
3,bucket,97.56597900390625,164.00990295410156,0
4,bucket_tip,115.8567123413086,141.54693603515625,0
5,springhinge_arm,75.0582046508789,240.25418090820312,0
6,springhinge_boom,121.01428985595703,208.30447387695312,0
