,name, x, y, z
0,arm,88.2815170288086,222.50218200683594,0
1,body,153.34664916992188,149.84591674804688,0
2,body_back,201.44906616210938,144.5709991455078,0
3,bucket,96.96599578857422,163.63665771484375,0
4,bucket_tip,115.38101196289062,141.24734497070312,0
5,springhinge_arm,75.18814086914062,240.1255645751953,0
6,springhinge_boom,121.1567611694336,208.09344482421875,0
