,name, x, y, z
0,arm,88.20722961425781,221.642333984375,0
1,body,153.78062438964844,149.6806182861328,0
2,body_back,201.60662841796875,144.51287841796875,0
3,bucket,95.10213470458984,162.55824279785156,0
4,bucket_tip,113.86956787109375,140.33404541015625,0
5,springhinge_arm,75.58252716064453,239.69712829589844,0
6,springhinge_boom,121.59071350097656,207.427001953125,0
