,name, x, y, z
0,arm,88.18214416503906,221.3395233154297,0
1,body,153.9246368408203,149.6229248046875,0
2,body_back,201.6626434326172,144.4994354248047,0
3,bucket,94.4642333984375,162.22547912597656,0
4,bucket_tip,113.3411636352539,140.03204345703125,0
5,springhinge_arm,75.71379089355469,239.5408172607422,0
6,springhinge_boom,121.73473358154297,207.19725036621094,0
