,name, x, y, z
0,arm,88.13363647460938,220.7168426513672,0
1,body,154.2066192626953,149.4993133544922,0
2,body_back,201.77980041503906,144.47885131835938,0
3,bucket,93.17190551757812,161.62326049804688,0
4,bucket_tip,112.25382232666016,139.44459533691406,0
5,springhinge_arm,75.97286224365234,239.20925903320312,0
6,springhinge_boom,122.01671600341797,206.73280334472656,0
