,name, x, y, z
0,arm,63.363548278808594,200.6423797607422,0
1,body,159.61228942871094,143.98204040527344,0
2,body_back,216.92111206054688,143.66859436035156,0
3,bucket,86.07379150390625,158.19778442382812,0
4,bucket_tip,97.68289184570312,127.7904281616211,0
5,springhinge_arm,48.220394134521484,210.96141052246094,0
6,springhinge_boom,117.22557067871094,195.37855529785156,0
