,name, x, y, z
0,arm,76.74166870117188,210.02781677246094,0
1,body,167.4737091064453,132.58274841308594,0
2,body_back,223.90109252929688,132.57888793945312,0
3,bucket,86.97691345214844,153.6255645751953,0
4,bucket_tip,81.31800842285156,126.62446594238281,0
5,springhinge_arm,63.52989959716797,225.37411499023438,0
6,springhinge_boom,128.56292724609375,194.1531219482422,0
