,name, x, y, z
0,arm,88.11083221435547,220.39939880371094,0
1,body,154.3428497314453,149.43197631835938,0
2,body_back,201.84092712402344,144.47085571289062,0
3,bucket,92.5202407836914,161.36158752441406,0
4,bucket_tip,111.69694519042969,139.1634979248047,0
5,springhinge_arm,76.0995864868164,239.03440856933594,0
6,springhinge_boom,122.1529541015625,206.50025939941406,0
