,name, x, y, z
0,arm,88.08946228027344,220.07952880859375,0
1,body,154.4748077392578,149.36000061035156,0
2,body_back,201.9037628173828,144.4638214111328,0
3,bucket,91.8668212890625,161.13134765625,0
4,bucket_tip,111.1327133178711,138.8937530517578,0
5,springhinge_arm,76.22379302978516,238.85379028320312,0
6,springhinge_boom,122.28490447998047,206.2688751220703,0
