,name, x, y, z
0,arm,88.06987762451172,219.75840759277344,0
1,body,154.60162353515625,149.2826690673828,0
2,body_back,201.96827697753906,144.4573211669922,0
3,bucket,91.21302795410156,160.9364471435547,0
4,bucket_tip,110.56214141845703,138.63748168945312,0
5,springhinge_arm,76.34489440917969,238.66766357421875,0
6,springhinge_boom,122.41170501708984,206.03976440429688,0
