,name, x, y, z
0,arm,88.05239868164062,219.43727111816406,0
1,body,154.72242736816406,149.1992645263672,0
2,body_back,202.0344696044922,144.45091247558594,0
3,bucket,90.56025695800781,160.78074645996094,0
4,bucket_tip,109.98628997802734,138.39686584472656,0
5,springhinge_arm,76.46239471435547,238.47618103027344,0
6,springhinge_boom,122.53252410888672,205.81398010253906,0
