,name, x, y, z
0,arm,88.03739166259766,219.11732482910156,0
1,body,154.8363800048828,149.10903930664062,0
2,body_back,202.1023406982422,144.44418334960938,0
3,bucket,89.90989685058594,160.66815185546875,0
4,bucket_tip,109.4062271118164,138.17408752441406,0
5,springhinge_arm,76.57577514648438,238.27957153320312,0
6,springhinge_boom,122.646484375,205.59259033203125,0
