,name, x, y, z
0,arm,88.0251693725586,218.7998046875,0
1,body,154.94264221191406,149.01132202148438,0
2,body_back,202.17184448242188,144.4366912841797,0
3,bucket,89.26338195800781,160.60252380371094,0
4,bucket_tip,108.82298278808594,137.9713134765625,0
5,springhinge_arm,76.68448638916016,238.07803344726562,0
6,springhinge_boom,122.75274658203125,205.37664794921875,0
