,name, x, y, z
0,arm,88.01041412353516,218.17660522460938,0
1,body,155.1341552734375,148.79229736328125,0
2,body_back,202.3153839111328,144.4184112548828,0
3,bucket,87.98556518554688,160.52536010742188,0
4,bucket_tip,107.65027618408203,137.60870361328125,0
5,springhinge_arm,76.90457916259766,237.6609649658203,0
6,springhinge_boom,122.93077087402344,204.9637908935547,0
