,name, x, y, z
0,arm,88.00819396972656,217.87191772460938,0
1,body,155.2213592529297,148.6720428466797,0
2,body_back,202.38967895507812,144.40769958496094,0
3,bucket,87.35454559326172,160.49012756347656,0
4,bucket_tip,107.06163787841797,137.44308471679688,0
5,springhinge_arm,77.02050018310547,237.4456024169922,0
6,springhinge_boom,123.0014419555664,204.7666778564453,0
