,name, x, y, z
0,arm,88.00944519042969,217.57164001464844,0
1,body,155.3037109375,148.54547119140625,0
2,body_back,202.4659881591797,144.3960418701172,0
3,bucket,86.72881317138672,160.45703125,0
4,bucket_tip,106.47196197509766,137.28750610351562,0
5,springhinge_arm,77.14044952392578,237.2258758544922,0
6,springhinge_boom,123.06108856201172,204.5756072998047,0
