,name, x, y, z
0,arm,77.08995056152344,209.93096923828125,0
1,body,167.57028198242188,132.57447814941406,0
2,body_back,223.97142028808594,132.5110321044922,0
3,bucket,86.6985855102539,153.5373992919922,0
4,bucket_tip,80.96858215332031,126.57941436767578,0
5,springhinge_arm,63.94342803955078,225.36729431152344,0
6,springhinge_boom,128.7782440185547,194.1114501953125,0
