,name, x, y, z
0,arm,88.01415252685547,217.27557373046875,0
1,body,155.3818817138672,148.41322326660156,0
2,body_back,202.5445098876953,144.38351440429688,0
3,bucket,86.10838317871094,160.42599487304688,0
4,bucket_tip,105.88157653808594,137.1416473388672,0
5,springhinge_arm,77.2645034790039,237.0019073486328,0
6,springhinge_boom,123.11056518554688,204.3903350830078,0
