,name, x, y, z
0,arm,88.02228546142578,216.9835205078125,0
1,body,155.45655822753906,148.27590942382812,0
2,body_back,202.6255340576172,144.37020874023438,0
3,bucket,85.4932861328125,160.39695739746094,0
4,bucket_tip,105.29087829589844,137.00518798828125,0
5,springhinge_arm,77.39277648925781,236.77377319335938,0
6,springhinge_boom,123.15080261230469,204.21072387695312,0
