,name, x, y, z
0,arm,88.03390502929688,216.6952667236328,0
1,body,155.5283203125,148.13421630859375,0
2,body_back,202.709228515625,144.356201171875,0
3,bucket,84.88349151611328,160.36985778808594,0
4,bucket_tip,104.70015716552734,136.8778076171875,0
5,springhinge_arm,77.52527618408203,236.5415496826172,0
6,springhinge_boom,123.18262481689453,204.03656005859375,0
