,name, x, y, z
0,arm,88.04889678955078,216.4105682373047,0
1,body,155.59793090820312,147.9887237548828,0
2,body_back,202.79592895507812,144.34158325195312,0
3,bucket,84.27910614013672,160.34461975097656,0
4,bucket_tip,104.10985565185547,136.75921630859375,0
5,springhinge_arm,77.66219329833984,236.30538940429688,0
6,springhinge_boom,123.20700073242188,203.86767578125,0
