,name, x, y, z
0,arm,88.0673599243164,216.12925720214844,0
1,body,155.6659698486328,147.84011840820312,0
2,body_back,202.8858184814453,144.32640075683594,0
3,bucket,83.68008422851562,160.32119750976562,0
4,bucket_tip,103.5202865600586,136.6491241455078,0
5,springhinge_arm,77.80355072021484,236.0653839111328,0
6,springhinge_boom,123.22476196289062,203.70391845703125,0
