,name, x, y, z
0,arm,88.08922576904297,215.8511199951172,0
1,body,155.73312377929688,147.68899536132812,0
2,body_back,202.97915649414062,144.31077575683594,0
3,bucket,83.0864486694336,160.2995147705078,0
4,bucket_tip,102.93179321289062,136.54714965820312,0
5,springhinge_arm,77.94943237304688,235.82164001464844,0
6,springhinge_boom,123.23682403564453,203.5450897216797,0
