,name, x, y, z
0,arm,88.11449432373047,215.57591247558594,0
1,body,155.80006408691406,147.5360107421875,0
2,body_back,203.076171875,144.29476928710938,0
3,bucket,82.49826049804688,160.27947998046875,0
4,bucket_tip,102.34475708007812,136.45301818847656,0
5,springhinge_arm,78.09994506835938,235.57427978515625,0
6,springhinge_boom,123.24407196044922,203.3909912109375,0
