,name, x, y, z
0,arm,88.14319610595703,215.303466796875,0
1,body,155.8674774169922,147.38180541992188,0
2,body_back,203.17713928222656,144.27847290039062,0
3,bucket,81.91551971435547,160.2610626220703,0
4,bucket_tip,101.75955963134766,136.36642456054688,0
5,springhinge_arm,78.25518798828125,235.32339477539062,0
6,springhinge_boom,123.24742889404297,203.24147033691406,0
