,name, x, y, z
0,arm,88.17530059814453,215.03355407714844,0
1,body,155.93592834472656,147.2270050048828,0
2,body_back,203.2822723388672,144.261962890625,0
3,bucket,81.3382339477539,160.24415588378906,0
4,bucket_tip,101.17649841308594,136.2870330810547,0
5,springhinge_arm,78.41521453857422,235.069091796875,0
6,springhinge_boom,123.24772644042969,203.0963592529297,0
