,name, x, y, z
0,arm,88.21078491210938,214.7659912109375,0
1,body,156.00613403320312,147.07225036621094,0
2,body_back,203.3917999267578,144.24530029296875,0
3,bucket,80.76640319824219,160.22872924804688,0
4,bucket_tip,100.59595489501953,136.21453857421875,0
5,springhinge_arm,78.5801010131836,234.81149291992188,0
6,springhinge_boom,123.2458724975586,202.9554901123047,0
