,name, x, y, z
0,arm,77.45723724365234,209.78683471679688,0
1,body,167.6669464111328,132.5686492919922,0
2,body_back,224.0263214111328,132.43508911132812,0
3,bucket,86.3974380493164,153.43231201171875,0
4,bucket_tip,80.57049560546875,126.53646850585938,0
5,springhinge_arm,64.38390350341797,225.3601837158203,0
6,springhinge_boom,128.9986114501953,194.0619659423828,0
