,name, x, y, z
0,arm,88.2496566772461,214.50051879882812,0
1,body,156.0787811279297,146.9181671142578,0
2,body_back,203.50599670410156,144.2285919189453,0
3,bucket,80.2000961303711,160.2147216796875,0
4,bucket_tip,100.01829528808594,136.14865112304688,0
5,springhinge_arm,78.74996185302734,234.55068969726562,0
6,springhinge_boom,123.2427749633789,202.81861877441406,0
