,name, x, y, z
0,arm,88.29190826416016,214.23696899414062,0
1,body,156.15451049804688,146.76539611816406,0
2,body_back,203.6251220703125,144.2119140625,0
3,bucket,79.63932037353516,160.2020263671875,0
4,bucket_tip,99.44389343261719,136.08900451660156,0
5,springhinge_arm,78.92488861083984,234.2867889404297,0
6,springhinge_boom,123.23933410644531,202.68563842773438,0
