,name, x, y, z
0,arm,88.33753967285156,213.9751434326172,0
1,body,156.2339324951172,146.61459350585938,0
2,body_back,203.7493438720703,144.19534301757812,0
3,bucket,79.08407592773438,160.19061279296875,0
4,bucket_tip,98.873046875,136.03533935546875,0
5,springhinge_arm,79.10492706298828,234.01991271972656,0
6,springhinge_boom,123.23640441894531,202.55633544921875,0
