,name, x, y, z
0,arm,88.38655853271484,213.7147979736328,0
1,body,156.31776428222656,146.4663848876953,0
2,body_back,203.87893676757812,144.178955078125,0
3,bucket,78.53439331054688,160.18038940429688,0
4,bucket_tip,98.3061752319336,135.98731994628906,0
5,springhinge_arm,79.29020690917969,233.75015258789062,0
6,springhinge_boom,123.23487854003906,202.43052673339844,0
