,name, x, y, z
0,arm,88.43892669677734,213.45571899414062,0
1,body,156.4066162109375,146.32138061523438,0
2,body_back,204.01419067382812,144.162841796875,0
3,bucket,77.99028015136719,160.17129516601562,0
4,bucket_tip,97.74359893798828,135.94461059570312,0
5,springhinge_arm,79.48077392578125,233.47767639160156,0
6,springhinge_boom,123.23567199707031,202.3080596923828,0
