,name, x, y, z
0,arm,88.49464416503906,213.19773864746094,0
1,body,156.50119018554688,146.18023681640625,0
2,body_back,204.1552734375,144.14707946777344,0
3,bucket,77.45177459716797,160.1632843017578,0
4,bucket_tip,97.1856918334961,135.90692138671875,0
5,springhinge_arm,79.6767349243164,233.20248413085938,0
6,springhinge_boom,123.23966217041016,202.18878173828125,0
