,name, x, y, z
0,arm,88.5537109375,212.9406280517578,0
1,body,156.6020965576172,146.04359436035156,0
2,body_back,204.30247497558594,144.1317596435547,0
3,bucket,76.91887664794922,160.15628051757812,0
4,bucket_tip,96.63277435302734,135.87396240234375,0
5,springhinge_arm,79.87816619873047,232.92474365234375,0
6,springhinge_boom,123.24771118164062,202.07244873046875,0
