,name, x, y, z
0,arm,88.6161117553711,212.6841583251953,0
1,body,156.71006774902344,145.91209411621094,0
2,body_back,204.45602416992188,144.11692810058594,0
3,bucket,76.3916244506836,160.1501922607422,0
4,bucket_tip,96.08525848388672,135.84536743164062,0
5,springhinge_arm,80.08516693115234,232.6445770263672,0
6,springhinge_boom,123.26075744628906,201.95892333984375,0
