,name, x, y, z
0,arm,88.68185424804688,212.42816162109375,0
1,body,156.82571411132812,145.78634643554688,0
2,body_back,204.6161651611328,144.10269165039062,0
3,bucket,75.87002563476562,160.1449737548828,0
4,bucket_tip,95.54347229003906,135.82086181640625,0
5,springhinge_arm,80.29781341552734,232.36209106445312,0
6,springhinge_boom,123.27967071533203,201.84800720214844,0
