,name, x, y, z
0,arm,88.75094604492188,212.17239379882812,0
1,body,156.94969177246094,145.66700744628906,0
2,body_back,204.78314208984375,144.08914184570312,0
3,bucket,75.3541488647461,160.14056396484375,0
4,bucket_tip,95.0077896118164,135.80010986328125,0
5,springhinge_arm,80.5162124633789,232.07736206054688,0
6,springhinge_boom,123.30535125732422,201.73953247070312,0
