,name, x, y, z
0,arm,77.84217834472656,209.5998992919922,0
1,body,167.7638702392578,132.5648651123047,0
2,body_back,224.067626953125,132.3513641357422,0
3,bucket,86.07706451416016,153.31207275390625,0
4,bucket_tip,80.12997436523438,126.49610137939453,0
5,springhinge_arm,64.85047149658203,225.35275268554688,0
6,springhinge_boom,129.2230987548828,194.00425720214844,0
