,name, x, y, z
0,arm,88.82337188720703,211.9166717529297,0
1,body,157.08265686035156,145.55471801757812,0
2,body_back,204.95716857910156,144.0763397216797,0
3,bucket,74.84391784667969,160.1368865966797,0
4,bucket_tip,94.47852325439453,135.78280639648438,0
5,springhinge_arm,80.7403793334961,231.7904815673828,0
6,springhinge_boom,123.3386459350586,201.63331604003906,0
