,name, x, y, z
0,arm,88.89907836914062,211.6607666015625,0
1,body,157.22531127929688,145.45008850097656,0
2,body_back,205.13853454589844,144.0643768310547,0
3,bucket,74.33943939208984,160.1338653564453,0
4,bucket_tip,93.95610046386719,135.7686309814453,0
5,springhinge_arm,80.97049713134766,231.5016326904297,0
6,springhinge_boom,123.38050079345703,201.52920532226562,0
