,name, x, y, z
0,arm,88.97810363769531,211.4044647216797,0
1,body,157.3782501220703,145.35377502441406,0
2,body_back,205.32742309570312,144.05332946777344,0
3,bucket,73.8406753540039,160.13145446777344,0
4,bucket_tip,93.44080352783203,135.75730895996094,0
5,springhinge_arm,81.20655822753906,231.21084594726562,0
6,springhinge_boom,123.43175506591797,201.42698669433594,0
