,name, x, y, z
0,arm,89.14608001708984,210.889892578125,0
1,body,157.71774291992188,145.1886444091797,0
2,body_back,205.72886657714844,144.03428649902344,0
3,bucket,72.86044311523438,160.128173828125,0
4,bucket_tip,92.43315124511719,135.74183654785156,0
5,springhinge_arm,81.69702911376953,230.62399291992188,0
6,springhinge_boom,123.56610870361328,201.22760009765625,0
