,name, x, y, z
0,arm,89.32720947265625,210.37127685546875,0
1,body,158.10641479492188,145.06439208984375,0
2,body_back,206.1634521484375,144.01991271972656,0
3,bucket,71.90342712402344,160.12646484375,0
4,bucket_tip,91.45841979980469,135.73388671875,0
5,springhinge_arm,82.21247863769531,230.0308380126953,0
6,springhinge_boom,123.74887084960938,201.03370666503906,0
