,name, x, y, z
0,arm,89.52145385742188,209.84695434570312,0
1,body,158.5495147705078,144.98609924316406,0
2,body_back,206.63308715820312,144.01080322265625,0
3,bucket,70.96974182128906,160.12583923339844,0
4,bucket_tip,90.51947784423828,135.73095703125,0
5,springhinge_arm,82.75355529785156,229.43218994140625,0
6,springhinge_boom,123.98709106445312,200.84390258789062,0
