,name, x, y, z
0,arm,78.24330139160156,209.3745574951172,0
1,body,167.8611297607422,132.56283569335938,0
2,body_back,224.0972442626953,132.26036071777344,0
3,bucket,85.74114227294922,153.17848205566406,0
4,bucket_tip,79.65336608886719,126.45890808105469,0
5,springhinge_arm,65.34233093261719,225.34510803222656,0
6,springhinge_boom,129.4508056640625,193.93814086914062,0
