,name, x, y, z
0,arm,89.728759765625,209.31521606445312,0
1,body,159.05230712890625,144.95887756347656,0
2,body_back,207.13966369628906,144.0076141357422,0
3,bucket,70.05953979492188,160.12576293945312,0
4,bucket_tip,89.61914825439453,135.7305450439453,0
5,springhinge_arm,83.32096862792969,228.8289337158203,0
6,springhinge_boom,124.28791809082031,200.65673828125,0
