,name, x, y, z
0,arm,89.83728790283203,209.04608154296875,0
1,body,159.33680725097656,144.96441650390625,0
2,body_back,207.42063903808594,144.01060485839844,0
3,bucket,69.62666320800781,160.1275634765625,0
4,bucket_tip,89.19761657714844,135.7338409423828,0
5,springhinge_arm,83.62804412841797,228.52565002441406,0
6,springhinge_boom,124.47705078125,200.56369018554688,0
