,name, x, y, z
0,arm,89.96241760253906,208.77439880371094,0
1,body,159.65443420410156,144.9806365966797,0
2,body_back,207.73631286621094,144.01937866210938,0
3,bucket,69.22534942626953,160.1328125,0
4,bucket_tip,88.81175231933594,135.74343872070312,0
5,springhinge_arm,83.9671401977539,228.22042846679688,0
6,springhinge_boom,124.70809173583984,200.4705810546875,0
