,name, x, y, z
0,arm,90.11634063720703,208.49961853027344,0
1,body,160.00323486328125,145.00694274902344,0
2,body_back,208.08447265625,144.0336456298828,0
3,bucket,68.85409545898438,160.1414031982422,0
4,bucket_tip,88.45979309082031,135.75904846191406,0
5,springhinge_arm,84.3364028930664,227.9122314453125,0
6,springhinge_boom,124.9784164428711,200.37705993652344,0
