,name, x, y, z
0,arm,90.29749298095703,208.22108459472656,0
1,body,160.38119506835938,145.04273986816406,0
2,body_back,208.4629669189453,144.0531005859375,0
3,bucket,68.51140594482422,160.15310668945312,0
4,bucket_tip,88.13983154296875,135.7802734375,0
5,springhinge_arm,84.73393249511719,227.60009765625,0
6,springhinge_boom,125.28533935546875,200.28273010253906,0
