,name, x, y, z
0,arm,90.50428771972656,207.9381561279297,0
1,body,160.7862548828125,145.08740234375,0
2,body_back,208.86952209472656,144.0774383544922,0
3,bucket,68.1957015991211,160.1678009033203,0
4,bucket_tip,87.85001373291016,135.80677795410156,0
5,springhinge_arm,85.1578140258789,227.282958984375,0
6,springhinge_boom,125.62615203857422,200.18716430664062,0
