,name, x, y, z
0,arm,90.98827362060547,207.3567352294922,0
1,body,161.669677734375,145.20098876953125,0
2,body_back,209.75808715820312,144.13961791992188,0
3,bucket,67.63926696777344,160.20545959472656,0
4,bucket_tip,87.35348510742188,135.87423706054688,0
5,springhinge_arm,86.07707977294922,226.62969970703125,0
6,springhinge_boom,126.39879608154297,199.99118041992188,0
