,name, x, y, z
0,arm,91.26226806640625,207.0569305419922,0
1,body,162.14398193359375,145.2687225341797,0
2,body_back,210.23565673828125,144.1768798828125,0
3,bucket,67.3954849243164,160.22808837890625,0
4,bucket_tip,87.14306640625,135.91448974609375,0
5,springhinge_arm,86.56867980957031,226.29159545898438,0
6,springhinge_boom,126.82525634765625,199.8899688720703,0
