,name, x, y, z
0,arm,91.55548095703125,206.750244140625,0
1,body,162.63734436035156,145.34292602539062,0
2,body_back,210.73252868652344,144.2178192138672,0
3,bucket,67.17264556884766,160.25302124023438,0
4,bucket_tip,86.95541381835938,135.95860290527344,0
5,springhinge_arm,87.07906341552734,225.94442749023438,0
6,springhinge_boom,127.2749252319336,199.7860870361328,0
