,name, x, y, z
0,arm,78.65921783447266,209.1153564453125,0
1,body,167.9588165283203,132.56216430664062,0
2,body_back,224.1170654296875,132.16238403320312,0
3,bucket,85.39328002929688,153.03329467773438,0
4,bucket_tip,79.1469497680664,126.4253158569336,0
5,springhinge_arm,65.85865020751953,225.33718872070312,0
6,springhinge_boom,129.68072509765625,193.86322021484375,0
