,name, x, y, z
0,arm,92.53419494628906,205.78240966796875,0
1,body,164.2115020751953,145.59840393066406,0
2,body_back,212.31655883789062,144.3599395751953,0
3,bucket,66.61444091796875,160.3399658203125,0
4,bucket_tip,86.51048278808594,136.11065673828125,0
5,springhinge_arm,88.70399475097656,224.83872985839844,0
6,springhinge_boom,128.73631286621094,199.4548797607422,0
