,name, x, y, z
0,arm,92.88813781738281,205.44178771972656,0
1,body,164.76084899902344,145.69253540039062,0
2,body_back,212.86837768554688,144.41273498535156,0
3,bucket,66.46011352539062,160.3724365234375,0
4,bucket_tip,86.3953628540039,136.166748046875,0
5,springhinge_arm,89.27056884765625,224.44537353515625,0
6,springhinge_boom,129.25198364257812,199.33673095703125,0
