,name, x, y, z
0,arm,93.25325012207031,205.09109497070312,0
1,body,165.3191375732422,145.79013061523438,0
2,body_back,213.4283905029297,144.46775817871094,0
3,bucket,66.31907653808594,160.4063720703125,0
4,bucket_tip,86.29375457763672,136.2249298095703,0
5,springhinge_arm,89.84647369384766,224.03793334960938,0
6,springhinge_boom,129.77745056152344,199.2140655517578,0
