,name, x, y, z
0,arm,93.62791442871094,204.72975158691406,0
1,body,165.8843536376953,145.890625,0
2,body_back,213.9944305419922,144.52468872070312,0
3,bucket,66.18983459472656,160.44163513183594,0
4,bucket_tip,86.20379638671875,136.28489685058594,0
5,springhinge_arm,90.42976379394531,223.6154022216797,0
6,springhinge_boom,130.31002807617188,199.08653259277344,0
