,name, x, y, z
0,arm,94.01056671142578,204.35704040527344,0
1,body,166.4545135498047,145.99337768554688,0
2,body_back,214.5643310546875,144.58326721191406,0
3,bucket,66.07089233398438,160.47801208496094,0
4,bucket_tip,86.1236801147461,136.34628295898438,0
5,springhinge_arm,91.01862335205078,223.17678833007812,0
6,springhinge_boom,130.8470916748047,198.95379638671875,0
