,name, x, y, z
0,arm,94.3995590209961,203.9723663330078,0
1,body,167.02755737304688,146.09780883789062,0
2,body_back,215.13580322265625,144.6431427001953,0
3,bucket,65.96070098876953,160.51535034179688,0
4,bucket_tip,86.05152130126953,136.40869140625,0
5,springhinge_arm,91.611083984375,222.7210693359375,0
6,springhinge_boom,131.38592529296875,198.8154296875,0
