,name, x, y, z
0,arm,94.79330444335938,203.5751190185547,0
1,body,167.60147094726562,146.20335388183594,0
2,body_back,215.7066650390625,144.70407104492188,0
3,bucket,65.85773468017578,160.5535430908203,0
4,bucket_tip,85.98546600341797,136.4718475341797,0
5,springhinge_arm,92.20529174804688,222.2472381591797,0
6,springhinge_boom,131.923828125,198.6710968017578,0
