,name, x, y, z
0,arm,95.1902084350586,203.16464233398438,0
1,body,168.1742401123047,146.30934143066406,0
2,body_back,216.2747039794922,144.76573181152344,0
3,bucket,65.7604751586914,160.59231567382812,0
4,bucket_tip,85.92366790771484,136.5353240966797,0
5,springhinge_arm,92.79931640625,221.75424194335938,0
6,springhinge_boom,132.45814514160156,198.52040100097656,0
