,name, x, y, z
0,arm,79.08841705322266,208.8267364501953,0
1,body,168.0570068359375,132.56251525878906,0
2,body_back,224.12892150878906,132.05783081054688,0
3,bucket,85.0371322631836,152.87831115722656,0
4,bucket_tip,78.61705780029297,126.3958740234375,0
5,springhinge_arm,66.39860534667969,225.32907104492188,0
6,springhinge_boom,129.91197204589844,193.77915954589844,0
