,name, x, y, z
0,arm,95.58865356445312,202.7402801513672,0
1,body,168.7438507080078,146.41522216796875,0
2,body_back,216.8377227783203,144.82785034179688,0
3,bucket,65.66741180419922,160.63157653808594,0
4,bucket_tip,85.8642807006836,136.59881591796875,0
5,springhinge_arm,93.39130401611328,221.2411651611328,0
6,springhinge_boom,132.98622131347656,198.36305236816406,0
