,name, x, y, z
0,arm,96.38372802734375,201.84754943847656,0
1,body,169.8655242919922,146.62423706054688,0
2,body_back,217.93992614746094,144.95216369628906,0
3,bucket,65.48778533935547,160.71084594726562,0
4,bucket_tip,85.74536895751953,136.7244110107422,0
5,springhinge_arm,94.56153869628906,220.15048217773438,0
6,springhinge_boom,134.0128631591797,198.02662658691406,0
