,name, x, y, z
0,arm,96.77713775634766,201.3778533935547,0
1,body,170.41354370117188,146.72613525390625,0
2,body_back,218.4746551513672,145.01377868652344,0
3,bucket,65.39818572998047,160.75050354003906,0
4,bucket_tip,85.68214416503906,136.78579711914062,0
5,springhinge_arm,95.13600158691406,219.5708770751953,0
6,springhinge_boom,134.50607299804688,197.84689331054688,0
