,name, x, y, z
0,arm,97.16571044921875,200.89178466796875,0
1,body,170.95034790039062,146.8255157470703,0
2,body_back,218.99557495117188,145.07464599609375,0
3,bucket,65.30669403076172,160.78994750976562,0
4,bucket_tip,85.61392974853516,136.84576416015625,0
5,springhinge_arm,95.70084381103516,218.9670867919922,0
6,springhinge_boom,134.98231506347656,197.658935546875,0
