,name, x, y, z
0,arm,97.9217758178711,199.86793518066406,0
1,body,171.9821319580078,147.0143280029297,0
2,body_back,219.9869842529297,145.19296264648438,0
3,bucket,65.11187744140625,160.8675994873047,0
4,bucket_tip,85.45510864257812,136.9601287841797,0
5,springhinge_arm,96.79400634765625,217.6829376220703,0
6,springhinge_boom,135.87315368652344,197.2570037841797,0
