,name, x, y, z
0,arm,98.28607940673828,199.32891845703125,0
1,body,172.4730987548828,147.1025848388672,0
2,body_back,220.45310974121094,145.24981689453125,0
3,bucket,65.00556182861328,160.90545654296875,0
4,bucket_tip,85.36083984375,137.01380920410156,0
5,springhinge_arm,97.31858825683594,217.00057983398438,0
6,springhinge_boom,136.28240966796875,197.04229736328125,0
