,name, x, y, z
0,arm,98.6390609741211,198.77099609375,0
1,body,172.9447479248047,147.18588256835938,0
2,body_back,220.89649963378906,145.30471801757812,0
3,bucket,64.89125061035156,160.9424591064453,0
4,bucket_tip,85.2541732788086,137.06466674804688,0
5,springhinge_arm,97.82593536376953,216.28997802734375,0
6,springhinge_boom,136.66397094726562,196.81790161132812,0
