,name, x, y, z
0,arm,98.9791488647461,198.19346618652344,0
1,body,173.3950653076172,147.26364135742188,0
2,body_back,221.31504821777344,145.35736083984375,0
3,bucket,64.76744079589844,160.97837829589844,0
4,bucket_tip,85.13327026367188,137.11233520507812,0
5,springhinge_arm,98.31419372558594,215.55010986328125,0
6,springhinge_boom,137.01516723632812,196.58343505859375,0
