,name, x, y, z
0,arm,79.5295181274414,208.51319885253906,0
1,body,168.1558074951172,132.5634765625,0
2,body_back,224.134765625,131.94711303710938,0
3,bucket,84.6764144897461,152.71524047851562,0
4,bucket_tip,78.07008361816406,126.37108612060547,0
5,springhinge_arm,66.96141052246094,225.32077026367188,0
6,springhinge_boom,130.1436309814453,193.68560791015625,0
