,name, x, y, z
0,arm,99.30472564697266,197.59580993652344,0
1,body,173.82205200195312,147.33531188964844,0
2,body_back,221.70652770996094,145.4075164794922,0
3,bucket,64.63260650634766,161.0131378173828,0
4,bucket_tip,84.99627685546875,137.15652465820312,0
5,springhinge_arm,98.78144073486328,214.780029296875,0
6,springhinge_boom,137.3333282470703,196.33859252929688,0
