,name, x, y, z
0,arm,99.61420440673828,196.97732543945312,0
1,body,174.22366333007812,147.4002227783203,0
2,body_back,222.06871032714844,145.45480346679688,0
3,bucket,64.48524475097656,161.0465087890625,0
4,bucket_tip,84.84137725830078,137.1968231201172,0
5,springhinge_arm,99.22581481933594,213.97866821289062,0
6,springhinge_boom,137.61578369140625,196.08297729492188,0
