,name, x, y, z
0,arm,99.90596771240234,196.33740234375,0
1,body,174.597900390625,147.45782470703125,0
2,body_back,222.3993682861328,145.4989776611328,0
3,bucket,64.32379150390625,161.07833862304688,0
4,bucket_tip,84.66667175292969,137.23292541503906,0
5,springhinge_arm,99.6453857421875,213.14505004882812,0
6,springhinge_boom,137.8598175048828,195.81619262695312,0
