,name, x, y, z
0,arm,100.17839813232422,195.67538452148438,0
1,body,174.94273376464844,147.50750732421875,0
2,body_back,222.69630432128906,145.53973388671875,0
3,bucket,64.1467514038086,161.10845947265625,0
4,bucket_tip,84.47032928466797,137.26443481445312,0
5,springhinge_arm,100.03828430175781,212.27816772460938,0
6,springhinge_boom,138.06277465820312,195.5378875732422,0
