,name, x, y, z
0,arm,100.42990112304688,194.9906768798828,0
1,body,175.25611877441406,147.54867553710938,0
2,body_back,222.95733642578125,145.57676696777344,0
3,bucket,63.95259475708008,161.13671875,0
4,bucket_tip,84.2505111694336,137.29104614257812,0
5,springhinge_arm,100.40259552001953,211.37698364257812,0
6,springhinge_boom,138.22198486328125,195.24771118164062,0
