,name, x, y, z
0,arm,100.65885925292969,194.2825927734375,0
1,body,175.5360870361328,147.58070373535156,0
2,body_back,223.18023681640625,145.60977172851562,0
3,bucket,63.73979187011719,161.16293334960938,0
4,bucket_tip,84.00534057617188,137.31236267089844,0
5,springhinge_arm,100.73643493652344,210.44049072265625,0
6,springhinge_boom,138.3347625732422,194.9452667236328,0
