,name, x, y, z
0,arm,100.86368560791016,193.5505828857422,0
1,body,175.78057861328125,147.60299682617188,0
2,body_back,223.3628387451172,145.63845825195312,0
3,bucket,63.50687026977539,161.1869354248047,0
4,bucket_tip,83.73302459716797,137.32806396484375,0
5,springhinge_arm,101.03792572021484,209.46771240234375,0
6,springhinge_boom,138.39845275878906,194.6302032470703,0
