,name, x, y, z
0,arm,101.19450378417969,192.01206970214844,0
1,body,176.15638732910156,147.62205505371094,0
2,body_back,223.59925842285156,145.68406677246094,0
3,bucket,62.975250244140625,161.22850036621094,0
4,bucket_tip,83.10037231445312,137.3393096923828,0
5,springhinge_arm,101.55429077148438,207.4114227294922,0
6,springhinge_boom,138.36936950683594,193.96176147460938,0
