,name, x, y, z
0,arm,79.9811019897461,208.17921447753906,0
1,body,168.25534057617188,132.5647735595703,0
2,body_back,224.1364288330078,131.83059692382812,0
3,bucket,84.31475830078125,152.54595947265625,0
4,bucket_tip,77.51231384277344,126.35147094726562,0
5,springhinge_arm,67.54623413085938,225.31228637695312,0
6,springhinge_boom,130.37472534179688,193.5823211669922,0
