,name, x, y, z
0,arm,101.55630493164062,188.70889282226562,0
1,body,176.54513549804688,147.65431213378906,0
2,body_back,223.66000366210938,145.7656707763672,0
3,bucket,61.69963073730469,161.3327178955078,0
4,bucket_tip,81.54437255859375,137.26121520996094,0
5,springhinge_arm,102.56229400634766,203.0457000732422,0
6,springhinge_boom,137.7998046875,192.53944396972656,0
