,name, x, y, z
0,arm,101.60477447509766,187.87353515625,0
1,body,176.59788513183594,147.6619415283203,0
2,body_back,223.6264190673828,145.78448486328125,0
3,bucket,61.35496520996094,161.3749542236328,0
4,bucket_tip,81.11715698242188,137.22601318359375,0
5,springhinge_arm,102.82256317138672,201.95716857910156,0
6,springhinge_boom,137.5907440185547,192.18446350097656,0
