,name, x, y, z
0,arm,101.67985534667969,186.2404327392578,0
1,body,176.6881561279297,147.67465209960938,0
2,body_back,223.54617309570312,145.819580078125,0
3,bucket,60.65731430053711,161.49295043945312,0
4,bucket_tip,80.24424743652344,137.14439392089844,0
5,springhinge_arm,103.36062622070312,199.8511199951172,0
6,springhinge_boom,137.14126586914062,191.497314453125,0
