,name, x, y, z
0,arm,101.7145004272461,185.456787109375,0
1,body,176.73655700683594,147.6791534423828,0
2,body_back,223.5124969482422,145.83567810058594,0
3,bucket,60.310821533203125,161.57273864746094,0
4,bucket_tip,79.80638122558594,137.10011291503906,0
5,springhinge_arm,103.6406021118164,198.8528289794922,0
6,springhinge_boom,136.91477966308594,191.1714630126953,0
