,name, x, y, z
0,arm,101.75271606445312,184.70437622070312,0
1,body,176.7943115234375,147.6820526123047,0
2,body_back,223.49171447753906,145.85064697265625,0
3,bucket,59.970115661621094,161.66905212402344,0
4,bucket_tip,79.3727035522461,137.05491638183594,0
5,springhinge_arm,103.92924499511719,197.90390014648438,0
6,springhinge_boom,136.69635009765625,190.8616485595703,0
