,name, x, y, z
0,arm,101.8558578491211,183.3216094970703,0
1,body,176.9597625732422,147.68179321289062,0
2,body_back,223.51487731933594,145.87698364257812,0
3,bucket,59.319061279296875,161.9193878173828,0
4,bucket_tip,78.53366088867188,136.96620178222656,0
5,springhinge_arm,104.53701782226562,196.19259643554688,0
6,springhinge_boom,136.31153869628906,190.30276489257812,0
