,name, x, y, z
0,arm,80.44169616699219,207.82931518554688,0
1,body,168.3556671142578,132.56594848632812,0
2,body_back,224.13583374023438,131.70870971679688,0
3,bucket,83.95584869384766,152.37222290039062,0
4,bucket_tip,76.95014190673828,126.33757781982422,0
5,springhinge_arm,68.15228271484375,225.30369567871094,0
6,springhinge_boom,130.60438537597656,193.4689483642578,0
