,name, x, y, z
0,arm,101.92892456054688,182.7052459716797,0
1,body,177.07826232910156,147.6781005859375,0
2,body_back,223.57177734375,145.88815307617188,0
3,bucket,59.01511764526367,162.07742309570312,0
4,bucket_tip,78.13604736328125,136.92481994628906,0
5,springhinge_arm,104.85826110839844,195.4495391845703,0
6,springhinge_boom,136.15899658203125,190.06004333496094,0
