,name, x, y, z
0,arm,102.02172088623047,182.14825439453125,0
1,body,177.2279510498047,147.671630859375,0
2,body_back,223.66758728027344,145.89784240722656,0
3,bucket,58.729949951171875,162.2600555419922,0
4,bucket_tip,77.75833129882812,136.8868408203125,0
5,springhinge_arm,105.19258880615234,194.79434204101562,0
6,springhinge_boom,136.04241943359375,189.84597778320312,0
