,name, x, y, z
0,arm,102.13834381103516,181.65773010253906,0
1,body,177.41416931152344,147.66207885742188,0
2,body_back,223.80873107910156,145.90597534179688,0
3,bucket,58.46672439575195,162.4692840576172,0
4,bucket_tip,77.40434265136719,136.85336303710938,0
5,springhinge_arm,105.54100036621094,194.23666381835938,0
6,springhinge_boom,135.9686279296875,189.6637420654297,0
