,name, x, y, z
0,arm,102.4592056274414,180.90396118164062,0
1,body,177.91802978515625,147.63267517089844,0
2,body_back,224.25306701660156,145.91720581054688,0
3,bucket,58.01898193359375,162.9756317138672,0
4,bucket_tip,76.7831802368164,136.80419921875,0
5,springhinge_arm,106.28451538085938,193.45242309570312,0
6,springhinge_boom,135.97735595703125,189.4074249267578,0
