,name, x, y, z
0,arm,102.67155456542969,180.65480041503906,0
1,body,178.24655151367188,147.61221313476562,0
2,body_back,224.56922912597656,145.92013549804688,0
3,bucket,57.84095001220703,163.27676391601562,0
4,bucket_tip,76.52383422851562,136.79063415527344,0
5,springhinge_arm,106.68180084228516,193.2451171875,0
6,springhinge_boom,136.0737762451172,189.33966064453125,0
