,name, x, y, z
0,arm,102.9239730834961,180.50015258789062,0
1,body,178.63331604003906,147.5875244140625,0
2,body_back,224.95668029785156,145.92111206054688,0
3,bucket,57.697715759277344,163.61257934570312,0
4,bucket_tip,76.3038101196289,136.785888671875,0
5,springhinge_arm,107.09747314453125,193.1738739013672,0
6,springhinge_boom,136.24078369140625,189.3163604736328,0
