,name, x, y, z
0,arm,103.22044372558594,180.44703674316406,0
1,body,179.07308959960938,147.5587615966797,0
2,body_back,225.4190216064453,145.9155731201172,0
3,bucket,57.59512710571289,164.07981872558594,0
4,bucket_tip,76.12955474853516,136.90476989746094,0
5,springhinge_arm,107.54218292236328,193.21913146972656,0
6,springhinge_boom,136.48672485351562,189.3406982421875,0
