,name, x, y, z
0,arm,103.54808044433594,180.51487731933594,0
1,body,179.55172729492188,147.5264892578125,0
2,body_back,225.94937133789062,145.89964294433594,0
3,bucket,57.5324821472168,164.75697326660156,0
4,bucket_tip,76.00083923339844,137.24497985839844,0
5,springhinge_arm,108.01982879638672,193.35076904296875,0
6,springhinge_boom,136.8084716796875,189.41111755371094,0
