,name, x, y, z
0,arm,63.21977996826172,200.7830352783203,0
1,body,159.5011749267578,143.81497192382812,0
2,body_back,216.69187927246094,143.46719360351562,0
3,bucket,85.96780395507812,158.2758026123047,0
4,bucket_tip,97.6986312866211,127.78087615966797,0
5,springhinge_arm,48.00572967529297,211.16099548339844,0
6,springhinge_boom,117.1859130859375,195.3701629638672,0
