,name, x, y, z
0,arm,80.90984344482422,207.46803283691406,0
1,body,168.45692443847656,132.56674194335938,0
2,body_back,224.13487243652344,131.58177185058594,0
3,bucket,83.60331726074219,152.19577026367188,0
4,bucket_tip,76.3898696899414,126.3298568725586,0
5,springhinge_arm,68.77864074707031,225.29501342773438,0
6,springhinge_boom,130.8315887451172,193.34512329101562,0
