,name, x, y, z
0,arm,104.57247924804688,181.4447784423828,0
1,body,181.14273071289062,147.4129180908203,0
2,body_back,227.8553466796875,145.79977416992188,0
3,bucket,57.51921081542969,167.7938232421875,0
4,bucket_tip,75.82698822021484,139.3463134765625,0
5,springhinge_arm,109.56080627441406,194.20196533203125,0
6,springhinge_boom,138.1271209716797,189.8609619140625,0
