,name, x, y, z
0,arm,104.90621948242188,181.96051025390625,0
1,body,181.69874572753906,147.3708038330078,0
2,body_back,228.56471252441406,145.75254821777344,0
3,bucket,57.55134201049805,169.05650329589844,0
4,bucket_tip,75.81948852539062,140.32460021972656,0
5,springhinge_arm,110.08065032958984,194.6171112060547,0
6,springhinge_boom,138.65066528320312,190.07774353027344,0
