,name, x, y, z
0,arm,105.22537994384766,182.5609130859375,0
1,body,182.254638671875,147.32728576660156,0
2,body_back,229.295654296875,145.70008850097656,0
3,bucket,57.59095764160156,170.4020233154297,0
4,bucket_tip,75.8271255493164,141.40061950683594,0
5,springhinge_arm,110.58868408203125,195.08758544921875,0
6,springhinge_boom,139.1993408203125,190.32156372070312,0
