,name, x, y, z
0,arm,105.52349853515625,183.23504638671875,0
1,body,182.8026123046875,147.28273010253906,0
2,body_back,230.03883361816406,145.64341735839844,0
3,bucket,57.63154983520508,171.8049774169922,0
4,bucket_tip,75.84378814697266,142.54965209960938,0
5,springhinge_arm,111.07598876953125,195.60723876953125,0
6,springhinge_boom,139.7629852294922,190.58865356445312,0
