,name, x, y, z
0,arm,105.79410552978516,183.97203063964844,0
1,body,183.33482360839844,147.23756408691406,0
2,body_back,230.78500366210938,145.5835418701172,0
3,bucket,57.66661834716797,173.2399444580078,0
4,bucket_tip,75.8633804321289,143.7469940185547,0
5,springhinge_arm,111.53357696533203,196.16981506347656,0
6,springhinge_boom,140.3314666748047,190.87515258789062,0
