,name, x, y, z
0,arm,106.03077697753906,184.76092529296875,0
1,body,183.843505859375,147.19219970703125,0
2,body_back,231.5248565673828,145.52149963378906,0
3,bucket,57.68966293334961,174.68148803710938,0
4,bucket_tip,75.87979125976562,144.9678955078125,0
5,springhinge_arm,111.95252227783203,196.76913452148438,0
6,springhinge_boom,140.89463806152344,191.1773223876953,0
