,name, x, y, z
0,arm,106.22702026367188,185.5908203125,0
1,body,184.32083129882812,147.1470489501953,0
2,body_back,232.24913024902344,145.4583282470703,0
3,bucket,57.694190979003906,176.10421752929688,0
4,bucket_tip,75.88697814941406,146.1876983642578,0
5,springhinge_arm,112.32386016845703,197.3989715576172,0
6,springhinge_boom,141.44235229492188,191.4912872314453,0
