,name, x, y, z
0,arm,106.37640380859375,186.45079040527344,0
1,body,184.75904846191406,147.10252380371094,0
2,body_back,232.94854736328125,145.39508056640625,0
3,bucket,57.67373275756836,177.48272705078125,0
4,bucket_tip,75.87885284423828,147.38165283203125,0
5,springhinge_arm,112.63865661621094,198.05316162109375,0
6,springhinge_boom,141.96449279785156,191.8132781982422,0
