,name, x, y, z
0,arm,106.47249603271484,187.32992553710938,0
1,body,185.1503448486328,147.0590362548828,0
2,body_back,233.61380004882812,145.33273315429688,0
3,bucket,57.62179183959961,178.79156494140625,0
4,bucket_tip,75.8493423461914,148.52500915527344,0
5,springhinge_arm,112.88800048828125,198.72544860839844,0
6,springhinge_boom,142.45095825195312,192.1394500732422,0
