,name, x, y, z
0,arm,81.38414001464844,207.09986877441406,0
1,body,168.55917358398438,132.56674194335938,0
2,body_back,224.1354522705078,131.4502410888672,0
3,bucket,83.26089477539062,152.01846313476562,0
4,bucket_tip,75.83795166015625,126.32887268066406,0
5,springhinge_arm,69.42459869384766,225.28622436523438,0
6,springhinge_boom,131.0554656982422,193.2105712890625,0
