,name, x, y, z
0,arm,106.5088119506836,188.21728515625,0
1,body,185.48687744140625,147.0170135498047,0
2,body_back,234.235595703125,145.27235412597656,0
3,bucket,57.53182601928711,180.00535583496094,0
4,bucket_tip,75.79231262207031,149.59312438964844,0
5,springhinge_arm,113.0628662109375,199.40969848632812,0
6,springhinge_boom,142.8915252685547,192.46604919433594,0
