,name, x, y, z
0,arm,106.47891998291016,189.10195922851562,0
1,body,185.7609100341797,146.97683715820312,0
2,body_back,234.8046875,145.21495056152344,0
3,bucket,57.39740753173828,181.0986328125,0
4,bucket_tip,75.70172119140625,150.56124877929688,0
5,springhinge_arm,113.15438842773438,200.099609375,0
6,springhinge_boom,143.27610778808594,192.7892303466797,0
