,name, x, y, z
0,arm,106.37635040283203,189.97305297851562,0
1,body,185.96456909179688,146.9389190673828,0
2,body_back,235.31175231933594,145.1615753173828,0
3,bucket,57.21197509765625,182.04603576660156,0
4,bucket_tip,75.57144165039062,151.40464782714844,0
5,springhinge_arm,113.1535415649414,200.78903198242188,0
6,springhinge_boom,143.5945587158203,193.10516357421875,0
