,name, x, y, z
0,arm,106.19465637207031,190.819580078125,0
1,body,186.09014892578125,146.9036865234375,0
2,body_back,235.74754333496094,145.11325073242188,0
3,bucket,56.96910858154297,182.82212829589844,0
4,bucket_tip,75.39546203613281,152.09861755371094,0
5,springhinge_arm,113.05146789550781,201.47177124023438,0
6,springhinge_boom,143.8367462158203,193.4100799560547,0
