,name, x, y, z
0,arm,105.92742156982422,191.6306915283203,0
1,body,186.1297607421875,146.87156677246094,0
2,body_back,236.10272216796875,145.07098388671875,0
3,bucket,56.6622314453125,183.40145874023438,0
4,bucket_tip,75.16758728027344,152.61846923828125,0
5,springhinge_arm,112.83911895751953,202.14158630371094,0
6,springhinge_boom,143.99249267578125,193.70013427734375,0
