,name, x, y, z
0,arm,105.568115234375,192.3954315185547,0
1,body,186.0756378173828,146.8429412841797,0
2,body_back,236.36802673339844,145.03582763671875,0
3,bucket,56.28493118286133,183.75868225097656,0
4,bucket_tip,74.8818588256836,152.939453125,0
5,springhinge_arm,112.50763702392578,202.79229736328125,0
6,springhinge_boom,144.0517120361328,193.9715576171875,0
