,name, x, y, z
0,arm,105.1103744506836,193.10287475585938,0
1,body,185.9200439453125,146.8182373046875,0
2,body_back,236.5342254638672,145.00880432128906,0
3,bucket,55.83066940307617,183.86831665039062,0
4,bucket_tip,74.53211975097656,153.036865234375,0
5,springhinge_arm,112.0480728149414,203.41770935058594,0
6,springhinge_boom,144.0042724609375,194.2205047607422,0
