,name, x, y, z
0,arm,104.54769134521484,193.74212646484375,0
1,body,185.7127685546875,146.80892944335938,0
2,body_back,236.6506805419922,144.99078369140625,0
3,bucket,55.349342346191406,183.81161499023438,0
4,bucket_tip,74.16858673095703,152.99281311035156,0
5,springhinge_arm,111.50940704345703,204.01341247558594,0
6,springhinge_boom,143.8981170654297,194.44459533691406,0
