,name, x, y, z
0,arm,103.93085479736328,194.311279296875,0
1,body,185.50946044921875,146.82479858398438,0
2,body_back,236.7727508544922,144.98178100585938,0
3,bucket,54.89329528808594,183.69009399414062,0
4,bucket_tip,73.84292602539062,152.9086151123047,0
5,springhinge_arm,110.9477310180664,204.58018493652344,0
6,springhinge_boom,143.78787231445312,194.64505004882812,0
