,name, x, y, z
0,arm,103.31498718261719,194.81832885742188,0
1,body,185.31085205078125,146.86337280273438,0
2,body_back,236.90016174316406,144.98135375976562,0
3,bucket,54.459800720214844,183.50872802734375,0
4,bucket_tip,73.55139923095703,152.78822326660156,0
5,springhinge_arm,110.36476135253906,205.11929321289062,0
6,springhinge_boom,143.67343139648438,194.82334899902344,0
