,name, x, y, z
0,arm,102.70018768310547,195.26718139648438,0
1,body,185.11709594726562,146.92214965820312,0
2,body_back,237.03265380859375,144.9892120361328,0
3,bucket,54.04615783691406,183.27252197265625,0
4,bucket_tip,73.29024505615234,152.6356201171875,0
5,springhinge_arm,109.7622299194336,205.63211059570312,0
6,springhinge_boom,143.55462646484375,194.98104858398438,0
