,name, x, y, z
0,arm,102.0865707397461,195.6616973876953,0
1,body,184.92840576171875,146.99855041503906,0
2,body_back,237.1698455810547,145.00497436523438,0
3,bucket,53.649696350097656,182.98638916015625,0
4,bucket_tip,73.05571746826172,152.45481872558594,0
5,springhinge_arm,109.14183044433594,206.11988830566406,0
6,springhinge_boom,143.43136596679688,195.1196746826172,0
