,name, x, y, z
0,arm,101.47427368164062,196.00572204589844,0
1,body,184.7449493408203,147.0900115966797,0
2,body_back,237.3114471435547,145.0282745361328,0
3,bucket,53.26763153076172,182.65536499023438,0
4,bucket_tip,72.8439712524414,152.24977111816406,0
5,springhinge_arm,108.50518798828125,206.58396911621094,0
6,springhinge_boom,143.30343627929688,195.24069213867188,0
