,name, x, y, z
0,arm,100.86331176757812,196.30325317382812,0
1,body,184.56698608398438,147.19400024414062,0
2,body_back,237.45721435546875,145.05877685546875,0
3,bucket,52.89731216430664,182.284423828125,0
4,bucket_tip,72.65132141113281,152.02447509765625,0
5,springhinge_arm,107.85407257080078,207.02569580078125,0
6,springhinge_boom,143.1707763671875,195.345703125,0
