,name, x, y, z
0,arm,100.25389862060547,196.55809020996094,0
1,body,184.39466857910156,147.30799865722656,0
2,body_back,237.6068115234375,145.09613037109375,0
3,bucket,52.53595733642578,181.87852478027344,0
4,bucket_tip,72.47396087646484,151.78292846679688,0
5,springhinge_arm,107.19017028808594,207.4463653564453,0
6,springhinge_boom,143.03321838378906,195.4362030029297,0
