,name, x, y, z
0,arm,99.64608764648438,196.77410888671875,0
1,body,184.22825622558594,147.42942810058594,0
2,body_back,237.75991821289062,145.13995361328125,0
3,bucket,52.1808967590332,181.44261169433594,0
4,bucket_tip,72.30815887451172,151.52911376953125,0
5,springhinge_arm,106.51516723632812,207.8472442626953,0
6,springhinge_boom,142.890625,195.513671875,0
