,name, x, y, z
0,arm,99.03999328613281,196.95518493652344,0
1,body,184.06785583496094,147.5557403564453,0
2,body_back,237.916259765625,145.1898956298828,0
3,bucket,51.82941818237305,180.98170471191406,0
4,bucket_tip,72.1501235961914,151.2670135498047,0
5,springhinge_arm,105.8307876586914,208.22970581054688,0
6,springhinge_boom,142.7428436279297,195.5796661376953,0
