,name, x, y, z
0,arm,98.43575286865234,197.105224609375,0
1,body,183.9137420654297,147.6843719482422,0
2,body_back,238.07550048828125,145.24560546875,0
3,bucket,51.47883987426758,180.50074768066406,0
4,bucket_tip,71.99613189697266,151.0006103515625,0
5,springhinge_arm,105.13874053955078,208.5950164794922,0
6,springhinge_boom,142.5897674560547,195.6356658935547,0
