,name, x, y, z
0,arm,97.83346557617188,197.2280731201172,0
1,body,183.76612854003906,147.81280517578125,0
2,body_back,238.23739624023438,145.3067626953125,0
3,bucket,51.12636947631836,180.00477600097656,0
4,bucket_tip,71.84235382080078,150.73390197753906,0
5,springhinge_arm,104.44068145751953,208.94448852539062,0
6,springhinge_boom,142.4312286376953,195.6832733154297,0
