,name, x, y, z
0,arm,97.23322296142578,197.32754516601562,0
1,body,183.6251983642578,147.93846130371094,0
2,body_back,238.4015655517578,145.37295532226562,0
3,bucket,50.76934051513672,179.49868774414062,0
4,bucket_tip,71.68505859375,150.4708709716797,0
5,springhinge_arm,103.73834228515625,209.27940368652344,0
6,springhinge_boom,142.26708984375,195.72390747070312,0
