,name, x, y, z
0,arm,82.3453140258789,206.3609161376953,0
1,body,168.76707458496094,132.56292724609375,0
2,body_back,224.1487274169922,131.1749267578125,0
3,bucket,82.62106323242188,151.66836547851562,0
4,bucket_tip,74.78450775146484,126.3491439819336,0
5,springhinge_arm,70.77176666259766,225.2685546875,0
6,springhinge_boom,131.48934936523438,192.90794372558594,0
