,name, x, y, z
0,arm,96.03943634033203,197.4721221923828,0
1,body,183.3641357421875,148.17120361328125,0
2,body_back,238.735595703125,145.51913452148438,0
3,bucket,50.03076934814453,178.47625732421875,0
4,bucket_tip,71.3448257446289,149.9718780517578,0
5,springhinge_arm,102.32769775390625,209.91085815429688,0
6,springhinge_boom,141.9214630126953,195.79051208496094,0
