,name, x, y, z
0,arm,95.44612884521484,197.5248565673828,0
1,body,183.24447631835938,148.27320861816406,0
2,body_back,238.90487670898438,145.59841918945312,0
3,bucket,49.64372634887695,177.9698944091797,0
4,bucket_tip,71.15430450439453,149.74392700195312,0
5,springhinge_arm,101.62276458740234,210.2100372314453,0
6,springhinge_boom,141.7397003173828,195.8195037841797,0
