,name, x, y, z
0,arm,94.85531616210938,197.56985473632812,0
1,body,183.13226318359375,148.3621826171875,0
2,body_back,239.07522583007812,145.6813507080078,0
3,bucket,49.24125671386719,177.47340393066406,0
4,bucket_tip,70.9451675415039,149.53567504882812,0
5,springhinge_arm,100.9204330444336,210.4998321533203,0
6,springhinge_boom,141.55177307128906,195.84765625,0
