,name, x, y, z
0,arm,94.2671890258789,197.61085510253906,0
1,body,183.02783203125,148.43560791015625,0
2,body_back,239.24642944335938,145.76756286621094,0
3,bucket,48.82068634033203,176.9918212890625,0
4,bucket_tip,70.71365356445312,149.3511505126953,0
5,springhinge_arm,100.22242736816406,210.78164672851562,0
6,springhinge_boom,141.3575897216797,195.8765106201172,0
