,name, x, y, z
0,arm,93.6818618774414,197.6518096923828,0
1,body,182.9312744140625,148.49085998535156,0
2,body_back,239.41802978515625,145.85671997070312,0
3,bucket,48.379173278808594,176.53013610839844,0
4,bucket_tip,70.45592498779297,149.1943359375,0
5,springhinge_arm,99.5303955078125,211.05673217773438,0
6,springhinge_boom,141.15696716308594,195.90753173828125,0
