,name, x, y, z
0,arm,92.5200424194336,197.74905395507812,0
1,body,182.7628173828125,148.53668212890625,0
2,body_back,239.76145935058594,146.0424041748047,0
3,bucket,47.422607421875,175.68655395507812,0
4,bucket_tip,69.84673309326172,148.98004150390625,0
5,springhinge_arm,98.1712875366211,211.5919189453125,0
6,springhinge_boom,140.73582458496094,195.98231506347656,0
