,name, x, y, z
0,arm,91.9438247680664,197.81314086914062,0
1,body,182.6913299560547,148.5220489501953,0
2,body_back,239.93270874023438,146.13824462890625,0
3,bucket,46.902061462402344,175.3147430419922,0
4,bucket_tip,69.4876480102539,148.9306182861328,0
5,springhinge_arm,97.5076675415039,211.8546905517578,0
6,springhinge_boom,140.5150604248047,196.02914428710938,0
