,name, x, y, z
0,arm,91.37084197998047,197.8926544189453,0
1,body,182.62777709960938,148.49075317382812,0
2,body_back,240.10287475585938,146.235595703125,0
3,bucket,46.35116195678711,174.98135375976562,0
4,bucket_tip,69.08883666992188,148.91580200195312,0
5,springhinge_arm,96.85657501220703,212.1154327392578,0
6,springhinge_boom,140.287353515625,196.08375549316406,0
