,name, x, y, z
0,arm,82.82931518554688,205.99920654296875,0
1,body,168.87290954589844,132.55841064453125,0
2,body_back,224.16529846191406,131.0319061279297,0
3,bucket,82.33101654052734,151.4991912841797,0
4,bucket_tip,74.29579162597656,126.37142181396484,0
5,springhinge_arm,71.47135162353516,225.2597198486328,0
6,springhinge_boom,131.697509765625,192.7392120361328,0
