,name, x, y, z
0,arm,90.80131530761719,197.99050903320312,0
1,body,182.5704803466797,148.4539337158203,0
2,body_back,240.27024841308594,146.3343505859375,0
3,bucket,45.7745246887207,174.68392944335938,0
4,bucket_tip,68.65479278564453,148.92555236816406,0
5,springhinge_arm,96.21775817871094,212.37301635742188,0
6,springhinge_boom,140.05288696289062,196.14532470703125,0
