,name, x, y, z
0,arm,90.23558807373047,198.10475158691406,0
1,body,182.51791381835938,148.4120330810547,0
2,body_back,240.4328155517578,146.4342803955078,0
3,bucket,45.17814254760742,174.41836547851562,0
4,bucket_tip,68.19165802001953,148.95663452148438,0
5,springhinge_arm,95.590576171875,212.62574768066406,0
6,springhinge_boom,139.81187438964844,196.21240234375,0
