,name, x, y, z
0,arm,89.67389678955078,198.2324981689453,0
1,body,182.46853637695312,148.3654022216797,0
2,body_back,240.5885772705078,146.5352783203125,0
3,bucket,44.56824493408203,174.18060302734375,0
4,bucket_tip,67.70565032958984,149.0058135986328,0
5,springhinge_arm,94.9744873046875,212.87197875976562,0
6,springhinge_boom,139.56463623046875,196.28358459472656,0
