,name, x, y, z
0,arm,89.11666870117188,198.37078857421875,0
1,body,182.42086791992188,148.31454467773438,0
2,body_back,240.73544311523438,146.63719177246094,0
3,bucket,43.95077133178711,173.966552734375,0
4,bucket_tip,67.2029037475586,149.0698699951172,0
5,springhinge_arm,94.36874389648438,213.1100616455078,0
6,springhinge_boom,139.3113250732422,196.35751342773438,0
