,name, x, y, z
0,arm,88.56413269042969,198.5166778564453,0
1,body,182.37344360351562,148.25990295410156,0
2,body_back,240.87136840820312,146.7398223876953,0
3,bucket,43.3319206237793,173.7721405029297,0
4,bucket_tip,66.68962097167969,149.14553833007812,0
5,springhinge_arm,93.77279663085938,213.33827209472656,0
6,springhinge_boom,139.05223083496094,196.43270874023438,0
