,name, x, y, z
0,arm,88.0167007446289,198.6671600341797,0
1,body,182.32467651367188,148.20184326171875,0
2,body_back,240.9943389892578,146.8430633544922,0
3,bucket,42.71772384643555,173.59327697753906,0
4,bucket_tip,66.17196655273438,149.22958374023438,0
5,springhinge_arm,93.1859359741211,213.55496215820312,0
6,springhinge_boom,138.7875518798828,196.5078582763672,0
