,name, x, y, z
0,arm,87.47469329833984,198.81932067871094,0
1,body,182.2731475830078,148.140869140625,0
2,body_back,241.10231018066406,146.94674682617188,0
3,bucket,42.11431884765625,173.4258575439453,0
4,bucket_tip,65.65613555908203,149.31875610351562,0
5,springhinge_arm,92.60755920410156,213.7584228515625,0
6,springhinge_boom,138.51754760742188,196.5814666748047,0
