,name, x, y, z
0,arm,86.93843078613281,198.97010803222656,0
1,body,182.21725463867188,148.07730102539062,0
2,body_back,241.1932373046875,147.05068969726562,0
3,bucket,41.527801513671875,173.26583862304688,0
4,bucket_tip,65.14835357666016,149.40982055664062,0
5,springhinge_arm,92.03704833984375,213.94705200195312,0
6,springhinge_boom,138.2424774169922,196.65216064453125,0
