,name, x, y, z
0,arm,86.40824127197266,199.11666870117188,0
1,body,182.15553283691406,148.0116729736328,0
2,body_back,241.26507568359375,147.15480041503906,0
3,bucket,40.96434020996094,173.10910034179688,0
4,bucket_tip,64.65482330322266,149.49951171875,0
5,springhinge_arm,91.47378540039062,214.11911010742188,0
6,springhinge_boom,137.96255493164062,196.71856689453125,0
