,name, x, y, z
0,arm,85.884521484375,199.2559356689453,0
1,body,182.08648681640625,147.9443817138672,0
2,body_back,241.31576538085938,147.25888061523438,0
3,bucket,40.430049896240234,172.9515380859375,0
4,bucket_tip,64.1817855834961,149.58457946777344,0
5,springhinge_arm,90.91712188720703,214.2729034423828,0
6,springhinge_boom,137.67803955078125,196.7792205810547,0
