,name, x, y, z
0,arm,83.31363677978516,205.6487579345703,0
1,body,168.9801483154297,132.5516815185547,0
2,body_back,224.1909942626953,130.88583374023438,0
3,bucket,82.06584167480469,151.33628845214844,0
4,bucket_tip,73.84095001220703,126.40247344970703,0
5,springhinge_arm,72.1871566772461,225.2509002685547,0
6,springhinge_boom,131.8985595703125,192.5584259033203,0
