,name, x, y, z
0,arm,85.36756896972656,199.3849639892578,0
1,body,182.00857543945312,147.8758544921875,0
2,body_back,241.34324645996094,147.36277770996094,0
3,bucket,39.931053161621094,172.78904724121094,0
4,bucket_tip,63.73542785644531,149.6617431640625,0
5,springhinge_arm,90.36641693115234,214.40675354003906,0
6,springhinge_boom,137.38916015625,196.83274841308594,0
