,name, x, y, z
0,arm,84.85771179199219,199.5007781982422,0
1,body,181.92022705078125,147.80648803710938,0
2,body_back,241.34548950195312,147.46632385253906,0
3,bucket,39.4734992980957,172.6175079345703,0
4,bucket_tip,63.32200241088867,149.72775268554688,0
5,springhinge_arm,89.821044921875,214.5189666748047,0
6,springhinge_boom,137.09617614746094,196.87770080566406,0
