,name, x, y, z
0,arm,84.35535430908203,199.6003875732422,0
1,body,181.8200225830078,147.7367706298828,0
2,body_back,241.32040405273438,147.56939697265625,0
3,bucket,39.06357192993164,172.43283081054688,0
4,bucket_tip,62.94775390625,149.7793426513672,0
5,springhinge_arm,89.28036499023438,214.60789489746094,0
6,springhinge_boom,136.79931640625,196.91265869140625,0
