,name, x, y, z
0,arm,83.86080169677734,199.68077087402344,0
1,body,181.70640563964844,147.6671142578125,0
2,body_back,241.2659454345703,147.6718292236328,0
3,bucket,38.70741271972656,172.23089599609375,0
4,bucket_tip,62.61897277832031,149.813232421875,0
5,springhinge_arm,88.74378967285156,214.67178344726562,0
6,springhinge_boom,136.4988555908203,196.9362335205078,0
