,name, x, y, z
0,arm,82.89652252197266,199.77200317382812,0
1,body,181.43270874023438,147.52972412109375,0
2,body_back,241.0606231689453,147.87411499023438,0
3,bucket,38.181175231933594,171.7587127685547,0
4,bucket_tip,62.122718811035156,149.81478881835938,0
5,springhinge_arm,87.68034362792969,214.7177276611328,0
6,springhinge_boom,135.88803100585938,196.94349670410156,0
