,name, x, y, z
0,arm,82.4274673461914,199.7768096923828,0
1,body,181.2704315185547,147.46278381347656,0
2,body_back,240.9194793701172,147.97366333007812,0
3,bucket,38.00067138671875,171.4811248779297,0
4,bucket_tip,61.952980041503906,149.77806091308594,0
5,springhinge_arm,87.15229797363281,214.70594787597656,0
6,springhinge_boom,135.5780792236328,196.9302978515625,0
