,name, x, y, z
0,arm,81.96752166748047,199.75758361816406,0
1,body,181.09127807617188,147.3970947265625,0
2,body_back,240.76968383789062,148.0719757080078,0
3,bucket,37.848716735839844,171.1751251220703,0
4,bucket_tip,61.819087982177734,149.71728515625,0
5,springhinge_arm,86.62632751464844,214.68272399902344,0
6,springhinge_boom,135.2650604248047,196.9129180908203,0
