,name, x, y, z
0,arm,81.51631927490234,199.72085571289062,0
1,body,180.89549255371094,147.3325958251953,0
2,body_back,240.61114501953125,148.16888427734375,0
3,bucket,37.72478485107422,170.84193420410156,0
4,bucket_tip,61.7197151184082,149.6328887939453,0
5,springhinge_arm,86.10237121582031,214.64842224121094,0
6,springhinge_boom,134.9487762451172,196.89134216308594,0
