,name, x, y, z
0,arm,81.07345581054688,199.6674041748047,0
1,body,180.683349609375,147.26918029785156,0
2,body_back,240.44374084472656,148.2643280029297,0
3,bucket,37.628353118896484,170.4828643798828,0
4,bucket_tip,61.65351867675781,149.5253143310547,0
5,springhinge_arm,85.58026885986328,214.6033172607422,0
6,springhinge_boom,134.6290283203125,196.86573791503906,0
