,name, x, y, z
0,arm,83.79682159423828,205.31405639648438,0
1,body,169.0888671875,132.5423583984375,0
2,body_back,224.22769165039062,130.73712158203125,0
3,bucket,81.82918548583984,151.18150329589844,0
4,bucket_tip,73.42635345458984,126.4428482055664,0
5,springhinge_arm,72.91834259033203,225.24212646484375,0
6,springhinge_boom,132.09152221679688,192.36529541015625,0
