,name, x, y, z
0,arm,80.63841247558594,199.59793090820312,0
1,body,180.45504760742188,147.20675659179688,0
2,body_back,240.2673797607422,148.35818481445312,0
3,bucket,37.5589714050293,170.09912109375,0
4,bucket_tip,61.6192626953125,149.3949432373047,0
5,springhinge_arm,85.05998992919922,214.5477752685547,0
6,springhinge_boom,134.30563354492188,196.8360595703125,0
