,name, x, y, z
0,arm,80.21083068847656,199.51319885253906,0
1,body,180.21083068847656,147.14524841308594,0
2,body_back,240.08200073242188,148.45025634765625,0
3,bucket,37.515995025634766,169.6919403076172,0
4,bucket_tip,61.615501403808594,149.24221801757812,0
5,springhinge_arm,84.54135131835938,214.4820556640625,0
6,springhinge_boom,133.97836303710938,196.8023681640625,0
