,name, x, y, z
0,arm,79.79012298583984,199.41387939453125,0
1,body,179.95091247558594,147.08453369140625,0
2,body_back,239.88742065429688,148.54049682617188,0
3,bucket,37.4990234375,169.2626190185547,0
4,bucket_tip,61.64101791381836,149.06752014160156,0
5,springhinge_arm,84.02429962158203,214.40647888183594,0
6,springhinge_boom,133.64706420898438,196.7647247314453,0
