,name, x, y, z
0,arm,79.3759536743164,199.30081176757812,0
1,body,179.6755828857422,147.02456665039062,0
2,body_back,239.68353271484375,148.62872314453125,0
3,bucket,37.50747299194336,168.81236267089844,0
4,bucket_tip,61.69439697265625,148.8712921142578,0
5,springhinge_arm,83.50870513916016,214.32135009765625,0
6,springhinge_boom,133.31149291992188,196.72320556640625,0
