,name, x, y, z
0,arm,78.56531524658203,199.0360565185547,0
1,body,179.07957458496094,146.9064178466797,0
2,body_back,239.24754333496094,148.79872131347656,0
3,bucket,37.59862518310547,167.8541717529297,0
4,bucket_tip,61.87958526611328,148.4158935546875,0
5,springhinge_arm,82.48159790039062,214.12374877929688,0
6,springhinge_boom,132.62689208984375,196.62857055664062,0
