,name, x, y, z
0,arm,77.38685607910156,198.5536651611328,0
1,body,178.0758056640625,146.7323455810547,0
2,body_back,238.5214385986328,149.03564453125,0
3,bucket,37.91313552856445,166.29161071777344,0
4,bucket_tip,62.33332443237305,147.58187866210938,0
5,springhinge_arm,80.9494857788086,213.7636260986328,0
6,springhinge_boom,131.5633544921875,196.45855712890625,0
