,name, x, y, z
0,arm,77.00220489501953,198.37307739257812,0
1,body,177.71290588378906,146.6748046875,0
2,body_back,238.2597198486328,149.10926818847656,0
3,bucket,38.06328582763672,165.74240112304688,0
4,bucket_tip,62.526153564453125,147.2653045654297,0
5,springhinge_arm,80.44070434570312,213.6278533935547,0
6,springhinge_boom,131.19830322265625,196.39456176757812,0
