,name, x, y, z
0,arm,84.27742004394531,204.99969482421875,0
1,body,169.19918823242188,132.5300750732422,0
2,body_back,224.27735900878906,130.58616638183594,0
3,bucket,81.62480926513672,151.03665161132812,0
4,bucket_tip,73.05845642089844,126.49304962158203,0
5,springhinge_arm,73.66407775878906,225.23345947265625,0
6,springhinge_boom,132.2755126953125,192.1594696044922,0
