,name, x, y, z
0,arm,76.62092590332031,198.18386840820312,0
1,body,177.3363037109375,146.61734008789062,0
2,body_back,237.98805236816406,149.1800537109375,0
3,bucket,38.23521041870117,165.18116760253906,0
4,bucket_tip,62.737491607666016,146.93019104003906,0
5,springhinge_arm,79.93268585205078,213.4847412109375,0
6,springhinge_boom,130.8276824951172,196.32704162597656,0
