,name, x, y, z
0,arm,76.24254608154297,197.9866943359375,0
1,body,176.94619750976562,146.55987548828125,0
2,body_back,237.70626831054688,149.24783325195312,0
3,bucket,38.42838668823242,164.60914611816406,0
4,bucket_tip,62.966094970703125,146.57693481445312,0
5,springhinge_arm,79.4254150390625,213.33460998535156,0
6,springhinge_boom,130.45127868652344,196.25596618652344,0
