,name, x, y, z
0,arm,75.86659240722656,197.78233337402344,0
1,body,176.54286193847656,146.50230407714844,0
2,body_back,237.414306640625,149.31248474121094,0
3,bucket,38.64221954345703,164.02764892578125,0
4,bucket_tip,63.210487365722656,146.20599365234375,0
5,springhinge_arm,78.91868591308594,213.1778106689453,0
6,springhinge_boom,130.06890869140625,196.18145751953125,0
