,name, x, y, z
0,arm,75.12018585205078,197.35519409179688,0
1,body,175.69749450683594,146.3865203857422,0
2,body_back,236.79946899414062,149.431884765625,0
3,bucket,39.1299934387207,162.84133911132812,0
4,bucket_tip,63.741519927978516,145.41278076171875,0
5,springhinge_arm,77.90682220458984,212.84536743164062,0
6,springhinge_boom,129.28562927246094,196.02223205566406,0
