,name, x, y, z
0,arm,74.37818908691406,196.90830993652344,0
1,body,174.8022003173828,146.2692108154297,0
2,body_back,236.14268493652344,149.53726196289062,0
3,bucket,39.69412612915039,161.63250732421875,0
4,bucket_tip,64.3197250366211,144.55404663085938,0
5,springhinge_arm,76.89623260498047,212.489990234375,0
6,springhinge_boom,128.4762725830078,195.84976196289062,0
