,name, x, y, z
0,arm,73.63697814941406,196.44764709472656,0
1,body,173.85911560058594,146.14971923828125,0
2,body_back,235.4432373046875,149.62757873535156,0
3,bucket,40.33035659790039,160.41146850585938,0
4,bucket_tip,64.93423461914062,143.63330078125,0
5,springhinge_arm,75.88629150390625,212.11424255371094,0
6,springhinge_boom,127.6393814086914,195.6644287109375,0
