,name, x, y, z
0,arm,84.7540054321289,204.71017456054688,0
1,body,169.31117248535156,132.5144805908203,0
2,body_back,224.3418731689453,130.43333435058594,0
3,bucket,81.45635986328125,150.90347290039062,0
4,bucket_tip,72.74365234375,126.55358123779297,0
5,springhinge_arm,74.42352294921875,225.22488403320312,0
6,springhinge_boom,132.4495086669922,191.9405975341797,0
