,name, x, y, z
0,arm,72.89292907714844,195.97933959960938,0
1,body,172.87030029296875,146.02728271484375,0
2,body_back,234.700439453125,149.70184326171875,0
3,bucket,41.0342903137207,159.1885986328125,0
4,bucket_tip,65.57415008544922,142.65419006347656,0
5,springhinge_arm,74.87627410888672,211.72076416015625,0
6,springhinge_boom,126.7735366821289,195.46669006347656,0
