,name, x, y, z
0,arm,72.51872253417969,195.74417114257812,0
1,body,172.35939025878906,145.96473693847656,0
2,body_back,234.31259155273438,149.73263549804688,0
3,bucket,41.41029357910156,158.5797119140625,0
4,bucket_tip,65.90025329589844,142.14385986328125,0
5,springhinge_arm,74.37103271484375,211.51820373535156,0
6,springhinge_boom,126.329345703125,195.36329650878906,0
