,name, x, y, z
0,arm,72.1424789428711,195.5093536376953,0
1,body,171.8378448486328,145.9011688232422,0
2,body_back,233.91357421875,149.759033203125,0
3,bucket,41.8015251159668,157.97427368164062,0
4,bucket_tip,66.22859191894531,141.62026977539062,0
5,springhinge_arm,73.86551666259766,211.31216430664062,0
6,springhinge_boom,125.87732696533203,195.2569580078125,0
