,name, x, y, z
0,arm,71.76374053955078,195.27560424804688,0
1,body,171.3059539794922,145.8365020751953,0
2,body_back,233.50340270996094,149.78091430664062,0
3,bucket,42.20752716064453,157.37356567382812,0
4,bucket_tip,66.55779266357422,141.08389282226562,0
5,springhinge_arm,73.35966491699219,211.10299682617188,0
6,springhinge_boom,125.41739654541016,195.14773559570312,0
