,name, x, y, z
0,arm,71.38207244873047,195.04368591308594,0
1,body,170.76394653320312,145.77066040039062,0
2,body_back,233.08193969726562,149.79815673828125,0
3,bucket,42.62766647338867,156.7789306640625,0
4,bucket_tip,66.88654327392578,140.53521728515625,0
5,springhinge_arm,72.85334014892578,210.89102172851562,0
6,springhinge_boom,124.94933319091797,195.0356903076172,0
