,name, x, y, z
0,arm,70.99703216552734,194.81443786621094,0
1,body,170.212158203125,145.7035369873047,0
2,body_back,232.64915466308594,149.8106231689453,0
3,bucket,43.06141662597656,156.19163513183594,0
4,bucket_tip,67.21341705322266,139.97467041015625,0
5,springhinge_arm,72.34652709960938,210.67660522460938,0
6,springhinge_boom,124.47297668457031,194.92086791992188,0
