,name, x, y, z
0,arm,70.21503448486328,194.36671447753906,0
1,body,169.08016967773438,145.56512451171875,0
2,body_back,231.74917602539062,149.8207244873047,0
3,bucket,43.967445373535156,155.04432678222656,0
4,bucket_tip,67.85608673095703,138.81980895996094,0
5,springhinge_arm,71.33096313476562,210.24166870117188,0
6,springhinge_boom,123.49466705322266,194.68309020996094,0
