,name, x, y, z
0,arm,69.81719970703125,194.14981079101562,0
1,body,168.50086975097656,145.49342346191406,0
2,body_back,231.2830047607422,149.8211669921875,0
3,bucket,44.43770980834961,154.48684692382812,0
4,bucket_tip,68.16891479492188,138.2266845703125,0
5,springhinge_arm,70.82161712646484,210.0224151611328,0
6,springhinge_boom,122.99270629882812,194.56069946289062,0
