,name, x, y, z
0,arm,69.41595458984375,193.93878173828125,0
1,body,167.915283203125,145.42044067382812,0
2,body_back,230.8087615966797,149.82232666015625,0
3,bucket,44.91684341430664,153.94163513183594,0
4,bucket_tip,68.47499084472656,137.62551879882812,0
5,springhinge_arm,70.31053924560547,209.8038787841797,0
6,springhinge_boom,122.48379516601562,194.43719482421875,0
