,name, x, y, z
0,arm,85.22509765625,204.45010375976562,0
1,body,169.4249725341797,132.4952392578125,0
2,body_back,224.42315673828125,130.27903747558594,0
3,bucket,81.32756805419922,150.78382873535156,0
4,bucket_tip,72.48835754394531,126.62496948242188,0
5,springhinge_arm,75.19584655761719,225.2164306640625,0
6,springhinge_boom,132.6126251220703,191.70843505859375,0
