,name, x, y, z
0,arm,69.01344299316406,193.73458862304688,0
1,body,167.32598876953125,145.34698486328125,0
2,body_back,230.32818603515625,149.82411193847656,0
3,bucket,45.403076171875,153.40988159179688,0
4,bucket_tip,68.77446746826172,137.01930236816406,0
5,springhinge_arm,69.79757690429688,209.58761596679688,0
6,springhinge_boom,121.96978759765625,194.31365966796875,0
