,name, x, y, z
0,arm,68.61035919189453,193.53785705566406,0
1,body,166.73536682128906,145.2737274169922,0
2,body_back,229.8431396484375,149.82632446289062,0
3,bucket,45.89472198486328,152.8927459716797,0
4,bucket_tip,69.06755828857422,136.41085815429688,0
5,springhinge_arm,69.28270721435547,209.37506103515625,0
6,springhinge_boom,121.45262145996094,194.19113159179688,0
