,name, x, y, z
0,arm,68.2073974609375,193.34933471679688,0
1,body,166.14566040039062,145.20138549804688,0
2,body_back,229.3553009033203,149.82884216308594,0
3,bucket,46.39004898071289,152.39141845703125,0
4,bucket_tip,69.35440826416016,135.80311584472656,0
5,springhinge_arm,68.76577758789062,209.16770935058594,0
6,springhinge_boom,120.93415069580078,194.07057189941406,0
