,name, x, y, z
0,arm,67.40472412109375,192.9995880126953,0
1,body,164.9783935546875,145.06219482421875,0
2,body_back,228.37857055664062,149.8341522216797,0
3,bucket,47.38486862182617,151.44082641601562,0
4,bucket_tip,69.91024780273438,134.60130310058594,0
5,springhinge_arm,67.72552490234375,208.7744903564453,0
6,springhinge_boom,119.90094757080078,193.8396759033203,0
