,name, x, y, z
0,arm,67.00643920898438,192.8397674560547,0
1,body,164.40545654296875,144.99668884277344,0
2,body_back,227.89321899414062,149.8366241455078,0
3,bucket,47.88096618652344,150.993896484375,0
4,bucket_tip,70.17959594726562,134.0130157470703,0
5,springhinge_arm,67.20201110839844,208.5915985107422,0
6,springhinge_boom,119.3899917602539,193.73135375976562,0
