,name, x, y, z
0,arm,66.61113739013672,192.69088745117188,0
1,body,163.84271240234375,144.9348602294922,0
2,body_back,227.41224670410156,149.83877563476562,0
3,bucket,48.373905181884766,150.56741333007812,0
4,bucket_tip,70.44344329833984,133.4369659423828,0
5,springhinge_arm,66.67613220214844,208.41976928710938,0
6,springhinge_boom,118.88533020019531,193.62913513183594,0
