,name, x, y, z
0,arm,66.2195053100586,192.55360412597656,0
1,body,163.29249572753906,144.87741088867188,0
2,body_back,226.9374542236328,149.84048461914062,0
3,bucket,48.86193084716797,150.16259765625,0
4,bucket_tip,70.7020034790039,132.8761444091797,0
5,springhinge_arm,66.14778900146484,208.26058959960938,0
6,springhinge_boom,118.38886260986328,193.5341339111328,0
