,name, x, y, z
0,arm,65.83229064941406,192.4286346435547,0
1,body,162.75714111328125,144.82496643066406,0
2,body_back,226.4706268310547,149.84152221679688,0
3,bucket,49.34339141845703,149.7805633544922,0
4,bucket_tip,70.95549774169922,132.33331298828125,0
5,springhinge_arm,65.61691284179688,208.1154327392578,0
6,springhinge_boom,117.9024887084961,193.44728088378906,0
