,name, x, y, z
0,arm,65.45018768310547,192.31666564941406,0
1,body,162.2388916015625,144.77828979492188,0
2,body_back,226.01353454589844,149.84181213378906,0
3,bucket,49.81649398803711,149.42251586914062,0
4,bucket_tip,71.20401763916016,131.81149291992188,0
5,springhinge_arm,65.08338165283203,207.98580932617188,0
6,springhinge_boom,117.42807006835938,193.36965942382812,0
