,name, x, y, z
0,arm,63.07308578491211,200.92886352539062,0
1,body,159.38723754882812,143.64431762695312,0
2,body_back,216.45785522460938,143.26324462890625,0
3,bucket,85.86073303222656,158.35589599609375,0
4,bucket_tip,97.71448516845703,127.77063751220703,0
5,springhinge_arm,47.7887077331543,211.36659240722656,0
6,springhinge_boom,117.14540100097656,195.36134338378906,0
