,name, x, y, z
0,arm,85.6891860961914,204.2240447998047,0
1,body,169.54061889648438,132.47195434570312,0
2,body_back,224.5231170654297,130.12368774414062,0
3,bucket,81.24217224121094,150.6795196533203,0
4,bucket_tip,72.29900360107422,126.70774841308594,0
5,springhinge_arm,75.98017883300781,225.20819091796875,0
6,springhinge_boom,132.763916015625,191.4626007080078,0
