,name, x, y, z
0,arm,65.07389068603516,192.21841430664062,0
1,body,161.74012756347656,144.738037109375,0
2,body_back,225.56796264648438,149.84117126464844,0
3,bucket,50.27959442138672,149.08963012695312,0
4,bucket_tip,71.44784545898438,131.31350708007812,0
5,springhinge_arm,64.5471420288086,207.87326049804688,0
6,springhinge_boom,116.9675521850586,193.3023223876953,0
