,name, x, y, z
0,arm,64.7041244506836,192.13449096679688,0
1,body,161.26315307617188,144.70489501953125,0
2,body_back,225.1356658935547,149.83944702148438,0
3,bucket,50.730953216552734,148.7830352783203,0
4,bucket_tip,71.6871109008789,130.8422393798828,0
5,springhinge_arm,64.00810241699219,207.7791748046875,0
6,springhinge_boom,116.52279663085938,193.2462615966797,0
