,name, x, y, z
0,arm,64.34164428710938,192.065673828125,0
1,body,160.81024169921875,144.67953491210938,0
2,body_back,224.71844482421875,149.83645629882812,0
3,bucket,51.16883850097656,148.50390625,0
4,bucket_tip,71.92198181152344,130.40061950683594,0
5,springhinge_arm,63.46614456176758,207.7050323486328,0
6,springhinge_boom,116.0956802368164,193.2024688720703,0
