,name, x, y, z
0,arm,63.98703384399414,192.0125732421875,0
1,body,160.38375854492188,144.6627197265625,0
2,body_back,224.31813049316406,149.83212280273438,0
3,bucket,51.59156799316406,148.25347900390625,0
4,bucket_tip,72.15266418457031,129.99154663085938,0
5,springhinge_arm,62.921226501464844,207.65240478515625,0
6,springhinge_boom,115.6881332397461,193.17205810546875,0
