,name, x, y, z
0,arm,63.64113998413086,191.9759063720703,0
1,body,159.98602294921875,144.65505981445312,0
2,body_back,223.93646240234375,149.82620239257812,0
3,bucket,51.997432708740234,148.03282165527344,0
4,bucket_tip,72.37940216064453,129.61788940429688,0
5,springhinge_arm,62.37323760986328,207.62269592285156,0
6,springhinge_boom,115.30206298828125,193.156005859375,0
