,name, x, y, z
0,arm,63.30461502075195,191.9563751220703,0
1,body,159.61929321289062,144.6573028564453,0
2,body_back,223.57522583007812,149.81863403320312,0
3,bucket,52.3846549987793,147.8431854248047,0
4,bucket_tip,72.6022720336914,129.28256225585938,0
5,springhinge_arm,61.82208251953125,207.61741638183594,0
6,springhinge_boom,114.93930053710938,193.15538024902344,0
