,name, x, y, z
0,arm,62.97816848754883,191.95462036132812,0
1,body,159.37142944335938,144.68771362304688,0
2,body_back,223.24234008789062,149.80650329589844,0
3,bucket,52.752174377441406,147.68115234375,0
4,bucket_tip,72.82164001464844,128.98748779296875,0
5,springhinge_arm,61.26860809326172,207.62808227539062,0
6,springhinge_boom,114.61209869384766,193.16998291015625,0
