,name, x, y, z
0,arm,62.66275405883789,191.97462463378906,0
1,body,159.31179809570312,144.7598876953125,0
2,body_back,222.94427490234375,149.78753662109375,0
3,bucket,53.101226806640625,147.5415802001953,0
4,bucket_tip,73.0381851196289,128.7308807373047,0
5,springhinge_arm,60.717227935791016,207.64566040039062,0
6,springhinge_boom,114.33047485351562,193.19834899902344,0
