,name, x, y, z
0,arm,62.36016082763672,192.01870727539062,0
1,body,159.41506958007812,144.86727905273438,0
2,body_back,222.6805877685547,149.76226806640625,0
3,bucket,53.43366622924805,147.42269897460938,0
4,bucket_tip,73.25272369384766,128.50994873046875,0
5,springhinge_arm,60.17330551147461,207.67050170898438,0
6,springhinge_boom,114.09323120117188,193.23931884765625,0
