,name, x, y, z
0,arm,62.07243728637695,192.08535766601562,0
1,body,159.6558380126953,145.00341796875,0
2,body_back,222.45077514648438,149.7312469482422,0
3,bucket,53.75126647949219,147.3229217529297,0
4,bucket_tip,73.46604919433594,128.3219451904297,0
5,springhinge_arm,59.64215850830078,207.70303344726562,0
6,springhinge_boom,113.89904022216797,193.29185485839844,0
