,name, x, y, z
0,arm,86.14486694335938,204.03652954101562,0
1,body,169.65826416015625,132.4442901611328,0
2,body_back,224.64366149902344,129.96766662597656,0
3,bucket,81.20382690429688,150.59234619140625,0
4,bucket_tip,72.18202209472656,126.80242156982422,0
5,springhinge_arm,76.77568817138672,225.20010375976562,0
6,springhinge_boom,132.9023895263672,191.20278930664062,0
