,name, x, y, z
0,arm,61.801639556884766,192.17298889160156,0
1,body,160.00872802734375,145.16180419921875,0
2,body_back,222.25439453125,149.69508361816406,0
3,bucket,54.055946350097656,147.2405548095703,0
4,bucket_tip,73.67897033691406,128.16412353515625,0
5,springhinge_arm,59.129173278808594,207.74371337890625,0
6,springhinge_boom,113.7467041015625,193.35487365722656,0
