,name, x, y, z
0,arm,61.5498046875,192.28009033203125,0
1,body,160.44842529296875,145.33596801757812,0
2,body_back,222.09095764160156,149.6543426513672,0
3,bucket,54.34951400756836,147.1739501953125,0
4,bucket_tip,73.8923110961914,128.03370666503906,0
5,springhinge_arm,58.639671325683594,207.79295349121094,0
6,springhinge_boom,113.63495635986328,193.4272918701172,0
