,name, x, y, z
0,arm,61.3189811706543,192.40504455566406,0
1,body,160.94952392578125,145.5193328857422,0
2,body_back,221.9600372314453,149.60952758789062,0
3,bucket,54.633811950683594,147.12139892578125,0
4,bucket_tip,74.10689544677734,127.92790985107422,0
5,springhinge_arm,58.17903137207031,207.8511199951172,0
6,springhinge_boom,113.56256103515625,193.50799560546875,0
