,name, x, y, z
0,arm,61.111202239990234,192.54624938964844,0
1,body,161.4866485595703,145.7054901123047,0
2,body_back,221.86109924316406,149.56130981445312,0
3,bucket,54.910675048828125,147.081298828125,0
4,bucket_tip,74.32344055175781,127.84400939941406,0
5,springhinge_arm,57.75249481201172,207.91868591308594,0
6,springhinge_boom,113.5281982421875,193.59596252441406,0
