,name, x, y, z
0,arm,60.928497314453125,192.70225524902344,0
1,body,162.0344696044922,145.88787841796875,0
2,body_back,221.7937469482422,149.5101776123047,0
3,bucket,55.18193817138672,147.0519256591797,0
4,bucket_tip,74.54286193847656,127.77922058105469,0
5,springhinge_arm,57.36553192138672,207.99606323242188,0
6,springhinge_boom,113.53067779541016,193.69003295898438,0
