,name, x, y, z
0,arm,60.77292251586914,192.8714141845703,0
1,body,162.567626953125,146.06004333496094,0
2,body_back,221.7574920654297,149.45669555664062,0
3,bucket,55.449459075927734,147.03163146972656,0
4,bucket_tip,74.76590728759766,127.73075866699219,0
5,springhinge_arm,57.023441314697266,208.08363342285156,0
6,springhinge_boom,113.56873321533203,193.78916931152344,0
