,name, x, y, z
0,arm,60.64651107788086,193.05218505859375,0
1,body,163.0607147216797,146.21546936035156,0
2,body_back,221.75184631347656,149.4014892578125,0
3,bucket,55.71506881713867,147.018798828125,0
4,bucket_tip,74.99341583251953,127.69591522216797,0
5,springhinge_arm,56.73154830932617,208.1818389892578,0
6,springhinge_boom,113.64109802246094,193.8922882080078,0
