,name, x, y, z
0,arm,60.551307678222656,193.24302673339844,0
1,body,163.48837280273438,146.34767150878906,0
2,body_back,221.77639770507812,149.3450927734375,0
3,bucket,55.98060989379883,147.01168823242188,0
4,bucket_tip,75.22615814208984,127.6718978881836,0
5,springhinge_arm,56.495216369628906,208.2911376953125,0
6,springhinge_boom,113.74649810791016,193.99830627441406,0
