,name, x, y, z
0,arm,60.48935317993164,193.44235229492188,0
1,body,163.8252410888672,146.45013427734375,0
2,body_back,221.8306121826172,149.28807067871094,0
3,bucket,56.247920989990234,147.0086669921875,0
4,bucket_tip,75.46493530273438,127.65593719482422,0
5,springhinge_arm,56.31978988647461,208.41188049316406,0
6,springhinge_boom,113.88372039794922,194.1061248779297,0
