,name, x, y, z
0,arm,60.46268081665039,193.6486053466797,0
1,body,164.04595947265625,146.51637268066406,0
2,body_back,221.9140625,149.23098754882812,0
3,bucket,56.518829345703125,147.00808715820312,0
4,bucket_tip,75.7105941772461,127.64527893066406,0
5,springhinge_arm,56.21059799194336,208.54454040527344,0
6,springhinge_boom,114.05146789550781,194.2146453857422,0
