,name, x, y, z
0,arm,86.59066009521484,203.8921661376953,0
1,body,169.83665466308594,132.3521728515625,0
2,body_back,224.7754669189453,129.81185913085938,0
3,bucket,81.21156311035156,150.52259826660156,0
4,bucket_tip,72.13853454589844,126.9088363647461,0
5,springhinge_arm,77.58003234863281,225.177734375,0
6,springhinge_boom,133.03155517578125,190.92958068847656,0
