,name, x, y, z
0,arm,60.47334289550781,193.86021423339844,0
1,body,164.12518310546875,146.53988647460938,0
2,body_back,222.02627563476562,149.17440795898438,0
3,bucket,56.79518508911133,147.00823974609375,0
4,bucket_tip,75.96393585205078,127.63713836669922,0
5,springhinge_arm,56.17301559448242,208.6894989013672,0
6,springhinge_boom,114.24853515625,194.3228302001953,0
