,name, x, y, z
0,arm,60.523372650146484,194.07562255859375,0
1,body,164.12489318847656,146.53834533691406,0
2,body_back,222.1512908935547,149.1192169189453,0
3,bucket,57.06315231323242,147.01422119140625,0
4,bucket_tip,76.21055603027344,127.62965393066406,0
5,springhinge_arm,56.175113677978516,208.847412109375,0
6,springhinge_boom,114.458251953125,194.4301300048828,0
