,name, x, y, z
0,arm,60.59882736206055,194.2938690185547,0
1,body,164.1240997314453,146.5337677001953,0
2,body_back,222.2734832763672,149.06582641601562,0
3,bucket,57.30841827392578,147.03184509277344,0
4,bucket_tip,76.43622589111328,127.6226577758789,0
5,springhinge_arm,56.1812858581543,209.01812744140625,0
6,springhinge_boom,114.664794921875,194.5366973876953,0
