,name, x, y, z
0,arm,60.88119125366211,194.96356201171875,0
1,body,164.11962890625,146.50350952148438,0
2,body_back,222.62359619140625,148.9163055419922,0
3,bucket,57.920101165771484,147.15057373046875,0
4,bucket_tip,76.99868774414062,127.60435485839844,0
5,springhinge_arm,56.222782135009766,209.60052490234375,0
6,springhinge_boom,115.26487731933594,194.8515167236328,0
