,name, x, y, z
0,arm,60.99222183227539,195.1907501220703,0
1,body,164.11767578125,146.48843383789062,0
2,body_back,222.73492431640625,148.869873046875,0
3,bucket,58.08655548095703,147.21070861816406,0
4,bucket_tip,77.15165710449219,127.59899139404297,0
5,springhinge_arm,56.24373245239258,209.81576538085938,0
6,springhinge_boom,115.45821380615234,194.95462036132812,0
