,name, x, y, z
0,arm,61.110740661621094,195.41932678222656,0
1,body,164.11572265625,146.47109985351562,0
2,body_back,222.84368896484375,148.82510375976562,0
3,bucket,58.23628616333008,147.28045654296875,0
4,bucket_tip,77.28926086425781,127.59393310546875,0
5,springhinge_arm,56.268043518066406,210.0404510498047,0
6,springhinge_boom,115.64813995361328,195.05674743652344,0
