,name, x, y, z
0,arm,61.236289978027344,195.6490936279297,0
1,body,164.11378479003906,146.45169067382812,0
2,body_back,222.94989013671875,148.7819366455078,0
3,bucket,58.370521545410156,147.35939025878906,0
4,bucket_tip,77.41259002685547,127.58912658691406,0
5,springhinge_arm,56.295509338378906,210.2738800048828,0
6,springhinge_boom,115.83460998535156,195.15777587890625,0
