,name, x, y, z
0,arm,87.02508544921875,203.79124450683594,0
1,body,170.11563110351562,132.15577697753906,0
2,body_back,224.90789794921875,129.6591033935547,0
3,bucket,81.24530029296875,150.4644317626953,0
4,bucket_tip,72.14838409423828,127.02251434326172,0
5,springhinge_arm,78.38475799560547,225.11744689941406,0
6,springhinge_boom,133.1561737060547,190.64727783203125,0
