,name, x, y, z
0,arm,61.50620651245117,196.11073303222656,0
1,body,164.11032104492188,146.40719604492188,0
2,body_back,223.15475463867188,148.70030212402344,0
3,bucket,58.597145080566406,147.5431671142578,0
4,bucket_tip,77.62071990966797,127.58012390136719,0
5,springhinge_arm,56.359310150146484,210.76422119140625,0
6,springhinge_boom,116.19693756103516,195.35641479492188,0
