,name, x, y, z
0,arm,61.649513244628906,196.3419952392578,0
1,body,164.1090087890625,146.38247680664062,0
2,body_back,223.25357055664062,148.6617889404297,0
3,bucket,58.69195556640625,147.64720153808594,0
4,bucket_tip,77.70780944824219,127.57586669921875,0
5,springhinge_arm,56.3953742980957,211.01983642578125,0
6,springhinge_boom,116.37269592285156,195.45391845703125,0
