,name, x, y, z
0,arm,61.79764175415039,196.57318115234375,0
1,body,164.1080780029297,146.35623168945312,0
2,body_back,223.3499755859375,148.62472534179688,0
3,bucket,58.776004791259766,147.7587432861328,0
4,bucket_tip,77.78502655029297,127.57166290283203,0
5,springhinge_arm,56.4339714050293,211.2814178466797,0
6,springhinge_boom,116.54481506347656,195.5500946044922,0
