,name, x, y, z
0,arm,61.95004653930664,196.80389404296875,0
1,body,164.1076202392578,146.32870483398438,0
2,body_back,223.44406127929688,148.58914184570312,0
3,bucket,58.850486755371094,147.87744140625,0
4,bucket_tip,77.85350036621094,127.56755065917969,0
5,springhinge_arm,56.474979400634766,211.54837036132812,0
6,springhinge_boom,116.71321105957031,195.6449737548828,0
