,name, x, y, z
0,arm,62.26567077636719,197.26278686523438,0
1,body,164.1084747314453,146.27027893066406,0
2,body_back,223.62542724609375,148.5221405029297,0
3,bucket,58.9755859375,148.13453674316406,0
4,bucket_tip,77.9686279296875,127.55924224853516,0
5,springhinge_arm,56.56363296508789,212.0955810546875,0
6,springhinge_boom,117.0386962890625,195.8303985595703,0
