,name, x, y, z
0,arm,62.59193420410156,197.71621704101562,0
1,body,164.11231994628906,146.20846557617188,0
2,body_back,223.79800415039062,148.46047973632812,0
3,bucket,59.076751708984375,148.41522216796875,0
4,bucket_tip,78.06204223632812,127.55064392089844,0
5,springhinge_arm,56.66007995605469,212.656005859375,0
6,springhinge_boom,117.34878540039062,196.0097198486328,0
