,name, x, y, z
0,arm,62.757694244384766,197.94009399414062,0
1,body,164.11557006835938,146.1766815185547,0
2,body_back,223.881103515625,148.43161010742188,0
3,bucket,59.121341705322266,148.56336975097656,0
4,bucket_tip,78.10340118408203,127.54615020751953,0
5,springhinge_arm,56.7108268737793,212.93948364257812,0
6,springhinge_boom,117.49790954589844,196.0970001220703,0
