,name, x, y, z
0,arm,62.92455291748047,198.16162109375,0
1,body,164.1198272705078,146.1444854736328,0
2,body_back,223.96212768554688,148.4039306640625,0
3,bucket,59.16353988647461,148.71615600585938,0
4,bucket_tip,78.14263153076172,127.54141235351562,0
5,springhinge_arm,56.763065338134766,213.2241973876953,0
6,springhinge_boom,117.64305877685547,196.1825408935547,0
