,name, x, y, z
0,arm,87.446533203125,203.7172088623047,0
1,body,170.4667510986328,131.8850555419922,0
2,body_back,225.0408935546875,129.5128173828125,0
3,bucket,81.28028869628906,150.41058349609375,0
4,bucket_tip,72.18609619140625,127.13751220703125,0
5,springhinge_arm,79.17984008789062,225.00576782226562,0
6,springhinge_boom,133.27732849121094,190.3611297607422,0
