,name, x, y, z
0,arm,63.091896057128906,198.3805389404297,0
1,body,164.1251983642578,146.112060546875,0
2,body_back,224.0411376953125,148.37747192382812,0
3,bucket,59.204532623291016,148.8732147216797,0
4,bucket_tip,78.18089294433594,127.53645324707031,0
5,springhinge_arm,56.81667709350586,213.509521484375,0
6,springhinge_boom,117.78414916992188,196.266357421875,0
