,name, x, y, z
0,arm,63.25922393798828,198.59652709960938,0
1,body,164.1317596435547,146.07952880859375,0
2,body_back,224.11819458007812,148.35218811035156,0
3,bucket,59.24553298950195,149.03408813476562,0
4,bucket_tip,78.21928405761719,127.53120422363281,0
5,springhinge_arm,56.87147521972656,213.79473876953125,0
6,springhinge_boom,117.92117309570312,196.3483428955078,0
