,name, x, y, z
0,arm,63.42599105834961,198.80929565429688,0
1,body,164.13958740234375,146.047119140625,0
2,body_back,224.19332885742188,148.32806396484375,0
3,bucket,59.28770065307617,149.19837951660156,0
4,bucket_tip,78.25886535644531,127.52564239501953,0
5,springhinge_arm,56.92728805541992,214.07919311523438,0
6,springhinge_boom,118.05402374267578,196.4285125732422,0
