,name, x, y, z
0,arm,63.591617584228516,199.01844787597656,0
1,body,164.14877319335938,146.01492309570312,0
2,body_back,224.26654052734375,148.30499267578125,0
3,bucket,59.33222198486328,149.3656768798828,0
4,bucket_tip,78.30076599121094,127.51969146728516,0
5,springhinge_arm,56.98397445678711,214.36216735839844,0
6,springhinge_boom,118.18268585205078,196.50672912597656,0
