,name, x, y, z
0,arm,63.75560760498047,199.2237548828125,0
1,body,164.15943908691406,145.9830780029297,0
2,body_back,224.33792114257812,148.2830047607422,0
3,bucket,59.38031005859375,149.53555297851562,0
4,bucket_tip,78.34613800048828,127.51331329345703,0
5,springhinge_arm,57.04141616821289,214.6429901123047,0
6,springhinge_boom,118.30711364746094,196.5829315185547,0
