,name, x, y, z
0,arm,63.91737747192383,199.42483520507812,0
1,body,164.171630859375,145.95181274414062,0
2,body_back,224.40753173828125,148.26205444335938,0
3,bucket,59.43318176269531,149.7076416015625,0
4,bucket_tip,78.39602661132812,127.50652313232422,0
5,springhinge_arm,57.09942626953125,214.92103576660156,0
6,springhinge_boom,118.42723846435547,196.6571807861328,0
