,name, x, y, z
0,arm,64.0764389038086,199.62147521972656,0
1,body,164.18545532226562,145.9212188720703,0
2,body_back,224.47540283203125,148.24209594726562,0
3,bucket,59.49200439453125,149.88148498535156,0
4,bucket_tip,78.45162963867188,127.49920654296875,0
5,springhinge_arm,57.15788269042969,215.19554138183594,0
6,springhinge_boom,118.54307556152344,196.72926330566406,0
