,name, x, y, z
0,arm,64.23223114013672,199.8132781982422,0
1,body,164.2010040283203,145.89146423339844,0
2,body_back,224.54153442382812,148.2230987548828,0
3,bucket,59.55796813964844,150.0566864013672,0
4,bucket_tip,78.51392364501953,127.49136352539062,0
5,springhinge_arm,57.216575622558594,215.4658966064453,0
6,springhinge_boom,118.65447998046875,196.7992401123047,0
