,name, x, y, z
0,arm,64.53179931640625,200.18109130859375,0
1,body,164.2376251220703,145.83511352539062,0
2,body_back,224.6688995361328,148.18785095214844,0
3,bucket,59.71613311767578,150.40951538085938,0
4,bucket_tip,78.663330078125,127.47388458251953,0
5,springhinge_arm,57.334224700927734,215.9912872314453,0
6,springhinge_boom,118.86398315429688,196.93247985839844,0
