,name, x, y, z
0,arm,87.85340118408203,203.64930725097656,0
1,body,170.8616485595703,131.57005310058594,0
2,body_back,225.17453002929688,129.37631225585938,0
3,bucket,81.29168701171875,150.35366821289062,0
4,bucket_tip,72.22614288330078,127.2477798461914,0
5,springhinge_arm,79.95532989501953,224.82899475097656,0
6,springhinge_boom,133.3960418701172,190.07635498046875,0
