,name, x, y, z
0,arm,64.94303894042969,200.68890380859375,0
1,body,164.30770874023438,145.7607879638672,0
2,body_back,224.8482666015625,148.1413116455078,0
3,bucket,60.03678894042969,150.93862915039062,0
4,bucket_tip,78.96583557128906,127.44256591796875,0
5,springhinge_arm,57.50893783569336,216.7310028076172,0
6,springhinge_boom,119.1441421508789,197.1148223876953,0
