,name, x, y, z
0,arm,65.18550872802734,200.9945068359375,0
1,body,164.3656005859375,145.71983337402344,0
2,body_back,224.96063232421875,148.11415100097656,0
3,bucket,60.32014083862305,151.28651428222656,0
4,bucket_tip,79.23275756835938,127.41781616210938,0
5,springhinge_arm,57.62248992919922,217.18397521972656,0
6,springhinge_boom,119.30765533447266,197.22401428222656,0
