,name, x, y, z
0,arm,65.29559326171875,201.13648986816406,0
1,body,164.3981170654297,145.7024383544922,0
2,body_back,225.01475524902344,148.10162353515625,0
3,bucket,60.48623275756836,151.457763671875,0
4,bucket_tip,79.38906860351562,127.40416717529297,0
5,springhinge_arm,57.67790985107422,217.3964080810547,0
6,springhinge_boom,119.38225555419922,197.2747344970703,0
