,name, x, y, z
0,arm,65.57487487792969,201.5153045654297,0
1,body,164.51126098632812,145.66416931152344,0
2,body_back,225.16952514648438,148.06777954101562,0
3,bucket,61.0966796875,151.9557342529297,0
4,bucket_tip,79.96296691894531,127.35751342773438,0
5,springhinge_arm,57.83702087402344,217.96902465820312,0
6,springhinge_boom,119.57701873779297,197.41070556640625,0
