,name, x, y, z
0,arm,88.24402618408203,203.56671142578125,0
1,body,171.2718963623047,131.2407684326172,0
2,body_back,225.3087615966797,129.25296020507812,0
3,bucket,81.25465393066406,150.28631591796875,0
4,bucket_tip,72.24298858642578,127.3473129272461,0
5,springhinge_arm,80.70121002197266,224.5736083984375,0
6,springhinge_boom,133.51336669921875,189.7982177734375,0
