,name, x, y, z
0,arm,65.71312713623047,201.7255096435547,0
1,body,164.60047912597656,145.6519012451172,0
2,body_back,225.26675415039062,148.04803466796875,0
3,bucket,61.60897445678711,152.27044677734375,0
4,bucket_tip,80.44400024414062,127.3212661743164,0
5,springhinge_arm,57.93557357788086,218.2902069091797,0
6,springhinge_boom,119.68209838867188,197.48728942871094,0
