,name, x, y, z
0,arm,65.7662582397461,201.8169403076172,0
1,body,164.64842224121094,145.6569366455078,0
2,body_back,225.3133087158203,148.0388946533203,0
3,bucket,61.8995246887207,152.42161560058594,0
4,bucket_tip,80.71665954589844,127.30149841308594,0
5,springhinge_arm,57.959991455078125,218.4311981201172,0
6,springhinge_boom,119.7251968383789,197.5214080810547,0
