,name, x, y, z
0,arm,65.80970764160156,201.8994903564453,0
1,body,164.69729614257812,145.6774139404297,0
2,body_back,225.35752868652344,148.0302276611328,0
3,bucket,62.21049499511719,152.5694122314453,0
4,bucket_tip,81.00837707519531,127.28082275390625,0
5,springhinge_arm,57.941471099853516,218.56175231933594,0
6,springhinge_boom,119.76009368896484,197.553955078125,0
