,name, x, y, z
0,arm,65.87480163574219,202.04933166503906,0
1,body,164.79812622070312,145.75770568847656,0
2,body_back,225.4372100830078,148.01417541503906,0
3,bucket,62.879554748535156,152.85867309570312,0
4,bucket_tip,81.63597869873047,127.23741149902344,0
5,springhinge_arm,57.794918060302734,218.80429077148438,0
6,springhinge_boom,119.8092041015625,197.61973571777344,0
