,name, x, y, z
0,arm,65.89830780029297,202.123291015625,0
1,body,164.8502655029297,145.81417846679688,0
2,body_back,225.47164916992188,148.0067901611328,0
3,bucket,63.230735778808594,153.00216674804688,0
4,bucket_tip,81.96540832519531,127.215087890625,0
5,springhinge_arm,57.676578521728516,218.9227752685547,0
6,springhinge_boom,119.82538604736328,197.65574645996094,0
