,name, x, y, z
0,arm,65.91697692871094,202.20106506347656,0
1,body,164.90365600585938,145.87916564941406,0
2,body_back,225.50189208984375,147.99978637695312,0
3,bucket,63.588356018066406,153.14622497558594,0
4,bucket_tip,82.30089569091797,127.19258117675781,0
5,springhinge_arm,57.53461837768555,219.04367065429688,0
6,springhinge_boom,119.83726501464844,197.695556640625,0
