,name, x, y, z
0,arm,65.9434585571289,202.3813018798828,0
1,body,165.01463317871094,146.0279541015625,0
2,body_back,225.5478057861328,147.9868621826172,0
3,bucket,64.30911254882812,153.43995666503906,0
4,bucket_tip,82.9772720336914,127.14781951904297,0
5,springhinge_arm,57.199424743652344,219.30563354492188,0
6,springhinge_boom,119.85218048095703,197.792236328125,0
