,name, x, y, z
0,arm,65.953125,202.49046325683594,0
1,body,165.07241821289062,146.1083526611328,0
2,body_back,225.56253051757812,147.98092651367188,0
3,bucket,64.66526794433594,153.59165954589844,0
4,bucket_tip,83.31167602539062,127.12596893310547,0
5,springhinge_arm,57.01585388183594,219.45321655273438,0
6,springhinge_boom,119.85718536376953,197.8518524169922,0
