,name, x, y, z
0,arm,88.61676788330078,203.44854736328125,0
1,body,171.6689910888672,130.92727661132812,0
2,body_back,225.4435577392578,129.14608764648438,0
3,bucket,81.14431762695312,150.20120239257812,0
4,bucket_tip,72.21106719970703,127.43009185791016,0
5,springhinge_arm,81.40745544433594,224.22596740722656,0
6,springhinge_boom,133.63034057617188,189.5319366455078,0
