,name, x, y, z
0,arm,65.96159362792969,202.61669921875,0
1,body,165.1317901611328,146.19044494628906,0
2,body_back,225.5710906982422,147.97528076171875,0
3,bucket,65.01390075683594,153.74786376953125,0
4,bucket_tip,83.63919830322266,127.10470581054688,0
5,springhinge_arm,56.828033447265625,219.61610412597656,0
6,springhinge_boom,119.86181640625,197.92074584960938,0
