,name, x, y, z
0,arm,65.98907470703125,203.13150024414062,0
1,body,165.32058715820312,146.42984008789062,0
2,body_back,225.55519104003906,147.96011352539062,0
3,bucket,65.98035430908203,154.2537078857422,0
4,bucket_tip,84.54837036132812,127.04645538330078,0
5,springhinge_arm,56.287872314453125,220.2291717529297,0
6,springhinge_boom,119.88353729248047,198.1969757080078,0
