,name, x, y, z
0,arm,66.00193786621094,203.35951232910156,0
1,body,165.38735961914062,146.50160217285156,0
2,body_back,225.534423828125,147.95556640625,0
3,bucket,66.2643814086914,154.43798828125,0
4,bucket_tip,84.81615447998047,127.02949523925781,0
5,springhinge_arm,56.131710052490234,220.48570251464844,0
6,springhinge_boom,119.89665222167969,198.3167266845703,0
