,name, x, y, z
0,arm,66.01818084716797,203.6212921142578,0
1,body,165.4562225341797,146.5665283203125,0
2,body_back,225.50511169433594,147.9512481689453,0
3,bucket,66.52356719970703,154.6317901611328,0
4,bucket_tip,85.06092834472656,127.01411437988281,0
5,springhinge_arm,55.9955940246582,220.77374267578125,0
6,springhinge_boom,119.91436004638672,198.45265197753906,0
