,name, x, y, z
0,arm,66.03872680664062,203.92018127441406,0
1,body,165.52720642089844,146.62286376953125,0
2,body_back,225.46676635742188,147.94712829589844,0
3,bucket,66.75436401367188,154.83609008789062,0
4,bucket_tip,85.2793960571289,127.00047302246094,0
5,springhinge_arm,55.8842887878418,221.09646606445312,0
6,springhinge_boom,119.93758392333984,198.60604858398438,0
