,name, x, y, z
0,arm,66.06443786621094,204.25946044921875,0
1,body,165.60049438476562,146.66893005371094,0
2,body_back,225.41897583007812,147.9432373046875,0
3,bucket,66.95338439941406,155.05191040039062,0
4,bucket_tip,85.4684066772461,126.9887924194336,0
5,springhinge_arm,55.802757263183594,221.45718383789062,0
6,springhinge_boom,119.96739196777344,198.77828979492188,0
