,name, x, y, z
0,arm,66.09629821777344,204.64256286621094,0
1,body,165.6761016845703,146.7029571533203,0
2,body_back,225.3611602783203,147.939453125,0
3,bucket,67.11710357666016,155.28018188476562,0
4,bucket_tip,85.6246566772461,126.97920989990234,0
5,springhinge_arm,55.75576400756836,221.85902404785156,0
6,springhinge_boom,120.00469970703125,198.97073364257812,0
