,name, x, y, z
0,arm,66.13519287109375,205.07269287109375,0
1,body,165.7541046142578,146.72329711914062,0
2,body_back,225.2928924560547,147.93588256835938,0
3,bucket,67.24201965332031,155.52195739746094,0
4,bucket_tip,85.74492645263672,126.97199249267578,0
5,springhinge_arm,55.74814987182617,222.30526733398438,0
6,springhinge_boom,120.05050659179688,199.1847686767578,0
