,name, x, y, z
0,arm,88.97005462646484,203.27401733398438,0
1,body,172.0244598388672,130.65966796875,0
2,body_back,225.57899475097656,129.0591278076172,0
3,bucket,80.9358901977539,150.09097290039062,0
4,bucket_tip,72.10487365722656,127.49014282226562,0
5,springhinge_arm,82.06412506103516,223.7724609375,0
6,springhinge_boom,133.7480926513672,189.2827606201172,0
