,name, x, y, z
0,arm,66.1819839477539,205.55322265625,0
1,body,165.83465576171875,146.72816467285156,0
2,body_back,225.21371459960938,147.93240356445312,0
3,bucket,67.32469177246094,155.77818298339844,0
4,bucket_tip,85.82598114013672,126.96724700927734,0
5,springhinge_arm,55.784786224365234,222.7991180419922,0
6,springhinge_boom,120.1058120727539,199.4217071533203,0
