,name, x, y, z
0,arm,66.23764038085938,206.0875244140625,0
1,body,165.92745971679688,146.71450805664062,0
2,body_back,225.12353515625,147.94305419921875,0
3,bucket,67.3845443725586,156.04920959472656,0
4,bucket_tip,85.886474609375,126.97804260253906,0
5,springhinge_arm,55.846778869628906,223.34182739257812,0
6,springhinge_boom,120.16650390625,199.6820526123047,0
