,name, x, y, z
0,arm,66.29847717285156,206.6766815185547,0
1,body,166.04063415527344,146.6818084716797,0
2,body_back,225.024169921875,147.97958374023438,0
3,bucket,67.44298553466797,156.3323211669922,0
4,bucket_tip,85.94674682617188,127.01546478271484,0
5,springhinge_arm,55.913475036621094,223.92649841308594,0
6,springhinge_boom,120.22821044921875,199.96238708496094,0
