,name, x, y, z
0,arm,66.3611831665039,207.3130645751953,0
1,body,166.1717071533203,146.6324005126953,0
2,body_back,224.91775512695312,148.03883361816406,0
3,bucket,67.4995346069336,156.62437438964844,0
4,bucket_tip,86.00603485107422,127.07709503173828,0
5,springhinge_arm,55.986934661865234,224.5443115234375,0
6,springhinge_boom,120.29137420654297,200.258544921875,0
