,name, x, y, z
0,arm,66.42716979980469,207.98690795898438,0
1,body,166.31829833984375,146.5685272216797,0
2,body_back,224.80653381347656,148.1175079345703,0
3,bucket,67.55376434326172,156.92193603515625,0
4,bucket_tip,86.06367492675781,127.16038513183594,0
5,springhinge_arm,56.06936264038086,225.1863250732422,0
6,springhinge_boom,120.35658264160156,200.56625366210938,0
