,name, x, y, z
0,arm,66.4978256225586,208.68829345703125,0
1,body,166.47801208496094,146.49246215820312,0
2,body_back,224.69268798828125,148.21241760253906,0
3,bucket,67.60517120361328,157.22177124023438,0
4,bucket_tip,86.11898040771484,127.26282501220703,0
5,springhinge_arm,56.16288375854492,225.8437042236328,0
6,springhinge_boom,120.42436218261719,200.8812255859375,0
