,name, x, y, z
0,arm,66.57456970214844,209.40745544433594,0
1,body,166.64837646484375,146.406494140625,0
2,body_back,224.5784149169922,148.3202667236328,0
3,bucket,67.65325927734375,157.52056884765625,0
4,bucket_tip,86.17119598388672,127.3819351196289,0
5,springhinge_arm,56.269596099853516,226.5076141357422,0
6,springhinge_boom,120.49516296386719,201.19923400878906,0
