,name, x, y, z
0,arm,66.65877532958984,210.134521484375,0
1,body,166.8270263671875,146.3129119873047,0
2,body_back,224.4658966064453,148.43788146972656,0
3,bucket,67.69759368896484,157.81500244140625,0
4,bucket_tip,86.21965789794922,127.51519775390625,0
5,springhinge_arm,56.39168930053711,227.16915893554688,0
6,springhinge_boom,120.56958770751953,201.5159912109375,0
