,name, x, y, z
0,arm,66.75189208984375,210.8596954345703,0
1,body,167.0115509033203,146.2139892578125,0
2,body_back,224.35739135742188,148.56199645996094,0
3,bucket,67.73770141601562,158.10179138183594,0
4,bucket_tip,86.26365661621094,127.66011047363281,0
5,springhinge_arm,56.53129577636719,227.8194580078125,0
6,springhinge_boom,120.64811706542969,201.8273468017578,0
