,name, x, y, z
0,arm,66.85528564453125,211.5731658935547,0
1,body,167.19947814941406,146.1119842529297,0
2,body_back,224.2550048828125,148.6893768310547,0
3,bucket,67.77308654785156,158.37759399414062,0
4,bucket_tip,86.30245971679688,127.81417083740234,0
5,springhinge_arm,56.69049072265625,228.4496612548828,0
6,springhinge_boom,120.73126220703125,202.12892150878906,0
