,name, x, y, z
0,arm,89.3022689819336,203.02223205566406,0
1,body,172.30978393554688,130.46800231933594,0
2,body_back,225.7150115966797,128.99534606933594,0
3,bucket,80.6043930053711,149.94821166992188,0
4,bucket_tip,71.89872741699219,127.5213623046875,0
5,springhinge_arm,82.66112518310547,223.199462890625,0
6,springhinge_boom,133.86756896972656,189.05587768554688,0
