,name, x, y, z
0,arm,66.97035217285156,212.2650146484375,0
1,body,167.388427734375,146.0092010498047,0
2,body_back,224.16099548339844,148.81678771972656,0
3,bucket,67.80326843261719,158.63916015625,0
4,bucket_tip,86.33536529541016,127.97486877441406,0
5,springhinge_arm,56.87151336669922,229.05087280273438,0
6,springhinge_boom,120.819580078125,202.41653442382812,0
