,name, x, y, z
0,arm,67.09854888916016,212.92552185058594,0
1,body,167.57601928710938,145.90792846679688,0
2,body_back,224.0775604248047,148.94102478027344,0
3,bucket,67.82779693603516,158.88316345214844,0
4,bucket_tip,86.36170196533203,128.1397247314453,0
5,springhinge_arm,57.07643127441406,229.6142578125,0
6,springhinge_boom,120.91355895996094,202.68588256835938,0
