,name, x, y, z
0,arm,67.2412338256836,213.54481506347656,0
1,body,167.759765625,145.81044006347656,0
2,body_back,224.0068817138672,149.058837890625,0
3,bucket,67.84619903564453,159.10630798339844,0
4,bucket_tip,86.38076782226562,128.3062286376953,0
5,springhinge_arm,57.30741882324219,230.13096618652344,0
6,springhinge_boom,121.01374053955078,202.93280029296875,0
