,name, x, y, z
0,arm,67.39983367919922,214.11305236816406,0
1,body,167.9373321533203,145.71896362304688,0
2,body_back,223.95114135742188,149.1669464111328,0
3,bucket,67.85797882080078,159.30526733398438,0
4,bucket_tip,86.39181518554688,128.47183227539062,0
5,springhinge_arm,57.566566467285156,230.59205627441406,0
6,springhinge_boom,121.12063598632812,203.1529541015625,0
