,name, x, y, z
0,arm,67.57573699951172,214.6204071044922,0
1,body,168.10623168945312,145.63584899902344,0
2,body_back,223.91258239746094,149.26217651367188,0
3,bucket,67.8626708984375,159.4767608642578,0
4,bucket_tip,86.3941421508789,128.63409423828125,0
5,springhinge_arm,57.856075286865234,230.9887237548828,0
6,springhinge_boom,121.23477172851562,203.34213256835938,0
