,name, x, y, z
0,arm,67.77037811279297,215.0570526123047,0
1,body,168.2640838623047,145.5633544921875,0
2,body_back,223.89337158203125,149.34129333496094,0
3,bucket,67.85980987548828,159.6175079345703,0
4,bucket_tip,86.3870849609375,128.7904815673828,0
5,springhinge_arm,58.17803955078125,231.31207275390625,0
6,springhinge_boom,121.35668182373047,203.49607849121094,0
