,name, x, y, z
0,arm,67.98512268066406,215.41317749023438,0
1,body,168.4084930419922,145.50372314453125,0
2,body_back,223.8957061767578,149.4010009765625,0
3,bucket,67.84892272949219,159.72413635253906,0
4,bucket_tip,86.36991882324219,128.93850708007812,0
5,springhinge_arm,58.534610748291016,231.55325317382812,0
6,springhinge_boom,121.48685455322266,203.6105194091797,0
