,name, x, y, z
0,arm,68.22139739990234,215.67893981933594,0
1,body,168.53700256347656,145.4592742919922,0
2,body_back,223.92178344726562,149.4381103515625,0
3,bucket,67.82951354980469,159.79339599609375,0
4,bucket_tip,86.3419418334961,129.07562255859375,0
5,springhinge_arm,58.92793655395508,231.70335388183594,0
6,springhinge_boom,121.6258316040039,203.6811981201172,0
