,name, x, y, z
0,arm,68.4806137084961,215.8445281982422,0
1,body,168.64723205566406,145.4322509765625,0
2,body_back,223.9738311767578,149.44937133789062,0
3,bucket,67.80113220214844,159.8219757080078,0
4,bucket_tip,86.30244445800781,129.19935607910156,0
5,springhinge_arm,59.36016082763672,231.75352478027344,0
6,springhinge_boom,121.77416229248047,203.703857421875,0
