,name, x, y, z
0,arm,62.924774169921875,201.07896423339844,0
1,body,159.27127075195312,143.47132873535156,0
2,body_back,216.22059631347656,143.0583953857422,0
3,bucket,85.75341033935547,158.43748474121094,0
4,bucket_tip,97.73017883300781,127.75961303710938,0
5,springhinge_arm,47.57114028930664,211.57691955566406,0
6,springhinge_boom,117.10421752929688,195.35203552246094,0
