,name, x, y, z
0,arm,89.61170196533203,202.6722869873047,0
1,body,172.49649047851562,130.38246154785156,0
2,body_back,225.85159301757812,128.9582061767578,0
3,bucket,80.12495422363281,149.76560974121094,0
4,bucket_tip,71.56707000732422,127.51780700683594,0
5,springhinge_arm,83.18846130371094,222.49334716796875,0
6,springhinge_boom,133.9898681640625,188.85667419433594,0
