,name, x, y, z
0,arm,69.41670989990234,215.82887268066406,0
1,body,168.93817138671875,145.38851928710938,0
2,body_back,224.21429443359375,149.3122100830078,0
3,bucket,67.65726470947266,159.84071350097656,0
4,bucket_tip,85.85843658447266,129.48165893554688,0
5,springhinge_arm,60.884944915771484,231.69293212890625,0
6,springhinge_boom,122.32373046875,203.6060333251953,0
