,name, x, y, z
0,arm,69.78404235839844,215.74610900878906,0
1,body,169.0309600830078,145.3774871826172,0
2,body_back,224.311767578125,149.21339416503906,0
3,bucket,67.5881118774414,159.8458251953125,0
4,bucket_tip,85.58080291748047,129.54933166503906,0
5,springhinge_arm,61.45771789550781,231.6494903564453,0
6,springhinge_boom,122.54241943359375,203.53543090820312,0
