,name, x, y, z
0,arm,70.17501831054688,215.6337432861328,0
1,body,169.1217498779297,145.3679962158203,0
2,body_back,224.4167022705078,149.0906219482422,0
3,bucket,67.5075454711914,159.85043334960938,0
4,bucket_tip,85.24271392822266,129.60568237304688,0
5,springhinge_arm,62.05648422241211,231.5944061279297,0
6,springhinge_boom,122.77598571777344,203.44692993164062,0
