,name, x, y, z
0,arm,70.5869140625,215.4932861328125,0
1,body,169.21063232421875,145.35992431640625,0
2,body_back,224.52835083007812,148.9455108642578,0
3,bucket,67.41507720947266,159.8545379638672,0
4,bucket_tip,84.84683227539062,129.65187072753906,0
5,springhinge_arm,62.677494049072266,231.52767944335938,0
6,springhinge_boom,123.0227279663086,203.34127807617188,0
