,name, x, y, z
0,arm,71.01697540283203,215.32611083984375,0
1,body,169.29766845703125,145.35313415527344,0
2,body_back,224.64602661132812,148.77963256835938,0
3,bucket,67.31019592285156,159.85818481445312,0
4,bucket_tip,84.39578247070312,129.6890411376953,0
5,springhinge_arm,63.316993713378906,231.44937133789062,0
6,springhinge_boom,123.28092956542969,203.21913146972656,0
