,name, x, y, z
0,arm,71.46243286132812,215.13360595703125,0
1,body,169.3828582763672,145.3474578857422,0
2,body_back,224.76895141601562,148.59451293945312,0
3,bucket,67.19243621826172,159.8614044189453,0
4,bucket_tip,83.89214324951172,129.7183074951172,0
5,springhinge_arm,63.971195220947266,231.3594207763672,0
6,springhinge_boom,123.5488510131836,203.08116149902344,0
