,name, x, y, z
0,arm,72.38843536376953,214.67837524414062,0
1,body,169.54812622070312,145.33895874023438,0
2,body_back,225.0277862548828,148.17303466796875,0
3,bucket,66.91620635986328,159.86659240722656,0
4,bucket_tip,82.73773956298828,129.75778198242188,0
5,springhinge_arm,65.30873107910156,231.14476013183594,0
6,springhinge_boom,124.10700225830078,202.7605743408203,0
