,name, x, y, z
0,arm,72.8635025024414,214.41847229003906,0
1,body,169.62832641601562,145.33584594726562,0
2,body_back,225.16224670410156,147.93980407714844,0
3,bucket,66.75679016113281,159.86862182617188,0
4,bucket_tip,82.09222412109375,129.770263671875,0
5,springhinge_arm,65.98453521728516,231.02001953125,0
6,springhinge_boom,124.39382934570312,202.57928466796875,0
