,name, x, y, z
0,arm,89.89676666259766,202.20333862304688,0
1,body,172.3624267578125,130.63916015625,0
2,body_back,225.88377380371094,128.98097229003906,0
3,bucket,79.40312957763672,149.54486083984375,0
4,bucket_tip,70.47407531738281,127.3078842163086,0
5,springhinge_arm,83.64236450195312,221.6710662841797,0
6,springhinge_boom,134.1160430908203,188.69032287597656,0
