,name, x, y, z
0,arm,73.34290313720703,214.1389617919922,0
1,body,169.7069854736328,145.3333282470703,0
2,body_back,225.29908752441406,147.69369506835938,0
3,bucket,66.58250427246094,159.87034606933594,0
4,bucket_tip,81.40467071533203,129.7794647216797,0
5,springhinge_arm,66.66004180908203,230.8837127685547,0
6,springhinge_boom,124.68350982666016,202.38499450683594,0
