,name, x, y, z
0,arm,74.30371856689453,213.5267333984375,0
1,body,169.85992431640625,145.32943725585938,0
2,body_back,225.5771484375,147.1690216064453,0
3,bucket,66.18742370605469,159.87283325195312,0
4,bucket_tip,79.91397094726562,129.79246520996094,0
5,springhinge_arm,67.99513244628906,230.57630920410156,0
6,springhinge_boom,125.2646255493164,201.95989990234375,0
