,name, x, y, z
0,arm,74.77959442138672,213.19683837890625,0
1,body,169.93431091308594,145.32781982421875,0
2,body_back,225.7168426513672,146.8936767578125,0
3,bucket,65.96560668945312,159.87368774414062,0
4,bucket_tip,79.11605834960938,129.798583984375,0
5,springhinge_arm,68.64714050292969,230.40525817871094,0
6,springhinge_boom,125.5525894165039,201.73048400878906,0
