,name, x, y, z
0,arm,75.2487564086914,212.85299682617188,0
1,body,170.00741577148438,145.32623291015625,0
2,body_back,225.8560791015625,146.6117401123047,0
3,bucket,65.72698211669922,159.8743133544922,0
4,bucket_tip,78.28662109375,129.8059844970703,0
5,springhinge_arm,69.28382873535156,230.22267150878906,0
6,springhinge_boom,125.83655548095703,201.4907989501953,0
