,name, x, y, z
0,arm,75.70848083496094,212.49667358398438,0
1,body,170.07931518554688,145.32452392578125,0
2,body_back,225.99407958984375,146.3247833251953,0
3,bucket,65.47103118896484,159.8747100830078,0
4,bucket_tip,77.42829895019531,129.81578063964844,0
5,springhinge_arm,69.90143585205078,230.02845764160156,0
6,springhinge_boom,126.11483001708984,201.241455078125,0
