,name, x, y, z
0,arm,76.15602111816406,212.12918090820312,0
1,body,170.15003967285156,145.32254028320312,0
2,body_back,226.13018798828125,146.0343780517578,0
3,bucket,65.1972885131836,159.87493896484375,0
4,bucket_tip,76.5437240600586,129.82911682128906,0
5,springhinge_arm,70.49616241455078,229.8227081298828,0
6,springhinge_boom,126.38565063476562,200.98313903808594,0
