,name, x, y, z
0,arm,76.58853912353516,211.7519989013672,0
1,body,170.21969604492188,145.3201904296875,0
2,body_back,226.26361083984375,145.7421112060547,0
3,bucket,64.9052505493164,159.87501525878906,0
4,bucket_tip,75.63551330566406,129.84715270996094,0
5,springhinge_arm,71.0643081665039,229.60543823242188,0
6,springhinge_boom,126.6473388671875,200.71661376953125,0
