,name, x, y, z
0,arm,77.00334930419922,211.36659240722656,0
1,body,170.2882843017578,145.3173065185547,0
2,body_back,226.39364624023438,145.44956970214844,0
3,bucket,64.59439086914062,159.8749542236328,0
4,bucket_tip,74.70626068115234,129.8710479736328,0
5,springhinge_arm,71.60206604003906,229.3765869140625,0
6,springhinge_boom,126.89811706542969,200.4424591064453,0
