,name, x, y, z
0,arm,77.39764404296875,210.9742889404297,0
1,body,170.35592651367188,145.31378173828125,0
2,body_back,226.51959228515625,145.15834045410156,0
3,bucket,64.26423645019531,159.87478637695312,0
4,bucket_tip,73.75863647460938,129.90191650390625,0
5,springhinge_arm,72.1056900024414,229.13623046875,0
6,springhinge_boom,127.13633728027344,200.16143798828125,0
