,name, x, y, z
0,arm,90.15789031982422,201.6205291748047,0
1,body,171.91433715820312,131.2506866455078,0
2,body_back,225.79051208496094,129.05870056152344,0
3,bucket,78.49995422363281,149.32412719726562,0
4,bucket_tip,68.4569091796875,126.8738784790039,0
5,springhinge_arm,84.04412078857422,220.8717803955078,0
6,springhinge_boom,134.24716186523438,188.5620574951172,0
