,name, x, y, z
0,arm,78.11370086669922,210.17478942871094,0
1,body,170.488525390625,145.3041229248047,0
2,body_back,226.7563018798828,144.5860137939453,0
3,bucket,63.54416275024414,159.87428283691406,0
4,bucket_tip,71.81875610351562,129.9891815185547,0
5,springhinge_arm,72.99552917480469,228.6208953857422,0
6,springhinge_boom,127.5681381225586,199.58151245117188,0
