,name, x, y, z
0,arm,78.42996978759766,209.77047729492188,0
1,body,170.55364990234375,145.29774475097656,0
2,body_back,226.86563110351562,144.30810546875,0
3,bucket,63.15322494506836,159.8739471435547,0
4,bucket_tip,70.83175659179688,130.04786682128906,0
5,springhinge_arm,73.37423706054688,228.34593200683594,0
6,springhinge_boom,127.75829315185547,199.283935546875,0
