,name, x, y, z
0,arm,78.71463775634766,209.3649444580078,0
1,body,170.6180419921875,145.29013061523438,0
2,body_back,226.9679412841797,144.03778076171875,0
3,bucket,62.74102783203125,159.87364196777344,0
4,bucket_tip,69.83689880371094,130.11810302734375,0
5,springhinge_arm,73.70377349853516,228.05946350097656,0
6,springhinge_boom,127.92899322509766,198.9822235107422,0
