,name, x, y, z
0,arm,78.96504211425781,208.9596710205078,0
1,body,170.68179321289062,145.2811737060547,0
2,body_back,227.06259155273438,143.77664184570312,0
3,bucket,62.3071174621582,159.8733367919922,0
4,bucket_tip,68.83679962158203,130.2010498046875,0
5,springhinge_arm,73.98040771484375,227.761474609375,0
6,springhinge_boom,128.07852172851562,198.6770477294922,0
