,name, x, y, z
0,arm,79.1783676147461,208.55601501464844,0
1,body,170.74497985839844,145.2707061767578,0
2,body_back,227.1487579345703,143.52622985839844,0
3,bucket,61.850955963134766,159.8730926513672,0
4,bucket_tip,67.8340835571289,130.2978057861328,0
5,springhinge_arm,74.20034790039062,227.45193481445312,0
6,springhinge_boom,128.20516967773438,198.3690948486328,0
