,name, x, y, z
0,arm,79.35186767578125,208.15548706054688,0
1,body,170.80763244628906,145.25865173339844,0
2,body_back,227.22581481933594,143.28819274902344,0
3,bucket,61.372093200683594,159.87294006347656,0
4,bucket_tip,66.8313980102539,130.40960693359375,0
5,springhinge_arm,74.35987854003906,227.13095092773438,0
6,springhinge_boom,128.3072052001953,198.05905151367188,0
