,name, x, y, z
0,arm,79.4827880859375,207.7594451904297,0
1,body,170.86981201171875,145.24478149414062,0
2,body_back,227.29295349121094,143.0640411376953,0
3,bucket,60.86996841430664,159.8728790283203,0
4,bucket_tip,65.83134460449219,130.53750610351562,0
5,springhinge_arm,74.45519256591797,226.7984619140625,0
6,springhinge_boom,128.38291931152344,197.7476348876953,0
