,name, x, y, z
0,arm,79.56836700439453,207.3693084716797,0
1,body,170.92648315429688,145.2181854248047,0
2,body_back,227.34060668945312,142.85574340820312,0
3,bucket,60.34519577026367,159.8541717529297,0
4,bucket_tip,64.836669921875,130.6828155517578,0
5,springhinge_arm,74.5089340209961,226.45542907714844,0
6,springhinge_boom,128.43814086914062,197.4364471435547,0
