,name, x, y, z
0,arm,90.40345764160156,201.03358459472656,0
1,body,171.46705627441406,131.91165161132812,0
2,body_back,225.69776916503906,129.1374053955078,0
3,bucket,77.62371063232422,149.15060424804688,0
4,bucket_tip,66.19960021972656,126.44071197509766,0
5,springhinge_arm,84.42127227783203,220.26528930664062,0
6,springhinge_boom,134.38426208496094,188.47715759277344,0
