,name, x, y, z
0,arm,79.56251525878906,206.24896240234375,0
1,body,171.06114196777344,145.0216827392578,0
2,body_back,227.3551025390625,142.3286590576172,0
3,bucket,58.68577194213867,159.61094665527344,0
4,bucket_tip,61.916236877441406,131.20668029785156,0
5,springhinge_arm,74.61280822753906,225.38096618652344,0
6,springhinge_boom,128.5430908203125,196.52911376953125,0
