,name, x, y, z
0,arm,79.49478149414062,205.8932647705078,0
1,body,171.10601806640625,144.92767333984375,0
2,body_back,227.33522033691406,142.1842803955078,0
3,bucket,58.123313903808594,159.48321533203125,0
4,bucket_tip,60.974609375,131.4025115966797,0
5,springhinge_arm,74.64561462402344,225.01266479492188,0
6,springhinge_boom,128.56625366210938,196.24269104003906,0
