,name, x, y, z
0,arm,79.4062728881836,205.54653930664062,0
1,body,171.15675354003906,144.8245086669922,0
2,body_back,227.31199645996094,142.0548553466797,0
3,bucket,57.565704345703125,159.3399200439453,0
4,bucket_tip,60.054237365722656,131.60482788085938,0
5,springhinge_arm,74.68614196777344,224.64170837402344,0
6,springhinge_boom,128.5876922607422,195.96788024902344,0
