,name, x, y, z
0,arm,79.30432891845703,205.2087860107422,0
1,body,171.2168731689453,144.71542358398438,0
2,body_back,227.29090881347656,141.94012451171875,0
3,bucket,57.018646240234375,159.18582153320312,0
4,bucket_tip,59.15828323364258,131.81124877929688,0
5,springhinge_arm,74.73957824707031,224.2696075439453,0
6,springhinge_boom,128.6099395751953,195.70689392089844,0
