,name, x, y, z
0,arm,79.19618225097656,204.8800811767578,0
1,body,171.28993225097656,144.60340881347656,0
2,body_back,227.27735900878906,141.83956909179688,0
3,bucket,56.48789978027344,159.02557373046875,0
4,bucket_tip,58.28994369506836,132.01925659179688,0
5,springhinge_arm,74.81114959716797,223.8978729248047,0
6,springhinge_boom,128.6355438232422,195.46189880371094,0
