,name, x, y, z
0,arm,79.08917236328125,204.5604248046875,0
1,body,171.37948608398438,144.4916534423828,0
2,body_back,227.27679443359375,141.75291442871094,0
3,bucket,55.97913360595703,158.86392211914062,0
4,bucket_tip,57.45245361328125,132.2265167236328,0
5,springhinge_arm,74.90602111816406,223.5279541015625,0
6,springhinge_boom,128.66702270507812,195.23509216308594,0
