,name, x, y, z
0,arm,78.99058532714844,204.24990844726562,0
1,body,171.489013671875,144.38323974609375,0
2,body_back,227.2946319580078,141.6796875,0
3,bucket,55.49808883666992,158.70550537109375,0
4,bucket_tip,56.648983001708984,132.43048095703125,0
5,springhinge_arm,75.0293960571289,223.16136169433594,0
6,springhinge_boom,128.7069091796875,195.02862548828125,0
