,name, x, y, z
0,arm,78.90768432617188,203.94851684570312,0
1,body,171.62205505371094,144.28125,0
2,body_back,227.33631896972656,141.61956787109375,0
3,bucket,55.050453186035156,158.5550537109375,0
4,bucket_tip,55.88271713256836,132.62876892089844,0
5,springhinge_arm,75.18644714355469,222.799560546875,0
6,springhinge_boom,128.75770568847656,194.84466552734375,0
