,name, x, y, z
0,arm,90.64397430419922,200.57833862304688,0
1,body,171.3355712890625,132.3164825439453,0
2,body_back,225.73150634765625,129.16314697265625,0
3,bucket,76.98289489746094,149.07167053222656,0
4,bucket_tip,64.3866958618164,126.23350524902344,0
5,springhinge_arm,84.80139923095703,220.0216064453125,0
6,springhinge_boom,134.5283660888672,188.44090270996094,0
