,name, x, y, z
0,arm,78.818115234375,203.3733673095703,0
1,body,171.97288513183594,144.10903930664062,0
2,body_back,227.51292419433594,141.53700256347656,0
3,bucket,54.27832794189453,158.29678344726562,0
4,bucket_tip,54.47459030151367,132.99851989746094,0
5,springhinge_arm,75.62235260009766,222.09625244140625,0
6,springhinge_boom,128.90219116210938,194.55308532714844,0
