,name, x, y, z
0,arm,78.82606506347656,203.0996856689453,0
1,body,172.1977081298828,144.04502868652344,0
2,body_back,227.65870666503906,141.5137939453125,0
3,bucket,53.96525955200195,158.19837951660156,0
4,bucket_tip,53.83912658691406,133.1650848388672,0
5,springhinge_arm,75.91159057617188,221.7577362060547,0
6,springhinge_boom,129.0009307861328,194.44979858398438,0
