,name, x, y, z
0,arm,78.87886047363281,202.83529663085938,0
1,body,172.46018981933594,143.99989318847656,0
2,body_back,227.85006713867188,141.50213623046875,0
3,bucket,53.708457946777344,158.12669372558594,0
4,bucket_tip,53.253639221191406,133.31617736816406,0
5,springhinge_arm,76.25527954101562,221.42991638183594,0
6,springhinge_boom,129.12071228027344,194.37774658203125,0
