,name, x, y, z
0,arm,78.98381805419922,202.5802764892578,0
1,body,172.76382446289062,143.9767303466797,0
2,body_back,228.09239196777344,141.50161743164062,0
3,bucket,53.51361846923828,158.08645629882812,0
4,bucket_tip,52.72132110595703,133.4493865966797,0
5,springhinge_arm,76.65856170654297,221.1143341064453,0
6,springhinge_boom,129.26400756835938,194.33914184570312,0
