,name, x, y, z
0,arm,79.14818572998047,202.33465576171875,0
1,body,173.11219787597656,143.9786834716797,0
2,body_back,228.39112854003906,141.51187133789062,0
3,bucket,53.38650894165039,158.08233642578125,0
4,bucket_tip,52.24539566040039,133.56222534179688,0
5,springhinge_arm,77.12667846679688,220.81243896484375,0
6,springhinge_boom,129.43341064453125,194.3361053466797,0
