,name, x, y, z
0,arm,79.37931060791016,202.0984344482422,0
1,body,173.5074462890625,144.0,0
2,body_back,228.74981689453125,141.548095703125,0
3,bucket,53.33051681518555,158.1095428466797,0
4,bucket_tip,51.82724380493164,133.6537322998047,0
5,springhinge_arm,77.65425109863281,220.52537536621094,0
6,springhinge_boom,129.6309356689453,194.3814697265625,0
