,name, x, y, z
0,arm,80.0514907836914,201.654541015625,0
1,body,174.42372131347656,144.0749053955078,0
2,body_back,229.6282196044922,141.73255920410156,0
3,bucket,53.40604019165039,158.23171997070312,0
4,bucket_tip,51.13911437988281,133.7928009033203,0
5,springhinge_arm,78.846923828125,219.99412536621094,0
6,springhinge_boom,130.11007690429688,194.62591552734375,0
