,name, x, y, z
0,arm,80.48049926757812,201.447021484375,0
1,body,174.9353485107422,144.1266632080078,0
2,body_back,230.1356964111328,141.87258911132812,0
3,bucket,53.52125549316406,158.3251495361328,0
4,bucket_tip,50.8538932800293,133.85263061523438,0
5,springhinge_arm,79.5025405883789,219.74867248535156,0
6,springhinge_boom,130.3908233642578,194.8080291748047,0
