,name, x, y, z
0,arm,80.9617691040039,201.2491455078125,0
1,body,175.47630310058594,144.18679809570312,0
2,body_back,230.6804962158203,142.0389862060547,0
3,bucket,53.67720031738281,158.4390869140625,0
4,bucket_tip,50.597782135009766,133.9141387939453,0
5,springhinge_arm,80.19135284423828,219.51580810546875,0
6,springhinge_boom,130.698486328125,195.018798828125,0
