,name, x, y, z
0,arm,81.48805236816406,201.0610809326172,0
1,body,176.0418701171875,144.25436401367188,0
2,body_back,231.2565460205078,142.22769165039062,0
3,bucket,53.86573028564453,158.57276916503906,0
4,bucket_tip,50.363155364990234,133.9834747314453,0
5,springhinge_arm,80.90856170654297,219.29486083984375,0
6,springhinge_boom,131.03260803222656,195.2497100830078,0
