,name, x, y, z
0,arm,82.64669799804688,200.7146453857422,0
1,body,177.22796630859375,144.408203125,0
2,body_back,232.4777374267578,142.6554412841797,0
3,bucket,54.307762145996094,158.89617919921875,0
4,bucket_tip,49.92772674560547,134.16990661621094,0
5,springhinge_arm,82.40927124023438,218.88601684570312,0
6,springhinge_boom,131.7784881591797,195.73809814453125,0
