,name, x, y, z
0,arm,83.2645492553711,200.55642700195312,0
1,body,177.8390655517578,144.49269104003906,0
2,body_back,233.1106414794922,142.8863067626953,0
3,bucket,54.544979095458984,159.08436584472656,0
4,bucket_tip,49.71172332763672,134.29930114746094,0
5,springhinge_arm,83.18325805664062,218.69688415527344,0
6,springhinge_boom,132.1893768310547,195.97862243652344,0
