,name, x, y, z
0,arm,83.8984146118164,200.4082794189453,0
1,body,178.4558563232422,144.58102416992188,0
2,body_back,233.7502899169922,143.12303161621094,0
3,bucket,54.782039642333984,159.28916931152344,0
4,bucket_tip,49.48668670654297,134.46095275878906,0
5,springhinge_arm,83.96665954589844,218.51707458496094,0
6,springhinge_boom,132.62503051757812,196.20541381835938,0
