,name, x, y, z
0,arm,84.54105377197266,200.27029418945312,0
1,body,179.0736846923828,144.67227172851562,0
2,body_back,234.39051818847656,143.36146545410156,0
3,bucket,55.010868072509766,159.50979614257812,0
4,bucket_tip,49.24504470825195,134.6609649658203,0
5,springhinge_arm,84.7547607421875,218.3458709716797,0
6,springhinge_boom,133.08502197265625,196.4099578857422,0
