,name, x, y, z
0,arm,86.4491195678711,199.91819763183594,0
1,body,180.88583374023438,144.95468139648438,0
2,body_back,236.2533721923828,144.04620361328125,0
3,bucket,55.565879821777344,160.25881958007812,0
4,bucket_tip,48.34394454956055,135.55247497558594,0
5,springhinge_arm,87.09943389892578,217.87774658203125,0
6,springhinge_boom,134.6064910888672,196.80551147460938,0
