,name, x, y, z
0,arm,87.05438232421875,199.82171630859375,0
1,body,181.4603729248047,145.0486602783203,0
2,body_back,236.83465576171875,144.25051879882812,0
3,bucket,55.67985153198242,160.53492736816406,0
4,bucket_tip,47.95947265625,135.96714782714844,0
5,springhinge_arm,87.85863494873047,217.73463439941406,0
6,springhinge_boom,135.159423828125,196.83639526367188,0
