,name, x, y, z
0,arm,91.1495132446289,200.4285430908203,0
1,body,171.63697814941406,132.62464904785156,0
2,body_back,226.1269989013672,129.12765502929688,0
3,bucket,76.23181915283203,149.4517364501953,0
4,bucket_tip,62.011234283447266,126.64776611328125,0
5,springhinge_arm,85.63715362548828,220.19895935058594,0
6,springhinge_boom,134.9409942626953,188.55067443847656,0
