,name, x, y, z
0,arm,87.63211059570312,199.7357940673828,0
1,body,182.01324462890625,145.1387939453125,0
2,body_back,237.3872528076172,144.4343719482422,0
3,bucket,55.74724197387695,160.81985473632812,0
4,bucket_tip,47.522727966308594,136.4542236328125,0
5,springhinge_arm,88.60948944091797,217.5934295654297,0
6,springhinge_boom,135.73377990722656,196.82252502441406,0
