,name, x, y, z
0,arm,88.69075012207031,199.5768280029297,0
1,body,183.05552673339844,145.30213928222656,0
2,body_back,238.4110107421875,144.73574829101562,0
3,bucket,55.76340866088867,161.39443969726562,0
4,bucket_tip,46.51409149169922,137.61248779296875,0
5,springhinge_arm,90.11183166503906,217.28717041015625,0
6,springhinge_boom,136.93045043945312,196.7122802734375,0
