,name, x, y, z
0,arm,89.1771011352539,199.48936462402344,0
1,body,183.5470733642578,145.37710571289062,0
2,body_back,238.88644409179688,144.85614013671875,0
3,bucket,55.72651672363281,161.67642211914062,0
4,bucket_tip,45.956695556640625,138.25070190429688,0
5,springhinge_arm,90.86206817626953,217.10995483398438,0
6,springhinge_boom,137.5434112548828,196.6162872314453,0
