,name, x, y, z
0,arm,89.6396713256836,199.3880615234375,0
1,body,184.02035522460938,145.4487762451172,0
2,body_back,239.34048461914062,144.958251953125,0
3,bucket,55.66921615600586,161.94976806640625,0
4,bucket_tip,45.373592376708984,138.90634155273438,0
5,springhinge_arm,91.61087036132812,216.9086151123047,0
6,springhinge_boom,138.159912109375,196.4933319091797,0
