,name, x, y, z
0,arm,90.0821304321289,199.26651000976562,0
1,body,184.47642517089844,145.51803588867188,0
2,body_back,239.7752685546875,145.0435028076172,0
3,bucket,55.59870910644531,162.2106170654297,0
4,bucket_tip,44.77201843261719,139.56292724609375,0
5,springhinge_arm,92.35758209228516,216.6770477294922,0
6,springhinge_boom,138.7753143310547,196.34359741210938,0
