,name, x, y, z
0,arm,90.50810241699219,199.11822509765625,0
1,body,184.9164276123047,145.58572387695312,0
2,body_back,240.1929931640625,145.1133575439453,0
3,bucket,55.52214813232422,162.45513916015625,0
4,bucket_tip,44.15929412841797,140.20399475097656,0
5,springhinge_arm,93.10162353515625,216.40914916992188,0
6,springhinge_boom,139.3849334716797,196.16729736328125,0
