,name, x, y, z
0,arm,90.9212646484375,198.9368438720703,0
1,body,185.34140014648438,145.65277099609375,0
2,body_back,240.59580993652344,145.1692657470703,0
3,bucket,55.44670486450195,162.67953491210938,0
4,bucket_tip,43.54264450073242,140.8130340576172,0
5,springhinge_arm,93.84236145019531,216.09890747070312,0
6,springhinge_boom,139.98416137695312,195.96466064453125,0
