,name, x, y, z
0,arm,91.32524108886719,198.7158660888672,0
1,body,185.75245666503906,145.71998596191406,0
2,body_back,240.98585510253906,145.21258544921875,0
3,bucket,55.379615783691406,162.87989807128906,0
4,bucket_tip,42.92934036254883,141.3735809326172,0
5,springhinge_arm,94.57919311523438,215.7401580810547,0
6,springhinge_boom,140.56829833984375,195.73582458496094,0
