,name, x, y, z
0,arm,91.72372436523438,198.44895935058594,0
1,body,186.1507110595703,145.7882843017578,0
2,body_back,241.36534118652344,145.24484252929688,0
3,bucket,55.32802963256836,163.0524444580078,0
4,bucket_tip,42.326656341552734,141.8691864013672,0
5,springhinge_arm,95.3115234375,215.326904296875,0
6,springhinge_boom,141.1327362060547,195.48104858398438,0
