,name, x, y, z
0,arm,91.42247772216797,200.55384826660156,0
1,body,171.81297302246094,132.74951171875,0
2,body_back,226.40316772460938,129.11143493652344,0
3,bucket,75.96391296386719,149.9176025390625,0
4,bucket_tip,61.0684928894043,127.15508270263672,0
5,springhinge_arm,86.08770751953125,220.41688537597656,0
6,springhinge_boom,135.22361755371094,188.69154357910156,0
