,name, x, y, z
0,arm,92.92251586914062,197.30812072753906,0
1,body,187.27926635742188,146.00833129882812,0
2,body_back,242.4618682861328,145.28932189941406,0
3,bucket,55.338050842285156,163.36474609375,0
4,bucket_tip,40.65480041503906,142.8013458251953,0
5,springhinge_arm,97.47509002685547,213.69908142089844,0
6,springhinge_boom,142.66110229492188,194.5629425048828,0
