,name, x, y, z
0,arm,93.33544158935547,196.7930450439453,0
1,body,187.63699340820312,146.08966064453125,0
2,body_back,242.82058715820312,145.29150390625,0
3,bucket,55.420257568359375,163.38760375976562,0
4,bucket_tip,40.16710662841797,142.87228393554688,0
5,springhinge_arm,98.18306732177734,213.00685119628906,0
6,springhinge_boom,143.1000518798828,194.2063446044922,0
