,name, x, y, z
0,arm,93.76107788085938,196.1998748779297,0
1,body,187.98716735839844,146.17230224609375,0
2,body_back,243.17897033691406,145.25233459472656,0
3,bucket,55.549800872802734,163.29910278320312,0
4,bucket_tip,39.72383117675781,142.79249572753906,0
5,springhinge_arm,98.80854034423828,212.22914123535156,0
6,springhinge_boom,143.4561309814453,193.82177734375,0
