,name, x, y, z
0,arm,94.20085906982422,195.52142333984375,0
1,body,188.32977294921875,146.25160217285156,0
2,body_back,243.53628540039062,145.14183044433594,0
3,bucket,55.71347427368164,163.04898071289062,0
4,bucket_tip,39.319549560546875,142.56846618652344,0
5,springhinge_arm,99.28962707519531,211.37210083007812,0
6,springhinge_boom,143.6975555419922,193.40943908691406,0
