,name, x, y, z
0,arm,94.64727020263672,194.76223754882812,0
1,body,188.66465759277344,146.32627868652344,0
2,body_back,243.89126586914062,144.9705352783203,0
3,bucket,55.8940315246582,162.66030883789062,0
4,bucket_tip,38.94633483886719,142.22317504882812,0
5,springhinge_arm,99.64619445800781,210.4488067626953,0
6,springhinge_boom,143.83880615234375,192.97406005859375,0
