,name, x, y, z
0,arm,95.09053039550781,193.9336395263672,0
1,body,188.9916229248047,146.39508056640625,0
2,body_back,244.24252319335938,144.74900817871094,0
3,bucket,56.07410430908203,162.1562042236328,0
4,bucket_tip,38.59625244140625,141.77964782714844,0
5,springhinge_arm,99.8980484008789,209.47238159179688,0
6,springhinge_boom,143.894287109375,192.5203399658203,0
