,name, x, y, z
0,arm,95.52083587646484,193.04698181152344,0
1,body,189.31060791015625,146.45675659179688,0
2,body_back,244.5888671875,144.48777770996094,0
3,bucket,56.236534118652344,161.55975341796875,0
4,bucket_tip,38.261478424072266,141.2608642578125,0
5,springhinge_arm,100.06517791748047,208.45599365234375,0
6,springhinge_boom,143.87860107421875,192.05299377441406,0
