,name, x, y, z
0,arm,95.9284896850586,192.11354064941406,0
1,body,189.62136840820312,146.51004028320312,0
2,body_back,244.92897033691406,144.19740295410156,0
3,bucket,56.363975524902344,160.89401245117188,0
4,bucket_tip,37.934043884277344,140.68983459472656,0
5,springhinge_arm,100.16732025146484,207.4127197265625,0
6,springhinge_boom,143.80616760253906,191.57676696777344,0
