,name, x, y, z
0,arm,91.70613098144531,200.7590789794922,0
1,body,172.0028076171875,132.85670471191406,0
2,body_back,226.72303771972656,129.0962371826172,0
3,bucket,75.75933074951172,150.5379638671875,0
4,bucket_tip,60.273887634277344,127.82756805419922,0
5,springhinge_arm,86.5530014038086,220.7102508544922,0
6,springhinge_boom,135.5471954345703,188.87939453125,0
