,name, x, y, z
0,arm,96.63665008544922,190.1517333984375,0
1,body,190.21754455566406,146.58641052246094,0
2,body_back,245.58522033691406,143.5714111328125,0
3,bucket,56.44480895996094,159.44711303710938,0
4,bucket_tip,37.2693977355957,139.48297119140625,0
5,springhinge_arm,100.25627136230469,205.2980194091797,0
6,springhinge_boom,143.5489044189453,190.61643981933594,0
