,name, x, y, z
0,arm,96.9176025390625,189.14598083496094,0
1,body,190.50270080566406,146.60696411132812,0
2,body_back,245.89878845214844,143.2568817138672,0
3,bucket,56.36366271972656,158.71212768554688,0
4,bucket_tip,36.91640853881836,138.8931427001953,0
5,springhinge_arm,100.28279876708984,204.25286865234375,0
6,springhinge_boom,143.39308166503906,190.1417999267578,0
