,name, x, y, z
0,arm,97.13680267333984,188.1387939453125,0
1,body,190.77899169921875,146.6140899658203,0
2,body_back,246.20094299316406,142.9553985595703,0
3,bucket,56.1784553527832,158.000244140625,0
4,bucket_tip,36.53913879394531,138.3430633544922,0
5,springhinge_arm,100.32386016845703,203.23329162597656,0
6,springhinge_boom,143.23846435546875,189.67713928222656,0
