,name, x, y, z
0,arm,97.28446197509766,187.14146423339844,0
1,body,191.0454864501953,146.51390075683594,0
2,body_back,246.48985290527344,142.6788787841797,0
3,bucket,55.87950134277344,157.333251953125,0
4,bucket_tip,36.131622314453125,137.85452270507812,0
5,springhinge_arm,100.39449310302734,202.2523193359375,0
6,springhinge_boom,143.0970916748047,189.22903442382812,0
