,name, x, y, z
0,arm,97.35503387451172,186.16627502441406,0
1,body,191.29827880859375,146.24542236328125,0
2,body_back,246.7615509033203,142.4326629638672,0
3,bucket,55.4876708984375,156.7158203125,0
4,bucket_tip,35.6961784362793,137.4324188232422,0
5,springhinge_arm,100.49049377441406,201.3102264404297,0
6,springhinge_boom,142.97157287597656,188.7996063232422,0
