,name, x, y, z
0,arm,97.35967254638672,185.2168426513672,0
1,body,191.5326385498047,145.856689453125,0
2,body_back,247.0115966796875,142.21728515625,0
3,bucket,55.031517028808594,156.1452178955078,0
4,bucket_tip,35.237239837646484,137.0743408203125,0
5,springhinge_arm,100.60293579101562,200.4010772705078,0
6,springhinge_boom,142.86216735839844,188.3866424560547,0
