,name, x, y, z
0,arm,97.1319580078125,182.50811767578125,0
1,body,192.07798767089844,144.4500274658203,0
2,body_back,247.58673095703125,141.76243591308594,0
3,bucket,53.56172561645508,154.687255859375,0
4,bucket_tip,33.76232147216797,136.36036682128906,0
5,springhinge_arm,100.94853973388672,197.8119354248047,0
6,springhinge_boom,142.6322784423828,187.2253875732422,0
