,name, x, y, z
0,arm,91.99794006347656,201.03675842285156,0
1,body,172.2041015625,132.94757080078125,0
2,body_back,227.0802459716797,129.08209228515625,0
3,bucket,75.61185455322266,151.290771484375,0
4,bucket_tip,59.61614227294922,128.63900756835938,0
5,springhinge_arm,87.02784729003906,221.0708770751953,0
6,springhinge_boom,135.9043426513672,189.10650634765625,0
