,name, x, y, z
0,arm,96.9325942993164,180.80369567871094,0
1,body,192.2631072998047,143.7928009033203,0
2,body_back,247.77952575683594,141.62466430664062,0
3,bucket,52.78245544433594,153.89968872070312,0
4,bucket_tip,32.74086380004883,136.1607666015625,0
5,springhinge_arm,101.09593200683594,196.14186096191406,0
6,springhinge_boom,142.56312561035156,186.49462890625,0
