,name, x, y, z
0,arm,96.86479187011719,179.97738647460938,0
1,body,192.28802490234375,143.69261169433594,0
2,body_back,247.8053436279297,141.60720825195312,0
3,bucket,52.538509368896484,153.55311584472656,0
4,bucket_tip,32.23172378540039,136.13671875,0
5,springhinge_arm,101.11775207519531,195.30584716796875,0
6,springhinge_boom,142.55442810058594,186.1358642578125,0
