,name, x, y, z
0,arm,96.85912322998047,178.37313842773438,0
1,body,192.3502197265625,143.70419311523438,0
2,body_back,247.8396453857422,141.6454315185547,0
3,bucket,52.254173278808594,152.95443725585938,0
4,bucket_tip,31.349380493164062,136.13795471191406,0
5,springhinge_arm,101.33547973632812,193.63262939453125,0
6,springhinge_boom,142.58673095703125,185.43875122070312,0
