,name, x, y, z
0,arm,96.91703033447266,177.60426330566406,0
1,body,192.42466735839844,143.7174072265625,0
2,body_back,247.88218688964844,141.68923950195312,0
3,bucket,52.16261672973633,152.7020721435547,0
4,bucket_tip,30.99384880065918,136.1409149169922,0
5,springhinge_arm,101.58872985839844,192.81178283691406,0
6,springhinge_boom,142.62432861328125,185.10707092285156,0
