,name, x, y, z
0,arm,97.008056640625,176.86424255371094,0
1,body,192.52511596679688,143.73440551757812,0
2,body_back,247.94131469726562,141.74595642089844,0
3,bucket,52.09772872924805,152.47889709472656,0
4,bucket_tip,30.684497833251953,136.1466522216797,0
5,springhinge_arm,101.92141723632812,192.01182556152344,0
6,springhinge_boom,142.67372131347656,184.7895050048828,0
