,name, x, y, z
0,arm,97.12761688232422,176.1575927734375,0
1,body,192.64935302734375,143.75440979003906,0
2,body_back,248.01678466796875,141.81297302246094,0
3,bucket,52.0541877746582,152.28335571289062,0
4,bucket_tip,30.413150787353516,136.15614318847656,0
5,springhinge_arm,102.32096862792969,191.24053955078125,0
6,springhinge_boom,142.7330322265625,184.48825073242188,0
