,name, x, y, z
0,arm,97.27120971679688,175.48876953125,0
1,body,192.79519653320312,143.77650451660156,0
2,body_back,248.1083526611328,141.88760375976562,0
3,bucket,52.02678298950195,152.11390686035156,0
4,bucket_tip,30.171630859375,136.1702880859375,0
5,springhinge_arm,102.7747573852539,190.5057373046875,0
6,springhinge_boom,142.80038452148438,184.2053985595703,0
