,name, x, y, z
0,arm,97.43428039550781,174.8623046875,0
1,body,192.96047973632812,143.7998809814453,0
2,body_back,248.21578979492188,141.96722412109375,0
3,bucket,52.01020431518555,151.96897888183594,0
4,bucket_tip,29.951705932617188,136.1900177001953,0
5,springhinge_arm,103.27020263671875,189.81521606445312,0
6,springhinge_boom,142.87391662597656,183.9431915283203,0
