,name, x, y, z
0,arm,64.40738677978516,199.6951141357422,0
1,body,160.45779418945312,145.29318237304688,0
2,body_back,218.68421936035156,145.29339599609375,0
3,bucket,86.93196105957031,157.61862182617188,0
4,bucket_tip,97.5571517944336,127.86810302734375,0
5,springhinge_arm,49.95633316040039,209.46951293945312,0
6,springhinge_boom,117.53248596191406,195.4442596435547,0
