,name, x, y, z
0,arm,62.7760124206543,201.23243713378906,0
1,body,159.15402221679688,143.2971649169922,0
2,body_back,215.98184204101562,142.85435485839844,0
3,bucket,85.64677429199219,158.52008056640625,0
4,bucket_tip,97.74564361572266,127.747802734375,0
5,springhinge_arm,47.35490798950195,211.7906951904297,0
6,springhinge_boom,117.0627212524414,195.34228515625,0
