,name, x, y, z
0,arm,92.29529571533203,201.3793487548828,0
1,body,172.41452026367188,133.02345275878906,0
2,body_back,227.4683837890625,129.0690460205078,0
3,bucket,75.51513671875,152.1539764404297,0
4,bucket_tip,59.08376693725586,129.56317138671875,0
5,springhinge_arm,87.50686645507812,221.49073791503906,0
6,springhinge_boom,136.28759765625,189.3651580810547,0
