,name, x, y, z
0,arm,97.6123275756836,174.28268432617188,0
1,body,193.14300537109375,143.8236846923828,0
2,body_back,248.33883666992188,142.04916381835938,0
3,bucket,51.999149322509766,151.84693908691406,0
4,bucket_tip,29.745248794555664,136.21627807617188,0
5,springhinge_arm,103.79467010498047,189.17672729492188,0
6,springhinge_boom,142.95176696777344,183.70370483398438,0
