,name, x, y, z
0,arm,97.80081176757812,173.75439453125,0
1,body,193.340576171875,143.84706115722656,0
2,body_back,248.47727966308594,142.1307830810547,0
3,bucket,51.98833465576172,151.7462921142578,0
4,bucket_tip,29.54403305053711,136.24998474121094,0
5,springhinge_arm,104.33556365966797,188.5980987548828,0
6,springhinge_boom,143.0320587158203,183.4891815185547,0
