,name, x, y, z
0,arm,97.99520111083984,173.28196716308594,0
1,body,193.55101013183594,143.8691864013672,0
2,body_back,248.63084411621094,142.2094268798828,0
3,bucket,51.972496032714844,151.66542053222656,0
4,bucket_tip,29.339874267578125,136.29209899902344,0
5,springhinge_arm,104.88029479980469,188.08712768554688,0
6,springhinge_boom,143.11293029785156,183.3017120361328,0
