,name, x, y, z
0,arm,98.19097137451172,172.869873046875,0
1,body,193.77210998535156,143.88916015625,0
2,body_back,248.7992706298828,142.28245544433594,0
3,bucket,51.94632339477539,151.602783203125,0
4,bucket_tip,29.124605178833008,136.34353637695312,0
5,springhinge_arm,105.416259765625,187.6515655517578,0
6,springhinge_boom,143.19247436523438,183.14349365234375,0
