,name, x, y, z
0,arm,98.38357543945312,172.52261352539062,0
1,body,194.00167846679688,143.90618896484375,0
2,body_back,248.9823455810547,142.3472137451172,0
3,bucket,51.90453338623047,151.5568084716797,0
4,bucket_tip,28.890010833740234,136.4052276611328,0
5,springhinge_arm,105.93083953857422,187.2992401123047,0
6,springhinge_boom,143.2688446044922,183.0166778564453,0
