,name, x, y, z
0,arm,98.74122619628906,172.04058837890625,0
1,body,194.47756958007812,143.92794799804688,0
2,body_back,249.3914794921875,142.4413299560547,0
3,bucket,51.75300216674805,151.5084991455078,0
4,bucket_tip,28.330204010009766,136.5631103515625,0
5,springhinge_arm,106.84544372558594,186.8754425048828,0
6,springhinge_boom,143.4046173095703,182.86587524414062,0
