,name, x, y, z
0,arm,98.8971939086914,171.91485595703125,0
1,body,194.71949768066406,143.9309844970703,0
2,body_back,249.6170196533203,142.4653778076172,0
3,bucket,51.63267135620117,151.5030517578125,0
4,bucket_tip,27.988584518432617,136.66114807128906,0
5,springhinge_arm,107.22026062011719,186.8195343017578,0
6,springhinge_boom,143.4602508544922,182.84622192382812,0
