,name, x, y, z
0,arm,99.03189086914062,171.8719482421875,0
1,body,194.96128845214844,143.9282989501953,0
2,body_back,249.85581970214844,142.47964477539062,0
3,bucket,51.47724533081055,151.63302612304688,0
4,bucket_tip,27.597545623779297,136.86500549316406,0
5,springhinge_arm,107.52666473388672,186.82044982910156,0
6,springhinge_boom,143.50636291503906,182.8466796875,0
