,name, x, y, z
0,arm,99.14201354980469,171.87313842773438,0
1,body,195.20150756835938,143.92066955566406,0
2,body_back,250.10557556152344,142.492431640625,0
3,bucket,51.289695739746094,152.0040740966797,0
4,bucket_tip,27.16196060180664,137.2519989013672,0
5,springhinge_arm,107.76898956298828,186.82676696777344,0
6,springhinge_boom,143.5467071533203,182.84999084472656,0
