,name, x, y, z
0,arm,92.59559631347656,201.77926635742188,0
1,body,172.63177490234375,133.08566284179688,0
2,body_back,227.88096618652344,129.0570526123047,0
3,bucket,75.4628677368164,153.10545349121094,0
4,bucket_tip,58.66539764404297,130.57374572753906,0
5,springhinge_arm,87.98483276367188,221.96165466308594,0
6,springhinge_boom,136.68946838378906,189.64755249023438,0
