,name, x, y, z
0,arm,99.22917938232422,171.88150024414062,0
1,body,195.43882751464844,143.9086456298828,0
2,body_back,250.36354064941406,142.5037841796875,0
3,bucket,51.07465362548828,152.58779907226562,0
4,bucket_tip,26.689311981201172,137.79994201660156,0
5,springhinge_arm,107.95494842529297,186.8439483642578,0
6,springhinge_boom,143.58616638183594,182.85897827148438,0
