,name, x, y, z
0,arm,99.29618072509766,171.90420532226562,0
1,body,195.67193603515625,143.89283752441406,0
2,body_back,250.62696838378906,142.51380920410156,0
3,bucket,50.83676528930664,153.35585021972656,0
4,bucket_tip,26.187179565429688,138.48663330078125,0
5,springhinge_arm,108.09224700927734,186.87738037109375,0
6,springhinge_boom,143.62960815429688,182.87646484375,0
