,name, x, y, z
0,arm,99.4046630859375,172.13018798828125,0
1,body,196.33294677734375,143.82846069335938,0
2,body_back,251.42298889160156,142.53671264648438,0
3,bucket,50.03226089477539,156.4824981689453,0
4,bucket_tip,24.578657150268555,141.15725708007812,0
5,springhinge_arm,108.28929138183594,187.12948608398438,0
6,springhinge_boom,143.83285522460938,183.00833129882812,0
