,name, x, y, z
0,arm,99.41938781738281,172.28201293945312,0
1,body,196.53610229492188,143.80331420898438,0
2,body_back,251.68112182617188,142.542236328125,0
3,bucket,49.749271392822266,157.70431518554688,0
4,bucket_tip,24.033498764038086,142.177001953125,0
5,springhinge_arm,108.30906677246094,187.2821807861328,0
6,springhinge_boom,143.94119262695312,183.0882110595703,0
