,name, x, y, z
0,arm,99.42813110351562,172.4840545654297,0
1,body,196.72848510742188,143.7772674560547,0
2,body_back,251.93112182617188,142.54681396484375,0
3,bucket,49.46657943725586,158.9686737060547,0
4,bucket_tip,23.4963436126709,143.22450256347656,0
5,springhinge_arm,108.3187484741211,187.478271484375,0
6,springhinge_boom,144.07797241210938,183.19078063964844,0
