,name, x, y, z
0,arm,99.43370819091797,172.7434844970703,0
1,body,196.90878295898438,143.75094604492188,0
2,body_back,252.17025756835938,142.5505828857422,0
3,bucket,49.18881607055664,160.24720764160156,0
4,bucket_tip,22.974712371826172,144.27760314941406,0
5,springhinge_arm,108.32601928710938,187.72314453125,0
6,springhinge_boom,144.24806213378906,183.31886291503906,0
