,name, x, y, z
0,arm,99.44667053222656,173.46319580078125,0
1,body,197.22784423828125,143.69976806640625,0
2,body_back,252.60499572753906,142.5559539794922,0
3,bucket,48.66665267944336,162.73341369628906,0
4,bucket_tip,22.008045196533203,146.31173706054688,0
5,springhinge_arm,108.36427307128906,188.3809814453125,0
6,springhinge_boom,144.70777893066406,183.6629638671875,0
