,name, x, y, z
0,arm,92.89629364013672,202.22894287109375,0
1,body,172.853515625,133.1355743408203,0
2,body_back,228.3115997314453,129.04615783691406,0
3,bucket,75.44872283935547,154.1230926513672,0
4,bucket_tip,58.34957504272461,131.64447021484375,0
5,springhinge_arm,88.45640563964844,222.47555541992188,0
6,springhinge_boom,137.10255432128906,189.94590759277344,0
