,name, x, y, z
0,arm,99.45970916748047,173.93783569335938,0
1,body,197.36399841308594,143.6760711669922,0
2,body_back,252.79515075683594,142.55772399902344,0
3,bucket,48.43150329589844,163.8843231201172,0
4,bucket_tip,21.57801628112793,147.24838256835938,0
5,springhinge_arm,108.41063690185547,188.80477905273438,0
6,springhinge_boom,145.00717163085938,183.8846435546875,0
