,name, x, y, z
0,arm,99.51310729980469,175.15252685546875,0
1,body,197.5829620361328,143.63539123535156,0
2,body_back,253.107421875,142.55982971191406,0
3,bucket,48.03622817993164,165.8600311279297,0
4,bucket_tip,20.8621883392334,148.849853515625,0
5,springhinge_arm,108.59646606445312,189.86923217773438,0
6,springhinge_boom,145.7694549560547,184.44143676757812,0
