,name, x, y, z
0,arm,99.55908966064453,175.9069061279297,0
1,body,197.6631622314453,143.6195831298828,0
2,body_back,253.22406005859375,142.5603485107422,0
3,bucket,47.88540267944336,166.62811279296875,0
4,bucket_tip,20.591358184814453,149.47032165527344,0
5,springhinge_arm,108.75135040283203,190.52073669433594,0
6,springhinge_boom,146.24209594726562,184.7822265625,0
