,name, x, y, z
0,arm,99.62171936035156,176.76890563964844,0
1,body,197.7220458984375,143.60755920410156,0
2,body_back,253.31077575683594,142.5606231689453,0
3,bucket,47.771915435791016,167.2118377685547,0
4,bucket_tip,20.38862419128418,149.94097900390625,0
5,springhinge_arm,108.95781707763672,191.2589874267578,0
6,springhinge_boom,146.78228759765625,185.1683807373047,0
