,name, x, y, z
0,arm,99.70380401611328,177.74566650390625,0
1,body,197.75833129882812,143.59991455078125,0
2,body_back,253.3647918701172,142.5607147216797,0
3,bucket,47.70043182373047,167.58285522460938,0
4,bucket_tip,20.261474609375,150.23963928222656,0
5,springhinge_arm,109.22359466552734,192.0894012451172,0
6,springhinge_boom,147.3948974609375,185.60275268554688,0
