,name, x, y, z
0,arm,99.8082046508789,178.8443603515625,0
1,body,197.77073669433594,143.5972442626953,0
2,body_back,253.38340759277344,142.56072998046875,0
3,bucket,47.67556381225586,167.7128448486328,0
4,bucket_tip,20.217430114746094,150.34413146972656,0
5,springhinge_arm,109.55636596679688,193.01739501953125,0
6,springhinge_boom,148.08480834960938,186.0881805419922,0
