,name, x, y, z
0,arm,99.93772888183594,180.0721893310547,0
1,body,187.5204620361328,147.22061157226562,0
2,body_back,234.1223907470703,139.98622131347656,0
3,bucket,93.0152359008789,159.13119506835938,0
4,bucket_tip,84.10296630859375,132.9901123046875,0
5,springhinge_arm,110.7482681274414,219.8112335205078,0
6,springhinge_boom,148.9906463623047,198.1024932861328,0
