,name, x, y, z
0,arm,115.47065734863281,198.93836975097656,0
1,body,186.98243713378906,147.121826171875,0
2,body_back,233.46466064453125,138.42819213867188,0
3,bucket,92.84510803222656,155.64395141601562,0
4,bucket_tip,83.9783935546875,131.05825805664062,0
5,springhinge_arm,110.66378784179688,219.53810119628906,0
6,springhinge_boom,148.9086151123047,197.84906005859375,0
