,name, x, y, z
0,arm,93.1947021484375,202.7208251953125,0
1,body,173.07740783691406,133.1744842529297,0
2,body_back,228.7538604736328,129.03634643554688,0
3,bucket,75.4664535522461,155.184814453125,0
4,bucket_tip,58.12495040893555,132.74903869628906,0
5,springhinge_arm,88.9163818359375,223.02427673339844,0
6,springhinge_boom,137.51939392089844,190.2524871826172,0
