,name, x, y, z
0,arm,115.402099609375,198.48388671875,0
1,body,186.61941528320312,146.85955810546875,0
2,body_back,233.00741577148438,137.3775177001953,0
3,bucket,92.41249084472656,153.3216094970703,0
4,bucket_tip,83.66165924072266,129.81019592285156,0
5,springhinge_arm,110.44142150878906,218.7958984375,0
6,springhinge_boom,148.70004272460938,197.16473388671875,0
