,name, x, y, z
0,arm,115.34722900390625,198.1135711669922,0
1,body,186.49172973632812,146.68310546875,0
2,body_back,232.8426055908203,137.0081024169922,0
3,bucket,92.13420867919922,152.5137481689453,0
4,bucket_tip,83.45792388916016,129.38758850097656,0
5,springhinge_arm,110.29310607910156,218.2850799560547,0
6,springhinge_boom,148.56585693359375,196.6966094970703,0
