,name, x, y, z
0,arm,115.12596130371094,196.56871032714844,0
1,body,186.26718139648438,146.0491485595703,0
2,body_back,232.54869079589844,136.35867309570312,0
3,bucket,91.2264404296875,151.1025390625,0
4,bucket_tip,82.79328918457031,128.6614227294922,0
5,springhinge_arm,109.7695083618164,216.3673553466797,0
6,springhinge_boom,148.12818908691406,194.95936584472656,0
