,name, x, y, z
0,arm,115.04047393798828,195.947509765625,0
1,body,186.2294464111328,145.8242645263672,0
2,body_back,232.50234985351562,136.2493438720703,0
3,bucket,90.94813537597656,150.8582305908203,0
4,bucket_tip,82.58954620361328,128.5265655517578,0
5,springhinge_arm,109.58816528320312,215.64794921875,0
6,springhinge_boom,147.9940185546875,194.31680297851562,0
