,name, x, y, z
0,arm,114.7789535522461,193.92649841308594,0
1,body,186.16128540039062,145.19850158691406,0
2,body_back,232.4545135498047,136.0504913330078,0
3,bucket,90.39037322998047,150.33578491210938,0
4,bucket_tip,82.1811752319336,128.13560485839844,0
5,springhinge_arm,109.10537719726562,213.45169067382812,0
6,springhinge_boom,147.72508239746094,192.3982696533203,0
