,name, x, y, z
0,arm,93.48831176757812,203.24737548828125,0
1,body,173.30116271972656,133.2038116455078,0
2,body_back,229.20123291015625,129.02761840820312,0
3,bucket,75.5096435546875,156.2684326171875,0
4,bucket_tip,57.98003387451172,133.8611297607422,0
5,springhinge_arm,89.35940551757812,223.59967041015625,0
6,springhinge_boom,137.9324951171875,190.5595245361328,0
