,name, x, y, z
0,arm,114.62187957763672,192.56326293945312,0
1,body,186.1071319580078,144.8779296875,0
2,body_back,232.45445251464844,135.89089965820312,0
3,bucket,90.346435546875,149.83587646484375,0
4,bucket_tip,82.15690612792969,127.67129516601562,0
5,springhinge_arm,108.88226318359375,212.09805297851562,0
6,springhinge_boom,147.7051239013672,191.26657104492188,0
