,name, x, y, z
0,arm,114.55387878417969,191.90966796875,0
1,body,186.0691375732422,144.74327087402344,0
2,body_back,232.4564208984375,135.77891540527344,0
3,bucket,90.34940338134766,149.48388671875,0
4,bucket_tip,82.1816177368164,127.34329986572266,0
5,springhinge_arm,108.79047393798828,211.48202514648438,0
6,springhinge_boom,147.71006774902344,190.7707977294922,0
