,name, x, y, z
0,arm,114.49266815185547,191.2807159423828,0
1,body,186.02481079101562,144.62278747558594,0
2,body_back,232.45953369140625,135.64828491210938,0
3,bucket,90.35408782958984,149.07334899902344,0
4,bucket_tip,82.22065734863281,126.96075439453125,0
5,springhinge_arm,108.70831298828125,210.9062957763672,0
6,springhinge_boom,147.71786499023438,190.31991577148438,0
