,name, x, y, z
0,arm,114.38921356201172,190.10067749023438,0
1,body,185.92105102539062,144.421142578125,0
2,body_back,232.46864318847656,135.34243774414062,0
3,bucket,90.36774444580078,148.11209106445312,0
4,bucket_tip,82.33448028564453,126.0650405883789,0
5,springhinge_arm,108.5708236694336,209.87257385253906,0
6,springhinge_boom,147.74063110351562,189.54452514648438,0
