,name, x, y, z
0,arm,114.34625244140625,189.5514678955078,0
1,body,185.86351013183594,144.3384246826172,0
2,body_back,232.47433471679688,135.1728515625,0
3,bucket,90.37628936767578,147.57911682128906,0
4,bucket_tip,82.40569305419922,125.56841278076172,0
5,springhinge_arm,108.51441955566406,209.4129638671875,0
6,springhinge_boom,147.75489807128906,189.21588134765625,0
