,name, x, y, z
0,arm,114.30864715576172,189.03076171875,0
1,body,185.803466796875,144.26669311523438,0
2,body_back,232.48060607910156,134.9959259033203,0
3,bucket,90.38569641113281,147.02308654785156,0
4,bucket_tip,82.48408508300781,125.05027770996094,0
5,springhinge_arm,108.46551513671875,208.9904327392578,0
6,springhinge_boom,147.7705535888672,188.92384338378906,0
