,name, x, y, z
0,arm,114.27603149414062,188.5395050048828,0
1,body,185.74191284179688,144.20521545410156,0
2,body_back,232.4873046875,134.81448364257812,0
3,bucket,90.39573669433594,146.4528045654297,0
4,bucket_tip,82.56780242919922,124.51890563964844,0
5,springhinge_arm,108.42359924316406,208.60423278808594,0
6,springhinge_boom,147.7873077392578,188.6663360595703,0
