,name, x, y, z
0,arm,114.24809265136719,188.0786590576172,0
1,body,185.67977905273438,144.15316772460938,0
2,body_back,232.49429321289062,134.63134765625,0
3,bucket,90.40621948242188,145.87722778320312,0
4,bucket_tip,82.65511322021484,123.98255920410156,0
5,springhinge_arm,108.38810729980469,208.2535400390625,0
6,springhinge_boom,147.8047637939453,188.44131469726562,0
