,name, x, y, z
0,arm,114.22445678710938,187.64918518066406,0
1,body,185.61802673339844,144.10975646972656,0
2,body_back,232.5014190673828,134.44932556152344,0
3,bucket,90.41691589355469,145.30517578125,0
4,bucket_tip,82.74420928955078,123.44950103759766,0
5,springhinge_arm,108.3585205078125,207.93751525878906,0
6,springhinge_boom,147.8225860595703,188.2467041015625,0
