,name, x, y, z
0,arm,114.17562866210938,186.5585174560547,0
1,body,185.44461059570312,144.02362060546875,0
2,body_back,232.52223205566406,133.93821716308594,0
3,bucket,90.44813537597656,143.69882202148438,0
4,bucket_tip,83.00434875488281,121.95268249511719,0
5,springhinge_arm,108.29978942871094,207.189697265625,0
6,springhinge_boom,147.87460327148438,187.8246612548828,0
