,name, x, y, z
0,arm,114.1655502319336,186.26405334472656,0
1,body,185.39395141601562,144.00697326660156,0
2,body_back,232.52850341796875,133.78890991210938,0
3,bucket,90.45751953125,143.22955322265625,0
4,bucket_tip,83.08270263671875,121.51541137695312,0
5,springhinge_arm,108.28843688964844,207.0044708251953,0
6,springhinge_boom,147.89028930664062,187.73101806640625,0
