,name, x, y, z
0,arm,114.15798950195312,186.00576782226562,0
1,body,185.3484649658203,143.9950408935547,0
2,body_back,232.53419494628906,133.65481567382812,0
3,bucket,90.46607208251953,142.8081512451172,0
4,bucket_tip,83.15392303466797,121.12274169921875,0
5,springhinge_arm,108.28030395507812,206.84996032714844,0
6,springhinge_boom,147.90452575683594,187.65745544433594,0
