,name, x, y, z
0,arm,114.1525650024414,185.7845916748047,0
1,body,185.30908203125,143.98704528808594,0
2,body_back,232.53916931152344,133.53878784179688,0
3,bucket,90.47355651855469,142.4434814453125,0
4,bucket_tip,83.21619415283203,120.7829360961914,0
5,springhinge_arm,108.27484893798828,206.72531127929688,0
6,springhinge_boom,147.9169921875,187.60189819335938,0
