,name, x, y, z
0,arm,114.14892578125,185.60147094726562,0
1,body,185.2768096923828,143.98219299316406,0
2,body_back,232.54330444335938,133.44363403320312,0
3,bucket,90.479736328125,142.1444091796875,0
4,bucket_tip,83.26773834228516,120.50425720214844,0
5,springhinge_arm,108.27154541015625,206.62977600097656,0
6,springhinge_boom,147.92727661132812,187.56228637695312,0
