,name, x, y, z
0,arm,114.146728515625,185.45738220214844,0
1,body,185.2525634765625,143.97970581054688,0
2,body_back,232.54641723632812,133.37216186523438,0
3,bucket,90.48442077636719,141.91981506347656,0
4,bucket_tip,83.30677795410156,120.29497528076172,0
5,springhinge_arm,108.26984405517578,206.56251525878906,0
6,springhinge_boom,147.9351043701172,187.5365447998047,0
