,name, x, y, z
0,arm,94.05062866210938,204.37411499023438,0
1,body,173.7388153076172,133.2389678955078,0
2,body_back,230.08580017089844,129.0135955810547,0
3,bucket,75.64727783203125,158.41297912597656,0
4,bucket_tip,57.88359451293945,136.00267028808594,0
5,springhinge_arm,90.1735610961914,224.798095703125,0
6,springhinge_boom,138.7177734375,191.1438446044922,0
