,name, x, y, z
0,arm,114.1451187133789,185.26885986328125,0
1,body,185.2320098876953,143.97866821289062,0
2,body_back,232.54908752441406,133.3115997314453,0
3,bucket,90.4884262084961,141.7294921875,0
4,bucket_tip,83.34014892578125,120.11763000488281,0
5,springhinge_arm,108.26913452148438,206.50965881347656,0
6,springhinge_boom,147.9417724609375,187.51846313476562,0
