,name, x, y, z
0,arm,94.31417083740234,204.9591522216797,0
1,body,173.9480743408203,133.2475128173828,0
2,body_back,230.51011657714844,129.00831604003906,0
3,bucket,75.72909545898438,159.4296112060547,0
4,bucket_tip,57.909217834472656,136.9794921875,0
5,springhinge_arm,90.53412628173828,225.4048614501953,0
6,springhinge_boom,139.07504272460938,191.40562438964844,0
