,name, x, y, z
0,arm,94.56250762939453,205.5485382080078,0
1,body,174.1478271484375,133.2517852783203,0
2,body_back,230.9137725830078,129.004150390625,0
3,bucket,75.81105041503906,160.37960815429688,0
4,bucket_tip,57.96875762939453,137.8585205078125,0
5,springhinge_arm,90.8565902709961,226.0057373046875,0
6,springhinge_boom,139.39871215820312,191.63673400878906,0
