,name, x, y, z
0,arm,94.79300689697266,206.13473510742188,0
1,body,174.3357696533203,133.2532196044922,0
2,body_back,231.29043579101562,129.00120544433594,0
3,bucket,75.88690948486328,161.24082946777344,0
4,bucket_tip,58.05076599121094,138.61349487304688,0
5,springhinge_arm,91.13569641113281,226.59268188476562,0
6,springhinge_boom,139.681396484375,191.82943725585938,0
