,name, x, y, z
0,arm,62.62812805175781,201.38832092285156,0
1,body,159.03619384765625,143.12294006347656,0
2,body_back,215.7433624267578,142.6527557373047,0
3,bucket,85.54178619384766,158.60308837890625,0
4,bucket_tip,97.76069641113281,127.73515319824219,0
5,springhinge_arm,47.141868591308594,212.00672912597656,0
6,springhinge_boom,117.02117156982422,195.3320770263672,0
