,name, x, y, z
0,arm,95.00309753417969,206.71005249023438,0
1,body,174.50955200195312,133.2530975341797,0
2,body_back,231.6336212158203,128.99940490722656,0
3,bucket,75.95032501220703,161.9911346435547,0
4,bucket_tip,58.14385223388672,139.2180633544922,0
5,springhinge_arm,91.36620330810547,227.15745544433594,0
6,springhinge_boom,139.91561889648438,191.9759521484375,0
