,name, x, y, z
0,arm,95.19022369384766,207.2669677734375,0
1,body,174.66685485839844,133.2528076171875,0
2,body_back,231.93690490722656,128.99880981445312,0
3,bucket,75.99491882324219,162.60838317871094,0
4,bucket_tip,58.236427307128906,139.6459503173828,0
5,springhinge_arm,91.54275512695312,227.6919708251953,0
6,springhinge_boom,140.09390258789062,192.06854248046875,0
