,name, x, y, z
0,arm,95.35172271728516,207.7979278564453,0
1,body,174.8291778564453,133.24282836914062,0
2,body_back,232.23272705078125,129.0019073486328,0
3,bucket,76.03289031982422,163.12210083007812,0
4,bucket_tip,58.33608627319336,139.95863342285156,0
5,springhinge_arm,91.68189239501953,228.18948364257812,0
6,springhinge_boom,140.2466278076172,192.12686157226562,0
