,name, x, y, z
0,arm,95.49433898925781,208.2964324951172,0
1,body,175.01675415039062,133.21421813964844,0
2,body_back,232.55467224121094,129.0111541748047,0
3,bucket,76.07972717285156,163.57887268066406,0
4,bucket_tip,58.45587158203125,140.23667907714844,0
5,springhinge_arm,91.80188751220703,228.6494598388672,0
6,springhinge_boom,140.40719604492188,192.1764678955078,0
