,name, x, y, z
0,arm,95.62494659423828,208.7615509033203,0
1,body,175.22512817382812,133.16893005371094,0
2,body_back,232.89781188964844,129.02630615234375,0
3,bucket,76.13407135009766,163.9819793701172,0
4,bucket_tip,58.592628479003906,140.48208618164062,0
5,springhinge_arm,91.90019226074219,229.072998046875,0
6,springhinge_boom,140.57273864746094,192.21815490722656,0
