,name, x, y, z
0,arm,114.1451187133789,185.26885986328125,0
1,body,185.22689819335938,143.973876953125,0
2,body_back,232.54188537597656,133.30535888671875,0
3,bucket,90.4872055053711,141.7266845703125,0
4,bucket_tip,83.33760070800781,120.11296844482422,0
5,springhinge_arm,108.26586151123047,206.50582885742188,0
6,springhinge_boom,147.9390411376953,187.51539611816406,0
