,name, x, y, z
0,arm,114.14098358154297,185.2659912109375,0
1,body,185.2118682861328,143.9597930908203,0
2,body_back,232.52064514160156,133.2869415283203,0
3,bucket,90.483642578125,141.71826171875,0
4,bucket_tip,83.33008575439453,120.09925842285156,0
5,springhinge_arm,108.25629425048828,206.49456787109375,0
6,springhinge_boom,147.93093872070312,187.50637817382812,0
