,name, x, y, z
0,arm,114.1287612915039,185.2575225830078,0
1,body,185.18736267089844,143.9368133544922,0
2,body_back,232.48605346679688,133.25692749023438,0
3,bucket,90.47782135009766,141.70437622070312,0
4,bucket_tip,83.31783294677734,120.076904296875,0
5,springhinge_arm,108.24066925048828,206.4761962890625,0
6,springhinge_boom,147.91778564453125,187.49166870117188,0
