,name, x, y, z
0,arm,114.10885620117188,185.24374389648438,0
1,body,185.1538543701172,143.90536499023438,0
2,body_back,232.4386749267578,133.21585083007812,0
3,bucket,90.46986389160156,141.68516540527344,0
4,bucket_tip,83.30107116699219,120.04629516601562,0
5,springhinge_arm,108.21929931640625,206.45101928710938,0
6,springhinge_boom,147.89974975585938,187.47154235839844,0
