,name, x, y, z
0,arm,95.74116516113281,209.19386291503906,0
1,body,175.4496612548828,133.1090087890625,0
2,body_back,233.25721740722656,129.04721069335938,0
3,bucket,76.1946029663086,164.3348388671875,0
4,bucket_tip,58.74323654174805,140.69692993164062,0
5,springhinge_arm,91.97428131103516,229.46121215820312,0
6,springhinge_boom,140.74038696289062,192.2527618408203,0
