,name, x, y, z
0,arm,114.08159637451172,185.22488403320312,0
1,body,185.11170959472656,143.86585998535156,0
2,body_back,232.37916564941406,133.1642303466797,0
3,bucket,90.45985412597656,141.6607208251953,0
4,bucket_tip,83.27999114990234,120.00785064697266,0
5,springhinge_arm,108.19243621826172,206.41944885253906,0
6,springhinge_boom,147.87710571289062,187.44627380371094,0
