,name, x, y, z
0,arm,114.00650024414062,185.1728973388672,0
1,body,185.00340270996094,143.7643280029297,0
2,body_back,232.2261962890625,133.0315704345703,0
3,bucket,90.43412780761719,141.5966339111328,0
4,bucket_tip,83.22584533691406,119.90902709960938,0
5,springhinge_arm,108.12338256835938,206.33819580078125,0
6,springhinge_boom,147.8188934326172,187.38128662109375,0
