,name, x, y, z
0,arm,113.9593734741211,185.1402587890625,0
1,body,184.93812561035156,143.703125,0
2,body_back,232.13397216796875,132.95159912109375,0
3,bucket,90.41862487792969,141.55722045898438,0
4,bucket_tip,83.19320678710938,119.8494644165039,0
5,springhinge_arm,108.08177947998047,206.28924560546875,0
6,springhinge_boom,147.7838134765625,187.3421173095703,0
