,name, x, y, z
0,arm,113.78395080566406,185.01882934570312,0
1,body,184.70306396484375,143.48275756835938,0
2,body_back,231.80194091796875,132.6636199951172,0
3,bucket,90.36280059814453,141.4109649658203,0
4,bucket_tip,83.07566833496094,119.63494873046875,0
5,springhinge_arm,107.93191528320312,206.11294555664062,0
6,springhinge_boom,147.65745544433594,187.20106506347656,0
