,name, x, y, z
0,arm,113.71533203125,184.97129821777344,0
1,body,184.6130828857422,143.39840698242188,0
2,body_back,231.67483520507812,132.5534210205078,0
3,bucket,90.34143829345703,141.35325622558594,0
4,bucket_tip,83.03068542480469,119.5528564453125,0
5,springhinge_arm,107.87455749511719,206.04547119140625,0
6,springhinge_boom,147.60910034179688,187.1470947265625,0
