,name, x, y, z
0,arm,113.6422348022461,184.92071533203125,0
1,body,184.51803588867188,143.309326171875,0
2,body_back,231.5406036376953,132.43699645996094,0
3,bucket,90.3188705444336,141.29127502441406,0
4,bucket_tip,82.9831771850586,119.46614074707031,0
5,springhinge_arm,107.81397247314453,205.97418212890625,0
6,springhinge_boom,147.55801391601562,187.09007263183594,0
