,name, x, y, z
0,arm,113.56501007080078,184.86724853515625,0
1,body,184.4183807373047,143.21588134765625,0
2,body_back,231.39984130859375,132.31491088867188,0
3,bucket,90.2951889038086,141.2251434326172,0
4,bucket_tip,82.93333435058594,119.37519073486328,0
5,springhinge_arm,107.75042724609375,205.89944458007812,0
6,springhinge_boom,147.5044403076172,187.0302734375,0
