,name, x, y, z
0,arm,95.84074401855469,209.59396362304688,0
1,body,175.6857452392578,133.03643798828125,0
2,body_back,233.62802124023438,129.07366943359375,0
3,bucket,76.2599868774414,164.64077758789062,0
4,bucket_tip,58.904563903808594,140.88323974609375,0
5,springhinge_arm,92.02159118652344,229.8152313232422,0
6,springhinge_boom,140.9072723388672,192.28109741210938,0
