,name, x, y, z
0,arm,113.48403930664062,184.81118774414062,0
1,body,184.3145294189453,143.11851501464844,0
2,body_back,231.25314331054688,132.18768310546875,0
3,bucket,90.27051544189453,141.15496826171875,0
4,bucket_tip,82.88140869140625,119.28042602539062,0
5,springhinge_arm,107.6842269897461,205.82156372070312,0
6,springhinge_boom,147.44862365722656,186.96795654296875,0
