,name, x, y, z
0,arm,113.39966583251953,184.7527618408203,0
1,body,184.20692443847656,143.01763916015625,0
2,body_back,231.1011505126953,132.05587768554688,0
3,bucket,90.2449722290039,141.08087158203125,0
4,bucket_tip,82.82759857177734,119.18223571777344,0
5,springhinge_arm,107.61563110351562,205.7408447265625,0
6,springhinge_boom,147.3907928466797,186.90338134765625,0
