,name, x, y, z
0,arm,113.3122329711914,184.69223022460938,0
1,body,184.0960235595703,142.91366577148438,0
2,body_back,230.9445037841797,131.92001342773438,0
3,bucket,90.21862030029297,141.0029754638672,0
4,bucket_tip,82.77214813232422,119.08103942871094,0
5,springhinge_arm,107.5449447631836,205.65768432617188,0
6,springhinge_boom,147.3311767578125,186.83685302734375,0
