,name, x, y, z
0,arm,113.22211456298828,184.62985229492188,0
1,body,183.9822540283203,142.80699157714844,0
2,body_back,230.78379821777344,131.78065490722656,0
3,bucket,90.19161224365234,140.92138671875,0
4,bucket_tip,82.71526336669922,118.97721862792969,0
5,springhinge_arm,107.47240447998047,205.57232666015625,0
6,springhinge_boom,147.27001953125,186.76858520507812,0
