,name, x, y, z
0,arm,112.93925476074219,184.43402099609375,0
1,body,183.62814331054688,142.47503662109375,0
2,body_back,230.28363037109375,131.3468780517578,0
3,bucket,90.10751342773438,140.6557159423828,0
4,bucket_tip,82.53821563720703,118.65410614013672,0
5,springhinge_arm,107.24667358398438,205.3067626953125,0
6,springhinge_boom,147.07969665527344,186.55613708496094,0
