,name, x, y, z
0,arm,112.84197235107422,184.36666870117188,0
1,body,183.50730895996094,142.36175537109375,0
2,body_back,230.11297607421875,131.19886779785156,0
3,bucket,90.07880401611328,140.5605926513672,0
4,bucket_tip,82.4778060913086,118.54385375976562,0
5,springhinge_arm,107.16964721679688,205.2161407470703,0
6,springhinge_boom,147.01475524902344,186.483642578125,0
