,name, x, y, z
0,arm,112.64508819580078,184.23037719726562,0
1,body,183.26412963867188,142.13375854492188,0
2,body_back,229.7694549560547,130.9009552001953,0
3,bucket,90.02107238769531,140.36117553710938,0
4,bucket_tip,82.35621643066406,118.32192993164062,0
5,springhinge_arm,107.01461029052734,205.03375244140625,0
6,springhinge_boom,146.884033203125,186.3377227783203,0
