,name, x, y, z
0,arm,95.92125701904297,209.96249389648438,0
1,body,175.92872619628906,132.95318603515625,0
2,body_back,234.0052947998047,129.1055145263672,0
3,bucket,76.32888793945312,164.90321350097656,0
4,bucket_tip,59.073524475097656,141.04307556152344,0
5,springhinge_arm,92.03959655761719,230.1361541748047,0
6,springhinge_boom,141.07054138183594,192.3040008544922,0
