,name, x, y, z
0,arm,112.54619598388672,184.1619110107422,0
1,body,183.14263916015625,142.01986694335938,0
2,body_back,229.59786987304688,130.75213623046875,0
3,bucket,89.9922103881836,140.25714111328125,0
4,bucket_tip,82.29546356201172,118.2110824584961,0
5,springhinge_arm,106.93714904785156,204.942626953125,0
6,springhinge_boom,146.81874084472656,186.26483154296875,0
