,name, x, y, z
0,arm,112.44750213623047,184.0935821533203,0
1,body,183.02182006835938,141.90660095214844,0
2,body_back,229.4272003173828,130.6041259765625,0
3,bucket,89.96349334716797,140.1503448486328,0
4,bucket_tip,82.23504638671875,118.10082244873047,0
5,springhinge_arm,106.86012268066406,204.85203552246094,0
6,springhinge_boom,146.7537841796875,186.1923370361328,0
