,name, x, y, z
0,arm,112.34932708740234,184.02561950683594,0
1,body,182.902099609375,141.79434204101562,0
2,body_back,229.25807189941406,130.45745849609375,0
3,bucket,89.9350814819336,140.04095458984375,0
4,bucket_tip,82.17518615722656,117.9915771484375,0
5,springhinge_arm,106.7837905883789,204.76220703125,0
6,springhinge_boom,146.68943786621094,186.12049865722656,0
