,name, x, y, z
0,arm,112.25205993652344,183.95826721191406,0
1,body,182.78390502929688,141.6835479736328,0
2,body_back,229.0911407470703,130.31268310546875,0
3,bucket,89.9070053100586,139.92906188964844,0
4,bucket_tip,82.1161117553711,117.88374328613281,0
5,springhinge_arm,106.70846557617188,204.67356872558594,0
6,springhinge_boom,146.62591552734375,186.04959106445312,0
