,name, x, y, z
0,arm,112.15603637695312,183.8917999267578,0
1,body,182.66770935058594,141.57461547851562,0
2,body_back,228.92701721191406,130.17034912109375,0
3,bucket,89.87940216064453,139.81478881835938,0
4,bucket_tip,82.0580062866211,117.77770233154297,0
5,springhinge_arm,106.63438415527344,204.58644104003906,0
6,springhinge_boom,146.56346130371094,185.97987365722656,0
