,name, x, y, z
0,arm,112.0616226196289,183.82643127441406,0
1,body,182.55393981933594,141.46795654296875,0
2,body_back,228.7663116455078,130.03097534179688,0
3,bucket,89.85238647460938,139.69825744628906,0
4,bucket_tip,82.0011215209961,117.67388916015625,0
5,springhinge_arm,106.56185150146484,204.5010986328125,0
6,springhinge_boom,146.50230407714844,185.91160583496094,0
