,name, x, y, z
0,arm,111.87908172607422,183.70004272460938,0
1,body,182.33543395996094,141.2631072998047,0
2,body_back,228.45767211914062,129.7633056640625,0
3,bucket,89.80048370361328,139.45887756347656,0
4,bucket_tip,81.89186096191406,117.47450256347656,0
5,springhinge_arm,106.42256164550781,204.33721923828125,0
6,springhinge_boom,146.38485717773438,185.78050231933594,0
