,name, x, y, z
0,arm,111.7916488647461,183.63954162597656,0
1,body,182.23158264160156,141.16575622558594,0
2,body_back,228.31097412109375,129.63607788085938,0
3,bucket,89.77582550048828,139.33628845214844,0
4,bucket_tip,81.83993530273438,117.37973022460938,0
5,springhinge_arm,106.35635375976562,204.25933837890625,0
6,springhinge_boom,146.32904052734375,185.7181854248047,0
