,name, x, y, z
0,arm,111.70726776123047,183.58111572265625,0
1,body,182.1319122314453,141.0723114013672,0
2,body_back,228.17019653320312,129.5139923095703,0
3,bucket,89.75215911865234,139.21188354492188,0
4,bucket_tip,81.79010009765625,117.28878784179688,0
5,springhinge_arm,106.29280853271484,204.18458557128906,0
6,springhinge_boom,146.27548217773438,185.65838623046875,0
