,name, x, y, z
0,arm,95.98041534423828,210.300048828125,0
1,body,176.17393493652344,132.8612518310547,0
2,body_back,234.38417053222656,129.14254760742188,0
3,bucket,76.3999252319336,165.12547302246094,0
4,bucket_tip,59.24690246582031,141.17849731445312,0
5,springhinge_arm,92.02569580078125,230.4251708984375,0
6,springhinge_boom,141.227294921875,192.3223419189453,0
