,name, x, y, z
0,arm,111.62627410888672,183.52503967285156,0
1,body,182.03688049316406,140.9832305908203,0
2,body_back,228.0359649658203,129.39756774902344,0
3,bucket,89.72957611083984,139.08583068847656,0
4,bucket_tip,81.74258422851562,117.20206451416016,0
5,springhinge_arm,106.23222351074219,204.11331176757812,0
6,springhinge_boom,146.22438049316406,185.60137939453125,0
