,name, x, y, z
0,arm,111.549072265625,183.47158813476562,0
1,body,181.94691467285156,140.8988800048828,0
2,body_back,227.9088897705078,129.287353515625,0
3,bucket,89.70821380615234,138.95823669433594,0
4,bucket_tip,81.6976089477539,117.1199722290039,0
5,springhinge_arm,106.17488861083984,204.0458221435547,0
6,springhinge_boom,146.17604064941406,185.54739379882812,0
