,name, x, y, z
0,arm,111.4759750366211,183.42098999023438,0
1,body,181.86245727539062,140.81968688964844,0
2,body_back,227.7895965576172,129.18389892578125,0
3,bucket,89.68815612792969,138.82920837402344,0
4,bucket_tip,81.65536499023438,117.04290771484375,0
5,springhinge_arm,106.12103271484375,203.9824981689453,0
6,springhinge_boom,146.13064575195312,185.49671936035156,0
