,name, x, y, z
0,arm,111.40735626220703,183.3734893798828,0
1,body,181.78395080566406,140.74609375,0
2,body_back,227.6787109375,129.08773803710938,0
3,bucket,89.66950988769531,138.69886779785156,0
4,bucket_tip,81.61611938476562,116.97127532958984,0
5,springhinge_arm,106.07098388671875,203.92359924316406,0
6,springhinge_boom,146.08843994140625,185.44961547851562,0
