,name, x, y, z
0,arm,111.34356689453125,183.32931518554688,0
1,body,181.7118377685547,140.67848205566406,0
2,body_back,227.57684326171875,128.9993896484375,0
3,bucket,89.65238189697266,138.5673370361328,0
4,bucket_tip,81.580078125,116.90547180175781,0
5,springhinge_arm,106.0250244140625,203.86952209472656,0
6,springhinge_boom,146.04969787597656,185.40634155273438,0
