,name, x, y, z
0,arm,111.23192596435547,183.2520294189453,0
1,body,181.5885467529297,140.5629119873047,0
2,body_back,227.4027099609375,128.84835815429688,0
3,bucket,89.62310791015625,138.30116271972656,0
4,bucket_tip,81.51842498779297,116.79296875,0
5,springhinge_arm,105.94642639160156,203.77706909179688,0
6,springhinge_boom,145.98341369628906,185.33236694335938,0
