,name, x, y, z
0,arm,111.14395141601562,183.1911163330078,0
1,body,181.49612426757812,140.47625732421875,0
2,body_back,227.27215576171875,128.73513793945312,0
3,bucket,89.60115814208984,138.03163146972656,0
4,bucket_tip,81.47219848632812,116.70862579345703,0
5,springhinge_arm,105.88750457763672,203.70774841308594,0
6,springhinge_boom,145.93373107910156,185.27691650390625,0
