,name, x, y, z
0,arm,111.10969543457031,183.16741943359375,0
1,body,181.4625701904297,140.44482421875,0
2,body_back,227.2247772216797,128.69406127929688,0
3,bucket,89.59317779541016,137.89590454101562,0
4,bucket_tip,81.45543670654297,116.67802429199219,0
5,springhinge_arm,105.86612701416016,203.68258666992188,0
6,springhinge_boom,145.91571044921875,185.2567901611328,0
