,name, x, y, z
0,arm,96.01586151123047,210.60723876953125,0
1,body,176.41677856445312,132.76263427734375,0
2,body_back,234.75975036621094,129.18460083007812,0
3,bucket,76.47181701660156,165.3109130859375,0
4,bucket_tip,59.42163848876953,141.29151916503906,0
5,springhinge_arm,91.9773941040039,230.68328857421875,0
6,springhinge_boom,141.37469482421875,192.33689880371094,0
