,name, x, y, z
0,arm,111.08245086669922,183.14854431152344,0
1,body,181.43807983398438,140.42184448242188,0
2,body_back,227.19015502929688,128.66404724121094,0
3,bucket,89.58737182617188,137.7597198486328,0
4,bucket_tip,81.44318389892578,116.6556625366211,0
5,springhinge_arm,105.85049438476562,203.66419982910156,0
6,springhinge_boom,145.9025421142578,185.24209594726562,0
