,name, x, y, z
0,arm,111.06253814697266,183.134765625,0
1,body,181.4230499267578,140.4077606201172,0
2,body_back,227.1689453125,128.6456298828125,0
3,bucket,89.58380126953125,137.6231689453125,0
4,bucket_tip,81.4356689453125,116.64195251464844,0
5,springhinge_arm,105.84091186523438,203.65293884277344,0
6,springhinge_boom,145.8944549560547,185.23306274414062,0
