,name, x, y, z
0,arm,111.05034637451172,183.12631225585938,0
1,body,181.41793823242188,140.40296936035156,0
2,body_back,227.16172790527344,128.63937377929688,0
3,bucket,89.58258056640625,137.48635864257812,0
4,bucket_tip,81.43312072753906,116.63729095458984,0
5,springhinge_arm,105.83766174316406,203.64910888671875,0
6,springhinge_boom,145.89170837402344,185.23001098632812,0
