,name, x, y, z
0,arm,111.04618835449219,183.12344360351562,0
1,body,181.42886352539062,140.4052734375,0
2,body_back,227.17015075683594,128.639404296875,0
3,bucket,89.59465026855469,137.34945678710938,0
4,bucket_tip,81.4354019165039,116.6421127319336,0
5,springhinge_arm,105.84951782226562,203.64918518066406,0
6,springhinge_boom,145.89918518066406,185.2307586669922,0
