,name, x, y, z
0,arm,111.0615005493164,183.12347412109375,0
1,body,181.46047973632812,140.41192626953125,0
2,body_back,227.19454956054688,128.63961791992188,0
3,bucket,89.62959289550781,137.2128448486328,0
4,bucket_tip,81.4421157836914,116.65613555908203,0
5,springhinge_arm,105.88391876220703,203.64968872070312,0
6,springhinge_boom,145.92080688476562,185.23316955566406,0
