,name, x, y, z
0,arm,111.10587310791016,183.123779296875,0
1,body,181.5111541748047,140.42259216308594,0
2,body_back,227.23365783691406,128.64016723632812,0
3,bucket,89.68558502197266,137.0768585205078,0
4,bucket_tip,81.4530258178711,116.6786880493164,0
5,springhinge_arm,105.93904113769531,203.6510009765625,0
6,springhinge_boom,145.95547485351562,185.2374725341797,0
