,name, x, y, z
0,arm,111.17698669433594,183.1245574951172,0
1,body,181.57920837402344,140.43692016601562,0
2,body_back,227.2862091064453,128.6412353515625,0
3,bucket,89.76082611083984,136.94190979003906,0
4,bucket_tip,81.4678955078125,116.70913696289062,0
5,springhinge_arm,106.01306915283203,203.65359497070312,0
6,springhinge_boom,146.00205993652344,185.24392700195312,0
