,name, x, y, z
0,arm,111.27251434326172,183.12606811523438,0
1,body,181.6630096435547,140.45455932617188,0
2,body_back,227.3509063720703,128.64300537109375,0
3,bucket,89.85343933105469,136.80838012695312,0
4,bucket_tip,81.48650360107422,116.74679565429688,0
5,springhinge_arm,106.1042251586914,203.6578826904297,0
6,springhinge_boom,146.05938720703125,185.25271606445312,0
