,name, x, y, z
0,arm,111.39013671875,183.12857055664062,0
1,body,181.7609100341797,140.47515869140625,0
2,body_back,227.42645263671875,128.64566040039062,0
3,bucket,89.96163940429688,136.67662048339844,0
4,bucket_tip,81.50865173339844,116.791015625,0
5,springhinge_arm,106.210693359375,203.66429138183594,0
6,springhinge_boom,146.12637329101562,185.2641143798828,0
