,name, x, y, z
0,arm,111.52750396728516,183.13233947753906,0
1,body,181.8712158203125,140.49839782714844,0
2,body_back,227.51162719726562,128.64935302734375,0
3,bucket,90.08357238769531,136.54708862304688,0
4,bucket_tip,81.53407287597656,116.84113311767578,0
5,springhinge_arm,106.33069610595703,203.67320251464844,0
6,springhinge_boom,146.20184326171875,185.27835083007812,0
