,name, x, y, z
0,arm,62.48237991333008,201.5457305908203,0
1,body,158.91864013671875,142.94993591308594,0
2,body_back,215.5067596435547,142.45533752441406,0
3,bucket,85.4393310546875,158.68600463867188,0
4,bucket_tip,97.7751693725586,127.72166442871094,0
5,springhinge_arm,46.933837890625,212.22381591796875,0
6,springhinge_boom,116.9798355102539,195.32144165039062,0
