,name, x, y, z
0,arm,96.0252685546875,210.88467407226562,0
1,body,176.652587890625,132.65931701660156,0
2,body_back,235.12705993652344,129.23147583007812,0
3,bucket,76.54320526123047,165.46287536621094,0
4,bucket_tip,59.59457778930664,141.38421630859375,0
5,springhinge_arm,91.89213562011719,230.9116973876953,0
6,springhinge_boom,141.50987243652344,192.34852600097656,0
