,name, x, y, z
0,arm,111.6823501586914,183.13755798339844,0
1,body,181.99229431152344,140.52389526367188,0
2,body_back,227.60507202148438,128.65426635742188,0
3,bucket,90.21739959716797,136.4200897216797,0
4,bucket_tip,81.56256866455078,116.8965072631836,0
5,springhinge_arm,106.46238708496094,203.68508911132812,0
6,springhinge_boom,146.28469848632812,185.29562377929688,0
