,name, x, y, z
0,arm,111.85228729248047,183.14451599121094,0
1,body,182.12249755859375,140.55130004882812,0
2,body_back,227.70558166503906,128.6605682373047,0
3,bucket,90.36129760742188,136.29605102539062,0
4,bucket_tip,81.59392547607422,116.95645141601562,0
5,springhinge_arm,106.60401153564453,203.70033264160156,0
6,springhinge_boom,146.37376403808594,185.31622314453125,0
