,name, x, y, z
0,arm,112.22820281982422,183.16461181640625,0
1,body,182.40357971191406,140.6104736328125,0
2,body_back,227.9225616455078,128.67807006835938,0
3,bucket,90.67198944091797,136.0583953857422,0
4,bucket_tip,81.66419982910156,117.08747100830078,0
5,springhinge_arm,106.90975952148438,203.74261474609375,0
6,springhinge_boom,146.56610107421875,185.36822509765625,0
