,name, x, y, z
0,arm,112.4295425415039,183.17825317382812,0
1,body,182.5511932373047,140.64154052734375,0
2,body_back,228.0364990234375,128.68960571289062,0
3,bucket,90.8351058959961,135.94554138183594,0
4,bucket_tip,81.70272064208984,117.15721893310547,0
5,springhinge_arm,107.07029724121094,203.77049255371094,0
6,springhinge_boom,146.66708374023438,185.40011596679688,0
