,name, x, y, z
0,arm,112.63668823242188,183.19459533691406,0
1,body,182.70126342773438,140.6731414794922,0
2,body_back,228.15235900878906,128.70323181152344,0
3,bucket,91.00098419189453,135.837158203125,0
4,bucket_tip,81.74317932128906,117.2289047241211,0
5,springhinge_arm,107.2335433959961,203.80343627929688,0
6,springhinge_boom,146.769775390625,185.4362335205078,0
