,name, x, y, z
0,arm,112.8473129272461,183.21389770507812,0
1,body,182.8521728515625,140.7049102783203,0
2,body_back,228.2688446044922,128.71913146972656,0
3,bucket,91.16777038574219,135.73367309570312,0
4,bucket_tip,81.78533172607422,117.30188751220703,0
5,springhinge_arm,107.3976821899414,203.84185791015625,0
6,springhinge_boom,146.87301635742188,185.47682189941406,0
