,name, x, y, z
0,arm,113.05911254882812,183.23643493652344,0
1,body,183.0022430419922,140.7364959716797,0
2,body_back,228.3846893310547,128.7374725341797,0
3,bucket,91.33363342285156,135.6354522705078,0
4,bucket_tip,81.82898712158203,117.37548828125,0
5,springhinge_arm,107.56092834472656,203.88616943359375,0
6,springhinge_boom,146.97569274902344,185.52210998535156,0
