,name, x, y, z
0,arm,113.26974487304688,183.2624053955078,0
1,body,183.1498260498047,140.767578125,0
2,body_back,228.4986114501953,128.75843811035156,0
3,bucket,91.49677276611328,135.5428466796875,0
4,bucket_tip,81.87389373779297,117.44905853271484,0
5,springhinge_arm,107.72146606445312,203.9368133544922,0
6,springhinge_boom,147.07669067382812,185.57232666015625,0
