,name, x, y, z
0,arm,113.47688293457031,183.2921142578125,0
1,body,183.2932891845703,140.79776000976562,0
2,body_back,228.60934448242188,128.7821807861328,0
3,bucket,91.65531921386719,135.45631408691406,0
4,bucket_tip,81.91984558105469,117.52193450927734,0
5,springhinge_arm,107.87749481201172,203.9942169189453,0
6,springhinge_boom,147.17483520507812,185.62770080566406,0
