,name, x, y, z
0,arm,96.00628662109375,211.13294982910156,0
1,body,176.8767547607422,132.5532989501953,0
2,body_back,235.48129272460938,129.28298950195312,0
3,bucket,76.61275482177734,165.5847625732422,0
4,bucket_tip,59.76261901855469,141.45864868164062,0
5,springhinge_arm,91.76736450195312,231.11148071289062,0
6,springhinge_boom,141.6299591064453,192.35806274414062,0
