,name, x, y, z
0,arm,113.67822265625,183.32574462890625,0
1,body,183.43093872070312,140.82675170898438,0
2,body_back,228.71560668945312,128.80889892578125,0
3,bucket,91.80745697021484,135.3761749267578,0
4,bucket_tip,81.96659851074219,117.59346008300781,0
5,springhinge_arm,108.02720642089844,204.0587615966797,0
6,springhinge_boom,147.26902770996094,185.6884765625,0
