,name, x, y, z
0,arm,113.87142181396484,183.3636016845703,0
1,body,183.5611114501953,140.8541717529297,0
2,body_back,228.81610107421875,128.8387451171875,0
3,bucket,91.95136260986328,135.30284118652344,0
4,bucket_tip,82.01394653320312,117.66297912597656,0
5,springhinge_arm,108.16883850097656,204.1309051513672,0
6,springhinge_boom,147.35809326171875,185.75491333007812,0
