,name, x, y, z
0,arm,114.05414581298828,183.4058837890625,0
1,body,183.6822052001953,140.87965393066406,0
2,body_back,228.9095916748047,128.8719024658203,0
3,bucket,92.0851821899414,135.2366943359375,0
4,bucket_tip,82.06163787841797,117.72982788085938,0
5,springhinge_arm,108.30054473876953,204.21104431152344,0
6,springhinge_boom,147.44094848632812,185.82720947265625,0
