,name, x, y, z
0,arm,114.22407531738281,183.45285034179688,0
1,body,183.7925262451172,140.9028778076172,0
2,body_back,228.99473571777344,128.90855407714844,0
3,bucket,92.20711517333984,135.17811584472656,0
4,bucket_tip,82.1094741821289,117.7933349609375,0
5,springhinge_arm,108.42052459716797,204.29962158203125,0
6,springhinge_boom,147.51641845703125,185.9055938720703,0
