,name, x, y, z
0,arm,114.37892150878906,183.50477600097656,0
1,body,183.89041137695312,140.92349243164062,0
2,body_back,229.07029724121094,128.94888305664062,0
3,bucket,92.31529998779297,135.1274871826172,0
4,bucket_tip,82.15721893310547,117.85286712646484,0
5,springhinge_arm,108.5270004272461,204.3970489501953,0
6,springhinge_boom,147.58338928222656,185.99034118652344,0
