,name, x, y, z
0,arm,114.51629638671875,183.56190490722656,0
1,body,183.97422790527344,140.94113159179688,0
2,body_back,229.13499450683594,128.99302673339844,0
3,bucket,92.40792083740234,135.085205078125,0
4,bucket_tip,82.20463562011719,117.9077377319336,0
5,springhinge_arm,108.6181640625,204.50375366210938,0
6,springhinge_boom,147.64073181152344,186.08164978027344,0
