,name, x, y, z
0,arm,114.63392639160156,183.6244354248047,0
1,body,184.0422821044922,140.95545959472656,0
2,body_back,229.18753051757812,129.04119873046875,0
3,bucket,92.483154296875,135.05166625976562,0
4,bucket_tip,82.25150299072266,117.95730590820312,0
5,springhinge_arm,108.69219207763672,204.62014770507812,0
6,springhinge_boom,147.6873016357422,186.1797637939453,0
