,name, x, y, z
0,arm,114.72944641113281,183.6926727294922,0
1,body,184.09295654296875,140.96612548828125,0
2,body_back,229.2266387939453,129.09353637695312,0
3,bucket,92.53915405273438,135.0272216796875,0
4,bucket_tip,82.29762268066406,118.00091552734375,0
5,springhinge_arm,108.74730682373047,204.7466583251953,0
6,springhinge_boom,147.7219696044922,186.28489685058594,0
