,name, x, y, z
0,arm,114.80056762695312,183.766845703125,0
1,body,184.1245574951172,140.9727783203125,0
2,body_back,229.2510528564453,129.15025329589844,0
3,bucket,92.57410430908203,135.01226806640625,0
4,bucket_tip,82.34274291992188,118.03788757324219,0
5,springhinge_arm,108.78170013427734,204.8837127685547,0
6,springhinge_boom,147.74359130859375,186.39732360839844,0
