,name, x, y, z
0,arm,114.84494018554688,183.84716796875,0
1,body,184.13546752929688,140.97508239746094,0
2,body_back,229.25946044921875,129.21148681640625,0
3,bucket,92.5861587524414,135.0072021484375,0
4,bucket_tip,82.38663482666016,118.06757354736328,0
5,springhinge_arm,108.79356384277344,205.03170776367188,0
6,springhinge_boom,147.75106811523438,186.5172576904297,0
