,name, x, y, z
0,arm,95.95661163330078,211.35269165039062,0
1,body,177.08462524414062,132.4465789794922,0
2,body_back,235.81747436523438,129.33897399902344,0
3,bucket,76.67912292480469,165.679931640625,0
4,bucket_tip,59.922584533691406,141.516845703125,0
5,springhinge_arm,91.60054779052734,231.28378295898438,0
6,springhinge_boom,141.73207092285156,192.3662872314453,0
