,name, x, y, z
0,arm,114.86024475097656,183.93392944335938,0
1,body,184.1269073486328,140.96865844726562,0
2,body_back,229.25946044921875,129.30499267578125,0
3,bucket,92.56576538085938,135.08734130859375,0
4,bucket_tip,82.4290771484375,118.09201049804688,0
5,springhinge_arm,108.78954315185547,205.19236755371094,0
6,springhinge_boom,147.7509002685547,186.64483642578125,0
