,name, x, y, z
0,arm,114.85548400878906,184.03358459472656,0
1,body,184.1025848388672,140.9507598876953,0
2,body_back,229.25946044921875,129.45138549804688,0
3,bucket,92.50859069824219,135.31747436523438,0
4,bucket_tip,82.46976470947266,118.12399291992188,0
5,springhinge_arm,108.77837371826172,205.3685760498047,0
6,springhinge_boom,147.7496795654297,186.7798309326172,0
