,name, x, y, z
0,arm,114.84214782714844,184.15390014648438,0
1,body,184.06451416015625,140.92352294921875,0
2,body_back,229.25946044921875,129.64013671875,0
3,bucket,92.4205551147461,135.68222045898438,0
4,bucket_tip,82.50845336914062,118.17903900146484,0
5,springhinge_arm,108.7613296508789,205.56268310546875,0
6,springhinge_boom,147.7463836669922,186.92193603515625,0
