,name, x, y, z
0,arm,114.82161712646484,184.29702758789062,0
1,body,184.0147247314453,140.8889617919922,0
2,body_back,229.25946044921875,129.86077880859375,0
3,bucket,92.30766296386719,136.1662139892578,0
4,bucket_tip,82.54480743408203,118.27262878417969,0
5,springhinge_arm,108.73973846435547,205.7769317626953,0
6,springhinge_boom,147.7399444580078,187.07080078125,0
