,name, x, y, z
0,arm,114.7952651977539,184.4651641845703,0
1,body,183.9552459716797,140.84922790527344,0
2,body_back,229.25946044921875,130.10276794433594,0
3,bucket,92.17585754394531,136.7540740966797,0
4,bucket_tip,82.57858276367188,118.42028045654297,0
5,springhinge_arm,108.71489715576172,206.01361083984375,0
6,springhinge_boom,147.7293701171875,187.2261199951172,0
