,name, x, y, z
0,arm,114.76451110839844,184.66046142578125,0
1,body,183.88807678222656,140.80633544921875,0
2,body_back,229.25946044921875,130.35562133789062,0
3,bucket,92.03108215332031,137.430419921875,0
4,bucket_tip,82.60944366455078,118.6374740600586,0
5,springhinge_arm,108.68809509277344,206.2749786376953,0
6,springhinge_boom,147.7135772705078,187.3875732421875,0
