,name, x, y, z
0,arm,114.69532012939453,185.14129638671875,0
1,body,183.73878479003906,140.71954345703125,0
2,body_back,229.25946044921875,130.8519287109375,0
3,bucket,91.72655487060547,138.9870147705078,0
4,bucket_tip,82.6613540649414,119.34251403808594,0
5,springhinge_arm,108.63383483886719,206.8810577392578,0
6,springhinge_boom,147.6621856689453,187.7276153564453,0
