,name, x, y, z
0,arm,114.65966796875,185.43115234375,0
1,body,183.6606903076172,140.67979431152344,0
2,body_back,229.25946044921875,131.07435607910156,0
3,bucket,91.57869720458984,139.83651733398438,0
4,bucket_tip,82.68183898925781,119.86135864257812,0
5,springhinge_arm,108.60899353027344,207.23028564453125,0
6,springhinge_boom,147.62451171875,187.9055633544922,0
