,name, x, y, z
0,arm,95.87388610839844,211.5445098876953,0
1,body,177.2715301513672,132.3411407470703,0
2,body_back,236.13075256347656,129.39923095703125,0
3,bucket,76.7409896850586,165.75173950195312,0
4,bucket_tip,60.071380615234375,141.5608673095703,0
5,springhinge_arm,91.38912963867188,231.42971801757812,0
6,springhinge_boom,141.81333923339844,192.3740997314453,0
