,name, x, y, z
0,arm,114.56520080566406,186.52464294433594,0
1,body,183.43698120117188,140.60009765625,0
2,body_back,229.25946044921875,131.5127716064453,0
3,bucket,91.2243881225586,142.48536682128906,0
4,bucket_tip,82.71781158447266,122.26921081542969,0
5,springhinge_arm,108.55918884277344,208.49038696289062,0
6,springhinge_boom,147.45108032226562,188.4672393798828,0
