,name, x, y, z
0,arm,114.54249572753906,186.97100830078125,0
1,body,183.37265014648438,140.5936737060547,0
2,body_back,229.25946044921875,131.547607421875,0
3,bucket,91.15589141845703,143.35047912597656,0
4,bucket_tip,82.7203598022461,123.40726470947266,0
5,springhinge_arm,108.55517578125,208.98880004882812,0
6,springhinge_boom,147.36965942382812,188.6626739501953,0
