,name, x, y, z
0,arm,114.52650451660156,187.46194458007812,0
1,body,183.34616088867188,140.58914184570312,0
2,body_back,229.2042999267578,131.5364532470703,0
3,bucket,91.14555358886719,144.17311096191406,0
4,bucket_tip,82.73604583740234,124.76346588134766,0
5,springhinge_arm,108.59889221191406,209.51812744140625,0
6,springhinge_boom,147.29574584960938,188.85516357421875,0
