,name, x, y, z
0,arm,114.5456771850586,187.98736572265625,0
1,body,183.38040161132812,140.57740783691406,0
2,body_back,229.07371520996094,131.47837829589844,0
3,bucket,91.19044494628906,144.91827392578125,0
4,bucket_tip,82.72002410888672,126.25386810302734,0
5,springhinge_arm,108.71552276611328,210.04002380371094,0
6,springhinge_boom,147.25399780273438,189.03189086914062,0
