,name, x, y, z
0,arm,114.6107177734375,188.50816345214844,0
1,body,183.4647979736328,140.56137084960938,0
2,body_back,228.920166015625,131.33651733398438,0
3,bucket,91.248291015625,145.55311584472656,0
4,bucket_tip,82.57772827148438,127.70796203613281,0
5,springhinge_arm,108.88333892822266,210.5142059326172,0
6,springhinge_boom,147.25039672851562,189.18356323242188,0
