,name, x, y, z
0,arm,114.7780990600586,189.3710479736328,0
1,body,183.7413787841797,140.52786254882812,0
2,body_back,228.75369262695312,130.65408325195312,0
3,bucket,91.23330688476562,146.36045837402344,0
4,bucket_tip,81.53587341308594,129.8252410888672,0
5,springhinge_arm,109.28545379638672,211.15823364257812,0
6,springhinge_boom,147.3813934326172,189.37472534179688,0
