,name, x, y, z
0,arm,114.83020782470703,189.63059997558594,0
1,body,183.9123077392578,140.51614379882812,0
2,body_back,228.84559631347656,130.03981018066406,0
3,bucket,91.07575225830078,146.4672393798828,0
4,bucket_tip,80.44713592529297,130.14739990234375,0
5,springhinge_arm,109.47624206542969,211.24740600585938,0
6,springhinge_boom,147.5279083251953,189.3956298828125,0
