,name, x, y, z
0,arm,114.82779693603516,189.72055053710938,0
1,body,189.80593872070312,131.2147979736328,0
2,body_back,237.07533264160156,125.55371856689453,0
3,bucket,87.0528335571289,128.34585571289062,0
4,bucket_tip,68.8914566040039,113.83768463134766,0
5,springhinge_arm,109.2197036743164,184.63970947265625,0
6,springhinge_boom,149.79818725585938,171.70333862304688,0
