,name, x, y, z
0,arm,95.75579833984375,211.70899963378906,0
1,body,177.43287658691406,132.23895263671875,0
2,body_back,236.41622924804688,129.46356201171875,0
3,bucket,76.79700469970703,165.8035125732422,0
4,bucket_tip,60.20587158203125,141.5927276611328,0
5,springhinge_arm,91.13054656982422,231.55038452148438,0
6,springhinge_boom,141.8709259033203,192.38226318359375,0
