,name, x, y, z
0,arm,112.75332641601562,166.04827880859375,0
1,body,190.19313049316406,131.2282257080078,0
2,body_back,237.45501708984375,125.58331298828125,0
3,bucket,86.33972930908203,128.3931121826172,0
4,bucket_tip,69.34506225585938,113.84619140625,0
5,springhinge_arm,109.03370666503906,184.64991760253906,0
6,springhinge_boom,150.24986267089844,171.71685791015625,0
