,name, x, y, z
0,arm,112.57843780517578,166.08087158203125,0
1,body,190.27548217773438,131.23814392089844,0
2,body_back,237.5318145751953,125.60550689697266,0
3,bucket,86.1333236694336,128.42796325683594,0
4,bucket_tip,69.47634887695312,113.85255432128906,0
5,springhinge_arm,108.97825622558594,184.65789794921875,0
6,springhinge_boom,150.3794708251953,171.7272186279297,0
