,name, x, y, z
0,arm,112.41561126708984,166.12493896484375,0
1,body,190.33676147460938,131.2504119873047,0
2,body_back,237.5862274169922,125.6333236694336,0
3,bucket,85.941650390625,128.47113037109375,0
4,bucket_tip,69.5982666015625,113.86048889160156,0
5,springhinge_arm,108.92583465576172,184.66818237304688,0
6,springhinge_boom,150.49908447265625,171.7403106689453,0
