,name, x, y, z
0,arm,112.26439666748047,166.1795654296875,0
1,body,190.37832641601562,131.2648468017578,0
2,body_back,237.61973571777344,125.66645812988281,0
3,bucket,85.76419067382812,128.5218963623047,0
4,bucket_tip,69.71116638183594,113.86991882324219,0
5,springhinge_arm,108.87630462646484,184.68080139160156,0
6,springhinge_boom,150.60902404785156,171.7561492919922,0
