,name, x, y, z
0,arm,112.12439727783203,166.24380493164062,0
1,body,190.4015350341797,131.28123474121094,0
2,body_back,237.63375854492188,125.70460510253906,0
3,bucket,85.60034942626953,128.5795440673828,0
4,bucket_tip,69.81538391113281,113.88072967529297,0
5,springhinge_arm,108.82951354980469,184.69577026367188,0
6,springhinge_boom,150.70950317382812,171.77462768554688,0
