,name, x, y, z
0,arm,111.9951171875,166.3167266845703,0
1,body,190.40773010253906,131.2993621826172,0
2,body_back,237.62982177734375,125.7474365234375,0
3,bucket,85.4495849609375,128.64337158203125,0
4,bucket_tip,69.9112319946289,113.89283752441406,0
5,springhinge_arm,108.78523254394531,184.7130889892578,0
6,springhinge_boom,150.80084228515625,171.79563903808594,0
