,name, x, y, z
0,arm,111.76720428466797,166.4850616455078,0
1,body,190.37469482421875,131.34005737304688,0
2,body_back,237.57400512695312,125.84589385986328,0
3,bucket,85.18524932861328,128.78652954101562,0
4,bucket_tip,70.07938385009766,113.92048645019531,0
5,springhinge_arm,108.70390319824219,184.75489807128906,0
6,springhinge_boom,150.95730590820312,171.8450927734375,0
