,name, x, y, z
0,arm,95.5999526977539,211.84677124023438,0
1,body,177.56399536132812,132.14207458496094,0
2,body_back,236.66896057128906,129.53182983398438,0
3,bucket,76.84581756591797,165.83863830566406,0
4,bucket_tip,60.32292556762695,141.61453247070312,0
5,springhinge_arm,90.82227325439453,231.6469268798828,0
6,springhinge_boom,141.90194702148438,192.39169311523438,0
