,name, x, y, z
0,arm,111.66767883300781,166.57858276367188,0
1,body,190.3381805419922,131.36219787597656,0
2,body_back,237.5251007080078,125.90091705322266,0
3,bucket,85.07054901123047,128.86447143554688,0
4,bucket_tip,70.1523666381836,113.93585205078125,0
5,springhinge_arm,108.66650390625,184.7794189453125,0
6,springhinge_boom,151.02296447753906,171.87335205078125,0
