,name, x, y, z
0,arm,111.5771713256836,166.6772003173828,0
1,body,190.29010009765625,131.38528442382812,0
2,body_back,237.464111328125,125.9593734741211,0
3,bucket,84.96672821044922,128.94566345214844,0
4,bucket_tip,70.2183609008789,113.95210266113281,0
5,springhinge_arm,108.63105010986328,184.80636596679688,0
6,springhinge_boom,151.08062744140625,171.90391540527344,0
