,name, x, y, z
0,arm,111.49526977539062,166.77992248535156,0
1,body,190.23191833496094,131.40908813476562,0
2,body_back,237.39259338378906,126.02094268798828,0
3,bucket,84.87333679199219,129.02938842773438,0
4,bucket_tip,70.27781677246094,113.96914672851562,0
5,springhinge_arm,108.59746551513672,184.83575439453125,0
6,springhinge_boom,151.13058471679688,171.9366455078125,0
