,name, x, y, z
0,arm,111.42157745361328,166.88583374023438,0
1,body,190.16490173339844,131.43341064453125,0
2,body_back,237.3119659423828,126.08533477783203,0
3,bucket,84.78974151611328,129.11495971679688,0
4,bucket_tip,70.33098602294922,113.98689270019531,0
5,springhinge_arm,108.5655288696289,184.8676300048828,0
6,springhinge_boom,151.17312622070312,171.97152709960938,0
