,name, x, y, z
0,arm,111.35563659667969,166.9940643310547,0
1,body,190.09043884277344,131.45803833007812,0
2,body_back,237.22373962402344,126.15220642089844,0
3,bucket,84.71539306640625,129.2015838623047,0
4,bucket_tip,70.37825012207031,114.00520324707031,0
5,springhinge_arm,108.53508758544922,184.90196228027344,0
6,springhinge_boom,151.20849609375,172.00843811035156,0
