,name, x, y, z
0,arm,111.29701232910156,167.1036376953125,0
1,body,190.0099334716797,131.4827423095703,0
2,body_back,237.12939453125,126.22123718261719,0
3,bucket,84.64979553222656,129.28855895996094,0
4,bucket_tip,70.41995239257812,114.02398681640625,0
5,springhinge_arm,108.50601959228516,184.9387664794922,0
6,springhinge_boom,151.23699951171875,172.0472869873047,0
