,name, x, y, z
0,arm,111.2452621459961,167.2136993408203,0
1,body,189.9247283935547,131.5073699951172,0
2,body_back,237.0303955078125,126.29216766357422,0
3,bucket,84.59236907958984,129.3751983642578,0
4,bucket_tip,70.45646667480469,114.04319763183594,0
5,springhinge_arm,108.47817993164062,184.97813415527344,0
6,springhinge_boom,151.2589569091797,172.0880889892578,0
