,name, x, y, z
0,arm,111.19998168945312,167.3232879638672,0
1,body,189.8362274169922,131.5316925048828,0
2,body_back,236.9282989501953,126.36461639404297,0
3,bucket,84.54267120361328,129.4607391357422,0
4,bucket_tip,70.48814392089844,114.06267547607422,0
5,springhinge_arm,108.45147705078125,185.02001953125,0
6,springhinge_boom,151.274658203125,172.1306915283203,0
