,name, x, y, z
0,arm,111.16072082519531,167.4315185546875,0
1,body,189.7456817626953,131.55548095703125,0
2,body_back,236.82443237304688,126.43830108642578,0
3,bucket,84.49996948242188,129.54446411132812,0
4,bucket_tip,70.51525115966797,114.08232116699219,0
5,springhinge_arm,108.42560577392578,185.06442260742188,0
6,springhinge_boom,151.28428649902344,172.17503356933594,0
