,name, x, y, z
0,arm,95.40406036376953,211.95843505859375,0
1,body,177.66024780273438,132.0524139404297,0
2,body_back,236.8841094970703,129.6038055419922,0
3,bucket,76.8861083984375,165.86050415039062,0
4,bucket_tip,60.41941833496094,141.6282958984375,0
5,springhinge_arm,90.46176147460938,231.72044372558594,0
6,springhinge_boom,141.9035186767578,192.4031219482422,0
