,name, x, y, z
0,arm,111.09858703613281,167.64015197753906,0
1,body,189.5642547607422,131.60072326660156,0
2,body_back,236.61769104003906,126.58814239501953,0
3,bucket,84.43376922607422,129.70359802246094,0
4,bucket_tip,70.55741119384766,114.12181091308594,0
5,springhinge_arm,108.37612915039062,185.1609649658203,0
6,springhinge_boom,151.2868194580078,172.2687225341797,0
