,name, x, y, z
0,arm,111.07484436035156,167.73876953125,0
1,body,189.47601318359375,131.62173461914062,0
2,body_back,236.5177001953125,126.66365051269531,0
3,bucket,84.40909576416016,129.77755737304688,0
4,bucket_tip,70.57306671142578,114.14142608642578,0
5,springhinge_arm,108.35211944580078,185.213134765625,0
6,springhinge_boom,151.28018188476562,172.31790161132812,0
