,name, x, y, z
0,arm,111.05537414550781,167.83230590820312,0
1,body,189.3912811279297,131.6414337158203,0
2,body_back,236.4219207763672,126.7391357421875,0
3,bucket,84.38934326171875,129.84678649902344,0
4,bucket_tip,70.58560943603516,114.16083526611328,0
5,springhinge_arm,108.32843017578125,185.26788330078125,0
6,springhinge_boom,151.26866149902344,172.36851501464844,0
