,name, x, y, z
0,arm,111.02766418457031,168.00062561035156,0
1,body,189.23776245117188,131.6759490966797,0
2,body_back,236.24911499023438,126.88877868652344,0
3,bucket,84.36244201660156,129.96824645996094,0
4,bucket_tip,70.60275268554688,114.1985855102539,0
5,springhinge_arm,108.2814712524414,185.38531494140625,0
6,springhinge_boom,151.23226928710938,172.4738311767578,0
