,name, x, y, z
0,arm,111.0185546875,168.0735626220703,0
1,body,189.1717071533203,131.6903839111328,0
2,body_back,236.17498779296875,126.96231079101562,0
3,bucket,84.35416412353516,130.01901245117188,0
4,bucket_tip,70.6080322265625,114.21674346923828,0
5,springhinge_arm,108.25788116455078,185.447998046875,0
6,springhinge_boom,151.2079315185547,172.5283966064453,0
