,name, x, y, z
0,arm,111.01201629638672,168.13778686523438,0
1,body,189.11459350585938,131.70265197753906,0
2,body_back,236.1110076904297,127.03456115722656,0
3,bucket,84.34861755371094,130.0621795654297,0
4,bucket_tip,70.61156463623047,114.23429107666016,0
5,springhinge_arm,108.23397064208984,185.5133819580078,0
6,springhinge_boom,151.17987060546875,172.5841064453125,0
