,name, x, y, z
0,arm,111.00765991210938,168.1923828125,0
1,body,189.06777954101562,131.71255493164062,0
2,body_back,236.05865478515625,127.10521697998047,0
3,bucket,84.3452377319336,130.09701538085938,0
4,bucket_tip,70.61369323730469,114.25111389160156,0
5,springhinge_arm,108.2096176147461,185.58143615722656,0
6,springhinge_boom,151.14833068847656,172.64088439941406,0
