,name, x, y, z
0,arm,111.00497436523438,168.23646545410156,0
1,body,189.03268432617188,131.71986389160156,0
2,body_back,236.0194549560547,127.17394256591797,0
3,bucket,84.34352111816406,130.12277221679688,0
4,bucket_tip,70.61479949951172,114.26710510253906,0
5,springhinge_arm,108.18470764160156,185.65219116210938,0
6,springhinge_boom,151.1136932373047,172.6986846923828,0
