,name, x, y, z
0,arm,95.1657943725586,212.0446014404297,0
1,body,177.71702575683594,131.97201538085938,0
2,body_back,237.0567169189453,129.6793212890625,0
3,bucket,76.91655731201172,165.8724365234375,0
4,bucket_tip,60.492218017578125,141.6360626220703,0
5,springhinge_arm,90.04646301269531,231.77203369140625,0
6,springhinge_boom,141.87278747558594,192.41744995117188,0
