,name, x, y, z
0,arm,111.00312042236328,168.289306640625,0
1,body,189.0029296875,131.72596740722656,0
2,body_back,235.9862823486328,127.30445861816406,0
3,bucket,84.34278869628906,130.14427185058594,0
4,bucket_tip,70.6152572631836,114.2962646484375,0
5,springhinge_arm,108.13248443603516,185.80194091796875,0
6,springhinge_boom,151.03604125976562,172.81703186035156,0
