,name, x, y, z
0,arm,111.01106262207031,168.29624938964844,0
1,body,189.0029296875,131.72596740722656,0
2,body_back,235.9862823486328,127.42449188232422,0
3,bucket,84.34278869628906,130.14427185058594,0
4,bucket_tip,70.6152572631836,114.3220443725586,0
5,springhinge_arm,108.07563781738281,185.96377563476562,0
6,springhinge_boom,150.94876098632812,172.93963623046875,0
