,name, x, y, z
0,arm,111.0334243774414,168.29624938964844,0
1,body,189.0029296875,131.72596740722656,0
2,body_back,235.9862823486328,127.48005676269531,0
3,bucket,84.34278869628906,130.14427185058594,0
4,bucket_tip,70.6152572631836,114.33384704589844,0
5,springhinge_arm,108.04442596435547,186.04974365234375,0
6,springhinge_boom,150.9015350341797,173.00277709960938,0
