,name, x, y, z
0,arm,111.11067962646484,168.29624938964844,0
1,body,189.0029296875,131.72596740722656,0
2,body_back,235.9862823486328,127.5803451538086,0
3,bucket,84.34278869628906,130.14427185058594,0
4,bucket_tip,70.6152572631836,114.35498046875,0
5,springhinge_arm,107.9738998413086,186.2319793701172,0
6,springhinge_boom,150.79954528808594,173.132568359375,0
