,name, x, y, z
0,arm,111.16036987304688,168.29624938964844,0
1,body,189.0029296875,131.72596740722656,0
2,body_back,235.9862823486328,127.62430572509766,0
3,bucket,84.34278869628906,130.14427185058594,0
4,bucket_tip,70.6152572631836,114.36416625976562,0
5,springhinge_arm,107.93359375,186.32833862304688,0
6,springhinge_boom,150.7446746826172,173.1991424560547,0
