,name, x, y, z
0,arm,111.21398162841797,168.29624938964844,0
1,body,189.0029296875,131.72596740722656,0
2,body_back,235.9862823486328,127.66365051269531,0
3,bucket,84.34278869628906,130.14427185058594,0
4,bucket_tip,70.6152572631836,114.37235260009766,0
5,springhinge_arm,107.88926696777344,186.42828369140625,0
6,springhinge_boom,150.6871337890625,173.26675415039062,0
