,name, x, y, z
0,arm,111.26887512207031,168.29624938964844,0
1,body,189.0029296875,131.72596740722656,0
2,body_back,235.9862823486328,127.69798278808594,0
3,bucket,84.34278869628906,130.14427185058594,0
4,bucket_tip,70.6152572631836,114.37945556640625,0
5,springhinge_arm,107.84040832519531,186.53182983398438,0
6,springhinge_boom,150.6268768310547,173.33541870117188,0
