,name, x, y, z
0,arm,111.32247924804688,168.29624938964844,0
1,body,189.0029296875,131.72596740722656,0
2,body_back,235.9862823486328,127.7269287109375,0
3,bucket,84.34278869628906,130.14427185058594,0
4,bucket_tip,70.6152572631836,114.38542938232422,0
5,springhinge_arm,107.78652954101562,186.6390380859375,0
6,springhinge_boom,150.56381225585938,173.40501403808594,0
