,name, x, y, z
0,arm,94.88276672363281,212.1058807373047,0
1,body,177.72967529296875,131.90284729003906,0
2,body_back,237.181884765625,129.7581787109375,0
3,bucket,76.935791015625,165.87779235839844,0
4,bucket_tip,60.538177490234375,141.63987731933594,0
5,springhinge_arm,89.57383728027344,231.80284118652344,0
6,springhinge_boom,141.80690002441406,192.43545532226562,0
