,name, x, y, z
0,arm,111.37217712402344,168.29624938964844,0
1,body,189.0029296875,131.72596740722656,0
2,body_back,235.9862823486328,127.75010681152344,0
3,bucket,84.34278869628906,130.14427185058594,0
4,bucket_tip,70.6152572631836,114.39018249511719,0
5,springhinge_arm,107.72712707519531,186.74996948242188,0
6,springhinge_boom,150.49790954589844,173.47557067871094,0
