,name, x, y, z
0,arm,111.44941711425781,168.29624938964844,0
1,body,189.0029296875,131.72596740722656,0
2,body_back,235.9862823486328,127.77762603759766,0
3,bucket,84.34278869628906,130.14427185058594,0
4,bucket_tip,70.6152572631836,114.39580535888672,0
5,springhinge_arm,107.58979034423828,186.98321533203125,0
6,springhinge_boom,150.35726928710938,173.6193389892578,0
