,name, x, y, z
0,arm,111.47176361083984,168.29624938964844,0
1,body,189.0029296875,131.72596740722656,0
2,body_back,235.9862823486328,127.78121185302734,0
3,bucket,84.34278869628906,130.14427185058594,0
4,bucket_tip,70.6152572631836,114.39653015136719,0
5,springhinge_arm,107.5108413696289,187.10560607910156,0
6,springhinge_boom,150.28240966796875,173.6924591064453,0
