,name, x, y, z
0,arm,111.47979736328125,168.29624938964844,0
1,body,189.0011444091797,131.72598266601562,0
2,body_back,235.98500061035156,127.77886199951172,0
3,bucket,84.3394546508789,130.1439971923828,0
4,bucket_tip,70.61360931396484,114.39537048339844,0
5,springhinge_arm,107.42449188232422,187.23187255859375,0
6,springhinge_boom,150.20448303222656,173.766357421875,0
