,name, x, y, z
0,arm,111.4753189086914,168.30075073242188,0
1,body,188.99578857421875,131.72604370117188,0
2,body_back,235.9811553955078,127.77188873291016,0
3,bucket,84.32964324951172,130.14315795898438,0
4,bucket_tip,70.60877990722656,114.39195251464844,0
5,springhinge_arm,107.33080291748047,187.36196899414062,0
6,springhinge_boom,150.12350463867188,173.84103393554688,0
