,name, x, y, z
0,arm,111.46195220947266,168.31410217285156,0
1,body,188.9868621826172,131.72621154785156,0
2,body_back,235.9748077392578,127.76044464111328,0
3,bucket,84.31361389160156,130.1417999267578,0
4,bucket_tip,70.60092163085938,114.38636016845703,0
5,springhinge_arm,107.22991180419922,187.49574279785156,0
6,springhinge_boom,150.03955078125,173.9164581298828,0
