,name, x, y, z
0,arm,111.43989562988281,168.33612060546875,0
1,body,188.97438049316406,131.72654724121094,0
2,body_back,235.96592712402344,127.74469757080078,0
3,bucket,84.2916488647461,130.1399383544922,0
4,bucket_tip,70.59012603759766,114.378662109375,0
5,springhinge_arm,107.12196350097656,187.63311767578125,0
6,springhinge_boom,149.95265197753906,173.99267578125,0
