,name, x, y, z
0,arm,111.4093017578125,168.3665771484375,0
1,body,188.95834350585938,131.72711181640625,0
2,body_back,235.95452880859375,127.72477722167969,0
3,bucket,84.26402282714844,130.13760375976562,0
4,bucket_tip,70.5765380859375,114.36894226074219,0
5,springhinge_arm,107.00711059570312,187.7739715576172,0
6,springhinge_boom,149.86288452148438,174.0696563720703,0
