,name, x, y, z
0,arm,94.55268096923828,212.14288330078125,0
1,body,177.6935577392578,131.84690856933594,0
2,body_back,237.25477600097656,129.84024047851562,0
3,bucket,76.9425277709961,165.8799591064453,0
4,bucket_tip,60.55421829223633,141.64183044433594,0
5,springhinge_arm,89.04132843017578,231.81399536132812,0
6,springhinge_boom,141.70298767089844,192.45802307128906,0
