,name, x, y, z
0,arm,111.32324981689453,168.4520263671875,0
1,body,188.9156494140625,131.72911071777344,0
2,body_back,235.92428588867188,127.67306518554688,0
3,bucket,84.19281768798828,130.13156127929688,0
4,bucket_tip,70.54153442382812,114.34378051757812,0
5,springhinge_arm,106.75736999511719,188.06573486328125,0
6,springhinge_boom,149.67498779296875,174.22593688964844,0
