,name, x, y, z
0,arm,111.26812744140625,168.50657653808594,0
1,body,188.88900756835938,131.73065185546875,0
2,body_back,235.9054718017578,127.64157104492188,0
3,bucket,84.1498031616211,130.12791442871094,0
4,bucket_tip,70.52037811279297,114.3284912109375,0
5,springhinge_arm,106.6227798461914,188.21640014648438,0
6,springhinge_boom,149.57696533203125,174.3052215576172,0
