,name, x, y, z
0,arm,111.20515441894531,168.56875610351562,0
1,body,188.85882568359375,131.73263549804688,0
2,body_back,235.88418579101562,127.60651397705078,0
3,bucket,84.10218048095703,130.12388610839844,0
4,bucket_tip,70.49697875976562,114.31150817871094,0
5,springhinge_arm,106.48193359375,188.37013244628906,0
6,springhinge_boom,149.47630310058594,174.38526916503906,0
