,name, x, y, z
0,arm,111.134521484375,168.63832092285156,0
1,body,188.8251190185547,131.73512268066406,0
2,body_back,235.86050415039062,127.56804656982422,0
3,bucket,84.05023956298828,130.11947631835938,0
4,bucket_tip,70.4714584350586,114.29291534423828,0
5,springhinge_arm,106.33495330810547,188.52679443359375,0
6,springhinge_boom,149.3730926513672,174.46609497070312,0
