,name, x, y, z
0,arm,111.05638885498047,168.71510314941406,0
1,body,188.7879180908203,131.73814392089844,0
2,body_back,235.83436584472656,127.52632904052734,0
3,bucket,83.99425506591797,130.11473083496094,0
4,bucket_tip,70.44393157958984,114.27279663085938,0
5,springhinge_arm,106.18199920654297,188.68629455566406,0
6,springhinge_boom,149.26731872558594,174.54766845703125,0
