,name, x, y, z
0,arm,110.97093200683594,168.7988739013672,0
1,body,188.74720764160156,131.74179077148438,0
2,body_back,235.80581665039062,127.48149871826172,0
3,bucket,83.93449401855469,130.1096649169922,0
4,bucket_tip,70.41455841064453,114.251220703125,0
5,springhinge_arm,106.02323913574219,188.8485565185547,0
6,springhinge_boom,149.1591033935547,174.6300048828125,0
