,name, x, y, z
0,arm,110.77874755859375,168.986572265625,0
1,body,188.6552734375,131.75108337402344,0
2,body_back,235.74159240722656,127.38314056396484,0
3,bucket,83.80469512939453,130.09866333007812,0
4,bucket_tip,70.35075378417969,114.20404815673828,0
5,springhinge_arm,105.68892669677734,189.18080139160156,0
6,springhinge_boom,148.9355010986328,174.79698181152344,0
