,name, x, y, z
0,arm,110.67234802246094,169.09005737304688,0
1,body,188.6040802001953,131.75685119628906,0
2,body_back,235.70591735839844,127.32990264892578,0
3,bucket,83.7352066040039,130.0927734375,0
4,bucket_tip,70.31659698486328,114.17860412597656,0
5,springhinge_arm,105.513671875,189.3505859375,0
6,springhinge_boom,148.82025146484375,174.88162231445312,0
