,name, x, y, z
0,arm,110.55931091308594,169.19972229003906,0
1,body,188.5493927001953,131.76345825195312,0
2,body_back,235.6678924560547,127.27416229248047,0
3,bucket,83.66300201416016,130.08665466308594,0
4,bucket_tip,70.28111267089844,114.15203094482422,0
5,springhinge_arm,105.33323669433594,189.5226593017578,0
6,springhinge_boom,148.70277404785156,174.96701049804688,0
