,name, x, y, z
0,arm,62.339996337890625,201.70376586914062,0
1,body,158.80203247070312,142.77931213378906,0
2,body_back,215.27377319335938,142.26368713378906,0
3,bucket,85.3403091430664,158.76824951171875,0
4,bucket_tip,97.78889465332031,127.70721435546875,0
5,springhinge_arm,46.732704162597656,212.4406280517578,0
6,springhinge_boom,116.93900299072266,195.31033325195312,0
