,name, x, y, z
0,arm,94.1732177734375,212.15618896484375,0
1,body,177.6229248046875,131.80032348632812,0
2,body_back,237.2894744873047,129.92526245117188,0
3,bucket,76.93987274169922,165.85791015625,0
4,bucket_tip,60.59455490112305,141.60032653808594,0
5,springhinge_arm,88.46536254882812,231.80860900878906,0
6,springhinge_boom,141.57667541503906,192.48570251464844,0
