,name, x, y, z
0,arm,110.43982696533203,169.31533813476562,0
1,body,188.49124145507812,131.77093505859375,0
2,body_back,235.62754821777344,127.21607208251953,0
3,bucket,83.5884017944336,130.08033752441406,0
4,bucket_tip,70.24445343017578,114.12442779541016,0
5,springhinge_arm,105.14773559570312,189.6969451904297,0
6,springhinge_boom,148.58311462402344,175.0531463623047,0
