,name, x, y, z
0,arm,110.18212127685547,169.5635986328125,0
1,body,188.36451721191406,131.7887420654297,0
2,body_back,235.53988647460938,127.09343719482422,0
3,bucket,83.43294525146484,130.06715393066406,0
4,bucket_tip,70.16803741455078,114.0663833618164,0
5,springhinge_arm,104.76226806640625,190.05165100097656,0
6,springhinge_boom,148.33753967285156,175.22775268554688,0
