,name, x, y, z
0,arm,110.04427337646484,169.69581604003906,0
1,body,188.29598999023438,131.7991943359375,0
2,body_back,235.49258422851562,127.0291976928711,0
3,bucket,83.35265350341797,130.06036376953125,0
4,bucket_tip,70.12857055664062,114.03611755371094,0
5,springhinge_arm,104.5625991821289,190.23187255859375,0
6,springhinge_boom,148.2117156982422,175.316162109375,0
