,name, x, y, z
0,arm,109.75138092041016,169.9754180908203,0
1,body,188.14854431152344,131.82342529296875,0
2,body_back,235.39122009277344,126.89563751220703,0
3,bucket,83.18829345703125,130.0464324951172,0
4,bucket_tip,70.04779052734375,113.97350311279297,0
5,springhinge_arm,104.15017700195312,190.59747314453125,0
6,springhinge_boom,147.954345703125,175.4952850341797,0
