,name, x, y, z
0,arm,109.59671020507812,170.1223907470703,0
1,body,188.06968688964844,131.83734130859375,0
2,body_back,235.33712768554688,126.82661437988281,0
3,bucket,83.10477447509766,130.0393524169922,0
4,bucket_tip,70.00672149658203,113.94131469726562,0
5,springhinge_arm,103.93771362304688,190.7826385498047,0
6,springhinge_boom,147.82289123535156,175.58596801757812,0
