,name, x, y, z
0,arm,109.43675994873047,170.27386474609375,0
1,body,187.98739624023438,131.85250854492188,0
2,body_back,235.2808074951172,126.75629425048828,0
3,bucket,83.02069091796875,130.0322265625,0
4,bucket_tip,69.96540069580078,113.90865325927734,0
5,springhinge_arm,103.7212905883789,190.96925354003906,0
6,springhinge_boom,147.68966674804688,175.67742919921875,0
