,name, x, y, z
0,arm,109.27171325683594,170.4296112060547,0
1,body,187.9016571044922,131.86900329589844,0
2,body_back,235.22227478027344,126.68482208251953,0
3,bucket,82.93635559082031,130.0250701904297,0
4,bucket_tip,69.92394256591797,113.8755874633789,0
5,springhinge_arm,103.5010757446289,191.15719604492188,0
6,springhinge_boom,147.5547637939453,175.76962280273438,0
