,name, x, y, z
0,arm,109.10177612304688,170.58944702148438,0
1,body,187.81251525878906,131.88685607910156,0
2,body_back,235.16152954101562,126.61236572265625,0
3,bucket,82.85199737548828,130.01792907714844,0
4,bucket_tip,69.88248443603516,113.84220886230469,0
5,springhinge_arm,103.27722930908203,191.3463592529297,0
6,springhinge_boom,147.41818237304688,175.86257934570312,0
