,name, x, y, z
0,arm,108.92706298828125,170.75315856933594,0
1,body,187.719970703125,131.9061279296875,0
2,body_back,235.0985870361328,126.53907775878906,0
3,bucket,82.76793670654297,130.01080322265625,0
4,bucket_tip,69.8411636352539,113.80859375,0
5,springhinge_arm,103.04985809326172,191.53665161132812,0
6,springhinge_boom,147.28004455566406,175.95628356933594,0
