,name, x, y, z
0,arm,108.74778747558594,170.92054748535156,0
1,body,187.62400817871094,131.92691040039062,0
2,body_back,235.03347778320312,126.465087890625,0
3,bucket,82.68440246582031,130.00372314453125,0
4,bucket_tip,69.80010986328125,113.77483367919922,0
5,springhinge_arm,102.81918334960938,191.72793579101562,0
6,springhinge_boom,147.14036560058594,176.05075073242188,0
