,name, x, y, z
0,arm,108.56410217285156,171.09140014648438,0
1,body,187.524658203125,131.94921875,0
2,body_back,234.9661865234375,126.39056396484375,0
3,bucket,82.6016845703125,129.99671936035156,0
4,bucket_tip,69.75945281982422,113.7409896850586,0
5,springhinge_arm,102.58531951904297,191.9201202392578,0
6,springhinge_boom,146.9992218017578,176.14593505859375,0
