,name, x, y, z
0,arm,108.37619018554688,171.26547241210938,0
1,body,187.42190551757812,131.97311401367188,0
2,body_back,234.8967742919922,126.31564331054688,0
3,bucket,82.5200424194336,129.9897918701172,0
4,bucket_tip,69.71932220458984,113.70716094970703,0
5,springhinge_arm,102.34841918945312,192.1131134033203,0
6,springhinge_boom,146.85665893554688,176.2418975830078,0
