,name, x, y, z
0,arm,108.1842041015625,171.442626953125,0
1,body,187.3157501220703,131.9986572265625,0
2,body_back,234.8251953125,126.24049377441406,0
3,bucket,82.43975830078125,129.9829864501953,0
4,bucket_tip,69.67987060546875,113.67341613769531,0
5,springhinge_arm,102.10865783691406,192.30677795410156,0
6,springhinge_boom,146.7127227783203,176.33859252929688,0
