,name, x, y, z
0,arm,107.98834228515625,171.62258911132812,0
1,body,187.20623779296875,132.02590942382812,0
2,body_back,234.75148010253906,126.1652603149414,0
3,bucket,82.361083984375,129.976318359375,0
4,bucket_tip,69.64119720458984,113.63983917236328,0
5,springhinge_arm,101.86615753173828,192.5010223388672,0
6,springhinge_boom,146.56752014160156,176.43605041503906,0
