,name, x, y, z
0,arm,107.78875732421875,171.80520629882812,0
1,body,187.09336853027344,132.05491638183594,0
2,body_back,234.67567443847656,126.090087890625,0
3,bucket,82.2843017578125,129.96981811523438,0
4,bucket_tip,69.60344696044922,113.60652160644531,0
5,springhinge_arm,101.62110900878906,192.69573974609375,0
6,springhinge_boom,146.4210662841797,176.53424072265625,0
