,name, x, y, z
0,arm,107.58563232421875,171.99021911621094,0
1,body,186.9770965576172,132.0857391357422,0
2,body_back,234.5977783203125,126.01512908935547,0
3,bucket,82.20967102050781,129.9635009765625,0
4,bucket_tip,69.5667724609375,113.57352447509766,0
5,springhinge_arm,101.37364959716797,192.89080810546875,0
6,springhinge_boom,146.27342224121094,176.63319396972656,0
