,name, x, y, z
0,arm,107.16942596435547,172.36669921875,0
1,body,186.73451232910156,132.15304565429688,0
2,body_back,234.4357452392578,125.86646270751953,0
3,bucket,82.06800079345703,129.9514923095703,0
4,bucket_tip,69.49714660644531,113.50885772705078,0
5,springhinge_arm,100.87212371826172,193.28160095214844,0
6,springhinge_boom,145.97486877441406,176.8332977294922,0
