,name, x, y, z
0,arm,93.3340072631836,212.1584930419922,0
1,body,177.4326934814453,131.71896362304688,0
2,body_back,237.30140686035156,130.10342407226562,0
3,bucket,76.9201889038086,165.67941284179688,0
4,bucket_tip,60.9001350402832,141.27685546875,0
5,springhinge_arm,87.24742889404297,231.75439453125,0
6,springhinge_boom,141.31019592285156,192.5551300048828,0
