,name, x, y, z
0,arm,106.95669555664062,172.5577392578125,0
1,body,186.60821533203125,132.18963623046875,0
2,body_back,234.35165405273438,125.79306030273438,0
3,bucket,82.00148010253906,129.94586181640625,0
4,bucket_tip,69.46443939208984,113.47734832763672,0
5,springhinge_arm,100.61837768554688,193.4771270751953,0
6,springhinge_boom,145.8240509033203,176.93447875976562,0
