,name, x, y, z
0,arm,106.74109649658203,172.75035095214844,0
1,body,186.4785614013672,132.22825622558594,0
2,body_back,234.26551818847656,125.72047424316406,0
3,bucket,81.93821716308594,129.94049072265625,0
4,bucket_tip,69.43333435058594,113.4465103149414,0
5,springhinge_arm,100.36282348632812,193.6725616455078,0
6,springhinge_boom,145.6722869873047,177.03639221191406,0
