,name, x, y, z
0,arm,106.52281951904297,172.94436645507812,0
1,body,186.34555053710938,132.26895141601562,0
2,body_back,234.17735290527344,125.64886474609375,0
3,bucket,81.87844848632812,129.9354248046875,0
4,bucket_tip,69.4039535522461,113.41638946533203,0
5,springhinge_arm,100.10563659667969,193.86785888671875,0
6,springhinge_boom,145.51962280273438,177.13905334472656,0
