,name, x, y, z
0,arm,106.30200958251953,173.13954162597656,0
1,body,186.20924377441406,132.31179809570312,0
2,body_back,234.08717346191406,125.578369140625,0
3,bucket,81.82245635986328,129.93067932128906,0
4,bucket_tip,69.37642669677734,113.3870849609375,0
5,springhinge_arm,99.84696960449219,194.0628204345703,0
6,springhinge_boom,145.3661346435547,177.24246215820312,0
