,name, x, y, z
0,arm,106.07887268066406,173.335693359375,0
1,body,186.06959533691406,132.3568572998047,0
2,body_back,233.99502563476562,125.50914764404297,0
3,bucket,81.77051544189453,129.92628479003906,0
4,bucket_tip,69.35092163085938,113.35868835449219,0
5,springhinge_arm,99.58696746826172,194.25741577148438,0
6,springhinge_boom,145.21189880371094,177.34658813476562,0
