,name, x, y, z
0,arm,105.85357666015625,173.53260803222656,0
1,body,185.92665100097656,132.40414428710938,0
2,body_back,233.90086364746094,125.44134521484375,0
3,bucket,81.722900390625,129.9222412109375,0
4,bucket_tip,69.3275146484375,113.3312759399414,0
5,springhinge_arm,99.3258285522461,194.4514923095703,0
6,springhinge_boom,145.0569305419922,177.4514617919922,0
