,name, x, y, z
0,arm,105.6262435913086,173.7300567626953,0
1,body,185.7803955078125,132.45375061035156,0
2,body_back,233.80474853515625,125.37512969970703,0
3,bucket,81.67987823486328,129.91859436035156,0
4,bucket_tip,69.3063735961914,113.30492401123047,0
5,springhinge_arm,99.06362915039062,194.64498901367188,0
6,springhinge_boom,144.90130615234375,177.55709838867188,0
