,name, x, y, z
0,arm,105.39710235595703,173.9278564453125,0
1,body,185.6308135986328,132.50570678710938,0
2,body_back,233.70668029785156,125.31063079833984,0
3,bucket,81.64170837402344,129.9153594970703,0
4,bucket_tip,69.28759765625,113.27970123291016,0
5,springhinge_arm,98.80059051513672,194.83775329589844,0
6,springhinge_boom,144.7450714111328,177.66343688964844,0
