,name, x, y, z
0,arm,105.16631317138672,174.12579345703125,0
1,body,185.4779510498047,132.5601043701172,0
2,body_back,233.60667419433594,125.24800872802734,0
3,bucket,81.60867309570312,129.91256713867188,0
4,bucket_tip,69.2713623046875,113.2557144165039,0
5,springhinge_arm,98.53682708740234,195.0297088623047,0
6,springhinge_boom,144.58831787109375,177.77053833007812,0
