,name, x, y, z
0,arm,104.93402099609375,174.3236541748047,0
1,body,185.32180786132812,132.61695861816406,0
2,body_back,233.50474548339844,125.18741607666016,0
3,bucket,81.5810546875,129.91021728515625,0
4,bucket_tip,69.25777435302734,113.2330322265625,0
5,springhinge_arm,98.27252197265625,195.22071838378906,0
6,springhinge_boom,144.43109130859375,177.87835693359375,0
