,name, x, y, z
0,arm,92.89483642578125,212.15721130371094,0
1,body,177.31455993652344,131.68382263183594,0
2,body_back,237.28160095214844,130.19610595703125,0
3,bucket,76.90413665771484,165.52825927734375,0
4,bucket_tip,61.153751373291016,141.00732421875,0
5,springhinge_arm,86.6119613647461,231.70474243164062,0
6,springhinge_boom,141.17037963867188,192.59579467773438,0
