,name, x, y, z
0,arm,104.70042419433594,174.521240234375,0
1,body,185.16236877441406,132.67633056640625,0
2,body_back,233.40090942382812,125.12899780273438,0
3,bucket,81.55908203125,129.90835571289062,0
4,bucket_tip,69.24699401855469,113.21173095703125,0
5,springhinge_arm,98.00782775878906,195.4106903076172,0
6,springhinge_boom,144.27342224121094,177.98690795898438,0
