,name, x, y, z
0,arm,104.22996520996094,174.91473388671875,0
1,body,184.83367919921875,132.80288696289062,0
2,body_back,233.1875457763672,125.01931762695312,0
3,bucket,81.53324127197266,129.9061737060547,0
4,bucket_tip,69.23428344726562,113.17361450195312,0
5,springhinge_arm,97.47785949707031,195.78707885742188,0
6,springhinge_boom,143.9570770263672,178.2062530517578,0
