,name, x, y, z
0,arm,103.99346160888672,175.11019897460938,0
1,body,184.66444396972656,132.87017822265625,0
2,body_back,233.07806396484375,124.96833801269531,0
3,bucket,81.5299072265625,129.9058837890625,0
4,bucket_tip,69.23265838623047,113.1569595336914,0
5,springhinge_arm,97.21288299560547,195.9733123779297,0
6,springhinge_boom,143.7985076904297,178.3170166015625,0
