,name, x, y, z
0,arm,103.75633239746094,175.30459594726562,0
1,body,184.49200439453125,132.9403076171875,0
2,body_back,232.96676635742188,124.92009735107422,0
3,bucket,81.5299072265625,129.90640258789062,0
4,bucket_tip,69.2326889038086,113.14197540283203,0
5,springhinge_arm,96.94815063476562,196.15806579589844,0
6,springhinge_boom,143.63978576660156,178.428466796875,0
