,name, x, y, z
0,arm,103.51876831054688,175.4976806640625,0
1,body,184.3167266845703,133.01319885253906,0
2,body_back,232.85385131835938,124.87450408935547,0
3,bucket,81.52992248535156,129.90789794921875,0
4,bucket_tip,69.23287963867188,113.12858581542969,0
5,springhinge_arm,96.68404388427734,196.3412628173828,0
6,springhinge_boom,143.48109436035156,178.54046630859375,0
