,name, x, y, z
0,arm,103.2811279296875,175.68931579589844,0
1,body,184.13905334472656,133.0885772705078,0
2,body_back,232.73963928222656,124.83141326904297,0
3,bucket,81.52993774414062,129.91033935546875,0
4,bucket_tip,69.23344421386719,113.11666870117188,0
5,springhinge_arm,96.42086791992188,196.52288818359375,0
6,springhinge_boom,143.3227081298828,178.6527862548828,0
