,name, x, y, z
0,arm,103.04377746582031,175.8794403076172,0
1,body,183.9593963623047,133.16619873046875,0
2,body_back,232.62432861328125,124.79068756103516,0
3,bucket,81.52998352050781,129.9136505126953,0
4,bucket_tip,69.2345199584961,113.10609436035156,0
5,springhinge_arm,96.1590805053711,196.7028350830078,0
6,springhinge_boom,143.1648712158203,178.76524353027344,0
