,name, x, y, z
0,arm,102.80709075927734,176.06790161132812,0
1,body,183.77818298339844,133.2457733154297,0
2,body_back,232.5082550048828,124.752197265625,0
3,bucket,81.53003692626953,129.9177703857422,0
4,bucket_tip,69.2363052368164,113.09674835205078,0
5,springhinge_arm,95.89897918701172,196.88104248046875,0
6,springhinge_boom,143.00779724121094,178.8776092529297,0
