,name, x, y, z
0,arm,102.5714111328125,176.2545928955078,0
1,body,183.59585571289062,133.3270721435547,0
2,body_back,232.3916015625,124.7157974243164,0
3,bucket,81.53011322021484,129.9226531982422,0
4,bucket_tip,69.23895263671875,113.08851623535156,0
5,springhinge_arm,95.64098358154297,197.05743408203125,0
6,springhinge_boom,142.8517608642578,178.9897003173828,0
