,name, x, y, z
0,arm,102.33716583251953,176.43943786621094,0
1,body,183.41281127929688,133.40980529785156,0
2,body_back,232.27467346191406,124.68135833740234,0
3,bucket,81.53023529052734,129.92825317382812,0
4,bucket_tip,69.24266052246094,113.0812759399414,0
5,springhinge_arm,95.38546752929688,197.23196411132812,0
6,springhinge_boom,142.6969757080078,179.101318359375,0
