,name, x, y, z
0,arm,101.87434387207031,176.8030548095703,0
1,body,183.04632568359375,133.57855224609375,0
2,body_back,232.04100036621094,124.6177749633789,0
3,bucket,81.53060913085938,129.94134521484375,0
4,bucket_tip,69.2539291381836,113.06926727294922,0
5,springhinge_arm,94.88331604003906,197.57513427734375,0
6,springhinge_boom,142.3921661376953,179.32229614257812,0
