,name, x, y, z
0,arm,101.42156219482422,177.1578826904297,0
1,body,182.68214416503906,133.74989318847656,0
2,body_back,231.809326171875,124.56034851074219,0
3,bucket,81.53116607666016,129.95657348632812,0
4,bucket_tip,69.27149963378906,113.05977630615234,0
5,springhinge_arm,94.39556884765625,197.91001892089844,0
6,springhinge_boom,142.09532165527344,179.5389404296875,0
