,name, x, y, z
0,arm,100.98181915283203,177.50306701660156,0
1,body,182.32363891601562,133.92173767089844,0
2,body_back,231.58172607421875,124.50798034667969,0
3,bucket,81.531982421875,129.97349548339844,0
4,bucket_tip,69.2967529296875,113.05184173583984,0
5,springhinge_arm,93.9251937866211,198.23609924316406,0
6,springhinge_boom,141.80836486816406,179.7496337890625,0
