,name, x, y, z
0,arm,100.76778411865234,177.67173767089844,0
1,body,182.14759826660156,134.00717163085938,0
2,body_back,231.4701385498047,124.48335266113281,0
3,bucket,81.5324935913086,129.98245239257812,0
4,bucket_tip,69.31271362304688,113.04815673828125,0
5,springhinge_arm,93.69747924804688,198.3956298828125,0
6,springhinge_boom,141.66921997070312,179.8522186279297,0
