,name, x, y, z
0,arm,100.55811309814453,177.8376922607422,0
1,body,181.97425842285156,134.09194946289062,0
2,body_back,231.3603515625,124.4595718383789,0
3,bucket,81.53308868408203,129.99166870117188,0
4,bucket_tip,69.33113098144531,113.04449462890625,0
5,springhinge_arm,93.47520446777344,198.55279541015625,0
6,springhinge_boom,141.5332489013672,179.95274353027344,0
