,name, x, y, z
0,arm,100.35317993164062,178.0007781982422,0
1,body,181.8040313720703,134.17579650878906,0
2,body_back,231.2526092529297,124.43649291992188,0
3,bucket,81.53377532958984,130.00106811523438,0
4,bucket_tip,69.3521728515625,113.0407485961914,0
5,springhinge_arm,93.25880432128906,198.70745849609375,0
6,springhinge_boom,141.40072631835938,180.0509490966797,0
