,name, x, y, z
0,arm,91.98516845703125,212.1444549560547,0
1,body,177.03611755371094,131.6236114501953,0
2,body_back,237.1979522705078,130.38758850097656,0
3,bucket,76.86202239990234,165.11550903320312,0
4,bucket_tip,61.833717346191406,140.28375244140625,0
5,springhinge_arm,85.3044662475586,231.55845642089844,0
6,springhinge_boom,140.87847900390625,192.68650817871094,0
