,name, x, y, z
0,arm,100.15337371826172,178.16090393066406,0
1,body,181.6373748779297,134.25845336914062,0
2,body_back,231.147216796875,124.41399383544922,0
3,bucket,81.53453826904297,130.0106201171875,0
4,bucket_tip,69.37600708007812,113.03678131103516,0
5,springhinge_arm,93.0486068725586,198.85958862304688,0
6,springhinge_boom,141.27188110351562,180.1466522216797,0
