,name, x, y, z
0,arm,99.95905303955078,178.31793212890625,0
1,body,181.47470092773438,134.3396453857422,0
2,body_back,231.04441833496094,124.39192962646484,0
3,bucket,81.535400390625,130.02024841308594,0
4,bucket_tip,69.40282440185547,113.03248596191406,0
5,springhinge_arm,92.84502410888672,199.00912475585938,0
6,springhinge_boom,141.14697265625,180.23968505859375,0
