,name, x, y, z
0,arm,99.77057647705078,178.4718017578125,0
1,body,181.31642150878906,134.4191131591797,0
2,body_back,230.94447326660156,124.37016296386719,0
3,bucket,81.53636169433594,130.0299072265625,0
4,bucket_tip,69.43277740478516,113.02774047851562,0
5,springhinge_arm,92.64838409423828,199.1559600830078,0
6,springhinge_boom,141.0262451171875,180.3297882080078,0
