,name, x, y, z
0,arm,99.58834075927734,178.62237548828125,0
1,body,181.16299438476562,134.49656677246094,0
2,body_back,230.84762573242188,124.34855651855469,0
3,bucket,81.53743743896484,130.03953552246094,0
4,bucket_tip,69.46607208251953,113.02241516113281,0
5,springhinge_arm,92.45912170410156,199.300048828125,0
6,springhinge_boom,140.909912109375,180.41677856445312,0
