,name, x, y, z
0,arm,99.41271209716797,178.76954650878906,0
1,body,181.01478576660156,134.57180786132812,0
2,body_back,230.75418090820312,124.32696533203125,0
3,bucket,81.53864288330078,130.04908752441406,0
4,bucket_tip,69.50286102294922,113.01641082763672,0
5,springhinge_arm,92.27755737304688,199.4413604736328,0
6,springhinge_boom,140.7982177734375,180.50048828125,0
