,name, x, y, z
0,arm,99.24404907226562,178.91317749023438,0
1,body,180.87229919433594,134.64451599121094,0
2,body_back,230.6643524169922,124.30525970458984,0
3,bucket,81.53993225097656,130.05850219726562,0
4,bucket_tip,69.54334259033203,113.00957489013672,0
5,springhinge_arm,92.10411071777344,199.5797882080078,0
6,springhinge_boom,140.69143676757812,180.58067321777344,0
