,name, x, y, z
0,arm,99.08273315429688,179.05320739746094,0
1,body,180.73590087890625,134.71444702148438,0
2,body_back,230.57843017578125,124.28330993652344,0
3,bucket,81.54136657714844,130.0677032470703,0
4,bucket_tip,69.58766174316406,113.00181579589844,0
5,springhinge_arm,91.93912506103516,199.7152557373047,0
6,springhinge_boom,140.58978271484375,180.65716552734375,0
