,name, x, y, z
0,arm,98.92913055419922,179.18951416015625,0
1,body,180.6060333251953,134.78134155273438,0
2,body_back,230.49668884277344,124.26095581054688,0
3,bucket,81.54293060302734,130.07666015625,0
4,bucket_tip,69.63600158691406,112.99299621582031,0
5,springhinge_arm,91.7829818725586,199.8477020263672,0
6,springhinge_boom,140.49351501464844,180.72972106933594,0
