,name, x, y, z
0,arm,98.64656066894531,179.45046997070312,0
1,body,180.3676300048828,134.90493774414062,0
2,body_back,230.34669494628906,124.21452331542969,0
3,bucket,81.54644775390625,130.0935821533203,0
4,bucket_tip,69.74547576904297,112.97173309326172,0
5,springhinge_arm,91.4987564086914,200.1033477783203,0
6,springhinge_boom,140.31805419921875,180.86231994628906,0
