,name, x, y, z
0,arm,91.5178451538086,212.130859375,0
1,body,176.87733459472656,131.5981903076172,0
2,body_back,237.1370849609375,130.48594665527344,0
3,bucket,76.83695220947266,164.85923767089844,0
4,bucket_tip,62.248504638671875,139.84217834472656,0
5,springhinge_arm,84.63896179199219,231.4610137939453,0
6,springhinge_boom,140.72674560546875,192.73548889160156,0
