,name, x, y, z
0,arm,98.5183334350586,179.5749053955078,0
1,body,180.25991821289062,134.96112060546875,0
2,body_back,230.2789764404297,124.1901626586914,0
3,bucket,81.5484390258789,130.1014404296875,0
4,bucket_tip,69.80694580078125,112.95903015136719,0
5,springhinge_arm,91.37139892578125,200.22637939453125,0
6,springhinge_boom,140.2393798828125,180.92193603515625,0
