,name, x, y, z
0,arm,98.39930725097656,179.69517517089844,0
1,body,180.1604461669922,135.01321411132812,0
2,body_back,230.21649169921875,124.16485595703125,0
3,bucket,81.55058288574219,130.10882568359375,0
4,bucket_tip,69.8731689453125,112.94480895996094,0
5,springhinge_arm,91.25440979003906,200.34613037109375,0
6,springhinge_boom,140.16702270507812,180.97683715820312,0
