,name, x, y, z
0,arm,98.28985595703125,179.8111572265625,0
1,body,180.06964111328125,135.06092834472656,0
2,body_back,230.15943908691406,124.13846588134766,0
3,bucket,81.55286407470703,130.1156463623047,0
4,bucket_tip,69.94425964355469,112.92891693115234,0
5,springhinge_arm,91.14813995361328,200.46253967285156,0
6,springhinge_boom,140.1012725830078,181.02682495117188,0
