,name, x, y, z
0,arm,98.19034576416016,179.92276000976562,0
1,body,179.98793029785156,135.10400390625,0
2,body_back,230.108154296875,124.1108627319336,0
3,bucket,81.5553207397461,130.1219024658203,0
4,bucket_tip,70.02044677734375,112.91126251220703,0
5,springhinge_arm,91.0529556274414,200.57554626464844,0
6,springhinge_boom,140.04234313964844,181.07167053222656,0
