,name, x, y, z
0,arm,98.10115814208984,180.0298614501953,0
1,body,179.9157257080078,135.14222717285156,0
2,body_back,230.06283569335938,124.0818862915039,0
3,bucket,81.55795288085938,130.12750244140625,0
4,bucket_tip,70.10189056396484,112.89170837402344,0
5,springhinge_arm,90.9692611694336,200.68505859375,0
6,springhinge_boom,139.99049377441406,181.1112060546875,0
