,name, x, y, z
0,arm,98.02266693115234,180.13233947753906,0
1,body,179.85345458984375,135.17527770996094,0
2,body_back,230.0238037109375,124.05142211914062,0
3,bucket,81.56075286865234,130.13238525390625,0
4,bucket_tip,70.1887435913086,112.87013244628906,0
5,springhinge_arm,90.89738464355469,200.791015625,0
6,springhinge_boom,139.94595336914062,181.1452178955078,0
