,name, x, y, z
0,arm,97.95520782470703,180.2301025390625,0
1,body,179.8015594482422,135.20289611816406,0
2,body_back,229.9912567138672,124.01932525634766,0
3,bucket,81.56373596191406,130.13650512695312,0
4,bucket_tip,70.28121185302734,112.846435546875,0
5,springhinge_arm,90.83776092529297,200.8933868408203,0
6,springhinge_boom,139.90896606445312,181.17347717285156,0
