,name, x, y, z
0,arm,97.89920043945312,180.3230438232422,0
1,body,179.7604522705078,135.224853515625,0
2,body_back,229.96546936035156,123.98544311523438,0
3,bucket,81.56690979003906,130.1398162841797,0
4,bucket_tip,70.37945556640625,112.82048034667969,0
5,springhinge_arm,90.79074096679688,200.9920654296875,0
6,springhinge_boom,139.87977600097656,181.19581604003906,0
