,name, x, y, z
0,arm,97.85498046875,180.41104125976562,0
1,body,179.73056030273438,135.24085998535156,0
2,body_back,229.94674682617188,123.94966125488281,0
3,bucket,81.57026672363281,130.1422576904297,0
4,bucket_tip,70.48365020751953,112.79214477539062,0
5,springhinge_arm,90.75666046142578,201.08697509765625,0
6,springhinge_boom,139.85862731933594,181.2120361328125,0
