,name, x, y, z
0,arm,97.82295227050781,180.49398803710938,0
1,body,179.7123260498047,135.2506561279297,0
2,body_back,229.93531799316406,123.91181945800781,0
3,bucket,81.57382202148438,130.1437530517578,0
4,bucket_tip,70.5939712524414,112.76132202148438,0
5,springhinge_arm,90.73596954345703,201.1781005859375,0
6,springhinge_boom,139.8457489013672,181.22190856933594,0
