,name, x, y, z
0,arm,91.0443344116211,212.11105346679688,0
1,body,176.70651245117188,131.5756378173828,0
2,body_back,237.06553649902344,130.58578491210938,0
3,bucket,76.80988311767578,164.5732421875,0
4,bucket_tip,62.70542907714844,139.35568237304688,0
5,springhinge_arm,83.97000122070312,231.34689331054688,0
6,springhinge_boom,140.57139587402344,192.7862091064453,0
