,name, x, y, z
0,arm,97.80343627929688,180.57176208496094,0
1,body,179.70614624023438,135.25396728515625,0
2,body_back,229.93145751953125,123.87178802490234,0
3,bucket,81.57759094238281,130.14427185058594,0
4,bucket_tip,70.71060180664062,112.72787475585938,0
5,springhinge_arm,90.72897338867188,201.2653350830078,0
6,springhinge_boom,139.84141540527344,181.22523498535156,0
