,name, x, y, z
0,arm,97.78824615478516,180.7121124267578,0
1,body,179.67176818847656,135.24630737304688,0
2,body_back,229.89926147460938,123.78386688232422,0
3,bucket,81.5701675415039,130.1294708251953,0
4,bucket_tip,70.90930938720703,112.65043640136719,0
5,springhinge_arm,90.68033599853516,201.4270782470703,0
6,springhinge_boom,139.80775451660156,181.2231903076172,0
