,name, x, y, z
0,arm,97.7629165649414,180.77589416503906,0
1,body,179.6300811767578,135.23690795898438,0
2,body_back,229.86032104492188,123.73580932617188,0
3,bucket,81.55610656738281,130.11134338378906,0
4,bucket_tip,70.97962951660156,112.60601043701172,0
5,springhinge_arm,90.62130737304688,201.5015106201172,0
6,springhinge_boom,139.76698303222656,181.22067260742188,0
