,name, x, y, z
0,arm,97.72171783447266,180.83580017089844,0
1,body,179.5731658935547,135.2239532470703,0
2,body_back,229.80722045898438,123.68511199951172,0
3,bucket,81.53598022460938,130.08641052246094,0
4,bucket_tip,71.03204345703125,112.55793762207031,0
5,springhinge_arm,90.5406494140625,201.57177734375,0
6,springhinge_boom,139.71131896972656,181.2171630859375,0
