,name, x, y, z
0,arm,97.66541290283203,180.8919219970703,0
1,body,179.50192260742188,135.20761108398438,0
2,body_back,229.74090576171875,123.63188934326172,0
3,bucket,81.51050567626953,130.0549774169922,0
4,bucket_tip,71.06770324707031,112.50639343261719,0
5,springhinge_arm,90.4395980834961,201.63809204101562,0
6,springhinge_boom,139.64169311523438,181.21278381347656,0
