,name, x, y, z
0,arm,97.51089477539062,180.99337768554688,0
1,body,179.31968688964844,135.165283203125,0
2,body_back,229.57186889648438,123.51815795898438,0
3,bucket,81.446044921875,129.9735870361328,0
4,bucket_tip,71.09310913085938,112.39337921142578,0
5,springhinge_arm,90.18081665039062,201.75912475585938,0
6,springhinge_boom,139.4637908935547,181.20143127441406,0
