,name, x, y, z
0,arm,97.41427612304688,181.03900146484375,0
1,body,179.21044921875,135.13951110839844,0
2,body_back,229.47088623046875,123.45777893066406,0
3,bucket,81.4084243774414,129.9241485595703,0
4,bucket_tip,71.08511352539062,112.33213806152344,0
5,springhinge_arm,90.02545928955078,201.8140411376953,0
6,springhinge_boom,139.35723876953125,181.19451904296875,0
