,name, x, y, z
0,arm,90.56617736816406,212.0839080810547,0
1,body,176.52438354492188,131.55572509765625,0
2,body_back,236.98475646972656,130.6868133544922,0
3,bucket,76.7812271118164,164.26014709472656,0
4,bucket_tip,63.19870376586914,138.8304901123047,0
5,springhinge_arm,83.30079650878906,231.2156524658203,0
6,springhinge_boom,140.41256713867188,192.8380889892578,0
