,name, x, y, z
0,arm,97.18641662597656,181.12051391601562,0
1,body,178.95994567871094,135.0795440673828,0
2,body_back,229.24024963378906,123.3304672241211,0
3,bucket,81.32563781738281,129.8091583251953,0
4,bucket_tip,71.03327178955078,112.2009506225586,0
5,springhinge_arm,89.66865539550781,201.9134521484375,0
6,springhinge_boom,139.1132049560547,181.17845153808594,0
