,name, x, y, z
0,arm,97.05682373046875,181.1566925048828,0
1,body,178.82037353515625,135.0456085205078,0
2,body_back,229.1123046875,123.2636947631836,0
3,bucket,81.28182220458984,129.744140625,0
4,bucket_tip,70.9916763305664,112.13125610351562,0
5,springhinge_arm,89.46953582763672,201.95814514160156,0
6,springhinge_boom,138.97743225097656,181.1693572998047,0
