,name, x, y, z
0,arm,96.91783905029297,181.1900177001953,0
1,body,178.67237854003906,135.00917053222656,0
2,body_back,228.97703552246094,123.1949234008789,0
3,bucket,81.23723602294922,129.67445373535156,0
4,bucket_tip,70.94107055664062,112.05899810791016,0
5,springhinge_arm,89.25813293457031,201.99961853027344,0
6,springhinge_boom,138.8335723876953,181.15960693359375,0
