,name, x, y, z
0,arm,96.61502838134766,181.24842834472656,0
1,body,178.3545379638672,134.9293975830078,0
2,body_back,228.6880645751953,123.0517349243164,0
3,bucket,81.14846801757812,129.5220947265625,0
4,bucket_tip,70.81734466552734,111.90731048583984,0
5,springhinge_arm,88.80326080322266,202.0734405517578,0
6,springhinge_boom,138.52511596679688,181.1382598876953,0
