,name, x, y, z
0,arm,96.45282745361328,181.27383422851562,0
1,body,178.1864471435547,134.8863067626953,0
2,body_back,228.53610229492188,122.97747802734375,0
3,bucket,81.10566711425781,129.43995666503906,0
4,bucket_tip,70.74649047851562,111.8281478881836,0
5,springhinge_arm,88.56214141845703,202.10604858398438,0
6,springhinge_boom,138.3622589111328,181.12672424316406,0
