,name, x, y, z
0,arm,96.28451538085938,181.29681396484375,0
1,body,178.0133056640625,134.84129333496094,0
2,body_back,228.38021850585938,122.90156555175781,0
3,bucket,81.06472778320312,129.35421752929688,0
4,bucket_tip,70.67108154296875,111.7469711303711,0
5,springhinge_arm,88.31340789794922,202.13592529296875,0
6,springhinge_boom,138.1947021484375,181.1147003173828,0
