,name, x, y, z
0,arm,96.11092376708984,181.31756591796875,0
1,body,177.83599853515625,134.7944793701172,0
2,body_back,228.2213134765625,122.82408142089844,0
3,bucket,81.02633666992188,129.26516723632812,0
4,bucket_tip,70.59223175048828,111.66390991210938,0
5,springhinge_arm,88.0582504272461,202.1632080078125,0
6,springhinge_boom,138.02333068847656,181.10218811035156,0
