,name, x, y, z
0,arm,95.93282318115234,181.336181640625,0
1,body,177.65538024902344,134.7459716796875,0
2,body_back,228.06024169921875,122.74507904052734,0
3,bucket,80.99118041992188,129.17298889160156,0
4,bucket_tip,70.5110855102539,111.57907104492188,0
5,springhinge_arm,87.79783630371094,202.18800354003906,0
6,springhinge_boom,137.84901428222656,181.08924865722656,0
