,name, x, y, z
0,arm,95.7510757446289,181.352783203125,0
1,body,177.47227478027344,134.69590759277344,0
2,body_back,227.89784240722656,122.66464233398438,0
3,bucket,80.95989227294922,129.07801818847656,0
4,bucket_tip,70.42876434326172,111.49259948730469,0
5,springhinge_arm,87.5333480834961,202.2104034423828,0
6,springhinge_boom,137.67259216308594,181.0758819580078,0
