,name, x, y, z
0,arm,90.08493041992188,212.04840087890625,0
1,body,176.33177185058594,131.538330078125,0
2,body_back,236.89633178710938,130.78887939453125,0
3,bucket,76.75157165527344,163.92269897460938,0
4,bucket_tip,63.722530364990234,138.27284240722656,0
5,springhinge_arm,82.63468933105469,231.0669403076172,0
6,springhinge_boom,140.25048828125,192.89071655273438,0
