,name, x, y, z
0,arm,95.56647491455078,181.36749267578125,0
1,body,177.2875518798828,134.64442443847656,0
2,body_back,227.73497009277344,122.5828628540039,0
3,bucket,80.93317413330078,128.98048400878906,0
4,bucket_tip,70.3463363647461,111.40463256835938,0
5,springhinge_arm,87.26592254638672,202.2305450439453,0
6,springhinge_boom,137.49490356445312,181.06214904785156,0
