,name, x, y, z
0,arm,95.19196319580078,181.39178466796875,0
1,body,176.9166717529297,134.53775024414062,0
2,body_back,227.4112548828125,122.41558074951172,0
3,bucket,80.89595031738281,128.77883911132812,0
4,bucket_tip,70.18563842773438,111.22473907470703,0
5,springhinge_arm,86.72699737548828,202.26455688476562,0
6,springhinge_boom,137.13917541503906,181.03370666503906,0
