,name, x, y, z
0,arm,95.0036849975586,181.40159606933594,0
1,body,176.73223876953125,134.48281860351562,0
2,body_back,227.25209045410156,122.33024597167969,0
3,bucket,80.88682556152344,128.6752471923828,0
4,bucket_tip,70.10966491699219,111.1330795288086,0
5,springhinge_arm,86.45785522460938,202.2786407470703,0
6,springhinge_boom,136.9628448486328,181.0190887451172,0
