,name, x, y, z
0,arm,94.81585693359375,181.41000366210938,0
1,body,176.5495147705078,134.427001953125,0
2,body_back,227.09585571289062,122.2438735961914,0
3,bucket,80.88483428955078,128.57017517089844,0
4,bucket_tip,70.03799438476562,111.04045104980469,0
5,springhinge_arm,86.19042205810547,202.2909393310547,0
6,springhinge_boom,136.7886199951172,181.00424194335938,0
