,name, x, y, z
0,arm,94.6291732788086,181.4171905517578,0
1,body,176.3694610595703,134.3704071044922,0
2,body_back,226.9434356689453,122.15655517578125,0
3,bucket,80.89075469970703,128.4638671875,0
4,bucket_tip,69.97183227539062,110.9469985961914,0
5,springhinge_arm,85.92591094970703,202.30154418945312,0
6,springhinge_boom,136.61740112304688,180.9892120361328,0
