,name, x, y, z
0,arm,94.444580078125,181.4232177734375,0
1,body,176.1929168701172,134.313232421875,0
2,body_back,226.79571533203125,122.06838989257812,0
3,bucket,80.90518188476562,128.3566131591797,0
4,bucket_tip,69.91231536865234,110.85285949707031,0
5,springhinge_arm,85.66554260253906,202.31065368652344,0
6,springhinge_boom,136.45005798339844,180.97402954101562,0
