,name, x, y, z
0,arm,94.26283264160156,181.4282684326172,0
1,body,176.0206756591797,134.25552368164062,0
2,body_back,226.65342712402344,121.97941589355469,0
3,bucket,80.92874908447266,128.2486572265625,0
4,bucket_tip,69.86044311523438,110.75813293457031,0
5,springhinge_arm,85.4103775024414,202.31829833984375,0
6,springhinge_boom,136.28736877441406,180.95872497558594,0
