,name, x, y, z
0,arm,93.9111328125,181.43582153320312,0
1,body,175.69256591796875,134.13917541503906,0
2,body_back,226.38877868652344,121.79940032958984,0
3,bucket,81.00605773925781,128.03167724609375,0
4,bucket_tip,69.78424835205078,110.56751251220703,0
5,springhinge_arm,84.92050170898438,202.32969665527344,0
6,springhinge_boom,135.97946166992188,180.92787170410156,0
