,name, x, y, z
0,arm,89.60224914550781,212.0034637451172,0
1,body,176.12939453125,131.523193359375,0
2,body_back,236.8016815185547,130.89170837402344,0
3,bucket,76.72134399414062,163.5634765625,0
4,bucket_tip,64.27116394042969,137.6889190673828,0
5,springhinge_arm,81.97492218017578,230.90032958984375,0
6,springhinge_boom,140.08531188964844,192.9434814453125,0
