,name, x, y, z
0,arm,93.74282836914062,181.4385986328125,0
1,body,175.53839111328125,134.08082580566406,0
2,body_back,226.26812744140625,121.70854949951172,0
3,bucket,81.06111145019531,127.92323303222656,0
4,bucket_tip,69.76216125488281,110.47190856933594,0
5,springhinge_arm,84.68810272216797,202.33375549316406,0
6,springhinge_boom,135.8359375,180.91246032714844,0
