,name, x, y, z
0,arm,93.58064270019531,181.44085693359375,0
1,body,175.39195251464844,134.02247619628906,0
2,body_back,226.15638732910156,121.6172103881836,0
3,bucket,81.12796020507812,127.81513214111328,0
4,bucket_tip,69.75222778320312,110.37625122070312,0
5,springhinge_arm,84.46561431884766,202.33682250976562,0
6,springhinge_boom,135.7005157470703,180.8970489501953,0
