,name, x, y, z
0,arm,93.42535400390625,181.44273376464844,0
1,body,175.25408935546875,133.96429443359375,0
2,body_back,226.0543975830078,121.52546691894531,0
3,bucket,81.20732116699219,127.70765686035156,0
4,bucket_tip,69.75557708740234,110.28067779541016,0
5,springhinge_arm,84.25424194335938,202.33900451660156,0
6,springhinge_boom,135.57403564453125,180.88168334960938,0
