,name, x, y, z
0,arm,93.27781677246094,181.4443817138672,0
1,body,175.12564086914062,133.9064483642578,0
2,body_back,225.96299743652344,121.43344116210938,0
3,bucket,81.29978942871094,127.60108947753906,0
4,bucket_tip,69.77327728271484,110.18536376953125,0
5,springhinge_arm,84.05510711669922,202.34051513671875,0
6,springhinge_boom,135.4573211669922,180.86643981933594,0
