,name, x, y, z
0,arm,93.13880920410156,181.44586181640625,0
1,body,175.00746154785156,133.84901428222656,0
2,body_back,225.88308715820312,121.34115600585938,0
3,bucket,81.4060287475586,127.49566650390625,0
4,bucket_tip,69.80646514892578,110.09038543701172,0
5,springhinge_arm,83.869384765625,202.3413543701172,0
6,springhinge_boom,135.35122680664062,180.85130310058594,0
