,name, x, y, z
0,arm,93.00923919677734,181.44735717773438,0
1,body,174.90042114257812,133.7921600341797,0
2,body_back,225.8155059814453,121.24874114990234,0
3,bucket,81.52679443359375,127.39168548583984,0
4,bucket_tip,69.85627746582031,109.99594116210938,0
5,springhinge_arm,83.69828796386719,202.3417510986328,0
6,springhinge_boom,135.2566680908203,180.83639526367188,0
