,name, x, y, z
0,arm,92.88980865478516,181.448974609375,0
1,body,174.80535888671875,133.73597717285156,0
2,body_back,225.7611083984375,121.15621948242188,0
3,bucket,81.66265869140625,127.28936767578125,0
4,bucket_tip,69.92381286621094,109.90208435058594,0
5,springhinge_arm,83.5429458618164,202.34170532226562,0
6,springhinge_boom,135.17442321777344,180.82162475585938,0
