,name, x, y, z
0,arm,92.78137969970703,181.45083618164062,0
1,body,174.72311401367188,133.6806640625,0
2,body_back,225.720703125,121.0637435913086,0
3,bucket,81.81428527832031,127.18903350830078,0
4,bucket_tip,70.01016235351562,109.80903625488281,0
5,springhinge_arm,83.40451049804688,202.34144592285156,0
6,springhinge_boom,135.10536193847656,180.80715942382812,0
