,name, x, y, z
0,arm,92.68475341796875,181.45309448242188,0
1,body,174.65455627441406,133.6262664794922,0
2,body_back,225.69522094726562,120.97132110595703,0
3,bucket,81.98237609863281,127.09089660644531,0
4,bucket_tip,70.11646270751953,109.71684265136719,0
5,springhinge_arm,83.2842025756836,202.34100341796875,0
6,springhinge_boom,135.05035400390625,180.79293823242188,0
