,name, x, y, z
0,arm,92.60079956054688,181.455810546875,0
1,body,174.6004638671875,133.57301330566406,0
2,body_back,225.68540954589844,120.87908935546875,0
3,bucket,82.16754150390625,126.99525451660156,0
4,bucket_tip,70.24378967285156,109.62571716308594,0
5,springhinge_arm,83.18309783935547,202.34054565429688,0
6,springhinge_boom,135.01019287109375,180.779052734375,0
