,name, x, y, z
0,arm,89.1196517944336,211.94801330566406,0
1,body,175.9180145263672,131.51019287109375,0
2,body_back,236.70233154296875,130.99513244628906,0
3,bucket,76.6910400390625,163.1851806640625,0
4,bucket_tip,64.83875274658203,137.08499145507812,0
5,springhinge_arm,81.32475280761719,230.7154541015625,0
6,springhinge_boom,139.91720581054688,192.99588012695312,0
