,name, x, y, z
0,arm,92.53022766113281,181.45916748046875,0
1,body,174.5618133544922,133.5209503173828,0
2,body_back,225.69223022460938,120.78707885742188,0
3,bucket,82.37049865722656,126.90234375,0
4,bucket_tip,70.39331817626953,109.53571319580078,0
5,springhinge_arm,83.10249328613281,202.3401641845703,0
6,springhinge_boom,134.98580932617188,180.76548767089844,0
