,name, x, y, z
0,arm,92.47394561767578,181.46327209472656,0
1,body,174.5393524169922,133.47024536132812,0
2,body_back,225.7164764404297,120.69539642333984,0
3,bucket,82.59188842773438,126.81244659423828,0
4,bucket_tip,70.56610107421875,109.447021484375,0
5,springhinge_arm,83.04344177246094,202.33998107910156,0
6,springhinge_boom,134.9779815673828,180.75233459472656,0
