,name, x, y, z
0,arm,92.4327392578125,181.46824645996094,0
1,body,174.53395080566406,133.4210662841797,0
2,body_back,225.75897216796875,120.6041488647461,0
3,bucket,82.83230590820312,126.72586059570312,0
4,bucket_tip,70.76326751708984,109.35977935791016,0
5,springhinge_arm,83.00714111328125,202.34014892578125,0
6,springhinge_boom,134.98757934570312,180.7396240234375,0
