,name, x, y, z
0,arm,92.39877319335938,181.4813232421875,0
1,body,174.56727600097656,133.32737731933594,0
2,body_back,225.89059448242188,120.42286682128906,0
3,bucket,83.35877227783203,126.563232421875,0
4,bucket_tip,71.22080993652344,109.18980407714844,0
5,springhinge_arm,82.99124908447266,202.3416290283203,0
6,springhinge_boom,135.05142211914062,180.71530151367188,0
