,name, x, y, z
0,arm,92.39850616455078,181.48939514160156,0
1,body,174.5863037109375,133.28248596191406,0
2,body_back,225.95750427246094,120.3324966430664,0
3,bucket,83.61717224121094,126.48686218261719,0
4,bucket_tip,71.45387268066406,109.10670471191406,0
5,springhinge_arm,82.98088073730469,202.34263610839844,0
6,springhinge_boom,135.08477783203125,180.7032470703125,0
