,name, x, y, z
0,arm,92.39773559570312,181.49826049804688,0
1,body,174.6035919189453,133.23878479003906,0
2,body_back,226.021484375,120.24231719970703,0
3,bucket,83.86785888671875,126.41364288330078,0
4,bucket_tip,71.68521118164062,109.02482604980469,0
5,springhinge_arm,82.96394348144531,202.34385681152344,0
6,springhinge_boom,135.11561584472656,180.691162109375,0
