,name, x, y, z
0,arm,92.39644622802734,181.50790405273438,0
1,body,174.61924743652344,133.19630432128906,0
2,body_back,226.08253479003906,120.15242004394531,0
3,bucket,84.11106872558594,126.34349822998047,0
4,bucket_tip,71.91490936279297,108.94420623779297,0
5,springhinge_arm,82.94078063964844,202.345458984375,0
6,springhinge_boom,135.14407348632812,180.67910766601562,0
