,name, x, y, z
0,arm,92.39470672607422,181.51846313476562,0
1,body,174.63333129882812,133.15499877929688,0
2,body_back,226.14073181152344,120.0628890991211,0
3,bucket,84.34700775146484,126.27637481689453,0
4,bucket_tip,72.14305114746094,108.86486053466797,0
5,springhinge_arm,82.91171264648438,202.3474884033203,0
6,springhinge_boom,135.17022705078125,180.6670379638672,0
