,name, x, y, z
0,arm,92.39251708984375,181.52993774414062,0
1,body,174.6459503173828,133.11488342285156,0
2,body_back,226.19618225097656,119.97381591796875,0
3,bucket,84.57584381103516,126.21218872070312,0
4,bucket_tip,72.36970520019531,108.78682708740234,0
5,springhinge_arm,82.87702941894531,202.35009765625,0
6,springhinge_boom,135.19418334960938,180.65501403808594,0
