,name, x, y, z
0,arm,88.63872528076172,211.88101196289062,0
1,body,175.69839477539062,131.49911499023438,0
2,body_back,236.59974670410156,131.0989227294922,0
3,bucket,76.66118621826172,162.7904815673828,0
4,bucket_tip,65.41956329345703,136.46725463867188,0
5,springhinge_arm,80.68746948242188,230.511962890625,0
6,springhinge_boom,139.74635314941406,193.04747009277344,0
