,name, x, y, z
0,arm,92.389892578125,181.5424346923828,0
1,body,174.6571502685547,133.07591247558594,0
2,body_back,226.2489013671875,119.88528442382812,0
3,bucket,84.79781341552734,126.15089416503906,0
4,bucket_tip,72.59494018554688,108.71014404296875,0
5,springhinge_arm,82.83705139160156,202.35337829589844,0
6,springhinge_boom,135.21607971191406,180.64303588867188,0
