,name, x, y, z
0,arm,92.38687896728516,181.5559539794922,0
1,body,174.66702270507812,133.03811645507812,0
2,body_back,226.29901123046875,119.79736328125,0
3,bucket,85.01309967041016,126.0924072265625,0
4,bucket_tip,72.81886291503906,108.63481140136719,0
5,springhinge_arm,82.7920913696289,202.357421875,0
6,springhinge_boom,135.2360076904297,180.63108825683594,0
