,name, x, y, z
0,arm,92.38347625732422,181.57057189941406,0
1,body,174.67568969726562,133.00148010253906,0
2,body_back,226.34652709960938,119.71014404296875,0
3,bucket,85.2219009399414,126.03667449951172,0
4,bucket_tip,73.04153442382812,108.56089782714844,0
5,springhinge_arm,82.74244689941406,202.3623504638672,0
6,springhinge_boom,135.25404357910156,180.61924743652344,0
