,name, x, y, z
0,arm,92.3797378540039,181.5863494873047,0
1,body,174.68319702148438,132.9659881591797,0
2,body_back,226.3915557861328,119.62372589111328,0
3,bucket,85.42443084716797,125.98362731933594,0
4,bucket_tip,73.26304626464844,108.48839569091797,0
5,springhinge_arm,82.68846130371094,202.36827087402344,0
6,springhinge_boom,135.2703399658203,180.60745239257812,0
