,name, x, y, z
0,arm,92.37567138671875,181.60333251953125,0
1,body,174.6896209716797,132.9315948486328,0
2,body_back,226.4341583251953,119.53816986083984,0
3,bucket,85.62090301513672,125.93319702148438,0
4,bucket_tip,73.48348999023438,108.4173583984375,0
5,springhinge_arm,82.63041687011719,202.3753204345703,0
6,springhinge_boom,135.2849884033203,180.59576416015625,0
