,name, x, y, z
0,arm,92.37128448486328,181.62158203125,0
1,body,174.695068359375,132.8983612060547,0
2,body_back,226.47439575195312,119.45356750488281,0
3,bucket,85.8115005493164,125.88532257080078,0
4,bucket_tip,73.70292663574219,108.34780883789062,0
5,springhinge_arm,82.56863403320312,202.383544921875,0
6,springhinge_boom,135.29808044433594,180.58419799804688,0
