,name, x, y, z
0,arm,92.36661529541016,181.6411590576172,0
1,body,174.69960021972656,132.86622619628906,0
2,body_back,226.51231384277344,119.3700180053711,0
3,bucket,85.9964370727539,125.83993530273438,0
4,bucket_tip,73.92144012451172,108.27978515625,0
5,springhinge_arm,82.50341033935547,202.39308166503906,0
6,springhinge_boom,135.30972290039062,180.57273864746094,0
