,name, x, y, z
0,arm,92.35118103027344,181.70835876464844,0
1,body,174.7086181640625,132.7764434814453,0
2,body_back,226.61300659179688,119.1264419555664,0
3,bucket,86.51923370361328,125.7180404663086,0
4,bucket_tip,74.57221221923828,108.08509826660156,0
5,springhinge_arm,82.29032897949219,202.4307098388672,0
6,springhinge_boom,135.337158203125,180.5391845703125,0
