,name, x, y, z
0,arm,88.16104125976562,211.80136108398438,0
1,body,175.47132873535156,131.48974609375,0
2,body_back,236.4954833984375,131.2028350830078,0
3,bucket,76.63223266601562,162.3820343017578,0
4,bucket_tip,66.00777435302734,135.8419189453125,0
5,springhinge_arm,80.06636047363281,230.28939819335938,0
6,springhinge_boom,139.5729217529297,193.09762573242188,0
