,name, x, y, z
0,arm,92.34561920166016,181.7337646484375,0
1,body,174.71035766601562,132.74867248535156,0
2,body_back,226.6424102783203,119.04789733886719,0
3,bucket,86.68350982666016,125.68194580078125,0
4,bucket_tip,74.78784942626953,108.02344512939453,0
5,springhinge_arm,82.21453857421875,202.4466094970703,0
6,springhinge_boom,135.34413146972656,180.5283203125,0
