,name, x, y, z
0,arm,92.33988952636719,181.76075744628906,0
1,body,174.71160888671875,132.72198486328125,0
2,body_back,226.66986083984375,118.97080993652344,0
3,bucket,86.84315490722656,125.64801025390625,0
4,bucket_tip,75.0029296875,107.96345520019531,0
5,springhinge_arm,82.13685607910156,202.46434020996094,0
6,springhinge_boom,135.35018920898438,180.5176544189453,0
