,name, x, y, z
0,arm,92.33403015136719,181.78941345214844,0
1,body,174.71243286132812,132.69635009765625,0
2,body_back,226.6954345703125,118.89527130126953,0
3,bucket,86.99832153320312,125.61617279052734,0
4,bucket_tip,75.21760559082031,107.9051513671875,0
5,springhinge_arm,82.05763244628906,202.48406982421875,0
6,springhinge_boom,135.35546875,180.50717163085938,0
