,name, x, y, z
0,arm,92.32805633544922,181.8197479248047,0
1,body,174.7129364013672,132.67178344726562,0
2,body_back,226.71914672851562,118.82137298583984,0
3,bucket,87.14924621582031,125.58635711669922,0
4,bucket_tip,75.43190002441406,107.84857940673828,0
5,springhinge_arm,81.97715759277344,202.505859375,0
6,springhinge_boom,135.3600616455078,180.49691772460938,0
