,name, x, y, z
0,arm,92.32197570800781,181.8518524169922,0
1,body,174.7132110595703,132.6482391357422,0
2,body_back,226.7411346435547,118.74917602539062,0
3,bucket,87.29612731933594,125.55850219726562,0
4,bucket_tip,75.64592742919922,107.79376983642578,0
5,springhinge_arm,81.895751953125,202.52980041503906,0
6,springhinge_boom,135.3640594482422,180.48687744140625,0
