,name, x, y, z
0,arm,92.31583404541016,181.8857879638672,0
1,body,174.7133026123047,132.625732421875,0
2,body_back,226.76141357421875,118.67878723144531,0
3,bucket,87.43915557861328,125.53254699707031,0
4,bucket_tip,75.8597640991211,107.7407455444336,0
5,springhinge_arm,81.813720703125,202.55606079101562,0
6,springhinge_boom,135.3675994873047,180.47706604003906,0
