,name, x, y, z
0,arm,92.30963897705078,181.92156982421875,0
1,body,174.71331787109375,132.60426330566406,0
2,body_back,226.78009033203125,118.61027526855469,0
3,bucket,87.57855987548828,125.50843048095703,0
4,bucket_tip,76.0734634399414,107.68952178955078,0
5,springhinge_arm,81.73137664794922,202.58470153808594,0
6,springhinge_boom,135.37074279785156,180.46751403808594,0
