,name, x, y, z
0,arm,92.30342864990234,181.9592742919922,0
1,body,174.7133331298828,132.58380126953125,0
2,body_back,226.79721069335938,118.54373168945312,0
3,bucket,87.71449279785156,125.48606872558594,0
4,bucket_tip,76.28713989257812,107.6401596069336,0
5,springhinge_arm,81.64903259277344,202.6158447265625,0
6,springhinge_boom,135.3736572265625,180.4582061767578,0
