,name, x, y, z
0,arm,92.29721069335938,181.9989776611328,0
1,body,174.7134246826172,132.56434631347656,0
2,body_back,226.8128204345703,118.47924041748047,0
3,bucket,87.84719848632812,125.46541595458984,0
4,bucket_tip,76.50084686279297,107.5926742553711,0
5,springhinge_arm,81.5669937133789,202.64959716796875,0
6,springhinge_boom,135.3763885498047,180.4491729736328,0
