,name, x, y, z
0,arm,92.29102325439453,182.0406951904297,0
1,body,174.71368408203125,132.54588317871094,0
2,body_back,226.82704162597656,118.4168930053711,0
3,bucket,87.97686767578125,125.4463882446289,0
4,bucket_tip,76.71469116210938,107.54708099365234,0
5,springhinge_arm,81.48558807373047,202.6860809326172,0
6,springhinge_boom,135.37908935546875,180.44044494628906,0
