,name, x, y, z
0,arm,87.688232421875,211.70799255371094,0
1,body,175.23751831054688,131.4818878173828,0
2,body_back,236.39100646972656,131.30662536621094,0
3,bucket,76.60467529296875,161.9624481201172,0
4,bucket_tip,66.5976333618164,135.2152099609375,0
5,springhinge_arm,79.46466827392578,230.04736328125,0
6,springhinge_boom,139.39710998535156,193.14584350585938,0
