,name, x, y, z
0,arm,92.27879333496094,182.13047790527344,0
1,body,174.7150421142578,132.5119171142578,0
2,body_back,226.85147094726562,118.2989273071289,0
3,bucket,88.22789001464844,125.4129867553711,0
4,bucket_tip,77.14305114746094,107.46173858642578,0
5,springhinge_arm,81.32588195800781,202.7676239013672,0
6,springhinge_boom,135.384765625,180.42388916015625,0
