,name, x, y, z
0,arm,92.27281951904297,182.17861938476562,0
1,body,174.71627807617188,132.4964141845703,0
2,body_back,226.86183166503906,118.24349212646484,0
3,bucket,88.34967041015625,125.3984603881836,0
4,bucket_tip,77.35772705078125,107.42203521728516,0
5,springhinge_arm,81.24822235107422,202.81288146972656,0
6,springhinge_boom,135.38795471191406,180.4160919189453,0
