,name, x, y, z
0,arm,92.26696014404297,182.22903442382812,0
1,body,174.718017578125,132.48184204101562,0
2,body_back,226.87103271484375,118.1905288696289,0
3,bucket,88.4692153930664,125.38531494140625,0
4,bucket_tip,77.57286834716797,107.38436126708984,0
5,springhinge_arm,81.17242431640625,202.86129760742188,0
6,springhinge_boom,135.3915252685547,180.40863037109375,0
