,name, x, y, z
0,arm,92.26124572753906,182.28173828125,0
1,body,174.7203369140625,132.46824645996094,0
2,body_back,226.879150390625,118.1401138305664,0
3,bucket,88.58672332763672,125.37347412109375,0
4,bucket_tip,77.78851318359375,107.34873962402344,0
5,springhinge_arm,81.09878540039062,202.91299438476562,0
6,springhinge_boom,135.3955841064453,180.40150451660156,0
