,name, x, y, z
0,arm,92.25569152832031,182.33680725097656,0
1,body,174.7233123779297,132.45558166503906,0
2,body_back,226.88626098632812,118.09234619140625,0
3,bucket,88.70243072509766,125.36287689208984,0
4,bucket_tip,78.00476837158203,107.31520080566406,0
5,springhinge_arm,81.02766418457031,202.96804809570312,0
6,springhinge_boom,135.4002227783203,180.394775390625,0
