,name, x, y, z
0,arm,92.25031280517578,182.39430236816406,0
1,body,174.72703552246094,132.44384765625,0
2,body_back,226.89242553710938,118.04730224609375,0
3,bucket,88.81648254394531,125.35345458984375,0
4,bucket_tip,78.22171020507812,107.28377532958984,0
5,springhinge_arm,80.9593276977539,203.0265655517578,0
6,springhinge_boom,135.4055938720703,180.388427734375,0
