,name, x, y, z
0,arm,92.24516296386719,182.4542694091797,0
1,body,174.73158264160156,132.43304443359375,0
2,body_back,226.89768981933594,118.00507354736328,0
3,bucket,88.92913055419922,125.34513854980469,0
4,bucket_tip,78.43942260742188,107.2544937133789,0
5,springhinge_arm,80.89411926269531,203.0886688232422,0
6,springhinge_boom,135.4117431640625,180.3824462890625,0
