,name, x, y, z
0,arm,92.240234375,182.51675415039062,0
1,body,174.73703002929688,132.42315673828125,0
2,body_back,226.9021759033203,117.96573638916016,0
3,bucket,89.04055786132812,125.33786010742188,0
4,bucket_tip,78.657958984375,107.22737884521484,0
5,springhinge_arm,80.83233642578125,203.15444946289062,0
6,springhinge_boom,135.4188232421875,180.3768768310547,0
