,name, x, y, z
0,arm,92.23118591308594,182.64955139160156,0
1,body,174.75094604492188,132.40609741210938,0
2,body_back,226.90895080566406,117.89608764648438,0
3,bucket,89.26058959960938,125.32617950439453,0
4,bucket_tip,79.09793090820312,107.17979431152344,0
5,springhinge_arm,80.72029113769531,203.29751586914062,0
6,springhinge_boom,135.43614196777344,180.36700439453125,0
