,name, x, y, z
0,arm,92.22711944580078,182.71994018554688,0
1,body,174.7595977783203,132.39892578125,0
2,body_back,226.91140747070312,117.86593627929688,0
3,bucket,89.36959838867188,125.3216323852539,0
4,bucket_tip,79.31952667236328,107.15937042236328,0
5,springhinge_arm,80.67066955566406,203.3750457763672,0
6,springhinge_boom,135.44659423828125,180.36273193359375,0
