,name, x, y, z
0,arm,92.22337341308594,182.7930908203125,0
1,body,174.76950073242188,132.39259338378906,0
2,body_back,226.91329956054688,117.83901977539062,0
3,bucket,89.4781723022461,125.31787872314453,0
4,bucket_tip,79.5422592163086,107.14124298095703,0
5,springhinge_arm,80.6257095336914,203.45664978027344,0
6,springhinge_boom,135.45838928222656,180.35888671875,0
