,name, x, y, z
0,arm,92.21997833251953,182.86904907226562,0
1,body,174.78070068359375,132.38714599609375,0
2,body_back,226.91473388671875,117.81541442871094,0
3,bucket,89.58655548095703,125.31483459472656,0
4,bucket_tip,79.76624298095703,107.12543487548828,0
5,springhinge_arm,80.58572387695312,203.54251098632812,0
6,springhinge_boom,135.47164916992188,180.35552978515625,0
