,name, x, y, z
0,arm,92.21696472167969,182.94784545898438,0
1,body,174.79330444335938,132.38258361816406,0
2,body_back,226.915771484375,117.79521179199219,0
3,bucket,89.69493865966797,125.31243133544922,0
4,bucket_tip,79.99156188964844,107.11198425292969,0
5,springhinge_arm,80.55104064941406,203.6326904296875,0
6,springhinge_boom,135.4864501953125,180.3526611328125,0
