,name, x, y, z
0,arm,92.21038818359375,183.20193481445312,0
1,body,174.84031677246094,132.37393188476562,0
2,body_back,226.91708374023438,117.755859375,0
3,bucket,90.02208709716797,125.30847930908203,0
4,bucket_tip,80.67628479003906,107.08601379394531,0
5,springhinge_arm,80.48188781738281,203.93032836914062,0
6,springhinge_boom,135.54129028320312,180.3470458984375,0
