,name, x, y, z
0,arm,92.2091293334961,183.292724609375,0
1,body,174.85934448242188,132.37271118164062,0
2,body_back,226.91714477539062,117.7500991821289,0
3,bucket,90.13247680664062,125.30801391601562,0
4,bucket_tip,80.90771484375,107.08226013183594,0
5,springhinge_arm,80.47148132324219,204.0389404296875,0
6,springhinge_boom,135.56336975097656,180.3462371826172,0
