,name, x, y, z
0,arm,92.2083511352539,183.38662719726562,0
1,body,174.88018798828125,132.37229919433594,0
2,body_back,226.91717529296875,117.74815368652344,0
3,bucket,90.24386596679688,125.30787658691406,0
4,bucket_tip,81.14088439941406,107.08099365234375,0
5,springhinge_arm,80.46796417236328,204.1524200439453,0
6,springhinge_boom,135.58755493164062,180.345947265625,0
