,name, x, y, z
0,arm,86.76337432861328,211.47592163085938,0
1,body,174.7528076171875,131.4700469970703,0
2,body_back,236.18739318847656,131.51315307617188,0
3,bucket,76.55575561523438,161.10069274902344,0
4,bucket_tip,67.759033203125,133.9825897216797,0
5,springhinge_arm,78.33267974853516,229.5034942626953,0
6,springhinge_boom,139.03900146484375,193.23455810546875,0
