,name, x, y, z
0,arm,92.20807647705078,183.4837188720703,0
1,body,174.9034881591797,132.37355041503906,0
2,body_back,226.9164581298828,117.74886322021484,0
3,bucket,90.35643005371094,125.31314086914062,0
4,bucket_tip,81.37582397460938,107.08294677734375,0
5,springhinge_arm,80.46796417236328,204.2708282470703,0
6,springhinge_boom,135.61392211914062,180.35072326660156,0
