,name, x, y, z
0,arm,92.21187591552734,183.58399963378906,0
1,body,174.92979431152344,132.37721252441406,0
2,body_back,226.9143829345703,117.75094604492188,0
3,bucket,90.47013854980469,125.32865905761719,0
4,bucket_tip,81.6124267578125,107.08870697021484,0
5,springhinge_arm,80.46796417236328,204.3939208984375,0
6,springhinge_boom,135.64234924316406,180.3647918701172,0
