,name, x, y, z
0,arm,92.22306823730469,183.68736267089844,0
1,body,174.9589385986328,132.3832244873047,0
2,body_back,226.91098022460938,117.75434112548828,0
3,bucket,90.58495330810547,125.35400390625,0
4,bucket_tip,81.85052490234375,107.09811401367188,0
5,springhinge_arm,80.46797943115234,204.52145385742188,0
6,springhinge_boom,135.67279052734375,180.38780212402344,0
