,name, x, y, z
0,arm,92.24136352539062,183.7935791015625,0
1,body,174.9907989501953,132.39146423339844,0
2,body_back,226.90631103515625,117.75899505615234,0
3,bucket,90.70079040527344,125.38875579833984,0
4,bucket_tip,82.09002685546875,107.11101531982422,0
5,springhinge_arm,80.46798706054688,204.65309143066406,0
6,springhinge_boom,135.70510864257812,180.4193115234375,0
