,name, x, y, z
0,arm,92.26644134521484,183.9025115966797,0
1,body,175.02525329589844,132.40184020996094,0
2,body_back,226.9004669189453,117.76485443115234,0
3,bucket,90.81761932373047,125.43251037597656,0
4,bucket_tip,82.33075714111328,107.12725067138672,0
5,springhinge_arm,80.46800994873047,204.78855895996094,0
6,springhinge_boom,135.73916625976562,180.45901489257812,0
