,name, x, y, z
0,arm,92.29801940917969,184.0139617919922,0
1,body,175.0621337890625,132.4142608642578,0
2,body_back,226.89344787597656,117.7718734741211,0
3,bucket,90.93534851074219,125.4848403930664,0
4,bucket_tip,82.57259368896484,107.14667510986328,0
5,springhinge_arm,80.4680404663086,204.92758178710938,0
6,springhinge_boom,135.77493286132812,180.50648498535156,0
