,name, x, y, z
0,arm,92.37943267822266,184.24365234375,0
1,body,175.14260864257812,132.4447784423828,0
2,body_back,226.87620544433594,117.78912353515625,0
3,bucket,91.17339324951172,125.61355590820312,0
4,bucket_tip,83.0589370727539,107.19445037841797,0
5,springhinge_arm,80.46814727783203,205.2152557373047,0
6,springhinge_boom,135.85101318359375,180.6232452392578,0
