,name, x, y, z
0,arm,92.42867279052734,184.36155700683594,0
1,body,175.18594360351562,132.4626922607422,0
2,body_back,226.86607360839844,117.79925537109375,0
3,bucket,91.29354095458984,125.68910217285156,0
4,bucket_tip,83.30316162109375,107.22248077392578,0
5,springhinge_arm,80.46823120117188,205.36328125,0
6,springhinge_boom,135.89114379882812,180.69178771972656,0
