,name, x, y, z
0,arm,86.31452178955078,211.33505249023438,0
1,body,174.50343322753906,131.46568298339844,0
2,body_back,236.0912322998047,131.6154022216797,0
3,bucket,76.53533935546875,160.663818359375,0
4,bucket_tip,68.31900024414062,133.3891143798828,0
5,springhinge_arm,77.80888366699219,229.2008819580078,0
6,springhinge_boom,138.85702514648438,193.2739715576172,0
