,name, x, y, z
0,arm,92.54269409179688,184.60255432128906,0
1,body,175.2781219482422,132.50332641601562,0
2,body_back,226.8430938720703,117.82221984863281,0
3,bucket,91.535888671875,125.86048126220703,0
4,bucket_tip,83.79301452636719,107.28608703613281,0
5,springhinge_arm,80.46844482421875,205.66629028320312,0
6,springhinge_boom,135.97503662109375,180.8472900390625,0
