,name, x, y, z
0,arm,92.60686492919922,184.72528076171875,0
1,body,175.32666015625,132.52584838867188,0
2,body_back,226.8303680419922,117.83494567871094,0
3,bucket,91.65795135498047,125.95549011230469,0
4,bucket_tip,84.0383529663086,107.32135009765625,0
5,springhinge_arm,80.46858215332031,205.82070922851562,0
6,springhinge_boom,136.01858520507812,180.93345642089844,0
