,name, x, y, z
0,arm,92.67542266845703,184.84927368164062,0
1,body,175.37667846679688,132.54971313476562,0
2,body_back,226.81689453125,117.84843444824219,0
3,bucket,91.780517578125,126.05613708496094,0
4,bucket_tip,84.2837905883789,107.35870361328125,0
5,springhinge_arm,80.46875762939453,205.97669982910156,0
6,springhinge_boom,136.0630645751953,181.0247802734375,0
