,name, x, y, z
0,arm,92.748046875,184.9743194580078,0
1,body,175.42800903320312,132.57481384277344,0
2,body_back,226.8026885986328,117.86263275146484,0
3,bucket,91.90354919433594,126.1620101928711,0
4,bucket_tip,84.5291519165039,107.39799499511719,0
5,springhinge_arm,80.46894836425781,206.13397216796875,0
6,springhinge_boom,136.10836791992188,181.12083435058594,0
