,name, x, y, z
0,arm,92.824462890625,185.10023498535156,0
1,body,175.4805145263672,132.60107421875,0
2,body_back,226.78785705566406,117.8774642944336,0
3,bucket,92.0270004272461,126.272705078125,0
4,bucket_tip,84.77430725097656,107.43907165527344,0
5,springhinge_arm,80.46917724609375,206.29226684570312,0
6,springhinge_boom,136.15440368652344,181.2212371826172,0
