,name, x, y, z
0,arm,92.98738098144531,185.35406494140625,0
1,body,175.58848571777344,132.65658569335938,0
2,body_back,226.7564697265625,117.90884399414062,0
3,bucket,92.27483367919922,126.5068359375,0
4,bucket_tip,85.26343536376953,107.5259780883789,0
5,springhinge_arm,80.46973419189453,206.6106719970703,0
6,springhinge_boom,136.2481689453125,181.43365478515625,0
