,name, x, y, z
0,arm,93.07329559326172,185.48155212402344,0
1,body,175.6436767578125,132.68565368652344,0
2,body_back,226.74005126953125,117.9252700805664,0
3,bucket,92.39915466308594,126.62944793701172,0
4,bucket_tip,85.50712585449219,107.57147979736328,0
5,springhinge_arm,80.47006225585938,206.77023315429688,0
6,springhinge_boom,136.2957305908203,181.54489135742188,0
