,name, x, y, z
0,arm,93.16179656982422,185.60922241210938,0
1,body,175.6995086669922,132.71546936035156,0
2,body_back,226.7231903076172,117.94213104248047,0
3,bucket,92.52360534667969,126.75520324707031,0
4,bucket_tip,85.75001525878906,107.61814880371094,0
5,springhinge_arm,80.4704360961914,206.92967224121094,0
6,springhinge_boom,136.34356689453125,181.6589813232422,0
