,name, x, y, z
0,arm,93.25252532958984,185.73687744140625,0
1,body,175.7558135986328,132.74594116210938,0
2,body_back,226.7059783935547,117.95934295654297,0
3,bucket,92.648193359375,126.8836669921875,0
4,bucket_tip,85.99199676513672,107.66583251953125,0
5,springhinge_arm,80.47084045410156,207.08868408203125,0
6,springhinge_boom,136.39161682128906,181.77552795410156,0
