,name, x, y, z
0,arm,85.87682342529297,211.17623901367188,0
1,body,174.24993896484375,131.46229553222656,0
2,body_back,236.00042724609375,131.7168731689453,0
3,bucket,76.51787567138672,160.22669982910156,0
4,bucket_tip,68.85704040527344,132.8193359375,0
5,springhinge_arm,77.31719970703125,228.87744140625,0
6,springhinge_boom,138.6729736328125,193.30955505371094,0
