,name, x, y, z
0,arm,93.3452377319336,185.86431884765625,0
1,body,175.81243896484375,132.77694702148438,0
2,body_back,226.68844604492188,117.97686767578125,0
3,bucket,92.7728271484375,127.01444244384766,0
4,bucket_tip,86.23289489746094,107.71435546875,0
5,springhinge_arm,80.47129821777344,207.24696350097656,0
6,springhinge_boom,136.43971252441406,181.89418029785156,0
