,name, x, y, z
0,arm,93.43961334228516,185.99139404296875,0
1,body,175.86927795410156,132.8083953857422,0
2,body_back,226.67066955566406,117.99464416503906,0
3,bucket,92.89745330810547,127.14708709716797,0
4,bucket_tip,86.47259521484375,107.76358795166016,0
5,springhinge_arm,80.47178649902344,207.40428161621094,0
6,springhinge_boom,136.48782348632812,182.01449584960938,0
