,name, x, y, z
0,arm,93.53533172607422,186.11788940429688,0
1,body,175.9261932373047,132.84019470214844,0
2,body_back,226.6527099609375,118.01262664794922,0
3,bucket,93.02201843261719,127.28121185302734,0
4,bucket_tip,86.71092987060547,107.81336975097656,0
5,springhinge_arm,80.47234344482422,207.560302734375,0
6,springhinge_boom,136.53579711914062,182.13616943359375,0
