,name, x, y, z
0,arm,93.63212585449219,186.24365234375,0
1,body,175.98301696777344,132.8722381591797,0
2,body_back,226.63458251953125,118.0307388305664,0
3,bucket,93.146484375,127.41637420654297,0
4,bucket_tip,86.94776153564453,107.863525390625,0
5,springhinge_arm,80.47293853759766,207.7147674560547,0
6,springhinge_boom,136.5835418701172,182.25880432128906,0
