,name, x, y, z
0,arm,93.72966003417969,186.3684844970703,0
1,body,176.0396270751953,132.90444946289062,0
2,body_back,226.61639404296875,118.04893493652344,0
3,bucket,93.27075958251953,127.55215454101562,0
4,bucket_tip,87.1829605102539,107.91393280029297,0
5,springhinge_arm,80.47357940673828,207.86737060546875,0
6,springhinge_boom,136.63095092773438,182.38198852539062,0
