,name, x, y, z
0,arm,93.82764434814453,186.49221801757812,0
1,body,176.09588623046875,132.9366912841797,0
2,body_back,226.59815979003906,118.0671615600586,0
3,bucket,93.39479064941406,127.68815612792969,0
4,bucket_tip,87.4163589477539,107.96440124511719,0
5,springhinge_arm,80.47428894042969,208.0178680419922,0
6,springhinge_boom,136.67791748046875,182.50537109375,0
