,name, x, y, z
0,arm,93.92579650878906,186.61465454101562,0
1,body,176.15162658691406,132.96888732910156,0
2,body_back,226.57997131347656,118.08536529541016,0
3,bucket,93.51853942871094,127.8239517211914,0
4,bucket_tip,87.64784240722656,108.0147933959961,0
5,springhinge_arm,80.47503662109375,208.16595458984375,0
6,springhinge_boom,136.7243194580078,182.62855529785156,0
