,name, x, y, z
0,arm,94.12133026123047,186.85496520996094,0
1,body,176.26109313964844,133.03274536132812,0
2,body_back,226.54388427734375,118.12145233154297,0
3,bucket,93.76493835449219,128.09323120117188,0
4,bucket_tip,88.10440063476562,108.11473083496094,0
5,springhinge_arm,80.47673034667969,208.4536895751953,0
6,springhinge_boom,136.81509399414062,182.8728485107422,0
