,name, x, y, z
0,arm,94.21810913085938,186.9724578857422,0
1,body,176.31451416015625,133.06419372558594,0
2,body_back,226.52610778808594,118.13922882080078,0
3,bucket,93.88748168945312,128.2258758544922,0
4,bucket_tip,88.32923126220703,108.1639633178711,0
5,springhinge_arm,80.47766876220703,208.59280395507812,0
6,springhinge_boom,136.85923767089844,182.99319458007812,0
