,name, x, y, z
0,arm,85.4514389038086,210.99855041503906,0
1,body,173.99095153808594,131.45982360839844,0
2,body_back,235.91433715820312,131.81748962402344,0
3,bucket,76.50167083740234,159.7921142578125,0
4,bucket_tip,69.36515808105469,132.27963256835938,0
5,springhinge_arm,76.85871124267578,228.532958984375,0
6,springhinge_boom,138.48480224609375,193.34100341796875,0
