,name, x, y, z
0,arm,94.31385040283203,187.08795166015625,0
1,body,176.3668975830078,133.09519958496094,0
2,body_back,226.50856018066406,118.15675354003906,0
3,bucket,94.00948333740234,128.3566436767578,0
4,bucket_tip,88.55152893066406,108.2125015258789,0
5,springhinge_arm,80.47866821289062,208.72837829589844,0
6,springhinge_boom,136.90240478515625,183.11183166503906,0
