,name, x, y, z
0,arm,94.40821075439453,187.2012481689453,0
1,body,176.41806030273438,133.12567138671875,0
2,body_back,226.49136352539062,118.17396545410156,0
3,bucket,94.13092041015625,128.48512268066406,0
4,bucket_tip,88.77118682861328,108.26018524169922,0
5,springhinge_arm,80.47974395751953,208.86007690429688,0
6,springhinge_boom,136.94447326660156,183.2283935546875,0
