,name, x, y, z
0,arm,94.50091552734375,187.31216430664062,0
1,body,176.46792602539062,133.1554718017578,0
2,body_back,226.4744873046875,118.19082641601562,0
3,bucket,94.2516860961914,128.61087036132812,0
4,bucket_tip,88.98804473876953,108.30684661865234,0
5,springhinge_arm,80.48087310791016,208.98768615722656,0
6,springhinge_boom,136.98538208007812,183.34246826171875,0
