,name, x, y, z
0,arm,94.59166717529297,187.42054748535156,0
1,body,176.5162811279297,133.18455505371094,0
2,body_back,226.45806884765625,118.2072525024414,0
3,bucket,94.37179565429688,128.7334747314453,0
4,bucket_tip,89.20196533203125,108.35235595703125,0
5,springhinge_arm,80.48209381103516,209.11087036132812,0
6,springhinge_boom,137.02500915527344,183.45370483398438,0
