,name, x, y, z
0,arm,94.76606750488281,187.62889099121094,0
1,body,176.60804748535156,133.24008178710938,0
2,body_back,226.4266815185547,118.23863983154297,0
3,bucket,94.60967254638672,128.96762084960938,0
4,bucket_tip,89.62039947509766,108.43924713134766,0
5,springhinge_arm,80.48472595214844,209.34288024902344,0
6,springhinge_boom,137.09996032714844,183.66612243652344,0
