,name, x, y, z
0,arm,94.84910583496094,187.728515625,0
1,body,176.65115356445312,133.2663116455078,0
2,body_back,226.411865234375,118.25347137451172,0
3,bucket,94.72734069824219,129.07830810546875,0
4,bucket_tip,89.82462310791016,108.48033142089844,0
5,springhinge_arm,80.48616790771484,209.45114135742188,0
6,springhinge_boom,137.1350860595703,183.76654052734375,0
