,name, x, y, z
0,arm,94.92899322509766,187.82485961914062,0
1,body,176.69223022460938,133.29141235351562,0
2,body_back,226.3976593017578,118.26766204833984,0
3,bucket,94.84407043457031,129.18417358398438,0
4,bucket_tip,90.02536010742188,108.5196304321289,0
5,springhinge_arm,80.4876937866211,209.55386352539062,0
6,springhinge_boom,137.1685028076172,183.8625946044922,0
