,name, x, y, z
0,arm,95.00540161132812,187.917724609375,0
1,body,176.7311553955078,133.31527709960938,0
2,body_back,226.38417053222656,118.2811508178711,0
3,bucket,94.9598159790039,129.2848358154297,0
4,bucket_tip,90.222412109375,108.5569839477539,0
5,springhinge_arm,80.48929595947266,209.65074157714844,0
6,springhinge_boom,137.20010375976562,183.95388793945312,0
