,name, x, y, z
0,arm,95.07804107666016,188.00698852539062,0
1,body,176.76776123046875,133.33779907226562,0
2,body_back,226.37142944335938,118.29387664794922,0
3,bucket,95.07451629638672,129.3798370361328,0
4,bucket_tip,90.41567993164062,108.59223937988281,0
5,springhinge_arm,80.49097442626953,209.7415008544922,0
6,springhinge_boom,137.2297821044922,184.0400848388672,0
