,name, x, y, z
0,arm,62.0704345703125,202.0178985595703,0
1,body,158.57481384277344,142.44989013671875,0
2,body_back,214.82550048828125,141.90472412109375,0
3,bucket,85.15636444091797,158.9287109375,0
4,bucket_tip,97.81348419189453,127.6755599975586,0
5,springhinge_arm,46.3585090637207,212.86878967285156,0
6,springhinge_boom,116.8599624633789,195.28689575195312,0
