,name, x, y, z
0,arm,85.03775024414062,210.80113220214844,0
1,body,173.72470092773438,131.45814514160156,0
2,body_back,235.8318634033203,131.91709899902344,0
3,bucket,76.48471069335938,159.36282348632812,0
4,bucket_tip,69.83505249023438,131.77627563476562,0
5,springhinge_arm,76.4341812133789,228.16708374023438,0
6,springhinge_boom,138.29017639160156,193.3677978515625,0
