,name, x, y, z
0,arm,95.14659118652344,188.0924072265625,0
1,body,176.80191040039062,133.35890197753906,0
2,body_back,226.3595428466797,118.30579376220703,0
3,bucket,95.18814086914062,129.46876525878906,0
4,bucket_tip,90.60496520996094,108.625244140625,0
5,springhinge_arm,80.49273681640625,209.8258819580078,0
6,springhinge_boom,137.25743103027344,184.12075805664062,0
