,name, x, y, z
0,arm,95.21077728271484,188.173828125,0
1,body,176.8334503173828,133.37844848632812,0
2,body_back,226.34848022460938,118.31685638427734,0
3,bucket,95.30058288574219,129.55120849609375,0
4,bucket_tip,90.79020690917969,108.65584564208984,0
5,springhinge_arm,80.49459075927734,209.903564453125,0
6,springhinge_boom,137.282958984375,184.195556640625,0
