,name, x, y, z
0,arm,95.27025604248047,188.25106811523438,0
1,body,176.86228942871094,133.3963623046875,0
2,body_back,226.33834838867188,118.32698059082031,0
3,bucket,95.41181945800781,129.62677001953125,0
4,bucket_tip,90.97119140625,108.68388366699219,0
5,springhinge_arm,80.49654388427734,209.9742889404297,0
6,springhinge_boom,137.3062286376953,184.26409912109375,0
