,name, x, y, z
0,arm,95.32479095458984,188.3239288330078,0
1,body,176.8882598876953,133.41253662109375,0
2,body_back,226.32920837402344,118.33612060546875,0
3,bucket,95.52176666259766,129.6949920654297,0
4,bucket_tip,91.14779663085938,108.70919799804688,0
5,springhinge_arm,80.49858856201172,210.03773498535156,0
6,springhinge_boom,137.32717895507812,184.32601928710938,0
