,name, x, y, z
0,arm,95.3740234375,188.39227294921875,0
1,body,176.91119384765625,133.4268798828125,0
2,body_back,226.32110595703125,118.34422302246094,0
3,bucket,95.63040161132812,129.75546264648438,0
4,bucket_tip,91.31987762451172,108.73165130615234,0
5,springhinge_arm,80.50071716308594,210.09365844726562,0
6,springhinge_boom,137.3456573486328,184.38087463378906,0
