,name, x, y, z
0,arm,95.41767120361328,188.45587158203125,0
1,body,176.93101501464844,133.4392852783203,0
2,body_back,226.3140869140625,118.35124206542969,0
3,bucket,95.7376480102539,129.80780029296875,0
4,bucket_tip,91.48728942871094,108.75106811523438,0
5,springhinge_arm,80.50294494628906,210.1417694091797,0
6,springhinge_boom,137.36158752441406,184.42835998535156,0
