,name, x, y, z
0,arm,95.45542907714844,188.51455688476562,0
1,body,176.94752502441406,133.4496612548828,0
2,body_back,226.3082275390625,118.35710144042969,0
3,bucket,95.84345245361328,129.8515625,0
4,bucket_tip,91.64990234375,108.76730346679688,0
5,springhinge_arm,80.50528717041016,210.18173217773438,0
6,springhinge_boom,137.37486267089844,184.46804809570312,0
