,name, x, y, z
0,arm,95.48701477050781,188.5681610107422,0
1,body,176.9606170654297,133.45791625976562,0
2,body_back,226.30355834960938,118.36176300048828,0
3,bucket,95.94773864746094,129.88632202148438,0
4,bucket_tip,91.80755615234375,108.78021240234375,0
5,springhinge_arm,80.5077133178711,210.21334838867188,0
6,springhinge_boom,137.3853759765625,184.4995574951172,0
