,name, x, y, z
0,arm,95.51209259033203,188.61648559570312,0
1,body,176.9701385498047,133.4639129638672,0
2,body_back,226.3001708984375,118.36515808105469,0
3,bucket,96.05047607421875,129.91165161132812,0
4,bucket_tip,91.96009826660156,108.78961181640625,0
5,springhinge_arm,80.51024627685547,210.2362518310547,0
6,springhinge_boom,137.39300537109375,184.52256774902344,0
