,name, x, y, z
0,arm,95.53038787841797,188.65936279296875,0
1,body,176.9759521484375,133.46759033203125,0
2,body_back,226.29808044433594,118.36723327636719,0
3,bucket,96.15158081054688,129.9271697998047,0
4,bucket_tip,92.10740661621094,108.79537200927734,0
5,springhinge_arm,80.51289367675781,210.25022888183594,0
6,springhinge_boom,137.3976593017578,184.53663635253906,0
