,name, x, y, z
0,arm,84.63485717773438,210.5828857421875,0
1,body,173.44932556152344,131.45706176757812,0
2,body_back,235.751953125,132.01548767089844,0
3,bucket,76.46482849121094,158.94143676757812,0
4,bucket_tip,70.25833892822266,131.31549072265625,0
5,springhinge_arm,76.04423522949219,227.7794647216797,0
6,springhinge_boom,138.08663940429688,193.38946533203125,0
