,name, x, y, z
0,arm,95.54158020019531,188.69662475585938,0
1,body,176.9779052734375,133.4688262939453,0
2,body_back,226.29737854003906,118.3679428100586,0
3,bucket,96.25101470947266,129.93243408203125,0
4,bucket_tip,92.24934387207031,108.79733276367188,0
5,springhinge_arm,80.5156478881836,210.25494384765625,0
6,springhinge_boom,137.3992462158203,184.5414276123047,0
