,name, x, y, z
0,arm,95.54537963867188,188.7280731201172,0
1,body,176.97027587890625,133.46807861328125,0
2,body_back,226.3130645751953,118.35762023925781,0
3,bucket,96.34864807128906,129.93167114257812,0
4,bucket_tip,92.38573455810547,108.78089141845703,0
5,springhinge_arm,80.51971435546875,210.23391723632812,0
6,springhinge_boom,137.39007568359375,184.53109741210938,0
