,name, x, y, z
0,arm,95.4849624633789,188.77394104003906,0
1,body,176.9141082763672,133.46246337890625,0
2,body_back,226.42819213867188,118.28179931640625,0
3,bucket,96.53729248046875,129.92605590820312,0
4,bucket_tip,92.64115905761719,108.66014099121094,0
5,springhinge_arm,80.53519439697266,210.07945251464844,0
6,springhinge_boom,137.32266235351562,184.4552764892578,0
