,name, x, y, z
0,arm,95.4145736694336,188.78956604003906,0
1,body,176.86892700195312,133.45794677734375,0
2,body_back,226.52081298828125,118.22080993652344,0
3,bucket,96.62754821777344,129.92153930664062,0
4,bucket_tip,92.75982666015625,108.56300354003906,0
5,springhinge_arm,80.54645538330078,209.95521545410156,0
6,springhinge_boom,137.26846313476562,184.39427185058594,0
