,name, x, y, z
0,arm,95.32194519042969,188.80126953125,0
1,body,176.8145751953125,133.4525146484375,0
2,body_back,226.63223266601562,118.14743041992188,0
3,bucket,96.7146224975586,129.91610717773438,0
4,bucket_tip,92.8721923828125,108.44613647460938,0
5,springhinge_arm,80.55998229980469,209.80575561523438,0
6,springhinge_boom,137.20323181152344,184.32089233398438,0
