,name, x, y, z
0,arm,95.21052551269531,188.8096923828125,0
1,body,176.75270080566406,133.44631958007812,0
2,body_back,226.75906372070312,118.06391143798828,0
3,bucket,96.79814910888672,129.909912109375,0
4,bucket_tip,92.97809600830078,108.3131332397461,0
5,springhinge_arm,80.57569122314453,209.6356201171875,0
6,springhinge_boom,137.12899780273438,184.2373809814453,0
