,name, x, y, z
0,arm,95.08370208740234,188.8155517578125,0
1,body,176.68499755859375,133.43955993652344,0
2,body_back,226.8978271484375,117.97251892089844,0
3,bucket,96.87774658203125,129.90313720703125,0
4,bucket_tip,93.07733917236328,108.16757202148438,0
5,springhinge_arm,80.59349822998047,209.44944763183594,0
6,springhinge_boom,137.04776000976562,184.14598083496094,0
