,name, x, y, z
0,arm,94.94489288330078,188.81948852539062,0
1,body,176.61314392089844,133.432373046875,0
2,body_back,227.04518127441406,117.87548828125,0
3,bucket,96.95306396484375,129.89596557617188,0
4,bucket_tip,93.16972351074219,108.01305389404297,0
5,springhinge_arm,80.61334228515625,209.25180053710938,0
6,springhinge_boom,136.9615020751953,184.04896545410156,0
