,name, x, y, z
0,arm,94.79757690429688,188.8222198486328,0
1,body,176.53875732421875,133.4249267578125,0
2,body_back,227.1976318359375,117.77508544921875,0
3,bucket,97.02375030517578,129.88851928710938,0
4,bucket_tip,93.25505828857422,107.8531494140625,0
5,springhinge_arm,80.63513946533203,209.04727172851562,0
6,springhinge_boom,136.87225341796875,183.9485626220703,0
