,name, x, y, z
0,arm,84.2416763305664,210.3428497314453,0
1,body,173.1630096435547,131.4564208984375,0
2,body_back,235.67349243164062,132.11244201660156,0
3,bucket,76.43995666503906,158.5306854248047,0
4,bucket_tip,70.6266098022461,130.9035186767578,0
5,springhinge_arm,75.68958282470703,227.3697052001953,0
6,springhinge_boom,137.87181091308594,193.4054718017578,0
