,name, x, y, z
0,arm,94.49092864990234,188.8267059326172,0
1,body,176.38917541503906,133.4099578857422,0
2,body_back,227.50428771972656,117.5731430053711,0
3,bucket,97.14974212646484,129.87356567382812,0
4,bucket_tip,93.40386962890625,107.53154754638672,0
5,springhinge_arm,80.68431091308594,208.63592529296875,0
6,springhinge_boom,136.69276428222656,183.7466278076172,0
