,name, x, y, z
0,arm,94.33847045898438,188.82984924316406,0
1,body,176.3173065185547,133.40277099609375,0
2,body_back,227.651611328125,117.47611999511719,0
3,bucket,97.20430755615234,129.8663787841797,0
4,bucket_tip,93.46694946289062,107.37702178955078,0
5,springhinge_arm,80.71155548095703,208.4382781982422,0
6,springhinge_boom,136.6065216064453,183.64959716796875,0
