,name, x, y, z
0,arm,94.19112396240234,188.83448791503906,0
1,body,176.24961853027344,133.39601135253906,0
2,body_back,227.79042053222656,117.38471984863281,0
3,bucket,97.25277709960938,129.85960388183594,0
4,bucket_tip,93.5222396850586,107.2314682006836,0
5,springhinge_arm,80.7404556274414,208.25210571289062,0
6,springhinge_boom,136.5252685546875,183.55821228027344,0
