,name, x, y, z
0,arm,94.05235290527344,188.84133911132812,0
1,body,176.187744140625,133.3898162841797,0
2,body_back,227.917236328125,117.30120849609375,0
3,bucket,97.29479217529297,129.85342407226562,0
4,bucket_tip,93.56953430175781,107.09845733642578,0
5,springhinge_arm,80.77095794677734,208.08197021484375,0
6,springhinge_boom,136.4510498046875,183.4746856689453,0
