,name, x, y, z
0,arm,93.92552947998047,188.85104370117188,0
1,body,176.13339233398438,133.38438415527344,0
2,body_back,228.02867126464844,117.22783660888672,0
3,bucket,97.32998657226562,129.84799194335938,0
4,bucket_tip,93.60865783691406,106.98159790039062,0
5,springhinge_arm,80.80297088623047,207.9324951171875,0
6,springhinge_boom,136.3858184814453,183.40130615234375,0
