,name, x, y, z
0,arm,93.81409454345703,188.86427307128906,0
1,body,176.0882110595703,133.37986755371094,0
2,body_back,228.12127685546875,117.16683959960938,0
3,bucket,97.35798645019531,129.8434600830078,0
4,bucket_tip,93.63941192626953,106.88445281982422,0
5,springhinge_arm,80.83643341064453,207.80824279785156,0
6,springhinge_boom,136.33160400390625,183.34030151367188,0
