,name, x, y, z
0,arm,93.72148132324219,188.88177490234375,0
1,body,176.0538787841797,133.37643432617188,0
2,body_back,228.19166564941406,117.1204833984375,0
3,bucket,97.3784408569336,129.84002685546875,0
4,bucket_tip,93.66162109375,106.81063079833984,0
5,springhinge_arm,80.87125396728516,207.71383666992188,0
6,springhinge_boom,136.29039001464844,183.29396057128906,0
