,name, x, y, z
0,arm,93.65107727050781,188.9041748046875,0
1,body,176.03204345703125,133.37425231933594,0
2,body_back,228.23641967773438,117.09101867675781,0
3,bucket,97.3909683227539,129.8378448486328,0
4,bucket_tip,93.67510223388672,106.76371002197266,0
5,springhinge_arm,80.9073715209961,207.65379333496094,0
6,springhinge_boom,136.26419067382812,183.26451110839844,0
