,name, x, y, z
0,arm,93.60635375976562,188.93215942382812,0
1,body,176.02439880371094,133.3734893798828,0
2,body_back,228.2520751953125,117.08069610595703,0
3,bucket,97.39523315429688,129.8370819091797,0
4,bucket_tip,93.67960357666016,106.74726867675781,0
5,springhinge_arm,80.9447250366211,207.63278198242188,0
6,springhinge_boom,136.25502014160156,183.25418090820312,0
