,name, x, y, z
0,arm,83.85723876953125,210.07992553710938,0
1,body,172.8639678955078,131.4560089111328,0
2,body_back,235.595458984375,132.20773315429688,0
3,bucket,76.40806579589844,158.1331787109375,0
4,bucket_tip,70.93158721923828,130.54656982421875,0
5,springhinge_arm,75.3709716796875,226.93739318847656,0
6,springhinge_boom,137.64334106445312,193.415283203125,0
