,name, x, y, z
0,arm,93.5906753540039,188.96644592285156,0
1,body,176.0244903564453,133.38050842285156,0
2,body_back,228.22915649414062,117.11822509765625,0
3,bucket,97.30654907226562,129.8389434814453,0
4,bucket_tip,93.55889892578125,106.80352783203125,0
5,springhinge_arm,80.98363494873047,207.6607666015625,0
6,springhinge_boom,136.25526428222656,183.2874755859375,0
