,name, x, y, z
0,arm,93.59072875976562,189.0116729736328,0
1,body,176.0251007080078,133.40045166015625,0
2,body_back,228.16493225097656,117.22330474853516,0
3,bucket,97.05650329589844,129.84805297851562,0
4,bucket_tip,93.21788024902344,106.9647216796875,0
5,springhinge_arm,81.02615356445312,207.74319458007812,0
6,springhinge_boom,136.2568359375,183.38275146484375,0
