,name, x, y, z
0,arm,93.5910873413086,189.07313537597656,0
1,body,176.02674865722656,133.43167114257812,0
2,body_back,228.06631469726562,117.38467407226562,0
3,bucket,96.6690673828125,129.86972045898438,0
4,bucket_tip,92.68824005126953,107.219482421875,0
5,springhinge_arm,81.07472229003906,207.87765502929688,0
6,springhinge_boom,136.26112365722656,183.5330352783203,0
