,name, x, y, z
0,arm,93.59400177001953,189.2508544921875,0
1,body,176.03524780273438,133.52117919921875,0
2,body_back,227.79339599609375,117.83126831054688,0
3,bucket,95.57787322998047,129.9720916748047,0
4,bucket_tip,91.18984985351562,107.96421813964844,0
5,springhinge_arm,81.19979095458984,208.29324340820312,0
6,springhinge_boom,136.28326416015625,183.97088623046875,0
