,name, x, y, z
0,arm,93.59718322753906,189.3701934814453,0
1,body,176.0431671142578,133.57615661621094,0
2,body_back,227.6328582763672,118.09397888183594,0
3,bucket,94.92207336425781,130.0634002685547,0
4,bucket_tip,90.28450012207031,108.43145751953125,0
5,springhinge_arm,81.28118133544922,208.5696258544922,0
6,springhinge_boom,136.30380249023438,184.24453735351562,0
