,name, x, y, z
0,arm,93.60192108154297,189.51193237304688,0
1,body,176.05418395996094,133.6356964111328,0
2,body_back,227.46543884277344,118.3679428100586,0
3,bucket,94.22479248046875,130.1885528564453,0
4,bucket_tip,89.3172836303711,108.94677734375,0
5,springhinge_arm,81.3784408569336,208.88861083984375,0
6,springhinge_boom,136.33250427246094,184.54542541503906,0
