,name, x, y, z
0,arm,93.61735534667969,189.8686981201172,0
1,body,176.0877227783203,133.76190185546875,0
2,body_back,227.13746643066406,118.90460968017578,0
3,bucket,92.8016586303711,130.56170654296875,0
4,bucket_tip,87.32405853271484,110.07617950439453,0
5,springhinge_arm,81.63031005859375,209.64476013183594,0
6,springhinge_boom,136.41969299316406,185.2010498046875,0
