,name, x, y, z
0,arm,93.62867736816406,190.0867919921875,0
1,body,176.1112823486328,133.8252410888672,0
2,body_back,226.99069213867188,119.1447982788086,0
3,bucket,92.12378692626953,130.82032775878906,0
4,bucket_tip,86.36143493652344,110.66752624511719,0
5,springhinge_arm,81.78980255126953,210.0772247314453,0
6,springhinge_boom,136.4809112548828,185.5418701171875,0
