,name, x, y, z
0,arm,83.48059844970703,209.7930145263672,0
1,body,172.5504150390625,131.45571899414062,0
2,body_back,235.51673889160156,132.3012237548828,0
3,bucket,76.36705017089844,157.7516632080078,0
4,bucket_tip,71.16486358642578,130.25091552734375,0
5,springhinge_arm,75.08909606933594,226.48223876953125,0
6,springhinge_boom,137.39878845214844,193.41847229003906,0
