,name, x, y, z
0,arm,93.66004180908203,190.61019897460938,0
1,body,176.1745147705078,133.94393920898438,0
2,body_back,226.7659454345703,119.51258087158203,0
3,bucket,90.95523834228516,131.50828552246094,0
4,bucket_tip,84.6626205444336,111.84662628173828,0
5,springhinge_arm,82.18817138671875,211.03907775878906,0
6,springhinge_boom,136.64532470703125,186.21482849121094,0
