,name, x, y, z
0,arm,93.70519256591797,191.26007080078125,0
1,body,176.2627716064453,134.04095458984375,0
2,body_back,226.67877197265625,119.65519714355469,0
3,bucket,90.19619750976562,132.45925903320312,0
4,bucket_tip,83.47699737548828,112.94512939453125,0
5,springhinge_arm,82.70872497558594,212.1143035888672,0
6,springhinge_boom,136.8748016357422,186.82986450195312,0
