,name, x, y, z
0,arm,93.73369598388672,191.63629150390625,0
1,body,176.32041931152344,134.0780487060547,0
2,body_back,226.68385314941406,119.64608001708984,0
3,bucket,89.97361755371094,133.0447998046875,0
4,bucket_tip,83.09367370605469,113.43852996826172,0
5,springhinge_arm,83.01974487304688,212.68838500976562,0
6,springhinge_boom,137.024169921875,187.09983825683594,0
