,name, x, y, z
0,arm,93.79854583740234,192.04798889160156,0
1,body,176.39015197753906,134.10809326171875,0
2,body_back,226.69915771484375,119.61995697021484,0
3,bucket,89.79328155517578,133.7007293701172,0
4,bucket_tip,82.78309631347656,113.8944320678711,0
5,springhinge_arm,83.36150360107422,213.28277587890625,0
6,springhinge_boom,137.2040252685547,187.34396362304688,0
