,name, x, y, z
0,arm,93.92724609375,192.4927978515625,0
1,body,176.47044372558594,134.13185119628906,0
2,body_back,226.72482299804688,119.57859802246094,0
3,bucket,89.6507568359375,134.4210205078125,0
4,bucket_tip,82.53765869140625,114.31817626953125,0
5,springhinge_arm,83.72927856445312,213.8941650390625,0
6,springhinge_boom,137.41049194335938,187.56471252441406,0
