,name, x, y, z
0,arm,94.3486099243164,193.46925354003906,0
1,body,176.65660095214844,134.16342163085938,0
2,body_back,226.80775451660156,119.45738220214844,0
3,bucket,89.46136474609375,136.03060913085938,0
4,bucket_tip,82.21146392822266,115.09075927734375,0
5,springhinge_arm,84.52406311035156,215.1546630859375,0
6,springhinge_boom,137.88783264160156,187.94618225097656,0
