,name, x, y, z
0,arm,83.11073303222656,209.4811553955078,0
1,body,172.22103881835938,131.46080017089844,0
2,body_back,235.42764282226562,132.39297485351562,0
3,bucket,76.31526184082031,157.38809204101562,0
4,bucket_tip,71.32154846191406,130.0200653076172,0
5,springhinge_arm,74.83844757080078,226.00442504882812,0
6,springhinge_boom,137.13632202148438,193.38124084472656,0
