,name, x, y, z
0,arm,94.94283294677734,194.54067993164062,0
1,body,176.86666870117188,134.17868041992188,0
2,body_back,226.93373107910156,119.29673767089844,0
3,bucket,89.36981964111328,137.82537841796875,0
4,bucket_tip,82.05379486083984,115.79925537109375,0
5,springhinge_arm,85.36647033691406,216.44346618652344,0
6,springhinge_boom,138.42514038085938,188.2643280029297,0
