,name, x, y, z
0,arm,95.65493774414062,195.6820526123047,0
1,body,177.0884246826172,134.18356323242188,0
2,body_back,227.1038360595703,119.11102294921875,0
3,bucket,89.34052276611328,139.75721740722656,0
4,bucket_tip,82.00335693359375,116.48666381835938,0
5,springhinge_arm,86.21878051757812,217.7340850830078,0
6,springhinge_boom,138.99143981933594,188.53921508789062,0
