,name, x, y, z
0,arm,96.0379867553711,196.27114868164062,0
1,body,177.19984436035156,134.1839599609375,0
2,body_back,227.20574951171875,119.01322937011719,0
3,bucket,89.3381118774414,140.75949096679688,0
4,bucket_tip,81.99920654296875,116.83589172363281,0
5,springhinge_arm,86.6368637084961,218.37181091308594,0
6,springhinge_boom,139.27577209472656,188.66671752929688,0
