,name, x, y, z
0,arm,96.42990112304688,196.86834716796875,0
1,body,177.30960083007812,134.18399047851562,0
2,body_back,227.31910705566406,118.91454315185547,0
3,bucket,89.33794403076172,141.7779541015625,0
4,bucket_tip,81.99889373779297,117.19596862792969,0
5,springhinge_arm,87.04330444335938,219.00003051757812,0
6,springhinge_boom,139.55569458007812,188.79095458984375,0
