,name, x, y, z
0,arm,96.82378387451172,197.47055053710938,0
1,body,177.4161834716797,134.1844024658203,0
2,body_back,227.4440155029297,118.81676483154297,0
3,bucket,89.33553314208984,142.80661010742188,0
4,bucket_tip,81.99474334716797,117.57228088378906,0
5,springhinge_arm,87.43338775634766,219.61550903320312,0
6,springhinge_boom,139.82736206054688,188.91444396972656,0
