,name, x, y, z
0,arm,97.21278381347656,198.07456970214844,0
1,body,177.51800537109375,134.18589782714844,0
2,body_back,227.58059692382812,118.72166442871094,0
3,bucket,89.32644653320312,143.83941650390625,0
4,bucket_tip,81.9791030883789,117.97016906738281,0
5,springhinge_arm,87.80240631103516,220.21484375,0
6,springhinge_boom,140.0869140625,189.03965759277344,0
