,name, x, y, z
0,arm,97.59001159667969,198.67735290527344,0
1,body,177.61358642578125,134.18927001953125,0
2,body_back,227.72901916503906,118.63104248046875,0
3,bucket,89.30624389648438,144.87039184570312,0
4,bucket_tip,81.9443130493164,118.3950424194336,0
5,springhinge_arm,88.1456527709961,220.7947998046875,0
6,springhinge_boom,140.33042907714844,189.16912841796875,0
