,name, x, y, z
0,arm,97.94859313964844,199.2757110595703,0
1,body,177.70140075683594,134.1952362060547,0
2,body_back,227.88938903808594,118.54669189453125,0
3,bucket,89.27047729492188,145.8934783935547,0
4,bucket_tip,81.8827133178711,118.85224914550781,0
5,springhinge_arm,88.4583969116211,221.35205078125,0
6,springhinge_boom,140.5540313720703,189.3053741455078,0
