,name, x, y, z
0,arm,98.28165435791016,199.86656188964844,0
1,body,177.77987670898438,134.2045440673828,0
2,body_back,228.06187438964844,118.47039794921875,0
3,bucket,89.21469116210938,146.90267944335938,0
4,bucket_tip,81.78663635253906,119.34718322753906,0
5,springhinge_arm,88.73596954345703,221.88327026367188,0
6,springhinge_boom,140.75390625,189.4508819580078,0
