,name, x, y, z
0,arm,82.74678039550781,209.13218688964844,0
1,body,171.87681579589844,131.4768524169922,0
2,body_back,235.31930541992188,132.48452758789062,0
3,bucket,76.25276184082031,157.04177856445312,0
4,bucket_tip,71.41045379638672,129.84681701660156,0
5,springhinge_arm,74.61079406738281,225.50685119628906,0
6,springhinge_boom,136.85630798339844,193.27761840820312,0
