,name, x, y, z
0,arm,98.58234405517578,200.44676208496094,0
1,body,177.8475341796875,134.21791076660156,0
2,body_back,228.24656677246094,118.40396881103516,0
3,bucket,89.13443756103516,147.89198303222656,0
4,bucket_tip,81.6484375,119.88519287109375,0
5,springhinge_arm,88.9736328125,222.3851776123047,0
6,springhinge_boom,140.9261016845703,189.6082000732422,0
