,name, x, y, z
0,arm,98.8437728881836,201.01315307617188,0
1,body,177.90280151367188,134.23611450195312,0
2,body_back,228.44361877441406,118.34917449951172,0
3,bucket,89.02528381347656,148.85531616210938,0
4,bucket_tip,81.46044158935547,120.4716796875,0
5,springhinge_arm,89.16666412353516,222.85443115234375,0
6,springhinge_boom,141.06680297851562,189.77981567382812,0
