,name, x, y, z
0,arm,99.05907440185547,201.56268310546875,0
1,body,177.94418334960938,134.2598419189453,0
2,body_back,228.6531524658203,118.30782318115234,0
3,bucket,88.88277435302734,149.78672790527344,0
4,bucket_tip,81.21500396728516,121.11199951171875,0
5,springhinge_arm,89.31037902832031,223.28773498535156,0
6,springhinge_boom,141.17208862304688,189.96824645996094,0
