,name, x, y, z
0,arm,99.22136688232422,202.0921630859375,0
1,body,177.97012329101562,134.28990173339844,0
2,body_back,228.87533569335938,118.28170013427734,0
3,bucket,88.70243835449219,150.68016052246094,0
4,bucket_tip,80.90443420410156,121.81153869628906,0
5,springhinge_arm,89.40005493164062,223.68179321289062,0
6,springhinge_boom,141.2381134033203,190.17596435546875,0
