,name, x, y, z
0,arm,99.32377624511719,202.59848022460938,0
1,body,177.97911071777344,134.32701110839844,0
2,body_back,229.11024475097656,118.27259063720703,0
3,bucket,88.47985076904297,151.52960205078125,0
4,bucket_tip,80.52111053466797,122.57564544677734,0
5,springhinge_arm,89.4310073852539,224.03326416015625,0
6,springhinge_boom,141.260986328125,190.40554809570312,0
