,name, x, y, z
0,arm,99.35944366455078,203.0784912109375,0
1,body,177.78231811523438,134.4276885986328,0
2,body_back,229.3539581298828,118.29195404052734,0
3,bucket,88.04662322998047,152.3294677734375,0
4,bucket_tip,79.76472473144531,123.40421295166016,0
5,springhinge_arm,89.42758178710938,224.33811950683594,0
6,springhinge_boom,141.25367736816406,190.65420532226562,0
