,name, x, y, z
0,arm,99.21871185302734,203.52540588378906,0
1,body,177.299072265625,134.6257781982422,0
2,body_back,229.58609008789062,118.35356140136719,0
3,bucket,87.28176879882812,153.07601928710938,0
4,bucket_tip,78.44401550292969,124.27518463134766,0
5,springhinge_arm,89.4035415649414,224.58909606933594,0
6,springhinge_boom,141.22763061523438,190.89816284179688,0
