,name, x, y, z
0,arm,98.83807373046875,203.9173583984375,0
1,body,176.6901397705078,134.88796997070312,0
2,body_back,229.7821807861328,118.46269226074219,0
3,bucket,86.25198364257812,153.76589965820312,0
4,bucket_tip,76.71476745605469,125.16095733642578,0
5,springhinge_arm,89.33831787109375,224.77822875976562,0
6,springhinge_boom,141.17662048339844,191.10838317871094,0
