,name, x, y, z
0,arm,98.2798843383789,204.2289276123047,0
1,body,176.11630249023438,135.180908203125,0
2,body_back,229.9178009033203,118.6246566772461,0
3,bucket,85.02400207519531,154.395751953125,0
4,bucket_tip,74.73301696777344,126.03392028808594,0
5,springhinge_arm,89.21131134033203,224.89756774902344,0
6,springhinge_boom,141.09445190429688,191.25579833984375,0
