,name, x, y, z
0,arm,97.60649108886719,204.4345703125,0
1,body,175.73834228515625,135.47122192382812,0
2,body_back,229.96841430664062,118.8447036743164,0
3,bucket,83.66461944580078,154.96226501464844,0
4,bucket_tip,72.65459442138672,126.8664779663086,0
5,springhinge_arm,89.00192260742188,224.93910217285156,0
6,springhinge_boom,140.9749298095703,191.31138610839844,0
