,name, x, y, z
0,arm,82.38854217529297,208.7388916015625,0
1,body,171.5192413330078,131.50399780273438,0
2,body_back,235.19190979003906,132.5776824951172,0
3,bucket,76.18012237548828,156.7113037109375,0
4,bucket_tip,71.44385528564453,129.72128295898438,0
5,springhinge_arm,74.40259552001953,224.99298095703125,0
6,springhinge_boom,136.55966186523438,193.11859130859375,0
