,name, x, y, z
0,arm,96.88029479980469,204.50875854492188,0
1,body,175.5302276611328,135.7316436767578,0
2,body_back,229.954345703125,119.12490844726562,0
3,bucket,82.23439025878906,155.46328735351562,0
4,bucket_tip,70.61112213134766,127.63614654541016,0
5,springhinge_arm,88.69365692138672,224.9390411376953,0
6,springhinge_boom,140.81411743164062,191.30575561523438,0
