,name, x, y, z
0,arm,96.1542739868164,204.5003204345703,0
1,body,175.35670471191406,135.95883178710938,0
2,body_back,229.9154510498047,119.45445251464844,0
3,bucket,80.7696762084961,155.90133666992188,0
4,bucket_tip,68.6375961303711,128.340576171875,0
5,springhinge_arm,88.29826354980469,224.93846130371094,0
6,springhinge_boom,140.61740112304688,191.29019165039062,0
