,name, x, y, z
0,arm,95.44405364990234,204.47698974609375,0
1,body,175.2146453857422,136.15550231933594,0
2,body_back,229.85667419433594,119.81928253173828,0
3,bucket,79.30077362060547,156.2801055908203,0
4,bucket_tip,66.74470520019531,128.98251342773438,0
5,springhinge_arm,87.83744049072266,224.93687438964844,0
6,springhinge_boom,140.39234924316406,191.26669311523438,0
