,name, x, y, z
0,arm,94.7558822631836,204.44171142578125,0
1,body,175.1009063720703,136.3243408203125,0
2,body_back,229.7830047607422,120.20535278320312,0
3,bucket,77.85797119140625,156.6033172607422,0
4,bucket_tip,64.94319915771484,129.5646514892578,0
5,springhinge_arm,87.33291625976562,224.93380737304688,0
6,springhinge_boom,140.14663696289062,191.2372283935547,0
