,name, x, y, z
0,arm,94.09602355957031,204.39752197265625,0
1,body,175.01229858398438,136.46804809570312,0
2,body_back,229.69943237304688,120.5986099243164,0
3,bucket,76.47151947021484,156.87464904785156,0
4,bucket_tip,63.24382781982422,130.08975219726562,0
5,springhinge_arm,86.80640411376953,224.92877197265625,0
6,springhinge_boom,139.8878936767578,191.20379638671875,0
