,name, x, y, z
0,arm,93.47071838378906,204.34735107421875,0
1,body,174.94573974609375,136.5893096923828,0
2,body_back,229.61085510253906,120.9850082397461,0
3,bucket,75.17169189453125,157.09780883789062,0
4,bucket_tip,61.65732955932617,130.5605010986328,0
5,springhinge_arm,86.27962493896484,224.92123413085938,0
6,springhinge_boom,139.6237335205078,191.16836547851562,0
