,name, x, y, z
0,arm,92.88624572753906,204.29421997070312,0
1,body,174.89804077148438,136.6908416748047,0
2,body_back,229.52227783203125,121.35049438476562,0
3,bucket,73.98880004882812,157.27647399902344,0
4,bucket_tip,60.19443893432617,130.97967529296875,0
5,springhinge_arm,85.7743148803711,224.91073608398438,0
6,springhinge_boom,139.36181640625,191.1329345703125,0
