,name, x, y, z
0,arm,92.3488540649414,204.2410888671875,0
1,body,174.8660430908203,136.77532958984375,0
2,body_back,229.4386749267578,121.6810302734375,0
3,bucket,72.95305633544922,157.41436767578125,0
4,bucket_tip,58.86589431762695,131.34996032714844,0
5,springhinge_arm,85.31216430664062,224.89675903320312,0
6,springhinge_boom,139.1097412109375,191.09950256347656,0
