,name, x, y, z
0,arm,91.86479949951172,204.19091796875,0
1,body,174.84666442871094,136.84547424316406,0
2,body_back,229.36500549316406,121.96257019042969,0
3,bucket,72.09479522705078,157.5151824951172,0
4,bucket_tip,57.68242645263672,131.67408752441406,0
5,springhinge_arm,84.9149169921875,224.87876892089844,0
6,springhinge_boom,138.87518310546875,191.07003784179688,0
