,name, x, y, z
0,arm,91.4403305053711,204.146728515625,0
1,body,174.83668518066406,136.90399169921875,0
2,body_back,229.30625915527344,122.18106842041016,0
3,bucket,71.44425964355469,157.5825958251953,0
4,bucket_tip,56.654788970947266,131.95481872558594,0
5,springhinge_arm,84.6042709350586,224.85635375976562,0
6,springhinge_boom,138.66574096679688,191.04652404785156,0
