,name, x, y, z
0,arm,82.03594207763672,208.30755615234375,0
1,body,171.14981079101562,131.5424041748047,0
2,body_back,235.0455780029297,132.67431640625,0
3,bucket,76.09783172607422,156.3953094482422,0
4,bucket_tip,71.4340591430664,129.633544921875,0
5,springhinge_arm,74.21034240722656,224.46629333496094,0
6,springhinge_boom,136.24728393554688,192.91525268554688,0
