,name, x, y, z
0,arm,91.08173370361328,204.11148071289062,0
1,body,174.83302307128906,136.9535369873047,0
2,body_back,229.26734924316406,122.32246398925781,0
3,bucket,71.03173828125,157.620361328125,0
4,bucket_tip,55.7937126159668,132.19482421875,0
5,springhinge_arm,84.4019546508789,224.8289337158203,0
6,springhinge_boom,138.48904418945312,191.03097534179688,0
