,name, x, y, z
0,arm,90.79524230957031,204.08811950683594,0
1,body,174.83251953125,136.99685668945312,0
2,body_back,229.25326538085938,122.37271118164062,0
3,bucket,70.88750457763672,157.63211059570312,0
4,bucket_tip,55.109920501708984,132.39686584472656,0
5,springhinge_arm,84.3296890258789,224.79608154296875,0
6,springhinge_boom,138.35275268554688,191.02532958984375,0
