,name, x, y, z
0,arm,90.58710479736328,204.07969665527344,0
1,body,174.90313720703125,137.03598022460938,0
2,body_back,229.3173828125,122.31268310546875,0
3,bucket,70.92282104492188,157.55795288085938,0
4,bucket_tip,54.606956481933594,132.56349182128906,0
5,springhinge_arm,84.41797637939453,224.71844482421875,0
6,springhinge_boom,138.2597198486328,191.05006408691406,0
