,name, x, y, z
0,arm,90.44649505615234,204.08322143554688,0
1,body,175.07972717285156,137.07044982910156,0
2,body_back,229.4891357421875,122.16259002685547,0
3,bucket,71.01110076904297,157.37254333496094,0
4,bucket_tip,54.2595329284668,132.69638061523438,0
5,springhinge_arm,84.63871002197266,224.5677947998047,0
6,springhinge_boom,138.19374084472656,191.1118621826172,0
