,name, x, y, z
0,arm,90.35225677490234,204.09205627441406,0
1,body,175.30926513671875,137.09918212890625,0
2,body_back,229.73773193359375,121.96746826171875,0
3,bucket,71.12589263916016,157.1315155029297,0
4,bucket_tip,54.035133361816406,132.7970733642578,0
5,springhinge_arm,84.92565155029297,224.36021423339844,0
6,springhinge_boom,138.13381958007812,191.19219970703125,0
