,name, x, y, z
0,arm,90.29508972167969,204.10353088378906,0
1,body,175.538818359375,137.12106323242188,0
2,body_back,230.0322723388672,121.77234649658203,0
3,bucket,71.24065399169922,156.89048767089844,0
4,bucket_tip,53.9012451171875,132.8671112060547,0
5,springhinge_arm,85.21257781982422,224.1117401123047,0
6,springhinge_boom,138.05899047851562,191.27255249023438,0
