,name, x, y, z
0,arm,90.25491333007812,204.12384033203125,0
1,body,175.78602600097656,137.139892578125,0
2,body_back,230.6358642578125,121.5622329711914,0
3,bucket,71.36426544189453,156.63092041015625,0
4,bucket_tip,53.77500534057617,132.92132568359375,0
5,springhinge_arm,85.52159118652344,223.55650329589844,0
6,springhinge_boom,137.78065490722656,191.35906982421875,0
