,name, x, y, z
0,arm,81.6888427734375,207.8444061279297,0
1,body,170.77008056640625,131.59222412109375,0
2,body_back,234.8805389404297,132.7762451171875,0
3,bucket,76.00645446777344,156.09242248535156,0
4,bucket_tip,71.39334869384766,129.57371520996094,0
5,springhinge_arm,74.03052520751953,223.93031311035156,0
6,springhinge_boom,135.92010498046875,192.6785888671875,0
