,name, x, y, z
0,arm,90.30219268798828,203.82530212402344,0
1,body,174.98277282714844,136.86183166503906,0
2,body_back,231.2669677734375,121.7059555053711,0
3,bucket,70.59190368652344,156.6618194580078,0
4,bucket_tip,53.6281623840332,131.7164306640625,0
5,springhinge_arm,84.99639892578125,222.8346405029297,0
6,springhinge_boom,137.03440856933594,191.35906982421875,0
