,name, x, y, z
0,arm,90.34949493408203,203.5712890625,0
1,body,174.67535400390625,136.7554168701172,0
2,body_back,231.39791870117188,121.79678344726562,0
3,bucket,70.29631042480469,156.7041473388672,0
4,bucket_tip,53.596370697021484,131.25531005859375,0
5,springhinge_arm,84.7953872680664,222.69992065429688,0
6,springhinge_boom,136.85108947753906,191.35906982421875,0
