,name, x, y, z
0,arm,90.39984130859375,203.35845947265625,0
1,body,174.54644775390625,136.71080017089844,0
2,body_back,231.49403381347656,121.89595031738281,0
3,bucket,70.17236328125,156.77394104003906,0
4,bucket_tip,53.58429718017578,131.06195068359375,0
5,springhinge_arm,84.71111297607422,222.6506805419922,0
6,springhinge_boom,136.7794647216797,191.35906982421875,0
