,name, x, y, z
0,arm,90.47706604003906,203.35464477539062,0
1,body,174.56246948242188,136.8992156982422,0
2,body_back,231.61016845703125,122.09927368164062,0
3,bucket,70.2024917602539,157.1267547607422,0
4,bucket_tip,53.61746597290039,131.44374084472656,0
5,springhinge_arm,84.7652587890625,222.97296142578125,0
6,springhinge_boom,137.00900268554688,191.50782775878906,0
