,name, x, y, z
0,arm,90.50969696044922,203.58656311035156,0
1,body,174.6005096435547,137.1021270751953,0
2,body_back,231.6588134765625,122.20333862304688,0
3,bucket,70.27405548095703,157.40469360351562,0
4,bucket_tip,53.6962890625,131.8549041748047,0
5,springhinge_arm,84.85311126708984,223.32005310058594,0
6,springhinge_boom,137.2748260498047,191.6680145263672,0
