,name, x, y, z
0,arm,90.55680084228516,203.92828369140625,0
1,body,174.67459106445312,137.3485107421875,0
2,body_back,231.72169494628906,122.3099365234375,0
3,bucket,70.41341400146484,157.71983337402344,0
4,bucket_tip,53.849754333496094,132.3541717529297,0
5,springhinge_arm,84.99942016601562,223.7415008544922,0
6,springhinge_boom,137.62257385253906,191.86253356933594,0
