,name, x, y, z
0,arm,90.63326263427734,204.34324645996094,0
1,body,174.7967529296875,137.61663818359375,0
2,body_back,231.8141632080078,122.41970825195312,0
3,bucket,70.6431655883789,158.04928588867188,0
4,bucket_tip,54.10276794433594,132.89747619628906,0
5,springhinge_arm,85.21761322021484,224.20013427734375,0
6,springhinge_boom,138.03814697265625,192.07420349121094,0
