,name, x, y, z
0,arm,90.75397491455078,204.79483032226562,0
1,body,174.97897338867188,137.884765625,0
2,body_back,231.9515838623047,122.53335571289062,0
3,bucket,70.98590087890625,158.3701171875,0
4,bucket_tip,54.48020935058594,133.4407958984375,0
5,springhinge_arm,85.52116394042969,224.6587677001953,0
6,springhinge_boom,138.5075225830078,192.285888671875,0
