,name, x, y, z
0,arm,90.9338150024414,205.2464141845703,0
1,body,175.2332763671875,138.1311492919922,0
2,body_back,232.1492919921875,122.65155029296875,0
3,bucket,71.46421813964844,158.65951538085938,0
4,bucket_tip,55.00697326660156,133.94004821777344,0
5,springhinge_arm,85.9234848022461,225.08023071289062,0
6,springhinge_boom,139.01657104492188,192.48040771484375,0
