,name, x, y, z
0,arm,61.94575881958008,202.17225646972656,0
1,body,158.46572875976562,142.2935333251953,0
2,body_back,214.61361694335938,141.74069213867188,0
3,bucket,85.07324981689453,159.00576782226562,0
4,bucket_tip,97.82401275634766,127.65819549560547,0
5,springhinge_arm,46.189178466796875,213.0775604248047,0
6,springhinge_boom,116.82231140136719,195.27452087402344,0
