,name, x, y, z
0,arm,91.53032684326172,206.00311279296875,0
1,body,176.0061798095703,138.4717559814453,0
2,body_back,232.78717041015625,122.90428161621094,0
3,bucket,72.91803741455078,159.0523681640625,0
4,bucket_tip,56.60801315307617,134.6302032470703,0
5,springhinge_arm,87.07830810546875,225.662841796875,0
6,springhinge_boom,140.0974884033203,192.74929809570312,0
