,name, x, y, z
0,arm,91.97676849365234,206.23500061035156,0
1,body,176.548828125,138.52249145507812,0
2,body_back,233.25804138183594,123.04017639160156,0
3,bucket,73.9387435913086,159.1100616455078,0
4,bucket_tip,57.732086181640625,134.73300170898438,0
5,springhinge_arm,87.85771179199219,225.74960327148438,0
6,springhinge_boom,140.64120483398438,192.7893524169922,0
