,name, x, y, z
0,arm,92.54182434082031,206.32044982910156,0
1,body,177.43106079101562,138.47402954101562,0
2,body_back,233.914794921875,123.1703872680664,0
3,bucket,75.62767028808594,158.56178283691406,0
4,bucket_tip,59.11587142944336,133.97018432617188,0
5,springhinge_arm,88.69084930419922,224.84376525878906,0
6,springhinge_boom,141.12973022460938,192.6224822998047,0
