,name, x, y, z
0,arm,94.01023864746094,205.2239227294922,0
1,body,178.02679443359375,138.37945556640625,0
2,body_back,234.30690002441406,123.23087310791016,0
3,bucket,76.7516098022461,158.0135040283203,0
4,bucket_tip,59.877506256103516,133.20736694335938,0
5,springhinge_arm,89.09727478027344,223.93789672851562,0
6,springhinge_boom,141.3563232421875,192.4556121826172,0
