,name, x, y, z
0,arm,95.16399383544922,204.1273651123047,0
1,body,178.05357360839844,138.29013061523438,0
2,body_back,234.29978942871094,123.2308578491211,0
3,bucket,76.73802185058594,158.01861572265625,0
4,bucket_tip,59.863563537597656,133.21566772460938,0
5,springhinge_arm,89.08941650390625,223.9433135986328,0
6,springhinge_boom,141.36972045898438,192.4556427001953,0
