,name, x, y, z
0,arm,95.15478515625,204.1338348388672,0
1,body,178.07864379882812,138.20654296875,0
2,body_back,234.2790069580078,123.23075103759766,0
3,bucket,76.6981201171875,158.03355407714844,0
4,bucket_tip,59.82255554199219,133.24009704589844,0
5,springhinge_arm,89.0663833618164,223.95941162109375,0
6,springhinge_boom,141.38226318359375,192.45587158203125,0
