,name, x, y, z
0,arm,95.0837631225586,204.1841278076172,0
1,body,178.12384033203125,138.05592346191406,0
2,body_back,234.20025634765625,123.2298583984375,0
3,bucket,76.54473114013672,158.09107971191406,0
4,bucket_tip,59.6642951965332,133.3345947265625,0
5,springhinge_arm,88.97809600830078,224.0226593017578,0
6,springhinge_boom,141.4048614501953,192.45767211914062,0
