,name, x, y, z
0,arm,95.0238265991211,204.22691345214844,0
1,body,178.14405822753906,137.98849487304688,0
2,body_back,234.14419555664062,123.2288818359375,0
3,bucket,76.43391418457031,158.13265991210938,0
4,bucket_tip,59.54948425292969,133.40328979492188,0
5,springhinge_arm,88.91445922851562,224.0693817138672,0
6,springhinge_boom,141.4149627685547,192.45962524414062,0
