,name, x, y, z
0,arm,81.01100158691406,206.84754943847656,0
1,body,169.98548889160156,131.72674560546875,0
2,body_back,234.494873046875,133.0033721923828,0
3,bucket,75.79841613769531,155.5203399658203,0
4,bucket_tip,71.2681884765625,129.4981689453125,0
5,springhinge_arm,73.69405364990234,222.84434509277344,0
6,springhinge_boom,135.22494506835938,192.14955139160156,0
