,name, x, y, z
0,arm,94.94882202148438,204.28082275390625,0
1,body,178.16281127929688,137.92604064941406,0
2,body_back,234.07826232910156,123.22742462158203,0
3,bucket,76.3021011352539,158.18212890625,0
4,bucket_tip,59.412540435791016,133.48538208007812,0
5,springhinge_arm,88.83892822265625,224.12586975097656,0
6,springhinge_boom,141.42434692382812,192.46253967285156,0
