,name, x, y, z
0,arm,94.85968780517578,204.34535217285156,0
1,body,178.1800994873047,137.86839294433594,0
2,body_back,234.00335693359375,123.22538757324219,0
3,bucket,76.15064239501953,158.23899841308594,0
4,bucket_tip,59.254703521728516,133.58016967773438,0
5,springhinge_arm,88.75230407714844,224.19186401367188,0
6,springhinge_boom,141.43299865722656,192.4665985107422,0
