,name, x, y, z
0,arm,94.75730895996094,204.4199676513672,0
1,body,178.19601440429688,137.81536865234375,0
2,body_back,233.9204864501953,123.22269439697266,0
3,bucket,75.98084259033203,158.30274963378906,0
4,bucket_tip,59.077171325683594,133.68698120117188,0
5,springhinge_arm,88.65543365478516,224.2671661376953,0
6,springhinge_boom,141.44094848632812,192.47201538085938,0
