,name, x, y, z
0,arm,94.64265441894531,204.50418090820312,0
1,body,178.21060180664062,137.76673889160156,0
2,body_back,233.83053588867188,123.21920776367188,0
3,bucket,75.7940673828125,158.3729248046875,0
4,bucket_tip,58.88119125366211,133.8050994873047,0
5,springhinge_arm,88.54911804199219,224.35153198242188,0
6,springhinge_boom,141.4482421875,192.47894287109375,0
