,name, x, y, z
0,arm,94.5166015625,204.5975341796875,0
1,body,178.22390747070312,137.72235107421875,0
2,body_back,233.73446655273438,123.21487426757812,0
3,bucket,75.59160614013672,158.44900512695312,0
4,bucket_tip,58.66798782348633,133.9338836669922,0
5,springhinge_arm,88.43414306640625,224.44473266601562,0
6,springhinge_boom,141.4548797607422,192.48764038085938,0
