,name, x, y, z
0,arm,94.3801040649414,204.69947814941406,0
1,body,178.23602294921875,137.68199157714844,0
2,body_back,233.6332244873047,123.20957946777344,0
3,bucket,75.37483215332031,158.530517578125,0
4,bucket_tip,58.43881607055664,134.0725860595703,0
5,springhinge_arm,88.3113784790039,224.54653930664062,0
6,springhinge_boom,141.4609375,192.4982147216797,0
