,name, x, y, z
0,arm,94.23408508300781,204.80950927734375,0
1,body,178.24696350097656,137.6454620361328,0
2,body_back,233.5277557373047,123.2032241821289,0
3,bucket,75.1450424194336,158.61697387695312,0
4,bucket_tip,58.19486999511719,134.2205810546875,0
5,springhinge_arm,88.18161010742188,224.65672302246094,0
6,springhinge_boom,141.46641540527344,192.51092529296875,0
