,name, x, y, z
0,arm,94.07942962646484,204.9271697998047,0
1,body,178.2568359375,137.6125946044922,0
2,body_back,233.4189910888672,123.19571685791016,0
3,bucket,74.9035873413086,158.7078399658203,0
4,bucket_tip,57.93739700317383,134.37713623046875,0
5,springhinge_arm,88.045654296875,224.7750701904297,0
6,springhinge_boom,141.47134399414062,192.52593994140625,0
