,name, x, y, z
0,arm,93.91708374023438,205.05194091796875,0
1,body,178.26565551757812,137.5831756591797,0
2,body_back,233.30789184570312,123.18696594238281,0
3,bucket,74.65179443359375,158.8026580810547,0
4,bucket_tip,57.66762161254883,134.54159545898438,0
5,springhinge_arm,87.90435028076172,224.9013214111328,0
6,springhinge_boom,141.47576904296875,192.54345703125,0
