,name, x, y, z
0,arm,93.74799346923828,205.1832733154297,0
1,body,178.2735137939453,137.5570526123047,0
2,body_back,233.1953582763672,123.17687225341797,0
3,bucket,74.3909683227539,158.90093994140625,0
4,bucket_tip,57.38681411743164,134.7132568359375,0
5,springhinge_arm,87.75849151611328,225.03529357910156,0
6,springhinge_boom,141.4796905517578,192.5636444091797,0
