,name, x, y, z
0,arm,80.6800765991211,206.32630920410156,0
1,body,169.58370971679688,131.81173706054688,0
2,body_back,234.274658203125,133.13223266601562,0
3,bucket,75.6828384399414,155.24839782714844,0
4,bucket_tip,71.20831298828125,129.462646484375,0
5,springhinge_arm,73.5303955078125,222.30136108398438,0
6,springhinge_boom,134.85879516601562,191.8791961669922,0
