,name, x, y, z
0,arm,93.57303619384766,205.3207244873047,0
1,body,178.28042602539062,137.53396606445312,0
2,body_back,233.0823516845703,123.16532897949219,0
3,bucket,74.12246704101562,159.00216674804688,0
4,bucket_tip,57.09613037109375,134.89144897460938,0
5,springhinge_arm,87.60891723632812,225.1767120361328,0
6,springhinge_boom,141.483154296875,192.5867156982422,0
