,name, x, y, z
0,arm,93.39314270019531,205.46380615234375,0
1,body,178.28648376464844,137.51376342773438,0
2,body_back,232.96981811523438,123.15225219726562,0
3,bucket,73.84761047363281,159.10586547851562,0
4,bucket_tip,56.79685974121094,135.07545471191406,0
5,springhinge_arm,87.4564208984375,225.3253631591797,0
6,springhinge_boom,141.48619079589844,192.61285400390625,0
