,name, x, y, z
0,arm,93.20925903320312,205.61195373535156,0
1,body,178.291748046875,137.49624633789062,0
2,body_back,232.8587188720703,123.13754272460938,0
3,bucket,73.5677261352539,159.21153259277344,0
4,bucket_tip,56.49020767211914,135.26461791992188,0
5,springhinge_arm,87.3018569946289,225.48104858398438,0
6,springhinge_boom,141.4888153076172,192.64227294921875,0
