,name, x, y, z
0,arm,92.83314514160156,205.9215850830078,0
1,body,178.300048828125,137.46853637695312,0
2,body_back,232.64447021484375,123.10285186767578,0
3,bucket,72.99820709228516,159.4268035888672,0
4,bucket_tip,55.85971450805664,135.6556396484375,0
5,springhinge_arm,86.98968505859375,225.81246948242188,0
6,springhinge_boom,141.4929656982422,192.711669921875,0
