,name, x, y, z
0,arm,92.64276885986328,206.08201599121094,0
1,body,178.30322265625,137.45794677734375,0
2,body_back,232.54324340820312,123.08267211914062,0
3,bucket,72.71122741699219,159.53543090820312,0
4,bucket_tip,55.53830337524414,135.85610961914062,0
5,springhinge_arm,86.833740234375,225.98777770996094,0
6,springhinge_boom,141.4945526123047,192.75204467773438,0
