,name, x, y, z
0,arm,92.4520492553711,206.24559020996094,0
1,body,178.30584716796875,137.4492645263672,0
2,body_back,232.4471893310547,123.06047058105469,0
3,bucket,72.4245376586914,159.64405822753906,0
4,bucket_tip,55.21446228027344,136.05899047851562,0
5,springhinge_arm,86.67897033691406,226.16917419433594,0
6,springhinge_boom,141.495849609375,192.79641723632812,0
