,name, x, y, z
0,arm,92.26195526123047,206.4117431640625,0
1,body,178.30792236328125,137.44232177734375,0
2,body_back,232.35723876953125,123.03617095947266,0
3,bucket,72.13945770263672,159.75218200683594,0
4,bucket_tip,54.8893928527832,136.26358032226562,0
5,springhinge_arm,86.52619934082031,226.3564453125,0
6,springhinge_boom,141.49688720703125,192.8450469970703,0
