,name, x, y, z
0,arm,92.0733871459961,206.5800018310547,0
1,body,178.30953979492188,137.43690490722656,0
2,body_back,232.27435302734375,123.00965118408203,0
3,bucket,71.85736846923828,159.8593292236328,0
4,bucket_tip,54.5643310546875,136.4691925048828,0
5,springhinge_arm,86.37623596191406,226.54933166503906,0
6,springhinge_boom,141.49769592285156,192.8980712890625,0
