,name, x, y, z
0,arm,91.88725280761719,206.74984741210938,0
1,body,178.31076049804688,137.432861328125,0
2,body_back,232.199462890625,122.98082733154297,0
3,bucket,71.57953643798828,159.9650115966797,0
4,bucket_tip,54.24051284790039,136.67515563964844,0
5,springhinge_arm,86.22990417480469,226.7476348876953,0
6,springhinge_boom,141.49830627441406,192.9557342529297,0
