,name, x, y, z
0,arm,80.3543701171875,205.7981719970703,0
1,body,169.17759704589844,131.9087677001953,0
2,body_back,234.03634643554688,133.27378845214844,0
3,bucket,75.56027221679688,154.98399353027344,0
4,bucket_tip,71.1666488647461,129.41543579101562,0
5,springhinge_arm,73.36508178710938,221.76300048828125,0
6,springhinge_boom,134.48150634765625,191.61973571777344,0
