,name, x, y, z
0,arm,91.52600860595703,207.0923309326172,0
1,body,178.31222534179688,137.42799377441406,0
2,body_back,232.0774383544922,122.91588592529297,0
3,bucket,71.04205322265625,160.16993713378906,0
4,bucket_tip,53.60147476196289,137.08535766601562,0
5,springhinge_arm,85.9513931274414,227.15951538085938,0
6,springhinge_boom,141.49905395507812,193.0856170654297,0
