,name, x, y, z
0,arm,91.18559265136719,207.4351806640625,0
1,body,178.31275939941406,137.4261932373047,0
2,body_back,231.99871826171875,122.84056854248047,0
3,bucket,70.53766632080078,160.36300659179688,0
4,bucket_tip,52.98217010498047,137.48866271972656,0
5,springhinge_arm,85.69721221923828,227.5902557373047,0
6,springhinge_boom,141.4993133544922,193.23622131347656,0
