,name, x, y, z
0,arm,90.87337493896484,207.77444458007812,0
1,body,178.31283569335938,137.42593383789062,0
2,body_back,231.97079467773438,122.75411987304688,0
3,bucket,70.07698822021484,160.5403289794922,0
4,bucket_tip,52.39241027832031,137.87960815429688,0
5,springhinge_arm,85.47391510009766,228.03802490234375,0
6,springhinge_boom,141.49935913085938,193.4091339111328,0
