,name, x, y, z
0,arm,90.73014831542969,207.9414520263672,0
1,body,178.28286743164062,137.44448852539062,0
2,body_back,231.97447204589844,122.70516967773438,0
3,bucket,69.86616516113281,160.62193298339844,0
4,bucket_tip,52.11163330078125,138.06869506835938,0
5,springhinge_arm,85.37568664550781,228.26744079589844,0
6,springhinge_boom,141.47605895996094,193.51844787597656,0
