,name, x, y, z
0,arm,90.59654998779297,208.10595703125,0
1,body,178.19790649414062,137.49708557128906,0
2,body_back,231.98538208007812,122.6512680053711,0
3,bucket,69.66883087158203,160.69857788085938,0
4,bucket_tip,51.84149932861328,138.25250244140625,0
5,springhinge_arm,85.28640747070312,228.4986114501953,0
6,springhinge_boom,141.4099578857422,193.65863037109375,0
