,name, x, y, z
0,arm,90.47257995605469,208.26724243164062,0
1,body,178.0652313232422,137.57920837402344,0
2,body_back,232.00331115722656,122.59344482421875,0
3,bucket,69.4848861694336,160.7703094482422,0
4,bucket_tip,51.582889556884766,138.43026733398438,0
5,springhinge_arm,85.20571899414062,228.7295379638672,0
6,springhinge_boom,141.30677795410156,193.82481384277344,0
