,name, x, y, z
0,arm,80.0338134765625,205.26937866210938,0
1,body,168.7686309814453,132.0179443359375,0
2,body_back,233.7801513671875,133.42979431152344,0
3,bucket,75.43118286132812,154.72572326660156,0
4,bucket_tip,71.15543365478516,129.3466033935547,0
5,springhinge_arm,73.1946029663086,221.2327423095703,0
6,springhinge_boom,134.09396362304688,191.3821258544922,0
