,name, x, y, z
0,arm,90.2527084350586,208.5764617919922,0
1,body,177.6862030029297,137.8138427734375,0
2,body_back,232.05943298339844,122.47007751464844,0
3,bucket,69.15686798095703,160.89894104003906,0
4,bucket_tip,51.10334777832031,138.764404296875,0
5,springhinge_arm,85.06849670410156,229.18255615234375,0
6,springhinge_boom,141.01197814941406,194.21591186523438,0
