,name, x, y, z
0,arm,90.15640258789062,208.72274780273438,0
1,body,177.45449829101562,137.95729064941406,0
2,body_back,232.09718322753906,122.40660095214844,0
3,bucket,69.01258850097656,160.9558563232422,0
4,bucket_tip,50.88410568237305,138.91917419433594,0
5,springhinge_arm,85.01119232177734,229.4005889892578,0
6,springhinge_boom,140.83175659179688,194.43115234375,0
