,name, x, y, z
0,arm,90.06893920898438,208.86227416992188,0
1,body,177.2044677734375,138.11207580566406,0
2,body_back,232.1411590576172,122.3432846069336,0
3,bucket,68.88134765625,161.00782775878906,0
4,bucket_tip,50.67961883544922,139.06466674804688,0
5,springhinge_arm,84.96089935302734,229.61032104492188,0
6,springhinge_boom,140.63726806640625,194.65306091308594,0
