,name, x, y, z
0,arm,89.9901123046875,208.9941864013672,0
1,body,176.9434051513672,138.273681640625,0
2,body_back,232.19110107421875,122.28114318847656,0
3,bucket,68.7630386352539,161.0548553466797,0
4,bucket_tip,50.490726470947266,139.20010375976562,0
5,springhinge_arm,84.9172592163086,229.80966186523438,0
6,springhinge_boom,140.43423461914062,194.87680053710938,0
