,name, x, y, z
0,arm,89.91972351074219,209.11766052246094,0
1,body,176.67868041992188,138.43756103515625,0
2,body_back,232.24684143066406,122.22120666503906,0
3,bucket,68.65757751464844,161.09693908691406,0
4,bucket_tip,50.318241119384766,139.32469177246094,0
5,springhinge_arm,84.87983703613281,229.99659729003906,0
6,springhinge_boom,140.2283477783203,195.0974884033203,0
