,name, x, y, z
0,arm,89.8575668334961,209.2318115234375,0
1,body,176.41763305664062,138.59915161132812,0
2,body_back,232.30819702148438,122.16448974609375,0
3,bucket,68.56488800048828,161.13409423828125,0
4,bucket_tip,50.16297912597656,139.43759155273438,0
5,springhinge_arm,84.84829711914062,230.1691131591797,0
6,springhinge_boom,140.0253143310547,195.31036376953125,0
