,name, x, y, z
0,arm,89.803466796875,209.33575439453125,0
1,body,176.1676025390625,138.7539520263672,0
2,body_back,232.37490844726562,122.11203002929688,0
3,bucket,68.48485565185547,161.16627502441406,0
4,bucket_tip,50.0257453918457,139.53805541992188,0
5,springhinge_arm,84.82221221923828,230.32521057128906,0
6,springhinge_boom,139.83082580566406,195.5105743408203,0
