,name, x, y, z
0,arm,89.75721740722656,209.4286346435547,0
1,body,175.93589782714844,138.89736938476562,0
2,body_back,232.44677734375,122.06483459472656,0
3,bucket,68.41738891601562,161.1935272216797,0
4,bucket_tip,49.90738296508789,139.625244140625,0
5,springhinge_arm,84.80120849609375,230.4628448486328,0
6,springhinge_boom,139.65061950683594,195.69322204589844,0
