,name, x, y, z
0,arm,89.71862030029297,209.50962829589844,0
1,body,175.7298583984375,139.02491760253906,0
2,body_back,232.52365112304688,122.02392578125,0
3,bucket,68.3624038696289,161.2158203125,0
4,bucket_tip,49.8087158203125,139.6983642578125,0
5,springhinge_arm,84.78490447998047,230.5800018310547,0
6,springhinge_boom,139.49038696289062,195.853515625,0
