,name, x, y, z
0,arm,89.68749237060547,209.5778045654297,0
1,body,175.55686950683594,139.13201904296875,0
2,body_back,232.60525512695312,121.99032592773438,0
3,bucket,68.31978607177734,161.23316955566406,0
4,bucket_tip,49.73054122924805,139.75665283203125,0
5,springhinge_arm,84.77288818359375,230.67462158203125,0
6,springhinge_boom,139.35581970214844,195.9866180419922,0
