,name, x, y, z
0,arm,79.71827697753906,204.74618530273438,0
1,body,168.35833740234375,132.1394500732422,0
2,body_back,233.50625610351562,133.60211181640625,0
3,bucket,75.296142578125,154.4722137451172,0
4,bucket_tip,71.18695068359375,129.24623107910156,0
5,springhinge_arm,73.01544189453125,220.71408081054688,0
6,springhinge_boom,133.69708251953125,191.1774139404297,0
