,name, x, y, z
0,arm,89.66363525390625,209.63235473632812,0
1,body,175.4241943359375,139.21414184570312,0
2,body_back,232.69143676757812,121.9650650024414,0
3,bucket,68.28945922851562,161.2455596923828,0
4,bucket_tip,49.67367935180664,139.79925537109375,0
5,springhinge_arm,84.76478576660156,230.74472045898438,0
6,springhinge_boom,139.25262451171875,196.0876922607422,0
