,name, x, y, z
0,arm,89.64682006835938,209.67237854003906,0
1,body,175.33921813964844,139.26675415039062,0
2,body_back,232.78195190429688,121.94915771484375,0
3,bucket,68.27134704589844,161.25299072265625,0
4,bucket_tip,49.63896942138672,139.82540893554688,0
5,springhinge_arm,84.76020050048828,230.7882537841797,0
6,springhinge_boom,139.18653869628906,196.15187072753906,0
