,name, x, y, z
0,arm,89.63687133789062,209.69703674316406,0
1,body,175.30926513671875,139.28529357910156,0
2,body_back,232.8766326904297,121.9436264038086,0
3,bucket,68.26531982421875,161.25547790527344,0
4,bucket_tip,49.62722396850586,139.83432006835938,0
5,springhinge_arm,84.7587661743164,230.80323791503906,0
6,springhinge_boom,139.16323852539062,196.17433166503906,0
