,name, x, y, z
0,arm,89.63359832763672,209.7054443359375,0
1,body,175.31980895996094,139.28128051757812,0
2,body_back,232.97525024414062,121.94590759277344,0
3,bucket,68.26559448242188,161.25543212890625,0
4,bucket_tip,49.62746047973633,139.83425903320312,0
5,springhinge_arm,84.77732849121094,230.7957763671875,0
6,springhinge_boom,139.1658477783203,196.1708984375,0
