,name, x, y, z
0,arm,89.7300796508789,209.70053100585938,0
1,body,175.46917724609375,139.2258758544922,0
2,body_back,233.2928924560547,121.97740173339844,0
3,bucket,68.28191375732422,161.25360107421875,0
4,bucket_tip,49.64271926879883,139.83103942871094,0
5,springhinge_arm,85.03318786621094,230.69288635253906,0
6,springhinge_boom,139.2061767578125,196.1234130859375,0
