,name, x, y, z
0,arm,89.80216979980469,209.69696044921875,0
1,body,175.5546112060547,139.19500732421875,0
2,body_back,233.40541076660156,121.99502563476562,0
3,bucket,68.2977294921875,161.2518310546875,0
4,bucket_tip,49.65748977661133,139.82794189453125,0
5,springhinge_arm,85.1758041381836,230.63555908203125,0
6,springhinge_boom,139.2308807373047,196.09695434570312,0
