,name, x, y, z
0,arm,89.89237213134766,209.6925506591797,0
1,body,175.65602111816406,139.15895080566406,0
2,body_back,233.52093505859375,122.01567077636719,0
3,bucket,68.3213119506836,161.2491912841797,0
4,bucket_tip,49.67953872680664,139.82333374023438,0
5,springhinge_arm,85.3423843383789,230.56857299804688,0
6,springhinge_boom,139.26145935058594,196.0660400390625,0
