,name, x, y, z
0,arm,89.99954986572266,209.68739318847656,0
1,body,175.77235412597656,139.11830139160156,0
2,body_back,233.63926696777344,122.03899383544922,0
3,bucket,68.35423278808594,161.24549865722656,0
4,bucket_tip,49.710289001464844,139.81686401367188,0
5,springhinge_arm,85.5301284790039,230.4931182861328,0
6,springhinge_boom,139.29803466796875,196.03118896484375,0
