,name, x, y, z
0,arm,79.40777587890625,204.23475646972656,0
1,body,167.94821166992188,132.2734375,0
2,body_back,233.2147979736328,133.79263305664062,0
3,bucket,75.15569305419922,154.2220916748047,0
4,bucket_tip,71.27350616455078,129.1044921875,0
5,springhinge_arm,72.82408905029297,220.21054077148438,0
6,springhinge_boom,133.2917938232422,191.01666259765625,0
