,name, x, y, z
0,arm,90.12261962890625,209.6815948486328,0
1,body,175.90248107910156,139.0736846923828,0
2,body_back,233.76023864746094,122.06468200683594,0
3,bucket,68.39801788330078,161.2406005859375,0
4,bucket_tip,49.75123596191406,139.80825805664062,0
5,springhinge_arm,85.73617553710938,230.41026306152344,0
6,springhinge_boom,139.34075927734375,195.9929656982422,0
