,name, x, y, z
0,arm,90.26048278808594,209.6752166748047,0
1,body,176.0453643798828,139.02572631835938,0
2,body_back,233.88365173339844,122.09239959716797,0
3,bucket,68.45426940917969,161.2342987060547,0
4,bucket_tip,49.803794860839844,139.79722595214844,0
5,springhinge_arm,85.9577407836914,230.32118225097656,0
6,springhinge_boom,139.38973999023438,195.9518585205078,0
