,name, x, y, z
0,arm,90.57608032226562,209.66111755371094,0
1,body,176.3649444580078,138.9221649169922,0
2,body_back,234.13706970214844,122.15259552001953,0
3,bucket,68.61028289794922,161.21678161621094,0
4,bucket_tip,49.94961166381836,139.7666015625,0
5,springhinge_arm,86.43608093261719,230.12884521484375,0
6,springhinge_boom,139.50709533691406,195.8630828857422,0
