,name, x, y, z
0,arm,90.75161743164062,209.65357971191406,0
1,body,176.5394744873047,138.86778259277344,0
2,body_back,234.2666778564453,122.18443298339844,0
3,bucket,68.71318054199219,161.2052459716797,0
4,bucket_tip,50.04576110839844,139.7464141845703,0
5,springhinge_arm,86.68726348876953,230.02784729003906,0
6,springhinge_boom,139.57571411132812,195.8164825439453,0
