,name, x, y, z
0,arm,90.93746948242188,209.64578247070312,0
1,body,176.72238159179688,138.8125,0
2,body_back,234.3979949951172,122.21697235107422,0
3,bucket,68.834716796875,161.19161987304688,0
4,bucket_tip,50.15936279296875,139.72254943847656,0
5,springhinge_arm,86.94264221191406,229.92518615722656,0
6,springhinge_boom,139.65113830566406,195.7690887451172,0
