,name, x, y, z
0,arm,91.13256072998047,209.6378936767578,0
1,body,176.9125518798828,138.75689697265625,0
2,body_back,234.53079223632812,122.24990844726562,0
3,bucket,68.97648620605469,161.17572021484375,0
4,bucket_tip,50.2918586730957,139.69473266601562,0
5,springhinge_arm,87.19944763183594,229.82192993164062,0
6,springhinge_boom,139.73355102539062,195.721435546875,0
