,name, x, y, z
0,arm,91.33576202392578,209.62994384765625,0
1,body,177.1089324951172,138.70159912109375,0
2,body_back,234.66494750976562,122.28288269042969,0
3,bucket,69.14004516601562,161.15737915039062,0
4,bucket_tip,50.44469451904297,139.66262817382812,0
5,springhinge_arm,87.45484161376953,229.71923828125,0
6,springhinge_boom,139.82302856445312,195.67404174804688,0
