,name, x, y, z
0,arm,91.54595947265625,209.62205505371094,0
1,body,177.31044006347656,138.64723205566406,0
2,body_back,234.8002166748047,122.31559753417969,0
3,bucket,69.32689666748047,161.1364288330078,0
4,bucket_tip,50.61933135986328,139.62596130371094,0
5,springhinge_arm,87.70600891113281,229.61825561523438,0
6,springhinge_boom,139.91973876953125,195.62744140625,0
