,name, x, y, z
0,arm,79.10216522216797,203.74139404296875,0
1,body,167.539794921875,132.42007446289062,0
2,body_back,232.90602111816406,134.00314331054688,0
3,bucket,75.01033782958984,153.97396850585938,0
4,bucket_tip,71.42736053466797,128.91143798828125,0
5,springhinge_arm,72.61702728271484,219.72560119628906,0
6,springhinge_boom,132.8790283203125,190.91091918945312,0
