,name, x, y, z
0,arm,91.9829330444336,209.60675048828125,0
1,body,177.72438049316406,138.54367065429688,0
2,body_back,235.07339477539062,122.37889099121094,0
3,bucket,69.77682495117188,161.08595275878906,0
4,bucket_tip,51.03982925415039,139.53765869140625,0
5,springhinge_arm,88.18437194824219,229.42593383789062,0
6,springhinge_boom,140.13539123535156,195.5386505126953,0
