,name, x, y, z
0,arm,92.2074966430664,209.59950256347656,0
1,body,177.9346466064453,138.49569702148438,0
2,body_back,235.2109375,122.4088134765625,0
3,bucket,70.04298400878906,161.0561065673828,0
4,bucket_tip,51.28859329223633,139.48541259765625,0
5,springhinge_arm,88.40592956542969,229.33685302734375,0
6,springhinge_boom,140.2545928955078,195.49754333496094,0
