,name, x, y, z
0,arm,92.43460845947266,209.59263610839844,0
1,body,178.14569091796875,138.4510955810547,0
2,body_back,235.348876953125,122.4371566772461,0
3,bucket,70.3387222290039,161.02294921875,0
4,bucket_tip,51.56495666503906,139.42738342285156,0
5,springhinge_arm,88.61196899414062,229.25399780273438,0
6,springhinge_boom,140.38156127929688,195.45932006835938,0
