,name, x, y, z
0,arm,92.66317749023438,209.5862579345703,0
1,body,178.35635375976562,138.4104461669922,0
2,body_back,235.4869842529297,122.46356964111328,0
3,bucket,70.66552734375,160.9862823486328,0
4,bucket_tip,51.87040328979492,139.36325073242188,0
5,springhinge_arm,88.79971313476562,229.17852783203125,0
6,springhinge_boom,140.51644897460938,195.42446899414062,0
