,name, x, y, z
0,arm,92.89208221435547,209.58047485351562,0
1,body,178.5656280517578,138.37437438964844,0
2,body_back,235.62510681152344,122.48773956298828,0
3,bucket,71.0250015258789,160.9459686279297,0
4,bucket_tip,52.206356048583984,139.2926788330078,0
5,springhinge_arm,88.9662857055664,229.11154174804688,0
6,springhinge_boom,140.6593475341797,195.39356994628906,0
