,name, x, y, z
0,arm,93.1202163696289,209.5753173828125,0
1,body,178.77236938476562,138.343505859375,0
2,body_back,235.76303100585938,122.50934600830078,0
3,bucket,71.41868591308594,160.90182495117188,0
4,bucket_tip,52.574275970458984,139.21542358398438,0
5,springhinge_arm,89.10890197753906,229.05421447753906,0
6,springhinge_boom,140.81045532226562,195.36709594726562,0
