,name, x, y, z
0,arm,93.34648132324219,209.57090759277344,0
1,body,178.9755096435547,138.3184356689453,0
2,body_back,235.90061950683594,122.52803802490234,0
3,bucket,71.84813690185547,160.85365295410156,0
4,bucket_tip,52.97563552856445,139.13113403320312,0
5,springhinge_arm,89.2247314453125,229.00762939453125,0
6,springhinge_boom,140.96986389160156,195.34559631347656,0
