,name, x, y, z
0,arm,93.56973266601562,209.56732177734375,0
1,body,179.17396545410156,138.2997589111328,0
2,body_back,236.0376434326172,122.54350280761719,0
3,bucket,72.3149185180664,160.8013153076172,0
4,bucket_tip,53.411869049072266,139.03953552246094,0
5,springhinge_arm,89.31097412109375,228.97296142578125,0
6,springhinge_boom,141.13772583007812,195.32960510253906,0
