,name, x, y, z
0,arm,78.80136108398438,203.27232360839844,0
1,body,167.13449096679688,132.57949829101562,0
2,body_back,232.57997131347656,134.23550415039062,0
3,bucket,74.86054992675781,153.7264404296875,0
4,bucket_tip,71.6607666015625,128.65716552734375,0
5,springhinge_arm,72.39070129394531,219.26271057128906,0
6,springhinge_boom,132.45962524414062,190.87120056152344,0
