,name, x, y, z
0,arm,94.21047973632812,209.56240844726562,0
1,body,179.73043823242188,138.28602600097656,0
2,body_back,236.44349670410156,122.56912994384766,0
3,bucket,73.96925354003906,160.58779907226562,0
4,bucket_tip,54.9997673034668,138.66375732421875,0
5,springhinge_arm,89.37366485595703,228.95301818847656,0
6,springhinge_boom,141.69317626953125,195.3194122314453,0
