,name, x, y, z
0,arm,94.41105651855469,209.5630340576172,0
1,body,179.90060424804688,138.29159545898438,0
2,body_back,236.5762176513672,122.57437133789062,0
3,bucket,74.64058685302734,160.43206787109375,0
4,bucket_tip,55.74971008300781,138.38482666015625,0
5,springhinge_arm,89.3458023071289,228.9795684814453,0
6,springhinge_boom,141.8947296142578,195.32896423339844,0
