,name, x, y, z
0,arm,94.60533905029297,209.56507873535156,0
1,body,180.06304931640625,138.3004913330078,0
2,body_back,236.70704650878906,122.57915496826172,0
3,bucket,75.376220703125,160.2218780517578,0
4,bucket_tip,56.636253356933594,138.00624084472656,0
5,springhinge_arm,89.30138397216797,229.02227783203125,0
6,springhinge_boom,142.10293579101562,195.3445281982422,0
