,name, x, y, z
0,arm,94.97979736328125,209.57443237304688,0
1,body,180.36520385742188,138.32687377929688,0
2,body_back,236.961669921875,122.58744049072266,0
3,bucket,77.0229263305664,159.6609344482422,0
4,bucket_tip,58.785858154296875,136.98980712890625,0
5,springhinge_arm,89.16950988769531,229.1509552001953,0
6,springhinge_boom,142.5347137451172,195.39276123046875,0
