,name, x, y, z
0,arm,95.34310150146484,209.59237670898438,0
1,body,180.63775634765625,138.36251831054688,0
2,body_back,237.20428466796875,122.59414672851562,0
3,bucket,78.87430572509766,158.95068359375,0
4,bucket_tip,61.38198471069336,135.69395446777344,0
5,springhinge_arm,88.99126434326172,229.32882690429688,0
6,springhinge_boom,142.9796142578125,195.46200561523438,0
