,name, x, y, z
0,arm,95.52347564697266,209.60519409179688,0
1,body,180.76321411132812,138.38299560546875,0
2,body_back,237.3201904296875,122.59696197509766,0
3,bucket,79.86578369140625,158.5538330078125,0
4,bucket_tip,62.826637268066406,134.96607971191406,0
5,springhinge_arm,88.88892364501953,229.4329833984375,0
6,springhinge_boom,143.20419311523438,195.5038604736328,0
