,name, x, y, z
0,arm,95.70455169677734,209.62094116210938,0
1,body,180.8816375732422,138.40478515625,0
2,body_back,237.43194580078125,122.59944915771484,0
3,bucket,80.89527130126953,158.13681030273438,0
4,bucket_tip,64.35795593261719,134.1981201171875,0
5,springhinge_arm,88.7799301147461,229.54559326171875,0
6,springhinge_boom,143.42869567871094,195.55015563964844,0
