,name, x, y, z
0,arm,95.88748931884766,209.6398162841797,0
1,body,180.9931182861328,138.4275665283203,0
2,body_back,237.5392303466797,122.60162353515625,0
3,bucket,81.95841217041016,157.7052764892578,0
4,bucket_tip,65.96757507324219,133.40005493164062,0
5,springhinge_arm,88.66598510742188,229.66534423828125,0
6,springhinge_boom,143.65200805664062,195.6007080078125,0
