,name, x, y, z
0,arm,78.50530242919922,202.833740234375,0
1,body,166.733154296875,132.75106811523438,0
2,body_back,232.2367706298828,134.49009704589844,0
3,bucket,74.72808074951172,153.47837829589844,0
4,bucket_tip,72.05020904541016,128.33587646484375,0
5,springhinge_arm,72.14197540283203,218.8244171142578,0
6,springhinge_boom,132.0341339111328,190.87741088867188,0
