,name, x, y, z
0,arm,96.26361083984375,209.68798828125,0
1,body,181.19569396972656,138.4748077392578,0
2,body_back,237.73880004882812,122.60513305664062,0
3,bucket,84.16805267333984,156.82162475585938,0
4,bucket_tip,69.38835144042969,131.7532501220703,0
5,springhinge_arm,88.4298095703125,229.9212188720703,0
6,springhinge_boom,144.09059143066406,195.7133331298828,0
