,name, x, y, z
0,arm,96.45911407470703,209.71780395507812,0
1,body,181.2870330810547,138.4985809326172,0
2,body_back,237.83033752441406,122.60649871826172,0
3,bucket,85.30581665039062,156.3809051513672,0
4,bucket_tip,71.18289184570312,130.9243927001953,0
5,springhinge_arm,88.3108901977539,230.0547637939453,0
6,springhinge_boom,144.3036651611328,195.77491760253906,0
