,name, x, y, z
0,arm,96.6611328125,209.75172424316406,0
1,body,181.3718719482422,138.52203369140625,0
2,body_back,237.91590881347656,122.6076431274414,0
3,bucket,86.45967102050781,155.94854736328125,0
4,bucket_tip,73.02239990234375,130.10511779785156,0
5,springhinge_arm,88.19364929199219,230.19033813476562,0
6,springhinge_boom,144.5110626220703,195.8396453857422,0
