,name, x, y, z
0,arm,96.8708267211914,209.79000854492188,0
1,body,181.45034790039062,138.54483032226562,0
2,body_back,237.99510192871094,122.60858154296875,0
3,bucket,87.625244140625,155.53025817871094,0
4,bucket_tip,74.89856719970703,129.30538940429688,0
5,springhinge_arm,88.07969665527344,230.32664489746094,0
6,springhinge_boom,144.71168518066406,195.9073028564453,0
