,name, x, y, z
0,arm,97.08937072753906,209.83294677734375,0
1,body,181.52256774902344,138.56661987304688,0
2,body_back,238.0675506591797,122.60932159423828,0
3,bucket,88.79814147949219,155.13177490234375,0
4,bucket_tip,76.80303955078125,128.53512573242188,0
5,springhinge_arm,87.97071838378906,230.4624481201172,0
6,springhinge_boom,144.90443420410156,195.9775848388672,0
