,name, x, y, z
0,arm,97.3178939819336,209.88075256347656,0
1,body,181.58863830566406,138.58709716796875,0
2,body_back,238.13287353515625,122.60990905761719,0
3,bucket,89.97401428222656,154.75875854492188,0
4,bucket_tip,78.72750091552734,127.80426788330078,0
5,springhinge_arm,87.86834716796875,230.59640502929688,0
6,springhinge_boom,145.0881805419922,196.0502471923828,0
