,name, x, y, z
0,arm,97.8095932006836,209.99197387695312,0
1,body,181.70278930664062,138.62274169921875,0
2,body_back,238.2406768798828,122.61066436767578,0
3,bucket,92.31707000732422,154.11207580566406,0
4,bucket_tip,82.60309600830078,126.50045776367188,0
5,springhinge_arm,87.69012451171875,230.85369873046875,0
6,springhinge_boom,145.42417907714844,196.20162963867188,0
