,name, x, y, z
0,arm,98.07508850097656,210.05589294433594,0
1,body,181.75108337402344,138.6372528076172,0
2,body_back,238.2823944091797,122.61087799072266,0
3,bucket,93.47552490234375,153.84982299804688,0
4,bucket_tip,84.53751373291016,125.94738006591797,0
5,springhinge_arm,87.61756134033203,230.97451782226562,0
6,springhinge_boom,145.57421875,196.2798614501953,0
