,name, x, y, z
0,arm,78.21305847167969,202.43028259277344,0
1,body,166.33360290527344,132.93101501464844,0
2,body_back,231.87586975097656,134.76148986816406,0
3,bucket,74.62590789794922,153.22955322265625,0
4,bucket_tip,72.62950897216797,127.9581527709961,0
5,springhinge_arm,71.86901092529297,218.4093017578125,0
6,springhinge_boom,131.601318359375,190.8998565673828,0
