,name, x, y, z
0,arm,98.35523223876953,210.1256561279297,0
1,body,181.79371643066406,138.64910888671875,0
2,body_back,238.31549072265625,122.61100006103516,0
3,bucket,94.61937713623047,153.63589477539062,0
4,bucket_tip,86.4586181640625,125.47344207763672,0
5,springhinge_arm,87.55824279785156,231.08834838867188,0
6,springhinge_boom,145.71080017089844,196.3594207763672,0
