,name, x, y, z
0,arm,99.295166015625,210.37257385253906,0
1,body,181.88851928710938,138.66549682617188,0
2,body_back,238.35934448242188,122.61109161376953,0
3,bucket,97.91967010498047,153.34129333496094,0
4,bucket_tip,92.05865478515625,124.6257095336914,0
5,springhinge_arm,87.4762954711914,231.37533569335938,0
6,springhinge_boom,146.02854919433594,196.6034393310547,0
