,name, x, y, z
0,arm,99.64552307128906,210.46826171875,0
1,body,181.8402557373047,138.66543579101562,0
2,body_back,238.25677490234375,122.60568237304688,0
3,bucket,98.89383697509766,153.3434295654297,0
4,bucket_tip,93.77638244628906,124.51432800292969,0
5,springhinge_arm,87.42529296875,231.45176696777344,0
6,springhinge_boom,146.03146362304688,196.6869354248047,0
