,name, x, y, z
0,arm,99.94638061523438,210.5720672607422,0
1,body,181.65509033203125,138.6651611328125,0
2,body_back,237.96017456054688,122.5896224975586,0
3,bucket,99.70986938476562,153.34963989257812,0
4,bucket_tip,95.32228088378906,124.41793060302734,0
5,springhinge_arm,87.27632904052734,231.52235412597656,0
6,springhinge_boom,145.8871612548828,196.7726593017578,0
