,name, x, y, z
0,arm,100.13289642333984,210.6840057373047,0
1,body,181.34344482421875,138.66452026367188,0
2,body_back,237.4863739013672,122.563232421875,0
3,bucket,100.38375854492188,153.3594970703125,0
4,bucket_tip,96.71327209472656,124.33557891845703,0
5,springhinge_arm,87.0357437133789,231.5873260498047,0
6,springhinge_boom,145.60841369628906,196.85989379882812,0
