,name, x, y, z
0,arm,100.19158172607422,210.92613220214844,0
1,body,180.381591796875,138.66177368164062,0
2,body_back,236.07420349121094,122.48078918457031,0
3,bucket,101.36860656738281,153.38868713378906,0
4,bucket_tip,99.09751892089844,124.20939636230469,0
5,springhinge_arm,86.30427551269531,231.70191955566406,0
6,springhinge_boom,144.6981964111328,197.0359649658203,0
