,name, x, y, z
0,arm,100.07798767089844,211.05311584472656,0
1,body,179.75210571289062,138.65939331054688,0
2,body_back,235.16944885253906,122.42532348632812,0
3,bucket,101.71147918701172,153.40721130371094,0
4,bucket_tip,100.12445831298828,124.16368103027344,0
5,springhinge_arm,85.82588195800781,231.75205993652344,0
6,springhinge_boom,144.0921173095703,197.123291015625,0
