,name, x, y, z
0,arm,77.92035675048828,202.05996704101562,0
1,body,165.9329071044922,133.1147918701172,0
2,body_back,231.4966278076172,135.04287719726562,0
3,bucket,74.54157257080078,152.98004150390625,0
4,bucket_tip,73.3471450805664,127.53866577148438,0
5,springhinge_arm,71.57035064697266,218.01495361328125,0
6,springhinge_boom,131.1594696044922,190.93524169921875,0
