,name, x, y, z
0,arm,99.8786392211914,211.18186950683594,0
1,body,179.0371856689453,138.6561737060547,0
2,body_back,234.15455627441406,122.36078643798828,0
3,bucket,101.97579956054688,153.4278564453125,0
4,bucket_tip,101.0635757446289,124.12831115722656,0
5,springhinge_arm,85.28060150146484,231.7978057861328,0
6,springhinge_boom,143.40223693847656,197.20921325683594,0
