,name, x, y, z
0,arm,99.60062408447266,211.31082153320312,0
1,body,178.2472381591797,138.65199279785156,0
2,body_back,233.04632568359375,122.28746795654297,0
3,bucket,102.17753601074219,153.45021057128906,0
4,bucket_tip,101.9317626953125,124.10234832763672,0
5,springhinge_arm,84.6747055053711,231.8394775390625,0
6,springhinge_boom,142.6413116455078,197.29293823242188,0
