,name, x, y, z
0,arm,99.25112915039062,211.43838500976562,0
1,body,177.3925018310547,138.64674377441406,0
2,body_back,231.86154174804688,122.20571899414062,0
3,bucket,102.33255767822266,153.473876953125,0
4,bucket_tip,102.74578857421875,124.08489227294922,0
5,springhinge_arm,84.01435852050781,231.87744140625,0
6,springhinge_boom,141.8219451904297,197.37380981445312,0
