,name, x, y, z
0,arm,98.8372573852539,211.56298828125,0
1,body,176.4833526611328,138.64027404785156,0
2,body_back,230.6169891357422,122.1158218383789,0
3,bucket,102.45687866210938,153.49851989746094,0
4,bucket_tip,103.52246856689453,124.07500457763672,0
5,springhinge_arm,83.30585479736328,231.91188049316406,0
6,springhinge_boom,140.95692443847656,197.45101928710938,0
