,name, x, y, z
0,arm,98.36615753173828,211.68304443359375,0
1,body,175.5299835205078,138.6324920654297,0
2,body_back,229.32945251464844,122.01811981201172,0
3,bucket,102.56632995605469,153.52371215820312,0
4,bucket_tip,104.2785873413086,124.07176208496094,0
5,springhinge_arm,82.55531311035156,231.9431610107422,0
6,springhinge_boom,140.05882263183594,197.52394104003906,0
