,name, x, y, z
0,arm,97.8449935913086,211.7969207763672,0
1,body,174.5428009033203,138.62322998046875,0
2,body_back,228.01571655273438,121.91285705566406,0
3,bucket,102.67687225341797,153.54904174804688,0
4,bucket_tip,105.0309829711914,124.0741958618164,0
5,springhinge_arm,81.76902770996094,231.97157287597656,0
6,springhinge_boom,139.14039611816406,197.59173583984375,0
