,name, x, y, z
0,arm,97.28083801269531,211.90304565429688,0
1,body,173.53201293945312,138.61244201660156,0
2,body_back,226.69248962402344,121.80043029785156,0
3,bucket,102.80438232421875,153.57418823242188,0
4,bucket_tip,105.79637908935547,124.08145141601562,0
5,springhinge_arm,80.95309448242188,231.99742126464844,0
6,springhinge_boom,138.21426391601562,197.65371704101562,0
