,name, x, y, z
0,arm,96.68086242675781,211.99984741210938,0
1,body,172.50799560546875,138.59991455078125,0
2,body_back,225.37664794921875,121.68109130859375,0
3,bucket,102.96484375,153.5987091064453,0
4,bucket_tip,106.59166717529297,124.092529296875,0
5,springhinge_arm,80.11385345458984,232.02096557617188,0
6,springhinge_boom,137.2931671142578,197.7091827392578,0
