,name, x, y, z
0,arm,96.05223846435547,212.085693359375,0
1,body,171.48098754882812,138.58555603027344,0
2,body_back,224.0848846435547,121.5551528930664,0
3,bucket,103.1740951538086,153.62222290039062,0
4,bucket_tip,107.43360137939453,124.10652160644531,0
5,springhinge_arm,79.25743865966797,232.0425262451172,0
6,springhinge_boom,136.38975524902344,197.75733947753906,0
