,name, x, y, z
0,arm,95.40203094482422,212.15899658203125,0
1,body,170.46128845214844,138.56927490234375,0
2,body_back,222.83401489257812,121.4229736328125,0
3,bucket,103.44810485839844,153.6443634033203,0
4,bucket_tip,108.33898162841797,124.12254333496094,0
5,springhinge_arm,78.39007568359375,232.06243896484375,0
6,springhinge_boom,135.51669311523438,197.7974853515625,0
