,name, x, y, z
0,arm,77.62203216552734,201.71920776367188,0
1,body,165.52984619140625,133.29519653320312,0
2,body_back,231.09999084472656,135.3247528076172,0
3,bucket,74.4642333984375,152.72726440429688,0
4,bucket_tip,74.15325927734375,127.08948516845703,0
5,springhinge_arm,71.24616241455078,217.63638305664062,0
6,springhinge_boom,130.70860290527344,190.9776153564453,0
