,name, x, y, z
0,arm,94.06552124023438,212.26165771484375,0
1,body,168.485107421875,138.53033447265625,0
2,body_back,220.52207946777344,121.14100646972656,0
3,bucket,104.2540283203125,153.682861328125,0
4,bucket_tip,110.40731048583984,124.15680694580078,0
5,springhinge_arm,76.6473617553711,232.09832763671875,0
6,springhinge_boom,133.91238403320312,197.85086059570312,0
