,name, x, y, z
0,arm,93.39347839355469,212.28781127929688,0
1,body,167.60848999023438,138.5065460205078,0
2,body_back,219.5460205078125,120.99116516113281,0
3,bucket,104.80779266357422,153.69903564453125,0
4,bucket_tip,111.5903549194336,124.19587707519531,0
5,springhinge_arm,75.78763580322266,232.03775024414062,0
6,springhinge_boom,133.2082061767578,197.84449768066406,0
