,name, x, y, z
0,arm,92.73043823242188,212.27650451660156,0
1,body,166.88467407226562,138.4748077392578,0
2,body_back,218.75778198242188,120.83198547363281,0
3,bucket,105.4301528930664,153.71180725097656,0
4,bucket_tip,112.82329559326172,124.27066040039062,0
5,springhinge_arm,74.96076202392578,231.8245086669922,0
6,springhinge_boom,132.5831298828125,197.78384399414062,0
