,name, x, y, z
0,arm,92.09357452392578,212.2030487060547,0
1,body,166.30262756347656,138.42945861816406,0
2,body_back,218.13958740234375,120.6595458984375,0
3,bucket,106.07723236083984,153.71865844726562,0
4,bucket_tip,114.04212951660156,124.36859893798828,0
5,springhinge_arm,74.19200134277344,231.4625244140625,0
6,springhinge_boom,132.0416717529297,197.6575927734375,0
