,name, x, y, z
0,arm,91.50206756591797,212.05906677246094,0
1,body,165.8512420654297,138.3649139404297,0
2,body_back,217.67367553710938,120.46984100341797,0
3,bucket,106.7051010131836,153.717041015625,0
4,bucket_tip,115.18284606933594,124.47703552246094,0
5,springhinge_arm,73.50648498535156,230.9556427001953,0
6,springhinge_boom,131.58839416503906,197.45437622070312,0
