,name, x, y, z
0,arm,90.97508239746094,211.8360595703125,0
1,body,165.51943969726562,138.27552795410156,0
2,body_back,217.3422393798828,120.25892639160156,0
3,bucket,107.26984405517578,153.70437622070312,0
4,bucket_tip,116.18144226074219,124.5833740234375,0
5,springhinge_arm,72.92945098876953,230.3076934814453,0
6,springhinge_boom,131.22792053222656,197.1627960205078,0
