,name, x, y, z
0,arm,90.53182220458984,211.5257110595703,0
1,body,165.29615783691406,138.15565490722656,0
2,body_back,217.1275177001953,120.02278900146484,0
3,bucket,107.72760009765625,153.67803955078125,0
4,bucket_tip,116.97395324707031,124.6749267578125,0
5,springhinge_arm,72.486083984375,229.52247619628906,0
6,springhinge_boom,130.9647979736328,196.77149963378906,0
