,name, x, y, z
0,arm,90.19145965576172,211.1195068359375,0
1,body,165.17034912109375,137.9996795654297,0
2,body_back,217.01177978515625,119.75751495361328,0
3,bucket,108.03446197509766,153.6355438232422,0
4,bucket_tip,117.49641418457031,124.73914337158203,0
5,springhinge_arm,72.20166015625,228.60394287109375,0
6,springhinge_boom,130.80360412597656,196.26922607421875,0
