,name, x, y, z
0,arm,89.97321319580078,210.60911560058594,0
1,body,165.13084411621094,137.80194091796875,0
2,body_back,216.97711181640625,119.45907592773438,0
3,bucket,108.146484375,153.57424926757812,0
4,bucket_tip,117.68474578857422,124.7633285522461,0
5,springhinge_arm,72.10121154785156,227.55584716796875,0
6,springhinge_boom,130.7488250732422,195.6444854736328,0
