,name, x, y, z
0,arm,89.89617156982422,209.986083984375,0
1,body,165.08145141601562,137.56092834472656,0
2,body_back,216.91970825195312,119.12808990478516,0
3,bucket,108.080078125,153.35150146484375,0
4,bucket_tip,117.6230697631836,124.6329345703125,0
5,springhinge_arm,71.92766571044922,226.39039611816406,0
6,springhinge_boom,130.64337158203125,194.896240234375,0
