,name, x, y, z
0,arm,89.73197937011719,209.2490234375,0
1,body,164.9473876953125,137.28468322753906,0
2,body_back,216.763916015625,118.7765121459961,0
3,bucket,107.88812255859375,152.8560028076172,0
4,bucket_tip,117.44107055664062,124.26495361328125,0
5,springhinge_arm,71.45661163330078,225.14630126953125,0
6,springhinge_boom,130.35711669921875,194.05758666992188,0
