,name, x, y, z
0,arm,89.28630065917969,208.41795349121094,0
1,body,164.74981689453125,136.98184204101562,0
2,body_back,216.53428649902344,118.41738891601562,0
3,bucket,107.58154296875,152.13235473632812,0
4,bucket_tip,117.14332580566406,123.69420623779297,0
5,springhinge_arm,70.76245880126953,223.8671417236328,0
6,springhinge_boom,129.93527221679688,193.1682891845703,0
