,name, x, y, z
0,arm,87.83200073242188,206.56808471679688,0
1,body,164.24884033203125,136.3311309814453,0
2,body_back,215.95208740234375,117.72875213623047,0
3,bucket,106.66800689697266,150.17869567871094,0
4,bucket_tip,116.2188949584961,122.08358001708984,0
5,springhinge_arm,69.00228881835938,221.37791442871094,0
6,springhinge_boom,128.8656463623047,191.39736938476562,0
