,name, x, y, z
0,arm,86.964111328125,205.59642028808594,0
1,body,163.98777770996094,136.0005645751953,0
2,body_back,215.648681640625,117.42534637451172,0
3,bucket,106.0828628540039,149.03785705566406,0
4,bucket_tip,115.60134887695312,121.11331939697266,0
5,springhinge_arm,68.08501434326172,220.25503540039062,0
6,springhinge_boom,128.30821228027344,190.59544372558594,0
