,name, x, y, z
0,arm,86.09622955322266,204.62501525878906,0
1,body,163.74786376953125,135.67811584472656,0
2,body_back,215.369873046875,117.16664123535156,0
3,bucket,105.42665100097656,147.84703063964844,0
4,bucket_tip,114.88631439208984,120.07948303222656,0
5,springhinge_arm,67.24211120605469,219.2713623046875,0
6,springhinge_boom,127.7959976196289,189.90232849121094,0
