,name, x, y, z
0,arm,85.29872131347656,203.677490234375,0
1,body,163.55029296875,135.3724365234375,0
2,body_back,215.14027404785156,116.9656753540039,0
3,bucket,104.71025085449219,146.65084838867188,0
4,bucket_tip,114.07838439941406,119.01686096191406,0
5,springhinge_arm,66.5479507446289,218.47052001953125,0
6,springhinge_boom,127.37416076660156,189.35791015625,0
