,name, x, y, z
0,arm,84.64192962646484,202.7773895263672,0
1,body,163.41624450683594,135.09217834472656,0
2,body_back,214.98446655273438,116.83551788330078,0
3,bucket,103.94458770751953,145.49380493164062,0
4,bucket_tip,113.18209075927734,117.96026611328125,0
5,springhinge_arm,66.07691192626953,217.8960723876953,0
6,springhinge_boom,127.08790588378906,189.00201416015625,0
