,name, x, y, z
0,arm,84.19625854492188,201.94825744628906,0
1,body,163.36683654785156,134.8460235595703,0
2,body_back,214.92706298828125,116.78923034667969,0
3,bucket,103.1405258178711,144.4204864501953,0
4,bucket_tip,112.2020263671875,116.9444808959961,0
5,springhinge_arm,65.90337371826172,217.59161376953125,0
6,springhinge_boom,126.98243713378906,188.87451171875,0
