,name, x, y, z
0,arm,77.00122833251953,201.10226440429688,0
1,body,164.74005126953125,133.6233367919922,0
2,body_back,230.28701782226562,135.85824584960938,0
3,bucket,74.31578063964844,152.2077178955078,0
4,bucket_tip,75.85973358154297,126.15640258789062,0
5,springhinge_arm,70.55038452148438,216.91268920898438,0
6,springhinge_boom,129.80821228027344,191.06576538085938,0
