,name, x, y, z
0,arm,84.03205871582031,201.21371459960938,0
1,body,163.4070587158203,134.6403350830078,0
2,body_back,214.9475860595703,116.80892944335938,0
3,bucket,102.30767822265625,143.4668426513672,0
4,bucket_tip,111.14291381835938,115.99874114990234,0
5,springhinge_arm,65.96223449707031,217.44923400878906,0
6,springhinge_boom,126.98411560058594,188.87921142578125,0
