,name, x, y, z
0,arm,84.03263854980469,200.58938598632812,0
1,body,163.5228271484375,134.47219848632812,0
2,body_back,215.00804138183594,116.86338806152344,0
3,bucket,101.45047760009766,142.6342315673828,0
4,bucket_tip,110.00996398925781,115.12967681884766,0
5,springhinge_arm,66.13191986083984,217.33050537109375,0
6,springhinge_boom,126.99104309082031,188.89218139648438,0
