,name, x, y, z
0,arm,84.03668975830078,200.06883239746094,0
1,body,163.7068634033203,134.33633422851562,0
2,body_back,215.10682678222656,116.94566345214844,0
3,bucket,100.57200622558594,141.91537475585938,0
4,bucket_tip,108.80855560302734,114.3383560180664,0
5,springhinge_arm,66.40196228027344,217.23330688476562,0
6,springhinge_boom,127.00611877441406,188.91177368164062,0
