,name, x, y, z
0,arm,84.0477066040039,199.64263916015625,0
1,body,163.9518280029297,134.22755432128906,0
2,body_back,215.2423553466797,117.04879760742188,0
3,bucket,99.67538452148438,141.3030242919922,0
4,bucket_tip,107.54405212402344,113.62584686279297,0
5,springhinge_arm,66.76191711425781,217.1554718017578,0
6,springhinge_boom,127.03221893310547,188.9363250732422,0
