,name, x, y, z
0,arm,84.1572036743164,198.8358917236328,0
1,body,164.9793243408203,134.01101684570312,0
2,body_back,215.85296630859375,117.413818359375,0
3,bucket,96.90777587890625,140.03237915039062,0
4,bucket_tip,103.42574310302734,111.9717025756836,0
5,springhinge_arm,68.27671813964844,217.01666259765625,0
6,springhinge_boom,127.20547485351562,189.0232391357422,0
