,name, x, y, z
0,arm,84.3287124633789,198.5968475341797,0
1,body,165.8350372314453,133.90579223632812,0
2,body_back,216.41395568847656,117.63397979736328,0
3,bucket,95.02906036376953,139.58465576171875,0
4,bucket_tip,100.4632568359375,111.28236389160156,0
5,springhinge_arm,69.54459381103516,216.98150634765625,0
6,springhinge_boom,127.42892456054688,189.07565307617188,0
