,name, x, y, z
0,arm,84.4544448852539,198.53863525390625,0
1,body,166.29220581054688,133.8491973876953,0
2,body_back,216.7357635498047,117.71626281738281,0
3,bucket,94.08893585205078,139.45880126953125,0
4,bucket_tip,98.93305206298828,111.06490325927734,0
5,springhinge_arm,70.2245864868164,216.9746856689453,0
6,springhinge_boom,127.58167266845703,189.09524536132812,0
