,name, x, y, z
0,arm,84.6114501953125,198.50877380371094,0
1,body,166.7591552734375,133.78294372558594,0
2,body_back,217.0829315185547,117.77072143554688,0
3,bucket,93.1524658203125,139.3886260986328,0
4,bucket_tip,97.37735748291016,110.93363952636719,0
5,springhinge_arm,70.9213638305664,216.97218322753906,0
6,springhinge_boom,127.76561737060547,189.10821533203125,0
