,name, x, y, z
0,arm,84.80323028564453,198.49777221679688,0
1,body,167.22857666015625,133.70181274414062,0
2,body_back,217.45387268066406,117.7904281616211,0
3,bucket,92.22277069091797,139.36685180664062,0
4,bucket_tip,95.80155944824219,110.8896484375,0
5,springhinge_arm,71.62445831298828,216.9718475341797,0
6,springhinge_boom,127.98363494873047,189.11289978027344,0
