,name, x, y, z
0,arm,85.03325653076172,198.49618530273438,0
1,body,167.69366455078125,133.60208129882812,0
2,body_back,217.8459930419922,117.78284454345703,0
3,bucket,91.30247497558594,139.37269592285156,0
4,bucket_tip,94.21106719970703,110.91576385498047,0
5,springhinge_arm,72.32470703125,216.99513244628906,0
6,springhinge_boom,128.2369384765625,189.1125946044922,0
