,name, x, y, z
0,arm,85.31558990478516,198.49583435058594,0
1,body,168.1494598388672,133.48631286621094,0
2,body_back,218.25277709960938,117.76122283935547,0
3,bucket,90.39242553710938,139.38970947265625,0
4,bucket_tip,92.61158752441406,110.99027252197266,0
5,springhinge_arm,73.01790618896484,217.05995178222656,0
6,springhinge_boom,128.5200653076172,189.11085510253906,0
