,name, x, y, z
0,arm,85.6529541015625,198.49325561523438,0
1,body,168.591552734375,133.35855102539062,0
2,body_back,218.66676330566406,117.72723388671875,0
3,bucket,89.49297332763672,139.41708374023438,0
4,bucket_tip,91.00884246826172,111.10747528076172,0
5,springhinge_arm,73.701171875,217.15872192382812,0
6,springhinge_boom,128.8258514404297,189.1063995361328,0
