,name, x, y, z
0,arm,86.03185272216797,198.48623657226562,0
1,body,169.01548767089844,133.222900390625,0
2,body_back,219.0803985595703,117.68254089355469,0
3,bucket,88.6045150756836,139.4539794921875,0
4,bucket_tip,89.40857696533203,111.26164245605469,0
5,springhinge_arm,74.37162017822266,217.2839813232422,0
6,springhinge_boom,129.14715576171875,189.09800720214844,0
