,name, x, y, z
0,arm,86.43877410888672,198.4725799560547,0
1,body,169.4168243408203,133.0834197998047,0
2,body_back,219.48623657226562,117.62883758544922,0
3,bucket,87.72738647460938,139.49961853027344,0
4,bucket_tip,87.81652069091797,111.4470443725586,0
5,springhinge_arm,75.02629089355469,217.42807006835938,0
6,springhinge_boom,129.47686767578125,189.08438110351562,0
