,name, x, y, z
0,arm,87.69261169433594,198.36965942382812,0
1,body,170.44082641601562,132.6828155517578,0
2,body_back,220.58212280273438,117.43033599853516,0
3,bucket,85.16763305664062,139.68084716796875,0
4,bucket_tip,83.1469955444336,112.13355255126953,0
5,springhinge_arm,76.86676788330078,217.89817810058594,0
6,springhinge_boom,130.44485473632812,188.99954223632812,0
