,name, x, y, z
0,arm,76.37629699707031,200.54721069335938,0
1,body,164.0194549560547,133.8852081298828,0
2,body_back,229.51010131835938,136.3133544921875,0
3,bucket,74.15921020507812,151.6775360107422,0
4,bucket_tip,77.41510772705078,125.28258514404297,0
5,springhinge_arm,69.84835815429688,216.225341796875,0
6,springhinge_boom,128.9652557373047,191.14390563964844,0
