,name, x, y, z
0,arm,88.07654571533203,198.30731201171875,0
1,body,170.70736694335938,132.5688018798828,0
2,body_back,220.88192749023438,117.35728454589844,0
3,bucket,84.3394775390625,139.75331115722656,0
4,bucket_tip,81.64512634277344,112.38673400878906,0
5,springhinge_arm,77.42936706542969,218.0422821044922,0
6,springhinge_boom,130.73667907714844,188.9524383544922,0
