,name, x, y, z
0,arm,88.42098999023438,198.2272491455078,0
1,body,170.92909240722656,132.47137451171875,0
2,body_back,221.13650512695312,117.28357696533203,0
3,bucket,83.52445983886719,139.83047485351562,0
4,bucket_tip,80.18013000488281,112.64258575439453,0
5,springhinge_arm,77.96170043945312,218.1675262451172,0
6,springhinge_boom,131.00119018554688,188.893798828125,0
