,name, x, y, z
0,arm,88.71238708496094,198.1272735595703,0
1,body,171.1015625,132.3945770263672,0
2,body_back,221.33834838867188,117.21089172363281,0
3,bucket,82.72297668457031,139.91151428222656,0
4,bucket_tip,78.75776672363281,112.89534759521484,0
5,springhinge_arm,78.46085357666016,218.2663116455078,0
6,springhinge_boom,131.23121643066406,188.82237243652344,0
