,name, x, y, z
0,arm,88.937255859375,198.00518798828125,0
1,body,171.22036743164062,132.3424835205078,0
2,body_back,221.4800262451172,117.14089965820312,0
3,bucket,81.93535614013672,139.99562072753906,0
4,bucket_tip,77.38373565673828,113.13932800292969,0
5,springhinge_arm,78.92388153076172,218.3311309814453,0
6,springhinge_boom,131.4196319580078,188.73690795898438,0
