,name, x, y, z
0,arm,89.08208465576172,197.85873413085938,0
1,body,171.28102111816406,132.31919860839844,0
2,body_back,221.55398559570312,117.07528686523438,0
3,bucket,81.1619873046875,140.08200073242188,0
4,bucket_tip,76.06379699707031,113.3687973022461,0
5,springhinge_arm,79.34793090820312,218.3544158935547,0
6,springhinge_boom,131.55931091308594,188.63613891601562,0
