,name, x, y, z
0,arm,89.13336181640625,197.68572998046875,0
1,body,171.32838439941406,132.31076049804688,0
2,body_back,221.60842895507812,117.0140151977539,0
3,bucket,80.42192077636719,140.1685028076172,0
4,bucket_tip,74.82097625732422,113.57781982421875,0
5,springhinge_arm,79.74974822998047,218.32749938964844,0
6,springhinge_boom,131.68521118164062,188.51785278320312,0
