,name, x, y, z
0,arm,89.14849090576172,197.4815216064453,0
1,body,171.4088897705078,132.3006134033203,0
2,body_back,221.6951141357422,116.95571899414062,0
3,bucket,79.73210906982422,140.25340270996094,0
4,bucket_tip,73.6706314086914,113.76508331298828,0
5,springhinge_arm,80.14820861816406,218.24862670898438,0
6,springhinge_boom,131.8359832763672,188.38148498535156,0
