,name, x, y, z
0,arm,89.19258880615234,197.24420166015625,0
1,body,171.52032470703125,132.28903198242188,0
2,body_back,221.81195068359375,116.90009307861328,0
3,bucket,79.08979797363281,140.33631896972656,0
4,bucket_tip,72.60700225830078,113.93179321289062,0
5,springhinge_arm,80.54334259033203,218.12063598632812,0
6,springhinge_boom,132.0098876953125,188.228271484375,0
