,name, x, y, z
0,arm,89.26380920410156,196.97569274902344,0
1,body,171.66050720214844,132.27622985839844,0
2,body_back,221.95675659179688,116.84677124023438,0
3,bucket,78.49211120605469,140.4169158935547,0
4,bucket_tip,71.62420654296875,114.0791015625,0
5,springhinge_arm,80.93521118164062,217.94635009765625,0
6,springhinge_boom,132.2052001953125,188.05935668945312,0
