,name, x, y, z
0,arm,76.0744857788086,200.28672790527344,0
1,body,163.70286560058594,133.98275756835938,0
2,body_back,229.1584930419922,136.4972381591797,0
3,bucket,74.07172393798828,151.41139221191406,0
4,bucket_tip,78.03226470947266,124.90744018554688,0
5,springhinge_arm,69.51631164550781,215.89219665527344,0
6,springhinge_boom,128.58616638183594,191.17379760742188,0
