,name, x, y, z
0,arm,89.47992706298828,196.352294921875,0
1,body,172.0185546875,132.24806213378906,0
2,body_back,222.3220672607422,116.74578857421875,0
3,bucket,77.41964721679688,140.56973266601562,0
4,bucket_tip,69.87812805175781,114.32042694091797,0
5,springhinge_arm,81.70962524414062,217.47032165527344,0
6,springhinge_boom,132.65330505371094,187.67938232421875,0
