,name, x, y, z
0,arm,89.62110137939453,196.0011444091797,0
1,body,172.23202514648438,132.23313903808594,0
2,body_back,222.53834533691406,116.69744110107422,0
3,bucket,76.93923950195312,140.6412353515625,0
4,bucket_tip,69.10319519042969,114.41680145263672,0
5,springhinge_arm,82.09224700927734,217.17417907714844,0
6,springhinge_boom,132.9026336669922,187.47068786621094,0
