,name, x, y, z
0,arm,89.96001434326172,195.22918701171875,0
1,body,172.71707153320312,132.20289611816406,0
2,body_back,223.02757263183594,116.60342407226562,0
3,bucket,76.07606506347656,140.77276611328125,0
4,bucket_tip,67.72056579589844,114.5670166015625,0
5,springhinge_arm,82.84878540039062,216.47999572753906,0
6,springhinge_boom,133.44334411621094,187.0220947265625,0
