,name, x, y, z
0,arm,90.15404510498047,194.81207275390625,0
1,body,172.98428344726562,132.1880645751953,0
2,body_back,223.29629516601562,116.55709838867188,0
3,bucket,75.68770599365234,140.83209228515625,0
4,bucket_tip,67.10124206542969,114.62324523925781,0
5,springhinge_arm,83.22279357910156,216.0875701904297,0
6,springhinge_boom,133.73126220703125,186.7845458984375,0
