,name, x, y, z
0,arm,90.36192321777344,194.37669372558594,0
1,body,173.26512145996094,132.17376708984375,0
2,body_back,223.57838439941406,116.51078033447266,0
3,bucket,75.32450103759766,140.88665771484375,0
4,bucket_tip,66.52226257324219,114.6684799194336,0
5,springhinge_arm,83.59419250488281,215.66871643066406,0
6,springhinge_boom,134.02871704101562,186.53982543945312,0
