,name, x, y, z
0,arm,90.5817642211914,193.92486572265625,0
1,body,173.55734252929688,132.1602020263672,0
2,body_back,223.87161254882812,116.464111328125,0
3,bucket,74.98358917236328,140.93606567382812,0
4,bucket_tip,65.97772979736328,114.70389556884766,0
5,springhinge_arm,83.96292114257812,215.2262420654297,0
6,springhinge_boom,134.33384704589844,186.28904724121094,0
