,name, x, y, z
0,arm,90.81165313720703,193.45846557617188,0
1,body,173.85877990722656,132.14768981933594,0
2,body_back,224.17391967773438,116.41681671142578,0
3,bucket,74.66215515136719,140.9800567626953,0
4,bucket_tip,65.46188354492188,114.7307357788086,0
5,springhinge_arm,84.32907104492188,214.76303100585938,0
6,springhinge_boom,134.64500427246094,186.0335235595703,0
