,name, x, y, z
0,arm,91.0496826171875,192.9793701171875,0
1,body,174.1673126220703,132.13638305664062,0
2,body_back,224.4832305908203,116.36849975585938,0
3,bucket,74.35748291015625,141.01821899414062,0
4,bucket_tip,64.96891784667969,114.7501220703125,0
5,springhinge_arm,84.69278717041016,214.2818603515625,0
6,springhinge_boom,134.96051025390625,185.7743682861328,0
