,name, x, y, z
0,arm,91.2940444946289,192.48934936523438,0
1,body,174.4807586669922,132.12661743164062,0
2,body_back,224.79739379882812,116.31888580322266,0
3,bucket,74.06670379638672,141.0502166748047,0
4,bucket_tip,64.49307250976562,114.7633285522461,0
5,springhinge_arm,85.05409240722656,213.78561401367188,0
6,springhinge_boom,135.27857971191406,185.5128631591797,0
