,name, x, y, z
0,arm,75.78620910644531,200.0343780517578,0
1,body,163.4249267578125,134.0535430908203,0
2,body_back,228.84397888183594,136.6444549560547,0
3,bucket,73.97484588623047,151.146240234375,0
4,bucket_tip,78.48707580566406,124.59463500976562,0
5,springhinge_arm,69.20832824707031,215.564453125,0
6,springhinge_boom,128.2465057373047,191.1947021484375,0
