,name, x, y, z
0,arm,91.54273986816406,191.99037170410156,0
1,body,174.79693603515625,132.11854553222656,0
2,body_back,225.11434936523438,116.26762390136719,0
3,bucket,73.7870864868164,141.0757293701172,0
4,bucket_tip,64.02849578857422,114.7715072631836,0
5,springhinge_arm,85.4130859375,213.277099609375,0
6,springhinge_boom,135.59759521484375,185.25018310546875,0
