,name, x, y, z
0,arm,91.79397583007812,191.48416137695312,0
1,body,175.11366271972656,132.11251831054688,0
2,body_back,225.43197631835938,116.2143783569336,0
3,bucket,73.51580047607422,141.09437561035156,0
4,bucket_tip,63.56940460205078,114.77587127685547,0
5,springhinge_arm,85.76982116699219,212.7591552734375,0
6,springhinge_boom,135.91578674316406,184.987548828125,0
