,name, x, y, z
0,arm,92.29627990722656,190.4576873779297,0
1,body,175.74014282226562,132.1073760986328,0
2,body_back,226.060791015625,116.10063934326172,0
3,bucket,72.98703002929688,141.10972595214844,0
4,bucket_tip,62.64449691772461,114.77794647216797,0
5,springhinge_arm,86.47689056396484,211.70635986328125,0
6,springhinge_boom,136.54287719726562,184.4672088623047,0
