,name, x, y, z
0,arm,92.54363250732422,189.9410858154297,0
1,body,176.0458984375,132.10745239257812,0
2,body_back,226.36817932128906,116.0383529663086,0
3,bucket,72.72447967529297,141.09202575683594,0
4,bucket_tip,62.16816329956055,114.77804565429688,0
5,springhinge_arm,86.82736206054688,211.1753692626953,0
6,springhinge_boom,136.84130859375,184.21043395996094,0
