,name, x, y, z
0,arm,93.0240249633789,188.90255737304688,0
1,body,176.640380859375,132.1079559326172,0
2,body_back,226.96743774414062,115.89924621582031,0
3,bucket,72.20055389404297,140.9550018310547,0
4,bucket_tip,61.18241882324219,114.7786636352539,0
5,springhinge_arm,87.52256774902344,210.1017608642578,0
6,springhinge_boom,137.37936401367188,183.69894409179688,0
