,name, x, y, z
0,arm,93.25724029541016,188.37911987304688,0
1,body,176.92959594726562,132.1082763671875,0
2,body_back,227.25999450683594,115.82344055175781,0
3,bucket,71.93984985351562,140.83876037597656,0
4,bucket_tip,60.674339294433594,114.77910614013672,0
5,springhinge_arm,87.86752319335938,209.55850219726562,0
6,springhinge_boom,137.6210479736328,183.443603515625,0
