,name, x, y, z
0,arm,93.7110366821289,187.3224334716797,0
1,body,177.49334716796875,132.10853576660156,0
2,body_back,227.83267211914062,115.66165161132812,0
3,bucket,71.42253875732422,140.51832580566406,0
4,bucket_tip,59.631065368652344,114.77989959716797,0
5,springhinge_arm,88.55242156982422,208.4573211669922,0
6,springhinge_boom,138.05470275878906,182.9320526123047,0
