,name, x, y, z
0,arm,75.51641845703125,199.78770446777344,0
1,body,163.1927490234375,134.0940704345703,0
2,body_back,228.5758819580078,136.7492218017578,0
3,bucket,73.8661117553711,150.88316345214844,0
4,bucket_tip,78.73799896240234,124.35992431640625,0
5,springhinge_arm,68.93294525146484,215.24081420898438,0
6,springhinge_boom,127.95458221435547,191.20443725585938,0
