,name, x, y, z
0,arm,93.9321060180664,186.78855895996094,0
1,body,177.7683868408203,132.10842895507812,0
2,body_back,228.11351013183594,115.57669830322266,0
3,bucket,71.16661834716797,140.31719970703125,0
4,bucket_tip,59.09720993041992,114.78020477294922,0
5,springhinge_arm,88.89258575439453,207.89878845214844,0
6,springhinge_boom,138.24871826171875,182.67518615722656,0
