,name, x, y, z
0,arm,94.36392211914062,185.70826721191406,0
1,body,178.3061065673828,132.10719299316406,0
2,body_back,228.66592407226562,115.40101623535156,0
3,bucket,70.66187286376953,139.84072875976562,0
4,bucket_tip,58.008331298828125,114.78026580810547,0
5,springhinge_arm,89.56871795654297,206.76405334472656,0
6,springhinge_boom,138.59619140625,182.15757751464844,0
