,name, x, y, z
0,arm,94.57521057128906,185.1612548828125,0
1,body,178.56930541992188,132.1060028076172,0
2,body_back,228.93821716308594,115.31130981445312,0
3,bucket,70.41371154785156,139.56845092773438,0
4,bucket_tip,57.45467758178711,114.77995300292969,0
5,springhinge_arm,89.90489196777344,206.187255859375,0
6,springhinge_boom,138.75167846679688,181.89622497558594,0
