,name, x, y, z
0,arm,94.7837142944336,184.60926818847656,0
1,body,178.8290557861328,132.10427856445312,0
2,body_back,229.2082977294922,115.2209701538086,0
3,bucket,70.16875457763672,139.27548217773438,0
4,bucket_tip,56.89570617675781,114.7793197631836,0
5,springhinge_arm,90.23986053466797,205.60369873046875,0
6,springhinge_boom,138.8963165283203,181.63267517089844,0
