,name, x, y, z
0,arm,95.1934814453125,183.4891357421875,0
1,body,179.33934020996094,132.09909057617188,0
2,body_back,229.743408203125,115.0404281616211,0
3,bucket,69.68995666503906,138.6336212158203,0
4,bucket_tip,55.764583587646484,114.77693176269531,0
5,springhinge_arm,90.90666198730469,204.4149627685547,0
6,springhinge_boom,139.1571807861328,181.0977325439453,0
