,name, x, y, z
0,arm,95.39527893066406,182.92037963867188,0
1,body,179.59039306640625,132.095458984375,0
2,body_back,230.0091552734375,114.95117950439453,0
3,bucket,69.4567642211914,138.28775024414062,0
4,bucket_tip,55.19375228881836,114.77506256103516,0
5,springhinge_arm,91.23869323730469,203.80911254882812,0
6,springhinge_boom,139.27545166015625,180.82568359375,0
