,name, x, y, z
0,arm,95.5953598022461,182.34542846679688,0
1,body,179.8390350341797,132.09100341796875,0
2,body_back,230.27406311035156,114.86328125,0
3,bucket,69.22808837890625,137.9272918701172,0
4,bucket_tip,54.62027359008789,114.77265930175781,0
5,springhinge_arm,91.5698471069336,203.19520568847656,0
6,springhinge_boom,139.3869171142578,180.5501251220703,0
