,name, x, y, z
0,arm,95.79395294189453,181.76402282714844,0
1,body,180.08554077148438,132.0857391357422,0
2,body_back,230.53858947753906,114.77721405029297,0
3,bucket,69.00428771972656,137.55377197265625,0
4,bucket_tip,54.04482650756836,114.76969909667969,0
5,springhinge_arm,91.9002456665039,202.57290649414062,0
6,springhinge_boom,139.49261474609375,180.270751953125,0
