,name, x, y, z
0,arm,61.722984313964844,202.47071838378906,0
1,body,158.26031494140625,142.00341796875,0
2,body_back,214.2228240966797,141.45201110839844,0
3,bucket,84.92937469482422,159.15089416503906,0
4,bucket_tip,97.84077453613281,127.62028503417969,0
5,springhinge_arm,45.895294189453125,213.4783935546875,0
6,springhinge_boom,116.75215911865234,195.24847412109375,0
