,name, x, y, z
0,arm,75.26996612548828,199.54428100585938,0
1,body,163.013427734375,134.1010284423828,0
2,body_back,228.36354064941406,136.805908203125,0
3,bucket,73.74305725097656,150.62339782714844,0
4,bucket_tip,78.7435302734375,124.21920013427734,0
5,springhinge_arm,68.6987075805664,214.92010498046875,0
6,springhinge_boom,127.71876525878906,191.20082092285156,0
