,name, x, y, z
0,arm,95.99132537841797,181.1758270263672,0
1,body,180.3302001953125,132.07955932617188,0
2,body_back,230.8030548095703,114.69347381591797,0
3,bucket,68.78575134277344,137.16873168945312,0
4,bucket_tip,53.46809768676758,114.76614379882812,0
5,springhinge_arm,92.23004150390625,201.94183349609375,0
6,springhinge_boom,139.59359741210938,179.9872589111328,0
