,name, x, y, z
0,arm,96.57881927490234,179.3675079345703,0
1,body,181.05555725097656,132.0546875,0
2,body_back,231.59945678710938,114.46099853515625,0
3,bucket,68.16468811035156,135.95950317382812,0
4,bucket_tip,51.73662567138672,114.75116729736328,0
5,springhinge_arm,93.21625518798828,199.99290466308594,0
6,springhinge_boom,139.8780975341797,179.1083984375,0
