,name, x, y, z
0,arm,96.77396392822266,178.7491455078125,0
1,body,181.29531860351562,132.0440673828125,0
2,body_back,231.8671112060547,114.39137268066406,0
3,bucket,67.97027587890625,135.54347229003906,0
4,bucket_tip,51.161251068115234,114.74457550048828,0
5,springhinge_arm,93.54424285888672,199.3235321044922,0
6,springhinge_boom,139.9701690673828,178.80490112304688,0
