,name, x, y, z
0,arm,96.96917724609375,178.1225128173828,0
1,body,181.5345458984375,132.03216552734375,0
2,body_back,232.1364288330078,114.32652282714844,0
3,bucket,67.78276062011719,135.12353515625,0
4,bucket_tip,50.58790588378906,114.73710632324219,0
5,springhinge_arm,93.87200927734375,198.64376831054688,0
6,springhinge_boom,140.06256103515625,178.49562072753906,0
