,name, x, y, z
0,arm,97.16474914550781,177.4873046875,0
1,body,181.7734375,132.0189208984375,0
2,body_back,232.40774536132812,114.26690673828125,0
3,bucket,67.60243225097656,134.70118713378906,0
4,bucket_tip,50.017208099365234,114.72871398925781,0
5,springhinge_arm,94.19959259033203,197.95327758789062,0
6,springhinge_boom,140.15626525878906,178.18017578125,0
