,name, x, y, z
0,arm,97.55792999267578,176.1898956298828,0
1,body,182.25137329101562,131.9880828857422,0
2,body_back,232.95787048339844,114.16536712646484,0
3,bucket,67.26465606689453,133.85533142089844,0
4,bucket_tip,48.886451721191406,114.70890808105469,0
5,springhinge_arm,94.85472869873047,196.5387420654297,0
6,springhinge_boom,140.35166931152344,177.529541015625,0
