,name, x, y, z
0,arm,97.75602722167969,175.527099609375,0
1,body,182.4909210205078,131.97036743164062,0
2,body_back,233.23736572265625,114.12443542480469,0
3,bucket,67.10790252685547,133.43490600585938,0
4,bucket_tip,48.327754974365234,114.69741821289062,0
5,springhinge_arm,95.1823959350586,195.81407165527344,0
6,springhinge_boom,140.45542907714844,177.1936798095703,0
