,name, x, y, z
0,arm,75.05167388916016,199.30162048339844,0
1,body,162.89389038085938,134.08563232421875,0
2,body_back,228.215576171875,136.83726501464844,0
3,bucket,73.6410140991211,150.3682098388672,0
4,bucket_tip,78.64205932617188,124.13628387451172,0
5,springhinge_arm,68.51319122314453,214.6016845703125,0
6,springhinge_boom,127.54645538330078,191.18568420410156,0
