,name, x, y, z
0,arm,97.95556640625,174.85450744628906,0
1,body,182.731201171875,131.9510040283203,0
2,body_back,233.52027893066406,114.09066772460938,0
3,bucket,66.95964813232422,133.01812744140625,0
4,bucket_tip,47.77434158325195,114.68475341796875,0
5,springhinge_arm,95.5102767944336,195.07730102539062,0
6,springhinge_boom,140.56454467773438,176.85032653808594,0
