,name, x, y, z
0,arm,98.15668487548828,174.17185974121094,0
1,body,182.97244262695312,131.92991638183594,0
2,body_back,233.80690002441406,114.06459045410156,0
3,bucket,66.82019805908203,132.60655212402344,0
4,bucket_tip,47.226890563964844,114.67090606689453,0
5,springhinge_arm,95.83840942382812,194.32815551757812,0
6,springhinge_boom,140.6800079345703,176.49917602539062,0
