,name, x, y, z
0,arm,98.77243041992188,172.06027221679688,0
1,body,183.70480346679688,131.855712890625,0
2,body_back,234.6929168701172,114.03730010986328,0
3,bucket,66.458251953125,131.41824340820312,0
4,bucket_tip,45.62705993652344,114.62163543701172,0
5,springhinge_arm,96.82535552978516,192.00294494628906,0
6,springhinge_boom,141.0748748779297,175.39552307128906,0
