,name, x, y, z
0,arm,98.9826889038086,171.33424377441406,0
1,body,183.9524383544922,131.82716369628906,0
2,body_back,234.99783325195312,114.0420150756836,0
3,bucket,66.35717010498047,131.0425262451172,0
4,bucket_tip,45.10999298095703,114.59378814697266,0
5,springhinge_arm,97.15542602539062,191.20132446289062,0
6,springhinge_boom,141.22561645507812,175.01023864746094,0
