,name, x, y, z
0,arm,99.41051483154297,169.8506622314453,0
1,body,184.4496612548828,131.76510620117188,0
2,body_back,235.6173553466797,114.05256652832031,0
3,bucket,66.17914581298828,130.32644653320312,0
4,bucket_tip,44.100406646728516,114.48651123046875,0
5,springhinge_arm,97.81733703613281,189.56552124023438,0
6,springhinge_boom,141.55287170410156,174.2205810546875,0
