,name, x, y, z
0,arm,99.62637329101562,169.0974578857422,0
1,body,184.6972198486328,131.7321319580078,0
2,body_back,235.92919921875,114.05886840820312,0
3,bucket,66.09906005859375,129.9868927001953,0
4,bucket_tip,43.60727310180664,114.41050720214844,0
5,springhinge_arm,98.149169921875,188.73573303222656,0
6,springhinge_boom,141.72662353515625,173.8203887939453,0
