,name, x, y, z
0,arm,74.86569213867188,199.05813598632812,0
1,body,162.84059143066406,134.06301879882812,0
2,body_back,228.1378631591797,136.87083435058594,0
3,bucket,73.59959411621094,150.11900329589844,0
4,bucket_tip,78.60469055175781,124.0650863647461,0
5,springhinge_arm,68.38045501708984,214.2873992919922,0
6,springhinge_boom,127.44142150878906,191.1637725830078,0
