,name, x, y, z
0,arm,100.05707550048828,167.58006286621094,0
1,body,185.18511962890625,131.66363525390625,0
2,body_back,236.5499267578125,114.07469177246094,0
3,bucket,65.94893646240234,129.3466339111328,0
4,bucket_tip,42.64263153076172,114.22210693359375,0
5,springhinge_arm,98.81446838378906,187.06321716308594,0
6,springhinge_boom,142.08758544921875,173.01974487304688,0
