,name, x, y, z
0,arm,100.26995849609375,166.82066345214844,0
1,body,185.4234161376953,131.6286163330078,0
2,body_back,236.85597229003906,114.08463287353516,0
3,bucket,65.87572479248047,129.0467071533203,0
4,bucket_tip,42.170494079589844,114.11308288574219,0
5,springhinge_arm,99.14791107177734,186.2248077392578,0
6,springhinge_boom,142.27203369140625,172.6234130859375,0
