,name, x, y, z
0,arm,100.47988891601562,166.06398010253906,0
1,body,185.656494140625,131.5934295654297,0
2,body_back,237.15721130371094,114.09622192382812,0
3,bucket,65.80158233642578,128.7607421875,0
4,bucket_tip,41.70465850830078,113.99641418457031,0
5,springhinge_arm,99.4817886352539,185.3878936767578,0
6,springhinge_boom,142.45724487304688,172.2325439453125,0
