,name, x, y, z
0,arm,100.68586730957031,165.3123321533203,0
1,body,185.88345336914062,131.55836486816406,0
2,body_back,237.45230102539062,114.1097183227539,0
3,bucket,65.72504425048828,128.4891357421875,0
4,bucket_tip,41.244873046875,113.87378692626953,0
5,springhinge_arm,99.81620788574219,184.5546112060547,0
6,springhinge_boom,142.64190673828125,171.84921264648438,0
