,name, x, y, z
0,arm,100.8869857788086,164.56817626953125,0
1,body,186.10321044921875,131.52365112304688,0
2,body_back,237.73977661132812,114.12532043457031,0
3,bucket,65.6445083618164,128.23226928710938,0
4,bucket_tip,40.790767669677734,113.74689483642578,0
5,springhinge_arm,100.15108489990234,183.72714233398438,0
6,springhinge_boom,142.8246307373047,171.4755401611328,0
