,name, x, y, z
0,arm,101.27053833007812,163.1117706298828,0
1,body,186.51695251464844,131.4563751220703,0
2,body_back,238.2861785888672,114.16374206542969,0
3,bucket,65.4649658203125,127.76432037353516,0
4,bucket_tip,39.898292541503906,113.48698425292969,0
5,springhinge_arm,100.82209777832031,182.09829711914062,0
6,springhinge_boom,143.17868041992188,170.76535034179688,0
