,name, x, y, z
0,arm,101.45104217529297,162.40432739257812,0
1,body,186.7089080810547,131.42431640625,0
2,body_back,238.54232788085938,114.18701171875,0
3,bucket,65.36289978027344,127.55397033691406,0
4,bucket_tip,39.459312438964844,113.3573226928711,0
5,springhinge_arm,101.15825653076172,181.30126953125,0
6,springhinge_boom,143.34732055664062,170.43301391601562,0
