,name, x, y, z
0,arm,101.62274932861328,161.7138214111328,0
1,body,186.88958740234375,131.39369201660156,0
2,body_back,238.78518676757812,114.21331787109375,0
3,bucket,65.25051879882812,127.35993194580078,0
4,bucket_tip,39.02470779418945,113.23014068603516,0
5,springhinge_arm,101.49481201171875,180.5187530517578,0
6,springhinge_boom,143.5084686279297,170.11866760253906,0
