,name, x, y, z
0,arm,101.78465270996094,161.0427703857422,0
1,body,187.0579071044922,131.36473083496094,0
2,body_back,239.0133514404297,114.24285888671875,0
3,bucket,65.1261978149414,127.18254089355469,0
4,bucket_tip,38.59416961669922,113.10709381103516,0
5,springhinge_arm,101.83174133300781,179.75289916992188,0
6,springhinge_boom,143.66082763671875,169.82437133789062,0
