,name, x, y, z
0,arm,101.93576049804688,160.39341735839844,0
1,body,187.21286010742188,131.33770751953125,0
2,body_back,239.22537231445312,114.2758560180664,0
3,bucket,64.98839569091797,127.0221939086914,0
4,bucket_tip,38.16733932495117,112.9898452758789,0
5,springhinge_arm,102.16902160644531,179.00587463378906,0
6,springhinge_boom,143.80294799804688,169.55218505859375,0
