,name, x, y, z
0,arm,102.07511901855469,159.76821899414062,0
1,body,187.3534393310547,131.31288146972656,0
2,body_back,239.41989135742188,114.31253051757812,0
3,bucket,64.8355712890625,126.87925720214844,0
4,bucket_tip,37.743953704833984,112.88007354736328,0
5,springhinge_arm,102.50665283203125,178.2798309326172,0
6,springhinge_boom,143.9335479736328,169.30421447753906,0
