,name, x, y, z
0,arm,102.20175170898438,159.1695556640625,0
1,body,187.47860717773438,131.29052734375,0
2,body_back,239.595458984375,114.35313415527344,0
3,bucket,64.66612243652344,126.75416564941406,0
4,bucket_tip,37.32362747192383,112.77951049804688,0
5,springhinge_arm,102.8446273803711,177.57699584960938,0
6,springhinge_boom,144.05116271972656,169.08255004882812,0
