,name, x, y, z
0,arm,102.3146743774414,158.59979248046875,0
1,body,187.5873260498047,131.2708740234375,0
2,body_back,239.75064086914062,114.3978500366211,0
3,bucket,64.4784927368164,126.64723205566406,0
4,bucket_tip,36.90605545043945,112.68978881835938,0
5,springhinge_arm,103.18290710449219,176.8994903564453,0
6,springhinge_boom,144.15447998046875,168.88925170898438,0
