,name, x, y, z
0,arm,102.41291809082031,158.0613250732422,0
1,body,187.67857360839844,131.2542266845703,0
2,body_back,239.88406372070312,114.44696807861328,0
3,bucket,64.27106475830078,126.55892181396484,0
4,bucket_tip,36.49091720581055,112.61263275146484,0
5,springhinge_arm,103.52149200439453,176.24954223632812,0
6,springhinge_boom,144.2420654296875,168.72647094726562,0
