,name, x, y, z
0,arm,102.4954833984375,157.5565185546875,0
1,body,187.7513427734375,131.2407989501953,0
2,body_back,239.99424743652344,114.50064086914062,0
3,bucket,64.04228973388672,126.4895248413086,0
4,bucket_tip,36.07790756225586,112.5496597290039,0
5,springhinge_arm,103.8603286743164,175.62924194335938,0
6,springhinge_boom,144.31259155273438,168.59619140625,0
