,name, x, y, z
0,arm,102.60970306396484,156.657470703125,0
1,body,187.83729553222656,131.22476196289062,0
2,body_back,240.1393585205078,114.62268829345703,0
3,bucket,63.514408111572266,126.4092025756836,0
4,bucket_tip,35.256839752197266,112.47315216064453,0
5,springhinge_arm,104.5387954711914,174.4864044189453,0
6,springhinge_boom,144.39694213867188,168.44168090820312,0
