,name, x, y, z
0,arm,102.639404296875,156.26797485351562,0
1,body,187.8484344482422,131.22265625,0
2,body_back,240.17147827148438,114.69149017333984,0
3,bucket,63.212127685546875,126.39901733398438,0
4,bucket_tip,34.84818649291992,112.46295928955078,0
5,springhinge_arm,104.8783950805664,173.96820068359375,0
6,springhinge_boom,144.40802001953125,168.4215850830078,0
