,name, x, y, z
0,arm,102.6495361328125,155.92166137695312,0
1,body,187.88973999023438,131.2313995361328,0
2,body_back,240.19190979003906,114.76611328125,0
3,bucket,62.89814758300781,126.43667602539062,0
4,bucket_tip,34.45552062988281,112.56014251708984,0
5,springhinge_arm,105.25078582763672,173.4879913330078,0
6,springhinge_boom,144.4081573486328,168.43251037597656,0
