,name, x, y, z
0,arm,74.60338592529297,198.57298278808594,0
1,body,162.92449951171875,133.99249267578125,0
2,body_back,228.1806182861328,136.93685913085938,0
3,bucket,73.68114471435547,149.63157653808594,0
4,bucket_tip,78.71869659423828,123.94853210449219,0
5,springhinge_arm,68.25250244140625,213.66810607910156,0
6,springhinge_boom,127.41146850585938,191.09584045410156,0
