,name, x, y, z
0,arm,102.70529174804688,155.6201171875,0
1,body,188.00596618652344,131.2564697265625,0
2,body_back,240.21685791015625,114.8464584350586,0
3,bucket,62.58938980102539,126.54264831542969,0
4,bucket_tip,34.09362030029297,112.83362579345703,0
5,springhinge_arm,105.68140411376953,173.04502868652344,0
6,springhinge_boom,144.40904235839844,168.46327209472656,0
