,name, x, y, z
0,arm,102.86292266845703,155.3606719970703,0
1,body,188.18560791015625,131.29611206054688,0
2,body_back,240.24546813964844,114.93179321289062,0
3,bucket,62.288387298583984,126.70642852783203,0
4,bucket_tip,33.76193618774414,113.25628662109375,0
5,springhinge_arm,106.15953826904297,172.63778686523438,0
6,springhinge_boom,144.4114532470703,168.51083374023438,0
