,name, x, y, z
0,arm,103.10798645019531,155.13937377929688,0
1,body,188.41709899902344,131.34857177734375,0
2,body_back,240.27682495117188,115.02135467529297,0
3,bucket,61.99750900268555,126.9175033569336,0
4,bucket_tip,33.45991897583008,113.80098724365234,0
5,springhinge_arm,106.67444610595703,172.26467895507812,0
6,springhinge_boom,144.41616821289062,168.57211303710938,0
