,name, x, y, z
0,arm,103.426025390625,154.95220947265625,0
1,body,188.68894958496094,131.412109375,0
2,body_back,240.3101043701172,115.11441802978516,0
3,bucket,61.719215393066406,127.16535949707031,0
4,bucket_tip,33.18702697753906,114.44062042236328,0
5,springhinge_arm,107.21538543701172,171.92410278320312,0
6,springhinge_boom,144.42391967773438,168.64407348632812,0
