,name, x, y, z
0,arm,103.8025894165039,154.7952423095703,0
1,body,188.98960876464844,131.48497009277344,0
2,body_back,240.34434509277344,115.21023559570312,0
3,bucket,61.45588684082031,127.43949127197266,0
4,bucket_tip,32.94272232055664,115.14806365966797,0
5,springhinge_arm,107.77164459228516,171.61451721191406,0
6,springhinge_boom,144.43548583984375,168.72366333007812,0
