,name, x, y, z
0,arm,104.22322082519531,154.6645050048828,0
1,body,189.30755615234375,131.56539916992188,0
2,body_back,240.3787384033203,115.30806732177734,0
3,bucket,61.20997619628906,127.7293930053711,0
4,bucket_tip,32.726444244384766,115.89617919921875,0
5,springhinge_arm,108.33246612548828,171.3343505859375,0
6,springhinge_boom,144.45164489746094,168.8078155517578,0
