,name, x, y, z
0,arm,104.67347717285156,154.55604553222656,0
1,body,189.6312713623047,131.6516571044922,0
2,body_back,240.41236877441406,115.40716552734375,0
3,bucket,60.983917236328125,128.0245361328125,0
4,bucket_tip,32.537662506103516,116.65786743164062,0
5,springhinge_arm,108.88716125488281,171.08204650878906,0
6,springhinge_boom,144.47312927246094,168.89349365234375,0
