,name, x, y, z
0,arm,105.138916015625,154.46592712402344,0
1,body,189.94923400878906,131.7419891357422,0
2,body_back,240.44436645507812,115.50679779052734,0
3,bucket,60.780113220214844,128.31443786621094,0
4,bucket_tip,32.37582015991211,117.40599060058594,0
5,springhinge_arm,109.42494201660156,170.85597229003906,0
6,springhinge_boom,144.50070190429688,168.97767639160156,0
