,name, x, y, z
0,arm,105.60504913330078,154.39012145996094,0
1,body,190.2498779296875,131.8346405029297,0
2,body_back,240.47386169433594,115.60620880126953,0
3,bucket,60.601016998291016,128.5885772705078,0
4,bucket_tip,32.2403678894043,118.11343383789062,0
5,springhinge_arm,109.93511199951172,170.65463256835938,0
6,springhinge_boom,144.53515625,169.0572509765625,0
