,name, x, y, z
0,arm,106.0574722290039,154.32469177246094,0
1,body,190.521728515625,131.92787170410156,0
2,body_back,240.4999542236328,115.70466613769531,0
3,bucket,60.44905090332031,128.83642578125,0
4,bucket_tip,32.13076400756836,118.75306701660156,0
5,springhinge_arm,110.40692901611328,170.47642517089844,0
6,springhinge_boom,144.57723999023438,169.1292266845703,0
