,name, x, y, z
0,arm,74.51805114746094,198.3294677734375,0
1,body,163.04965209960938,133.94427490234375,0
2,body_back,228.2868194580078,136.9669647216797,0
3,bucket,73.787353515625,149.39134216308594,0
4,bucket_tip,78.86023712158203,123.89999389648438,0
5,springhinge_arm,68.23892211914062,213.3630828857422,0
6,springhinge_boom,127.46764373779297,191.04940795898438,0
