,name, x, y, z
0,arm,106.4817123413086,154.2657012939453,0
1,body,190.75323486328125,132.01991271972656,0
2,body_back,240.5218048095703,115.80142974853516,0
3,bucket,60.326602935791016,129.04750061035156,0
4,bucket_tip,32.046478271484375,119.29776763916016,0
5,springhinge_arm,110.82966613769531,170.31976318359375,0
6,springhinge_boom,144.62771606445312,169.19049072265625,0
