,name, x, y, z
0,arm,106.8633041381836,154.2091522216797,0
1,body,190.93284606933594,132.1090545654297,0
2,body_back,240.53848266601562,115.89574432373047,0
3,bucket,60.23616027832031,129.21128845214844,0
4,bucket_tip,31.9869327545166,119.72042846679688,0
5,springhinge_arm,111.19257354736328,170.18309020996094,0
6,springhinge_boom,144.68734741210938,169.23805236816406,0
