,name, x, y, z
0,arm,107.4408187866211,154.08758544921875,0
1,body,191.09039306640625,132.27151489257812,0
2,body_back,240.55287170410156,116.0740966796875,0
3,bucket,60.16088104248047,129.35491943359375,0
4,bucket_tip,31.93996810913086,120.0910873413086,0
5,springhinge_arm,111.6960220336914,169.9634246826172,0
6,springhinge_boom,144.8371124267578,169.27975463867188,0
