,name, x, y, z
0,arm,107.60781860351562,154.01461791992188,0
1,body,191.0492706298828,132.34190368652344,0
2,body_back,240.49252319335938,116.15702819824219,0
3,bucket,60.21805953979492,129.32020568847656,0
4,bucket_tip,32.023033142089844,120.01136016845703,0
5,springhinge_arm,111.84937286376953,169.87734985351562,0
6,springhinge_boom,144.93914794921875,169.27786254882812,0
