,name, x, y, z
0,arm,107.71733856201172,153.9294891357422,0
1,body,190.93505859375,132.4055633544922,0
2,body_back,240.32484436035156,116.23689270019531,0
3,bucket,60.37974548339844,129.2242431640625,0
4,bucket_tip,32.25831985473633,119.79090881347656,0
5,springhinge_arm,111.97722625732422,169.80531311035156,0
6,springhinge_boom,145.07046508789062,169.27268981933594,0
