,name, x, y, z
0,arm,107.80867767333984,153.8342742919922,0
1,body,190.7615509033203,132.46389770507812,0
2,body_back,240.0699462890625,116.31529235839844,0
3,bucket,60.631202697753906,129.07928466796875,0
4,bucket_tip,32.62484359741211,119.45790100097656,0
5,springhinge_arm,112.0819091796875,169.7460479736328,0
6,springhinge_boom,145.2262420654297,169.2648468017578,0
