,name, x, y, z
0,arm,107.8834457397461,153.7323455810547,0
1,body,190.54249572753906,132.5183563232422,0
2,body_back,239.74794006347656,116.39381408691406,0
3,bucket,60.95769119262695,128.8975830078125,0
4,bucket_tip,33.10170364379883,119.04045867919922,0
5,springhinge_arm,112.16571807861328,169.6983184814453,0
6,springhinge_boom,145.40164184570312,169.25502014160156,0
