,name, x, y, z
0,arm,107.94331359863281,153.62698364257812,0
1,body,190.29165649414062,132.57037353515625,0
2,body_back,239.37892150878906,116.47406768798828,0
3,bucket,61.344417572021484,128.69137573242188,0
4,bucket_tip,33.667972564697266,118.56673431396484,0
5,springhinge_arm,112.23099517822266,169.660888671875,0
6,springhinge_boom,145.59188842773438,169.24386596679688,0
