,name, x, y, z
0,arm,107.98993682861328,153.52154541015625,0
1,body,190.02279663085938,132.62139892578125,0
2,body_back,238.9829864501953,116.55763244628906,0
3,bucket,61.77664566040039,128.47291564941406,0
4,bucket_tip,34.30266571044922,118.06487274169922,0
5,springhinge_arm,112.2800521850586,169.63247680664062,0
6,springhinge_boom,145.7921600341797,169.23207092285156,0
