,name, x, y, z
0,arm,74.45527648925781,198.086181640625,0
1,body,163.22409057617188,133.88885498046875,0
2,body_back,228.44189453125,136.99525451660156,0
3,bucket,73.92790222167969,149.15379333496094,0
4,bucket_tip,79.05350494384766,123.85749816894531,0
5,springhinge_arm,68.24856567382812,213.06277465820312,0
6,springhinge_boom,127.5605697631836,190.99612426757812,0
