,name, x, y, z
0,arm,108.02498626708984,153.41937255859375,0
1,body,189.74966430664062,132.67283630371094,0
2,body_back,238.5802459716797,116.6461181640625,0
3,bucket,62.2396240234375,128.25445556640625,0
4,bucket_tip,34.98490524291992,117.56300354003906,0
5,springhinge_arm,112.3152084350586,169.61187744140625,0
6,springhinge_boom,145.9976348876953,169.2202606201172,0
