,name, x, y, z
0,arm,108.05008697509766,153.3237762451172,0
1,body,189.48606872558594,132.72616577148438,0
2,body_back,238.19078063964844,116.74113464355469,0
3,bucket,62.718597412109375,128.04824829101562,0
4,bucket_tip,35.693721771240234,117.08927917480469,0
5,springhinge_arm,112.33876037597656,169.59780883789062,0
6,springhinge_boom,146.20350646972656,169.2091064453125,0
