,name, x, y, z
0,arm,108.0669174194336,153.23809814453125,0
1,body,189.2457275390625,132.78274536132812,0
2,body_back,237.83473205566406,116.8442611694336,0
3,bucket,63.19881820678711,127.86653900146484,0
4,bucket_tip,36.408203125,116.67184448242188,0
5,springhinge_arm,112.3530502319336,169.58901977539062,0
6,springhinge_boom,146.4049835205078,169.1992950439453,0
