,name, x, y, z
0,arm,108.0771255493164,153.16567993164062,0
1,body,189.0424041748047,132.84408569335938,0
2,body_back,237.5321502685547,116.95709991455078,0
3,bucket,63.6655158996582,127.7215805053711,0
4,bucket_tip,37.10740661621094,116.33882141113281,0
5,springhinge_arm,112.36039733886719,169.58428955078125,0
6,springhinge_boom,146.5972442626953,169.19143676757812,0
