,name, x, y, z
0,arm,108.08430480957031,153.07383728027344,0
1,body,188.8019561767578,132.98666381835938,0
2,body_back,237.16790771484375,117.21830749511719,0
3,bucket,64.4993667602539,127.59091186523438,0
4,bucket_tip,38.37619400024414,116.03864288330078,0
5,springhinge_arm,112.36348724365234,169.58203125,0
6,springhinge_boom,146.93482971191406,169.1844024658203,0
