,name, x, y, z
0,arm,108.0845718383789,153.0611114501953,0
1,body,188.7544403076172,133.07066345214844,0
2,body_back,237.09185791015625,117.369384765625,0
3,bucket,64.84061431884766,127.61720275878906,0
4,bucket_tip,38.90898132324219,116.0452880859375,0
5,springhinge_arm,112.34809875488281,169.65391540527344,0
6,springhinge_boom,147.07171630859375,169.2141876220703,0
