,name, x, y, z
0,arm,108.00576782226562,153.59939575195312,0
1,body,188.65045166015625,133.38319396972656,0
2,body_back,236.92547607421875,117.89598846435547,0
3,bucket,65.58586120605469,127.9818344116211,0
4,bucket_tip,40.133819580078125,116.14546966552734,0
5,springhinge_arm,112.15257263183594,170.644775390625,0
6,springhinge_boom,147.3613739013672,169.63096618652344,0
