,name, x, y, z
0,arm,107.9522476196289,153.9926300048828,0
1,body,188.6269073486328,133.5096893310547,0
2,body_back,236.8878173828125,118.09141540527344,0
3,bucket,65.76419067382812,128.18624877929688,0
4,bucket_tip,40.44921875,116.20589447021484,0
5,springhinge_arm,112.05228424072266,171.19691467285156,0
6,springhinge_boom,147.424560546875,169.86651611328125,0
