,name, x, y, z
0,arm,107.82186889648438,155.0426025390625,0
1,body,188.59336853027344,133.80003356933594,0
2,body_back,236.83416748046875,118.50391387939453,0
3,bucket,66.05660247802734,128.69712829589844,0
4,bucket_tip,40.99757766723633,116.3677749633789,0
5,springhinge_arm,111.82550048828125,172.5682830810547,0
6,springhinge_boom,147.513427734375,170.45999145507812,0
