,name, x, y, z
0,arm,107.75083923339844,155.68026733398438,0
1,body,188.58233642578125,133.9651336669922,0
2,body_back,236.81649780273438,118.71824645996094,0
3,bucket,66.18433380126953,128.99615478515625,0
4,bucket_tip,41.24955368041992,116.4693832397461,0
5,springhinge_arm,111.70782470703125,173.3656005859375,0
6,springhinge_boom,147.54327392578125,170.81040954589844,0
