,name, x, y, z
0,arm,107.67980194091797,156.38031005859375,0
1,body,188.57444763183594,134.14437866210938,0
2,body_back,236.80386352539062,118.93614196777344,0
3,bucket,66.30883026123047,129.31930541992188,0
4,bucket_tip,41.49939727783203,116.58489227294922,0
5,springhinge_arm,111.5931625366211,174.22271728515625,0
6,springhinge_boom,147.56619262695312,171.1915740966797,0
