,name, x, y, z
0,arm,107.61170959472656,157.13320922851562,0
1,body,188.5691375732422,134.33839416503906,0
2,body_back,236.79539489746094,119.1562271118164,0
3,bucket,66.43692016601562,129.66282653808594,0
4,bucket_tip,41.75655746459961,116.71436309814453,0
5,springhinge_arm,111.48590850830078,175.12867736816406,0
6,springhinge_boom,147.5842742919922,171.5997772216797,0
