,name, x, y, z
0,arm,107.54943084716797,157.92942810058594,0
1,body,188.56593322753906,134.54783630371094,0
2,body_back,236.7902374267578,119.37715148925781,0
3,bucket,66.57542419433594,130.02304077148438,0
4,bucket_tip,42.03054428100586,116.8578872680664,0
5,springhinge_arm,111.3905029296875,176.07252502441406,0
6,springhinge_boom,147.59959411621094,172.03121948242188,0
