,name, x, y, z
0,arm,107.49591827392578,158.75942993164062,0
1,body,188.56427001953125,134.7733612060547,0
2,body_back,236.78761291503906,119.59752655029297,0
3,bucket,66.73115539550781,130.39620971679688,0
4,bucket_tip,42.33087158203125,117.01554870605469,0
5,springhinge_arm,111.31130981445312,177.04330444335938,0
6,springhinge_boom,147.61427307128906,172.482177734375,0
