,name, x, y, z
0,arm,107.4540786743164,159.61367797851562,0
1,body,188.56365966796875,135.01556396484375,0
2,body_back,236.78665161132812,119.81599426269531,0
3,bucket,66.91092681884766,130.7786407470703,0
4,bucket_tip,42.6669921875,117.18740844726562,0
5,springhinge_arm,111.25276184082031,178.0300750732422,0
6,springhinge_boom,147.63035583496094,172.94886779785156,0
