,name, x, y, z
0,arm,107.42683410644531,160.48260498046875,0
1,body,188.56358337402344,135.27511596679688,0
2,body_back,236.78648376464844,120.03118896484375,0
3,bucket,67.12154388427734,131.16659545898438,0
4,bucket_tip,43.04841995239258,117.37357330322266,0
5,springhinge_arm,111.21926879882812,179.0218505859375,0
6,springhinge_boom,147.64996337890625,173.4275360107422,0
