,name, x, y, z
0,arm,74.37616729736328,197.60519409179688,0
1,body,163.70242309570312,133.76092529296875,0
2,body_back,228.87588500976562,137.04672241210938,0
3,bucket,74.28418731689453,148.6876983642578,0
4,bucket_tip,79.581298828125,123.78935241699219,0
5,springhinge_arm,68.30648040771484,212.4813232421875,0
6,springhinge_boom,127.82457733154297,190.8730926513672,0
