,name, x, y, z
0,arm,107.41710662841797,161.35671997070312,0
1,body,188.56443786621094,135.5520782470703,0
2,body_back,236.78651428222656,120.24190521240234,0
3,bucket,67.36800384521484,131.5572509765625,0
4,bucket_tip,43.481964111328125,117.57418823242188,0
5,springhinge_arm,111.20063781738281,180.0094757080078,0
6,springhinge_boom,147.6748046875,173.91490173339844,0
