,name, x, y, z
0,arm,107.43659973144531,162.22802734375,0
1,body,188.56690979003906,135.8442840576172,0
2,body_back,236.78665161132812,120.44761657714844,0
3,bucket,67.64776611328125,131.9511260986328,0
4,bucket_tip,43.96364212036133,117.7897720336914,0
5,springhinge_arm,111.18370056152344,180.99073791503906,0
6,springhinge_boom,147.70497131347656,174.4093780517578,0
