,name, x, y, z
0,arm,107.49260711669922,163.0948028564453,0
1,body,188.57083129882812,136.1489715576172,0
2,body_back,236.7869873046875,120.64793395996094,0
3,bucket,67.95645904541016,132.349609375,0
4,bucket_tip,44.48678207397461,118.02088928222656,0
5,springhinge_arm,111.16837310791016,181.96519470214844,0
6,springhinge_boom,147.74024963378906,174.90989685058594,0
