,name, x, y, z
0,arm,107.58152770996094,163.95689392089844,0
1,body,188.57603454589844,136.4634246826172,0
2,body_back,236.7876434326172,120.8425064086914,0
3,bucket,68.28975677490234,132.7541046142578,0
4,bucket_tip,45.04471969604492,118.26814270019531,0
5,springhinge_arm,111.15457916259766,182.93243408203125,0
6,springhinge_boom,147.78033447265625,175.4153289794922,0
