,name, x, y, z
0,arm,107.69965362548828,164.8141326904297,0
1,body,188.58238220214844,136.7848663330078,0
2,body_back,236.78872680664062,121.03095245361328,0
3,bucket,68.64323425292969,133.166015625,0
4,bucket_tip,45.630794525146484,118.53211975097656,0
5,springhinge_arm,111.14224243164062,183.89202880859375,0
6,springhinge_boom,147.82501220703125,175.9246368408203,0
