,name, x, y, z
0,arm,107.84336853027344,165.66636657714844,0
1,body,188.58969116210938,137.11058044433594,0
2,body_back,236.79037475585938,121.21290588378906,0
3,bucket,69.01252746582031,133.5867462158203,0
4,bucket_tip,46.23836898803711,118.81340026855469,0
5,springhinge_arm,111.13125610351562,184.84352111816406,0
6,springhinge_boom,147.87399291992188,176.43666076660156,0
