,name, x, y, z
0,arm,108.1928939819336,167.35516357421875,0
1,body,188.6065673828125,137.7637939453125,0
2,body_back,236.795654296875,121.55585479736328,0
3,bucket,69.78120422363281,134.460205078125,0
4,bucket_tip,47.491241455078125,119.43021392822266,0
5,springhinge_arm,111.11310577392578,186.7205352783203,0
6,springhinge_boom,147.98385620117188,177.4645538330078,0
