,name, x, y, z
0,arm,108.39140319824219,168.19143676757812,0
1,body,188.6157989501953,138.08583068847656,0
2,body_back,236.799560546875,121.71611022949219,0
3,bucket,70.17181396484375,134.91574096679688,0
4,bucket_tip,48.12324523925781,119.76692962646484,0
5,springhinge_arm,111.10575103759766,187.6451873779297,0
6,springhinge_boom,148.04421997070312,177.97821044921875,0
