,name, x, y, z
0,arm,74.3492660522461,197.3700408935547,0
1,body,163.9970703125,133.6906280517578,0
2,body_back,229.14332580566406,137.0701446533203,0
3,bucket,74.48600769042969,148.45973205566406,0
4,bucket_tip,79.90885162353516,123.76307678222656,0
5,springhinge_arm,68.33918762207031,212.20265197753906,0
6,springhinge_boom,127.97960662841797,190.80551147460938,0
