,name, x, y, z
0,arm,108.81765747070312,169.84689331054688,0
1,body,188.6350860595703,138.7069854736328,0
2,body_back,236.81033325195312,122.01233673095703,0
3,bucket,70.9437484741211,135.87139892578125,0
4,bucket_tip,49.36502456665039,120.49988555908203,0
5,springhinge_arm,111.09412384033203,189.46466064453125,0
6,springhinge_boom,148.17449951171875,178.99952697753906,0
