,name, x, y, z
0,arm,109.0380859375,170.66575622558594,0
1,body,188.6448211669922,139.00064086914062,0
2,body_back,236.81744384765625,122.1475601196289,0
3,bucket,71.31633758544922,136.3743133544922,0
4,bucket_tip,49.961463928222656,120.89730834960938,0
5,springhinge_arm,111.08967590332031,190.3585968017578,0
6,springhinge_boom,148.243896484375,179.5049591064453,0
