,name, x, y, z
0,arm,109.47530364990234,172.2849884033203,0
1,body,188.6636199951172,139.5403594970703,0
2,body_back,236.83563232421875,122.39041137695312,0
3,bucket,72.01287841796875,137.43731689453125,0
4,bucket_tip,51.07219696044922,121.75697326660156,0
5,springhinge_arm,111.08312225341797,192.11276245117188,0
6,springhinge_boom,148.38995361328125,180.49993896484375,0
