,name, x, y, z
0,arm,109.68477630615234,173.08505249023438,0
1,body,188.67237854003906,139.78094482421875,0
2,body_back,236.84693908691406,122.4972915649414,0
3,bucket,72.32810974121094,138.0001983642578,0
4,bucket_tip,51.573123931884766,122.22039031982422,0
5,springhinge_arm,111.08084869384766,192.97210693359375,0
6,springhinge_boom,148.46607971191406,180.98727416992188,0
