,name, x, y, z
0,arm,110.06717681884766,174.66525268554688,0
1,body,188.6877899169922,140.1898651123047,0
2,body_back,236.87448120117188,122.68011474609375,0
3,bucket,72.8706283569336,139.19569396972656,0
4,bucket_tip,52.432823181152344,123.21731567382812,0
5,springhinge_arm,111.07792663574219,194.65322875976562,0
6,springhinge_boom,148.6232147216797,181.93618774414062,0
