,name, x, y, z
0,arm,110.2328109741211,175.44509887695312,0
1,body,188.6941375732422,140.35269165039062,0
2,body_back,236.89093017578125,122.75531768798828,0
3,bucket,73.08918762207031,139.83111572265625,0
4,bucket_tip,52.77825927734375,123.75200653076172,0
5,springhinge_arm,111.07711029052734,195.47412109375,0
6,springhinge_boom,148.7037353515625,182.39556884765625,0
