,name, x, y, z
0,arm,110.37651824951172,176.2178497314453,0
1,body,188.69935607910156,140.48411560058594,0
2,body_back,236.90933227539062,122.8192138671875,0
3,bucket,73.26677703857422,140.49349975585938,0
4,bucket_tip,53.05854415893555,124.3116226196289,0
5,springhinge_arm,111.07659912109375,196.28134155273438,0
6,springhinge_boom,148.78517150878906,182.84341430664062,0
