,name, x, y, z
0,arm,110.4946517944336,176.9833984375,0
1,body,188.70326232910156,140.5813751220703,0
2,body_back,236.9297637939453,122.8714370727539,0
3,bucket,73.39904022216797,141.18426513671875,0
4,bucket_tip,53.26697540283203,124.89675903320312,0
5,springhinge_arm,111.07634735107422,197.07447814941406,0
6,springhinge_boom,148.86729431152344,183.27867126464844,0
