,name, x, y, z
0,arm,61.62736129760742,202.61302185058594,0
1,body,158.16552734375,141.87200927734375,0
2,body_back,214.04737854003906,141.3307647705078,0
3,bucket,84.8704833984375,159.2178955078125,0
4,bucket_tip,97.84666442871094,127.59967041015625,0
5,springhinge_arm,45.774505615234375,213.66793823242188,0
6,springhinge_boom,116.72022247314453,195.23486328125,0
