,name, x, y, z
0,arm,74.32374572753906,197.14007568359375,0
1,body,164.32257080078125,133.61756896972656,0
2,body_back,229.436767578125,137.09207153320312,0
3,bucket,74.6943588256836,148.23545837402344,0
4,bucket_tip,80.27421569824219,123.74153900146484,0
5,springhinge_arm,68.36408996582031,211.93368530273438,0
6,springhinge_boom,128.13929748535156,190.73529052734375,0
