,name, x, y, z
0,arm,110.58355712890625,177.7415771484375,0
1,body,188.70574951171875,140.64173889160156,0
2,body_back,236.95236206054688,122.91163635253906,0
3,bucket,73.48162078857422,141.90478515625,0
4,bucket_tip,53.39693832397461,125.50799560546875,0
5,springhinge_arm,111.07625579833984,197.85302734375,0
6,springhinge_boom,148.94984436035156,183.70021057128906,0
