,name, x, y, z
0,arm,110.63957214355469,178.49220275878906,0
1,body,188.70660400390625,140.6624755859375,0
2,body_back,236.97718811035156,122.93941497802734,0
3,bucket,73.51010131835938,142.65647888183594,0
4,bucket_tip,53.441734313964844,126.14591979980469,0
5,springhinge_arm,111.07624053955078,198.6166229248047,0
6,springhinge_boom,149.03256225585938,184.10691833496094,0
