,name, x, y, z
0,arm,110.65907287597656,179.2351531982422,0
1,body,188.70660400390625,140.6624755859375,0
2,body_back,237.02796936035156,122.95879364013672,0
3,bucket,73.50995635986328,143.4397430419922,0
4,bucket_tip,53.44145202636719,126.81021118164062,0
5,springhinge_arm,111.07598114013672,199.36505126953125,0
6,springhinge_boom,149.11517333984375,184.49807739257812,0
