,name, x, y, z
0,arm,110.65886688232422,179.9702911376953,0
1,body,188.70660400390625,140.6624755859375,0
2,body_back,237.12478637695312,122.97431945800781,0
3,bucket,73.50904846191406,144.25106811523438,0
4,bucket_tip,53.43935775756836,127.4969253540039,0
5,springhinge_arm,111.0741958618164,200.0990753173828,0
6,springhinge_boom,149.197265625,184.87413024902344,0
