,name, x, y, z
0,arm,110.65744018554688,180.6978302001953,0
1,body,188.70660400390625,140.6624755859375,0
2,body_back,237.2623748779297,122.98639678955078,0
3,bucket,73.50656127929688,145.08595275878906,0
4,bucket_tip,53.43370056152344,128.2012176513672,0
5,springhinge_arm,111.06932067871094,200.81973266601562,0
6,springhinge_boom,149.27847290039062,185.23597717285156,0
