,name, x, y, z
0,arm,110.65359497070312,181.41802978515625,0
1,body,188.70660400390625,140.6624755859375,0
2,body_back,237.4354705810547,122.9954833984375,0
3,bucket,73.501708984375,145.93994140625,0
4,bucket_tip,53.42267608642578,128.918212890625,0
5,springhinge_arm,111.05984497070312,201.528076171875,0
6,springhinge_boom,149.35836791992188,185.58441162109375,0
