,name, x, y, z
0,arm,110.64608764648438,182.131103515625,0
1,body,188.70660400390625,140.6624755859375,0
2,body_back,237.63882446289062,123.00199127197266,0
3,bucket,73.49371337890625,146.8085174560547,0
4,bucket_tip,53.40449905395508,129.64308166503906,0
5,springhinge_arm,111.0442123413086,202.22506713867188,0
6,springhinge_boom,149.43653869628906,185.9202880859375,0
