,name, x, y, z
0,arm,110.63374328613281,182.83731079101562,0
1,body,188.70660400390625,140.6624755859375,0
2,body_back,237.8671875,123.00634765625,0
3,bucket,73.48177337646484,147.68719482421875,0
4,bucket_tip,53.37739562988281,130.3709716796875,0
5,springhinge_arm,111.02088928222656,202.91177368164062,0
6,springhinge_boom,149.51260375976562,186.2444305419922,0
