,name, x, y, z
0,arm,110.61529541015625,183.5369110107422,0
1,body,188.70660400390625,140.6624755859375,0
2,body_back,238.1152801513672,123.00899505615234,0
3,bucket,73.46513366699219,148.5714569091797,0
4,bucket_tip,53.33953094482422,131.09701538085938,0
5,springhinge_arm,110.98834991455078,203.5891571044922,0
6,springhinge_boom,149.58615112304688,186.5576934814453,0
