,name, x, y, z
0,arm,110.58956909179688,184.2301483154297,0
1,body,188.70660400390625,140.6624755859375,0
2,body_back,238.3778533935547,123.0103530883789,0
3,bucket,73.4429702758789,149.4568634033203,0
4,bucket_tip,53.289188385009766,131.8163604736328,0
5,springhinge_arm,110.94503784179688,204.25830078125,0
6,springhinge_boom,149.65675354003906,186.8608856201172,0
