,name, x, y, z
0,arm,74.2943115234375,196.9165802001953,0
1,body,164.6742706298828,133.54281616210938,0
2,body_back,229.75050354003906,137.11260986328125,0
3,bucket,74.90221405029297,148.01513671875,0
4,bucket_tip,80.67385864257812,123.72441101074219,0
5,springhinge_arm,68.37333679199219,211.67562866210938,0
6,springhinge_boom,128.2955780029297,190.66348266601562,0
