,name, x, y, z
0,arm,110.5553207397461,184.91726684570312,0
1,body,188.70660400390625,140.6624755859375,0
2,body_back,238.64964294433594,123.01085662841797,0
3,bucket,73.4145278930664,150.33885192871094,0
4,bucket_tip,53.224525451660156,132.52418518066406,0
5,springhinge_arm,110.88943481445312,204.920166015625,0
6,springhinge_boom,149.72406005859375,187.1548614501953,0
