,name, x, y, z
0,arm,110.5113525390625,185.59849548339844,0
1,body,188.70660400390625,140.6624755859375,0
2,body_back,238.92539978027344,123.01092529296875,0
3,bucket,73.37899017333984,151.21299743652344,0
4,bucket_tip,53.143760681152344,133.21560668945312,0
5,springhinge_arm,110.81999206542969,205.5758056640625,0
6,springhinge_boom,149.78762817382812,187.44046020507812,0
