,name, x, y, z
0,arm,110.45643615722656,186.27410888671875,0
1,body,188.70660400390625,140.6624755859375,0
2,body_back,239.19985961914062,123.01100158691406,0
3,bucket,73.3355941772461,152.07473754882812,0
4,bucket_tip,53.04513931274414,133.88575744628906,0
5,springhinge_arm,110.73516845703125,206.2262420654297,0
6,springhinge_boom,149.8470458984375,187.71847534179688,0
