,name, x, y, z
0,arm,110.38937377929688,186.9443359375,0
1,body,188.70660400390625,140.6624755859375,0
2,body_back,239.46774291992188,123.0114974975586,0
3,bucket,73.28353881835938,152.9196319580078,0
4,bucket_tip,52.926849365234375,134.5298309326172,0
5,springhinge_arm,110.63343048095703,206.8724822998047,0
6,springhinge_boom,149.90194702148438,187.98980712890625,0
