,name, x, y, z
0,arm,110.3089370727539,187.60943603515625,0
1,body,188.70660400390625,140.6624755859375,0
2,body_back,239.72381591796875,123.01286315917969,0
3,bucket,73.22205352783203,153.7431640625,0
4,bucket_tip,52.787086486816406,135.14292907714844,0
5,springhinge_arm,110.51324462890625,207.51551818847656,0
6,springhinge_boom,149.95188903808594,188.25523376464844,0
