,name, x, y, z
0,arm,110.21390533447266,188.26963806152344,0
1,body,188.70660400390625,140.6624755859375,0
2,body_back,239.9628143310547,123.0155029296875,0
3,bucket,73.15033721923828,154.5408477783203,0
4,bucket_tip,52.62410354614258,135.72021484375,0
5,springhinge_arm,110.37307739257812,208.15643310546875,0
6,springhinge_boom,149.99649047851562,188.51560974121094,0
