,name, x, y, z
0,arm,110.10306549072266,188.9252166748047,0
1,body,188.70660400390625,140.6624755859375,0
2,body_back,240.17945861816406,123.0198745727539,0
3,bucket,73.0676040649414,155.30819702148438,0
4,bucket_tip,52.43606948852539,136.2568359375,0
5,springhinge_arm,110.21136474609375,208.79620361328125,0
6,springhinge_boom,150.0353240966797,188.77178955078125,0
