,name, x, y, z
0,arm,109.97521209716797,189.57640075683594,0
1,body,188.70660400390625,140.6624755859375,0
2,body_back,240.3685302734375,123.02637481689453,0
3,bucket,72.97306823730469,156.04071044921875,0
4,bucket_tip,52.22124099731445,136.74795532226562,0
5,springhinge_arm,110.02660369873047,209.43582153320312,0
6,springhinge_boom,150.06800842285156,189.0245819091797,0
