,name, x, y, z
0,arm,109.82911682128906,190.22344970703125,0
1,body,188.70660400390625,140.6624755859375,0
2,body_back,240.5247039794922,123.03545379638672,0
3,bucket,72.86595916748047,156.73390197753906,0
4,bucket_tip,51.9777946472168,137.18870544433594,0
5,springhinge_arm,109.81725311279297,210.0763702392578,0
6,springhinge_boom,150.09413146972656,189.2748565673828,0
