,name, x, y, z
0,arm,109.66357421875,190.8665771484375,0
1,body,188.70660400390625,140.6624755859375,0
2,body_back,240.64279174804688,123.04754638671875,0
3,bucket,72.74546813964844,157.3832550048828,0
4,bucket_tip,51.70396041870117,137.57424926757812,0
5,springhinge_arm,109.58174896240234,210.71881103515625,0
6,springhinge_boom,150.11331176757812,189.52342224121094,0
