,name, x, y, z
0,arm,74.25566864013672,196.70077514648438,0
1,body,165.0475616455078,133.46754455566406,0
2,body_back,230.0787811279297,137.1319122314453,0
3,bucket,75.10267639160156,147.79908752441406,0
4,bucket_tip,81.10433197021484,123.71139526367188,0
5,springhinge_arm,68.35918426513672,211.42974853515625,0
6,springhinge_boom,128.4405059814453,190.59120178222656,0
