,name, x, y, z
0,arm,109.47737121582031,191.50607299804688,0
1,body,188.70660400390625,140.6624755859375,0
2,body_back,240.71749877929688,123.06306457519531,0
3,bucket,72.61082458496094,157.98428344726562,0
4,bucket_tip,51.397926330566406,137.89971923828125,0
5,springhinge_arm,109.31856536865234,211.36419677734375,0
6,springhinge_boom,150.12509155273438,189.77108764648438,0
