,name, x, y, z
0,arm,109.26927947998047,192.1421661376953,0
1,body,188.70660400390625,140.6624755859375,0
2,body_back,240.7435760498047,123.08244323730469,0
3,bucket,72.46122741699219,158.5325469970703,0
4,bucket_tip,51.05794906616211,138.1602325439453,0
5,springhinge_arm,109.02618408203125,212.01353454589844,0
6,springhinge_boom,150.1291046142578,190.01873779296875,0
