,name, x, y, z
0,arm,109.0380859375,192.77508544921875,0
1,body,188.61561584472656,140.6637420654297,0
2,body_back,240.69105529785156,123.11360168457031,0
3,bucket,72.19113159179688,159.02491760253906,0
4,bucket_tip,50.6186637878418,138.3683624267578,0
5,springhinge_arm,108.59991455078125,212.6674346923828,0
6,springhinge_boom,150.04750061035156,190.26690673828125,0
