,name, x, y, z
0,arm,108.64616394042969,193.4049835205078,0
1,body,188.36404418945312,140.66732788085938,0
2,body_back,240.54580688476562,123.16168212890625,0
3,bucket,71.72357177734375,159.46405029296875,0
4,bucket_tip,50.03867721557617,138.5418701171875,0
5,springhinge_arm,107.96528625488281,213.32469177246094,0
6,springhinge_boom,149.82186889648438,190.51490783691406,0
