,name, x, y, z
0,arm,107.99407958984375,194.03138732910156,0
1,body,187.98402404785156,140.6728973388672,0
2,body_back,240.326416015625,123.22293853759766,0
3,bucket,71.1006851196289,159.85401916503906,0
4,bucket_tip,49.35205078125,138.68392944335938,0
5,springhinge_arm,107.166015625,213.9838104248047,0
6,springhinge_boom,149.48101806640625,190.7618865966797,0
