,name, x, y, z
0,arm,107.1379165649414,194.65371704101562,0
1,body,187.5076446533203,140.6801300048828,0
2,body_back,240.05140686035156,123.29362487792969,0
3,bucket,70.36455535888672,160.19888305664062,0
4,bucket_tip,48.59293746948242,138.7976837158203,0
5,springhinge_arm,106.24580383300781,214.6431427001953,0
6,springhinge_boom,149.05377197265625,191.0068817138672,0
