,name, x, y, z
0,arm,105.03767395019531,195.8837432861328,0
1,body,186.39431762695312,140.6982421875,0
2,body_back,239.4086456298828,123.44834899902344,0
3,bucket,68.72106170654297,160.76959228515625,0
4,bucket_tip,46.993587493896484,138.95285034179688,0
5,springhinge_arm,104.21748352050781,215.95623779296875,0
6,springhinge_boom,148.0552215576172,191.4871826171875,0
