,name, x, y, z
0,arm,103.90579986572266,196.4903106689453,0
1,body,185.8216094970703,140.7084503173828,0
2,body_back,239.07801818847656,123.52490234375,0
3,bucket,67.89793395996094,161.0035400390625,0
4,bucket_tip,46.221561431884766,139.0005645751953,0
5,springhinge_arm,103.19682312011719,216.6068115234375,0
6,springhinge_boom,147.5415496826172,191.72064208984375,0
