,name, x, y, z
0,arm,101.75888061523438,197.6835479736328,0
1,body,184.8046417236328,140.72952270507812,0
2,body_back,238.4908905029297,123.65768432617188,0
3,bucket,66.45945739746094,161.3890380859375,0
4,bucket_tip,44.90330123901367,139.0519256591797,0
5,springhinge_arm,101.36105346679688,217.88818359375,0
6,springhinge_boom,146.62940979003906,192.1695556640625,0
