,name, x, y, z
0,arm,100.85603332519531,198.26905822753906,0
1,body,184.4246063232422,140.73973083496094,0
2,body_back,238.271484375,123.7064208984375,0
3,bucket,65.92831420898438,161.54869079589844,0
4,bucket_tip,44.4252815246582,139.0618896484375,0
5,springhinge_arm,100.63338470458984,218.5157928466797,0
6,springhinge_boom,146.28855895996094,192.38314819335938,0
