,name, x, y, z
0,arm,100.14170837402344,198.8463897705078,0
1,body,184.1730499267578,140.74928283691406,0
2,body_back,238.1262664794922,123.7384033203125,0
3,bucket,65.57876586914062,161.69171142578125,0
4,bucket_tip,44.11345291137695,139.06556701660156,0
5,springhinge_arm,100.0908203125,219.13259887695312,0
6,springhinge_boom,146.06292724609375,192.58824157714844,0
