,name, x, y, z
0,arm,99.67198181152344,199.4149627685547,0
1,body,184.08204650878906,140.75782775878906,0
2,body_back,238.07373046875,123.74990844726562,0
3,bucket,65.452880859375,161.82217407226562,0
4,bucket_tip,44.00193405151367,139.0660858154297,0
5,springhinge_arm,99.77708435058594,219.73703002929688,0
6,springhinge_boom,145.9813232421875,192.783935546875,0
