,name, x, y, z
0,arm,99.50293731689453,199.97415161132812,0
1,body,184.07447814941406,140.76307678222656,0
2,body_back,238.0723419189453,123.74687194824219,0
3,bucket,65.46028137207031,161.94142150878906,0
4,bucket_tip,44.02480697631836,139.06382751464844,0
5,springhinge_arm,99.59272766113281,220.32553100585938,0
6,springhinge_boom,145.97616577148438,192.96746826171875,0
