,name, x, y, z
0,arm,99.495361328125,200.521240234375,0
1,body,184.05271911621094,140.76316833496094,0
2,body_back,238.0687713623047,123.73807525634766,0
3,bucket,65.48329162597656,162.04847717285156,0
4,bucket_tip,44.09375762939453,139.0565185546875,0
5,springhinge_arm,99.40923309326172,220.8953399658203,0
6,springhinge_boom,145.96136474609375,193.1371307373047,0
