,name, x, y, z
0,arm,99.43889617919922,201.56979370117188,0
1,body,183.97164916992188,140.7499542236328,0
2,body_back,238.05844116210938,123.70539093017578,0
3,bucket,65.58029174804688,162.22874450683594,0
4,bucket_tip,44.371456146240234,139.02378845214844,0
5,springhinge_arm,99.04424285888672,221.97720336914062,0
6,springhinge_boom,145.90623474121094,193.4383087158203,0
