,name, x, y, z
0,arm,99.39252471923828,202.0697784423828,0
1,body,183.9149169921875,140.73756408691406,0
2,body_back,238.05337524414062,123.68250274658203,0
3,bucket,65.65641784667969,162.3031463623047,0
4,bucket_tip,44.58100509643555,138.99679565429688,0
5,springhinge_arm,98.86262512207031,222.48829650878906,0
6,springhinge_boom,145.86764526367188,193.5713653564453,0
