,name, x, y, z
0,arm,99.33580780029297,202.55258178710938,0
1,body,183.84915161132812,140.72201538085938,0
2,body_back,238.04954528808594,123.6559829711914,0
3,bucket,65.75247192382812,162.36790466308594,0
4,bucket_tip,44.83833312988281,138.96173095703125,0
5,springhinge_arm,98.6815414428711,222.97898864746094,0
6,springhinge_boom,145.8229217529297,193.6938018798828,0
