,name, x, y, z
0,arm,74.12964630126953,196.2974090576172,0
1,body,165.84051513671875,133.31982421875,0
2,body_back,230.75613403320312,137.1670684814453,0
3,bucket,75.45353698730469,147.3807373046875,0
4,bucket_tip,82.04386138916016,123.69641876220703,0
5,springhinge_arm,68.2296142578125,210.97955322265625,0
6,springhinge_boom,128.66404724121094,190.44937133789062,0
