,name, x, y, z
0,arm,99.2700424194336,203.0174560546875,0
1,body,183.775634765625,140.70375061035156,0
2,body_back,238.04776000976562,123.62633514404297,0
3,bucket,65.86951446533203,162.42369079589844,0
4,bucket_tip,45.143741607666016,138.9178466796875,0
5,springhinge_arm,98.50091552734375,223.4488067626953,0
6,springhinge_boom,145.77291870117188,193.80642700195312,0
