,name, x, y, z
0,arm,99.19651794433594,203.4636688232422,0
1,body,183.69564819335938,140.68321228027344,0
2,body_back,238.0489044189453,123.59407806396484,0
3,bucket,66.00860595703125,162.47108459472656,0
4,bucket_tip,45.49772262573242,138.8643341064453,0
5,springhinge_arm,98.32062530517578,223.89727783203125,0
6,springhinge_boom,145.71852111816406,193.91006469726562,0
