,name, x, y, z
0,arm,99.11652374267578,203.89048767089844,0
1,body,183.6104736328125,140.66094970703125,0
2,body_back,238.05380249023438,123.55972290039062,0
3,bucket,66.17080688476562,162.51072692871094,0
4,bucket_tip,45.9006462097168,138.80047607421875,0
5,springhinge_arm,98.14060974121094,224.32395935058594,0
6,springhinge_boom,145.6605987548828,194.00547790527344,0
