,name, x, y, z
0,arm,99.03135681152344,204.29718017578125,0
1,body,183.52139282226562,140.63739013671875,0
2,body_back,238.06329345703125,123.5238037109375,0
3,bucket,66.3572006225586,162.5432586669922,0
4,bucket_tip,46.35292053222656,138.72547912597656,0
5,springhinge_arm,97.9608154296875,224.72848510742188,0
6,springhinge_boom,145.6000213623047,194.09347534179688,0
