,name, x, y, z
0,arm,98.94229888916016,204.68299865722656,0
1,body,183.4297637939453,140.61302185058594,0
2,body_back,238.07827758789062,123.48682403564453,0
3,bucket,66.56890106201172,162.5692901611328,0
4,bucket_tip,46.85499954223633,138.63858032226562,0
5,springhinge_arm,97.78116607666016,225.1103057861328,0
6,springhinge_boom,145.53768920898438,194.1748504638672,0
