,name, x, y, z
0,arm,98.85065460205078,205.04718017578125,0
1,body,183.3368682861328,140.58839416503906,0
2,body_back,238.099609375,123.4493637084961,0
3,bucket,66.80703735351562,162.58949279785156,0
4,bucket_tip,47.407325744628906,138.53907775878906,0
5,springhinge_arm,97.60162353515625,225.4690704345703,0
6,springhinge_boom,145.4745330810547,194.25045776367188,0
