,name, x, y, z
0,arm,98.57316589355469,206.0026397705078,0
1,body,183.063232421875,140.51730346679688,0
2,body_back,238.20989990234375,123.33898162841797,0
3,bucket,67.69036102294922,162.62115478515625,0
4,bucket_tip,49.36951446533203,138.156982421875,0
5,springhinge_arm,97.0625991821289,226.40237426757812,0
6,springhinge_boom,145.2884063720703,194.45034790039062,0
