,name, x, y, z
0,arm,98.4841079711914,206.27296447753906,0
1,body,182.9780731201172,140.4962158203125,0
2,body_back,238.2650146484375,123.30464172363281,0
3,bucket,68.0447998046875,162.62420654296875,0
4,bucket_tip,50.126773834228516,137.999267578125,0
5,springhinge_arm,96.88259887695312,226.6643829345703,0
6,springhinge_boom,145.23049926757812,194.51071166992188,0
