,name, x, y, z
0,arm,74.03165435791016,196.1123046875,0
1,body,166.25091552734375,133.24954223632812,0
2,body_back,231.09375,137.18309020996094,0
3,bucket,75.59001159667969,147.178955078125,0
4,bucket_tip,82.54592895507812,123.69375610351562,0
5,springhinge_arm,68.09867858886719,210.77764892578125,0
6,springhinge_boom,128.7266387939453,190.38192749023438,0
