,name, x, y, z
0,arm,98.3989486694336,206.51797485351562,0
1,body,182.89805603027344,140.4771728515625,0
2,body_back,238.33062744140625,123.27237701416016,0
3,bucket,68.43095397949219,162.62452697753906,0
4,bucket_tip,50.93626403808594,137.82508850097656,0
5,springhinge_arm,96.70228576660156,226.90110778808594,0
6,springhinge_boom,145.1760711669922,194.5692596435547,0
