,name, x, y, z
0,arm,98.31893920898438,206.7369384765625,0
1,body,182.8245391845703,140.46072387695312,0
2,body_back,238.40773010253906,123.24272155761719,0
3,bucket,68.85002899169922,162.62277221679688,0
4,bucket_tip,51.79851150512695,137.63369750976562,0
5,springhinge_arm,96.52165985107422,227.1121063232422,0
6,springhinge_boom,145.12606811523438,194.62680053710938,0
