,name, x, y, z
0,arm,98.24542999267578,206.9290771484375,0
1,body,182.75875854492188,140.4473114013672,0
2,body_back,238.49708557128906,123.21619415283203,0
3,bucket,69.30303192138672,162.6195526123047,0
4,bucket_tip,52.71379470825195,137.42431640625,0
5,springhinge_arm,96.34056091308594,227.29689025878906,0
6,springhinge_boom,145.08132934570312,194.68411254882812,0
