,name, x, y, z
0,arm,98.12295532226562,207.2300567626953,0
1,body,182.65570068359375,140.43154907226562,0
2,body_back,238.71604919433594,123.17462158203125,0
3,bucket,70.3152084350586,162.61126708984375,0
4,bucket_tip,54.70542907714844,136.94859313964844,0
5,springhinge_arm,95.976806640625,227.58621215820312,0
6,springhinge_boom,145.01124572753906,194.80137634277344,0
