,name, x, y, z
0,arm,98.07659149169922,207.3373565673828,0
1,body,182.6210174560547,140.43016052246094,0
2,body_back,238.84738159179688,123.1606216430664,0
3,bucket,70.87654113769531,162.6074676513672,0
4,bucket_tip,55.782562255859375,136.68072509765625,0
5,springhinge_arm,95.79402160644531,227.6898651123047,0
6,springhinge_boom,144.98765563964844,194.86288452148438,0
