,name, x, y, z
0,arm,98.04187774658203,207.41497802734375,0
1,body,182.5991973876953,140.43373107910156,0
2,body_back,238.99432373046875,123.15184020996094,0
3,bucket,71.47611236572266,162.60470581054688,0
4,bucket_tip,56.91444778442383,136.391845703125,0
5,springhinge_arm,95.61046600341797,227.76559448242188,0
6,springhinge_boom,144.97280883789062,194.92738342285156,0
