,name, x, y, z
0,arm,98.02008819580078,207.4620819091797,0
1,body,182.59169006347656,140.44276428222656,0
2,body_back,239.15785217285156,123.1487808227539,0
3,bucket,72.11508178710938,162.60365295410156,0
4,bucket_tip,58.10154724121094,136.08116149902344,0
5,springhinge_arm,95.4261703491211,227.8129119873047,0
6,springhinge_boom,144.96771240234375,194.9956817626953,0
