,name, x, y, z
0,arm,97.99309539794922,207.4779052734375,0
1,body,182.53395080566406,140.4962921142578,0
2,body_back,239.4776611328125,123.1964340209961,0
3,bucket,73.44153594970703,162.3148956298828,0
4,bucket_tip,60.55809020996094,135.29090881347656,0
5,springhinge_arm,94.93782043457031,227.86929321289062,0
6,springhinge_boom,144.96141052246094,195.13607788085938,0
