,name, x, y, z
0,arm,73.9033203125,195.93994140625,0
1,body,166.66445922851562,133.1831512451172,0
2,body_back,231.42300415039062,137.19822692871094,0
3,bucket,75.69123840332031,146.98248291015625,0
4,bucket_tip,83.06491088867188,123.6939468383789,0
5,springhinge_arm,67.91325378417969,210.59292602539062,0
6,springhinge_boom,128.74575805664062,190.3182830810547,0
