,name, x, y, z
0,arm,97.934814453125,207.4777374267578,0
1,body,182.46922302246094,140.541259765625,0
2,body_back,239.62014770507812,123.25247955322266,0
3,bucket,74.09696960449219,161.9779510498047,0
4,bucket_tip,61.77907180786133,134.79957580566406,0
5,springhinge_arm,94.61091613769531,227.89083862304688,0
6,springhinge_boom,144.9527587890625,195.20455932617188,0
