,name, x, y, z
0,arm,97.83784484863281,207.47732543945312,0
1,body,182.38719177246094,140.5947723388672,0
2,body_back,239.75177001953125,123.32688903808594,0
3,bucket,74.73467254638672,161.53392028808594,0
4,bucket_tip,62.970703125,134.2563934326172,0
5,springhinge_arm,94.2345199584961,227.90846252441406,0
6,springhinge_boom,144.939697265625,195.2707061767578,0
