,name, x, y, z
0,arm,97.70233917236328,207.47653198242188,0
1,body,182.29275512695312,140.6541290283203,0
2,body_back,239.87310791015625,123.41731262207031,0
3,bucket,75.34519958496094,160.9988250732422,0
4,bucket_tip,64.11473083496094,133.67050170898438,0
5,springhinge_arm,93.81291961669922,227.92259216308594,0
6,springhinge_boom,144.9217529296875,195.33364868164062,0
