,name, x, y, z
0,arm,97.52841186523438,207.4752197265625,0
1,body,182.19091796875,140.71661376953125,0
2,body_back,239.98472595214844,123.52140045166016,0
3,bucket,75.91917419433594,160.3885955810547,0
4,bucket_tip,65.19278717041016,133.0511016845703,0
5,springhinge_arm,93.3503646850586,227.93360900878906,0
6,springhinge_boom,144.8983917236328,195.3925018310547,0
