,name, x, y, z
0,arm,97.31620788574219,207.4732208251953,0
1,body,182.08660888671875,140.779541015625,0
2,body_back,240.08712768554688,123.6368179321289,0
3,bucket,76.4471664428711,159.71926879882812,0
4,bucket_tip,66.1865463256836,132.40736389160156,0
5,springhinge_arm,92.8510971069336,227.94187927246094,0
6,springhinge_boom,144.8690643310547,195.4463653564453,0
