,name, x, y, z
0,arm,97.06586456298828,207.47047424316406,0
1,body,181.98477172851562,140.84017944335938,0
2,body_back,240.18093872070312,123.76123046875,0
3,bucket,76.91976928710938,159.00682067871094,0
4,bucket_tip,67.0777359008789,131.74850463867188,0
5,springhinge_arm,92.31941986083984,227.94781494140625,0
6,springhinge_boom,144.833251953125,195.4943389892578,0
