,name, x, y, z
0,arm,96.77753448486328,207.46681213378906,0
1,body,181.89036560058594,140.8958740234375,0
2,body_back,240.26670837402344,123.89227294921875,0
3,bucket,77.32752990722656,158.26719665527344,0
4,bucket_tip,67.84796905517578,131.08364868164062,0
5,springhinge_arm,91.75957489013672,227.95176696777344,0
6,springhinge_boom,144.7904510498047,195.53558349609375,0
