,name, x, y, z
0,arm,96.45133972167969,207.46209716796875,0
1,body,181.80828857421875,140.94387817382812,0
2,body_back,240.344970703125,124.02762603759766,0
3,bucket,77.66108703613281,157.51641845703125,0
4,bucket_tip,68.47893524169922,130.4220428466797,0
5,springhinge_arm,91.17579650878906,227.9541778564453,0
6,springhinge_boom,144.74009704589844,195.5692138671875,0
