,name, x, y, z
0,arm,96.08740234375,207.4562225341797,0
1,body,181.7435760498047,140.9815216064453,0
2,body_back,240.41632080078125,124.16493225097656,0
3,bucket,77.91099548339844,156.77044677734375,0
4,bucket_tip,68.95233917236328,129.7728271484375,0
5,springhinge_arm,90.5723876953125,227.95541381835938,0
6,springhinge_boom,144.68170166015625,195.59432983398438,0
