,name, x, y, z
0,arm,73.73934173583984,195.7816162109375,0
1,body,167.07652282714844,133.12171936035156,0
2,body_back,231.73822021484375,137.2125244140625,0
3,bucket,75.75025939941406,146.79153442382812,0
4,bucket_tip,83.59729766845703,123.69659423828125,0
5,springhinge_arm,67.66555786132812,210.42657470703125,0
6,springhinge_boom,128.71336364746094,190.25941467285156,0
