,name, x, y, z
0,arm,95.24690246582031,207.4404296875,0
1,body,181.6858367919922,141.01486206054688,0
2,body_back,240.5404510498047,124.43602752685547,0
3,bucket,78.12223815917969,155.35691833496094,0
4,bucket_tip,69.35303497314453,128.5483856201172,0
5,springhinge_arm,89.32366180419922,227.9559326171875,0
6,springhinge_boom,144.53863525390625,195.615478515625,0
