,name, x, y, z
0,arm,94.77061462402344,207.4302520751953,0
1,body,181.70794677734375,141.0148468017578,0
2,body_back,240.59446716308594,124.56546020507812,0
3,bucket,78.07856750488281,154.7182159423828,0
4,bucket_tip,69.30721282958984,127.98970031738281,0
5,springhinge_arm,88.68714141845703,227.9114990234375,0
6,springhinge_boom,144.45318603515625,195.59036254882812,0
