,name, x, y, z
0,arm,94.258544921875,207.37948608398438,0
1,body,181.77157592773438,141.01467895507812,0
2,body_back,240.64437866210938,124.68942260742188,0
3,bucket,77.95193481445312,154.12966918945312,0
4,bucket_tip,69.17337799072266,127.46936798095703,0
5,springhinge_arm,88.04956817626953,227.78269958496094,0
6,springhinge_boom,144.3592071533203,195.51783752441406,0
