,name, x, y, z
0,arm,93.71778869628906,207.2532958984375,0
1,body,181.87277221679688,141.0142364501953,0
2,body_back,240.6912841796875,124.8075180053711,0
3,bucket,77.74885559082031,153.588623046875,0
4,bucket_tip,68.95697021484375,126.98576354980469,0
5,springhinge_arm,87.41676330566406,227.5762481689453,0
6,springhinge_boom,144.25782775878906,195.4020233154297,0
