,name, x, y, z
0,arm,93.15690612792969,207.05780029296875,0
1,body,182.00747680664062,141.0133819580078,0
2,body_back,240.736328125,124.91934204101562,0
3,bucket,77.47581481933594,153.09249877929688,0
4,bucket_tip,68.6634292602539,126.53726959228516,0
5,springhinge_arm,86.79450225830078,227.2989501953125,0
6,springhinge_boom,144.15017700195312,195.24710083007812,0
