,name, x, y, z
0,arm,92.58435821533203,206.7991180419922,0
1,body,182.17173767089844,141.011962890625,0
2,body_back,240.7806396484375,125.0245132446289,0
3,bucket,77.13934326171875,152.6385955810547,0
4,bucket_tip,68.29820251464844,126.12226104736328,0
5,springhinge_arm,86.18866729736328,226.95753479003906,0
6,springhinge_boom,144.037353515625,195.05722045898438,0
