,name, x, y, z
0,arm,92.00872039794922,206.4833526611328,0
1,body,182.36155700683594,141.0098419189453,0
2,body_back,240.82534790039062,125.12261199951172,0
3,bucket,76.74594116210938,152.22434997558594,0
4,bucket_tip,67.86672973632812,125.73912048339844,0
5,springhinge_arm,85.60502624511719,226.5587158203125,0
6,springhinge_boom,143.92047119140625,194.8365020751953,0
