,name, x, y, z
0,arm,91.4384536743164,206.11666870117188,0
1,body,182.5728759765625,141.0068817138672,0
2,body_back,240.87155151367188,125.2132568359375,0
3,bucket,76.30213165283203,151.84710693359375,0
4,bucket_tip,67.37444305419922,125.38621520996094,0
5,springhinge_arm,85.04936981201172,226.10931396484375,0
6,springhinge_boom,143.80068969726562,194.589111328125,0
