,name, x, y, z
0,arm,90.3481674194336,205.25494384765625,0
1,body,183.0442352294922,140.99790954589844,0
2,body_back,240.9730224609375,125.3705825805664,0
3,bucket,75.28933715820312,151.19313049316406,0
4,bucket_tip,66.22919464111328,124.76468658447266,0
5,springhinge_arm,84.04532623291016,225.0855712890625,0
6,springhinge_boom,143.5567169189453,194.03106689453125,0
