,name, x, y, z
0,arm,89.84513854980469,204.7720947265625,0
1,body,183.29620361328125,140.99159240722656,0
2,body_back,241.0305633544922,125.43647003173828,0
3,bucket,74.7333755493164,150.9111328125,0
4,bucket_tip,65.5871353149414,124.49281311035156,0
5,springhinge_arm,83.60857391357422,224.5247802734375,0
6,springhinge_boom,143.434814453125,193.72866821289062,0
