,name, x, y, z
0,arm,89.38157653808594,204.2628173828125,0
1,body,183.55374145507812,140.98388671875,0
2,body_back,241.0941162109375,125.49331665039062,0
3,bucket,74.15304565429688,150.65562438964844,0
4,bucket_tip,64.906005859375,124.24470520019531,0
5,springhinge_arm,83.22306060791016,223.94032287597656,0
6,springhinge_boom,143.31443786621094,193.41624450683594,0
