,name, x, y, z
0,arm,88.96597290039062,203.73318481445312,0
1,body,183.81283569335938,140.9746551513672,0
2,body_back,241.16481018066406,125.54071807861328,0
3,bucket,73.55487060546875,150.42398071289062,0
4,bucket_tip,64.19129180908203,124.01875305175781,0
5,springhinge_arm,82.89462280273438,223.33901977539062,0
6,springhinge_boom,143.1967010498047,193.0979461669922,0
