,name, x, y, z
0,arm,88.60684204101562,203.18931579589844,0
1,body,184.06948852539062,140.96372985839844,0
2,body_back,241.24378967285156,125.5782699584961,0
3,bucket,72.94535827636719,150.2135772705078,0
4,bucket_tip,63.44839096069336,123.81332397460938,0
5,springhinge_arm,82.62903594970703,222.72756958007812,0
6,springhinge_boom,143.08274841308594,192.77792358398438,0
