,name, x, y, z
0,arm,88.31269073486328,202.63735961914062,0
1,body,184.31968688964844,140.95098876953125,0
2,body_back,241.33216857910156,125.6055908203125,0
3,bucket,72.33100891113281,150.0217742919922,0
4,bucket_tip,62.68279266357422,123.62681579589844,0
5,springhinge_arm,82.43214416503906,222.1127166748047,0
6,springhinge_boom,142.97366333007812,192.46034240722656,0
