,name, x, y, z
0,arm,88.09205627441406,202.08340454101562,0
1,body,184.5594482421875,140.93630981445312,0
2,body_back,241.4310760498047,125.62227630615234,0
3,bucket,71.7183609008789,149.84596252441406,0
4,bucket_tip,61.89986801147461,123.45758056640625,0
5,springhinge_arm,82.30973815917969,221.5012664794922,0
6,springhinge_boom,142.87059020996094,192.1493377685547,0
