,name, x, y, z
0,arm,87.95340728759766,201.5335693359375,0
1,body,184.78475952148438,140.9195098876953,0
2,body_back,241.54164123535156,125.62792205810547,0
3,bucket,71.1138916015625,149.68348693847656,0
4,bucket_tip,61.10512161254883,123.30403137207031,0
5,springhinge_arm,82.26764678955078,220.89991760253906,0
6,springhinge_boom,142.77462768554688,191.84909057617188,0
