,name, x, y, z
0,arm,87.9052963256836,200.99400329589844,0
1,body,184.9924774169922,140.89178466796875,0
2,body_back,241.66452026367188,125.6263198852539,0
3,bucket,70.52276611328125,149.53179931640625,0
4,bucket_tip,60.30284118652344,123.16463470458984,0
5,springhinge_arm,82.29327392578125,220.31393432617188,0
6,springhinge_boom,142.6865234375,191.56280517578125,0
