,name, x, y, z
0,arm,87.90875244140625,200.46942138671875,0
1,body,185.1826934814453,140.84521484375,0
2,body_back,241.79843139648438,125.62138366699219,0
3,bucket,69.94456481933594,149.3885040283203,0
4,bucket_tip,59.4926643371582,123.0382080078125,0
5,springhinge_arm,82.36713409423828,219.74269104003906,0
6,springhinge_boom,142.6055145263672,191.29002380371094,0
