,name, x, y, z
0,arm,87.91866302490234,199.9590301513672,0
1,body,185.3563690185547,140.78114318847656,0
2,body_back,241.94163513183594,125.61290740966797,0
3,bucket,69.3775405883789,149.2512664794922,0
4,bucket_tip,58.67317581176758,122.92371368408203,0
5,springhinge_arm,82.48462677001953,219.18405151367188,0
6,springhinge_boom,142.530517578125,191.02932739257812,0
