,name, x, y, z
0,arm,87.95513153076172,198.97227478027344,0
1,body,185.65792846679688,140.6058349609375,0
2,body_back,242.24893188476562,125.58454132080078,0
3,bucket,68.26983642578125,148.98558044433594,0
4,bucket_tip,57.000274658203125,122.72618103027344,0
5,springhinge_arm,82.83222961425781,218.09591674804688,0
6,springhinge_boom,142.3938751220703,190.5385284423828,0
