,name, x, y, z
0,arm,87.98033905029297,198.49147033691406,0
1,body,185.78770446777344,140.49725341796875,0
2,body_back,242.40951538085938,125.56424713134766,0
3,bucket,67.7256088256836,148.8524932861328,0
4,bucket_tip,56.1439323425293,122.64102935791016,0
5,springhinge_arm,83.05319213867188,217.56214904785156,0
6,springhinge_boom,142.33001708984375,190.30560302734375,0
