,name, x, y, z
0,arm,88.041259765625,197.5443572998047,0
1,body,186.010009765625,140.24493408203125,0
2,body_back,242.73583984375,125.51044464111328,0
3,bucket,66.64749145507812,148.57411193847656,0
4,bucket_tip,54.38420104980469,122.49258422851562,0
5,springhinge_arm,83.56651306152344,216.5045166015625,0
6,springhinge_boom,142.20553588867188,189.85768127441406,0
