,name, x, y, z
0,arm,88.07563781738281,197.0736541748047,0
1,body,186.1044464111328,140.1038360595703,0
2,body_back,242.8981170654297,125.47653198242188,0
3,bucket,66.11006164550781,148.42416381835938,0
4,bucket_tip,53.47783660888672,122.42716217041016,0
5,springhinge_arm,83.84974670410156,215.9763946533203,0
6,springhinge_boom,142.14266967773438,189.63987731933594,0
