,name, x, y, z
0,arm,88.1117172241211,196.60198974609375,0
1,body,186.1890106201172,139.95457458496094,0
2,body_back,243.0574188232422,125.43767547607422,0
3,bucket,65.57133483886719,148.263916015625,0
4,bucket_tip,52.5518798828125,122.36618041992188,0
5,springhinge_arm,84.14457702636719,215.44580078125,0
6,springhinge_boom,142.077880859375,189.4242706298828,0
