,name, x, y, z
0,arm,88.14879608154297,196.12718200683594,0
1,body,186.2646484375,139.79847717285156,0
2,body_back,243.21205139160156,125.3936767578125,0
3,bucket,65.02955627441406,148.09103393554688,0
4,bucket_tip,51.60482406616211,122.30856323242188,0
5,springhinge_arm,84.44642639160156,214.9106903076172,0
6,springhinge_boom,142.01002502441406,189.20944213867188,0
