,name, x, y, z
0,arm,88.18623352050781,195.64707946777344,0
1,body,186.3323211669922,139.63685607910156,0
2,body_back,243.3602294921875,125.3443374633789,0
3,bucket,64.48292541503906,147.90321350097656,0
4,bucket_tip,50.63522720336914,122.25326538085938,0
5,springhinge_arm,84.75072479248047,214.36888122558594,0
6,springhinge_boom,141.93798828125,188.99403381347656,0
