,name, x, y, z
0,arm,88.22333526611328,195.15943908691406,0
1,body,186.39295959472656,139.4710693359375,0
2,body_back,243.50025939941406,125.28945922851562,0
3,bucket,63.92967224121094,147.69808959960938,0
4,bucket_tip,49.64162826538086,122.1991958618164,0
5,springhinge_arm,85.05290985107422,213.8182373046875,0
6,springhinge_boom,141.86065673828125,188.77662658691406,0
