,name, x, y, z
0,arm,64.4065933227539,199.69432067871094,0
1,body,160.458251953125,145.29058837890625,0
2,body_back,218.6862030029297,145.2909698486328,0
3,bucket,86.93112182617188,157.61643981933594,0
4,bucket_tip,97.55652618408203,127.86529541015625,0
5,springhinge_arm,49.95469665527344,209.46844482421875,0
6,springhinge_boom,117.53229522705078,195.44290161132812,0
