,name, x, y, z
0,arm,61.54399871826172,202.74951171875,0
1,body,158.0770721435547,141.7513885498047,0
2,body_back,213.88746643066406,141.2271270751953,0
3,bucket,84.82150268554688,159.2803955078125,0
4,bucket_tip,97.85069274902344,127.5778579711914,0
5,springhinge_arm,45.67362594604492,213.84860229492188,0
6,springhinge_boom,116.69075775146484,195.22080993652344,0
