,name, x, y, z
0,arm,72.98052978515625,195.4029998779297,0
1,body,168.2576141357422,132.9784393310547,0
2,body_back,232.54220581054688,137.2515411376953,0
3,bucket,75.6044921875,146.2546844482422,0
4,bucket_tip,85.24011993408203,123.71621704101562,0
5,springhinge_arm,66.47140502929688,210.05030822753906,0
6,springhinge_boom,128.2268829345703,190.1223907470703,0
