,name, x, y, z
0,arm,88.25940704345703,194.6621856689453,0
1,body,186.44752502441406,139.3024444580078,0
2,body_back,243.6303253173828,125.22882843017578,0
3,bucket,63.36800765991211,147.4733428955078,0
4,bucket_tip,48.6225471496582,122.14530181884766,0
5,springhinge_arm,85.34838104248047,213.25662231445312,0
6,springhinge_boom,141.77688598632812,188.55577087402344,0
