,name, x, y, z
0,arm,88.29376983642578,194.15309143066406,0
1,body,186.49697875976562,139.13229370117188,0
2,body_back,243.7487335205078,125.1622543334961,0
3,bucket,62.79618453979492,147.2266082763672,0
4,bucket_tip,47.57652282714844,122.09049987792969,0
5,springhinge_arm,85.63258361816406,212.68186950683594,0
6,springhinge_boom,141.68551635742188,188.330078125,0
