,name, x, y, z
0,arm,88.32576751708984,193.6300048828125,0
1,body,186.54226684570312,138.96197509765625,0
2,body_back,243.8537139892578,125.08953094482422,0
3,bucket,62.21238708496094,146.95559692382812,0
4,bucket_tip,46.50205612182617,122.03373718261719,0
5,springhinge_arm,85.90090942382812,212.09185791015625,0
6,springhinge_boom,141.58547973632812,188.09815979003906,0
