,name, x, y, z
0,arm,88.35470581054688,193.0907440185547,0
1,body,186.58433532714844,138.7928009033203,0
2,body_back,243.9435272216797,125.01046752929688,0
3,bucket,61.6148681640625,146.65794372558594,0
4,bucket_tip,45.39773941040039,121.97393798828125,0
5,springhinge_arm,86.1488037109375,211.4844512939453,0
6,springhinge_boom,141.47560119628906,187.85855102539062,0
