,name, x, y, z
0,arm,88.3799057006836,192.53318786621094,0
1,body,186.6241455078125,138.62612915039062,0
2,body_back,244.01641845703125,124.92485809326172,0
3,bucket,61.00184631347656,146.33131408691406,0
4,bucket_tip,44.26203918457031,121.91004943847656,0
5,springhinge_arm,86.37169647216797,210.85748291015625,0
6,springhinge_boom,141.3547821044922,187.6099090576172,0
