,name, x, y, z
0,arm,88.40068817138672,191.95510864257812,0
1,body,186.66262817382812,138.46327209472656,0
2,body_back,244.07066345214844,124.8324966430664,0
3,bucket,60.37153244018555,145.97340393066406,0
4,bucket_tip,43.09355545043945,121.84097290039062,0
5,springhinge_arm,86.56500244140625,210.20884704589844,0
6,springhinge_boom,141.2218780517578,187.35076904296875,0
