,name, x, y, z
0,arm,88.41636657714844,191.35438537597656,0
1,body,186.7007598876953,138.30555725097656,0
2,body_back,244.10447692871094,124.73318481445312,0
3,bucket,59.72214889526367,145.5818328857422,0
4,bucket_tip,41.890750885009766,121.76567077636719,0
5,springhinge_arm,86.72412109375,209.53636169433594,0
6,springhinge_boom,141.07574462890625,187.07974243164062,0
