,name, x, y, z
0,arm,88.42628479003906,190.7288055419922,0
1,body,186.73947143554688,138.15432739257812,0
2,body_back,244.1161346435547,124.62672424316406,0
3,bucket,59.05191421508789,145.15428161621094,0
4,bucket_tip,40.6522102355957,121.68305969238281,0
5,springhinge_arm,86.84452819824219,208.83792114257812,0
6,springhinge_boom,140.91526794433594,186.79544067382812,0
