,name, x, y, z
0,arm,88.42973327636719,190.07623291015625,0
1,body,186.80081176757812,138.01202392578125,0
2,body_back,244.13607788085938,124.51448822021484,0
3,bucket,58.3812255859375,144.69085693359375,0
4,bucket_tip,39.399017333984375,121.59369659423828,0
5,springhinge_arm,86.95687103271484,208.11346435546875,0
6,springhinge_boom,140.76104736328125,186.49822998046875,0
