,name, x, y, z
0,arm,88.4363021850586,189.39657592773438,0
1,body,186.9038848876953,137.87997436523438,0
2,body_back,244.19395446777344,124.39852142333984,0
3,bucket,57.7319221496582,144.19566345214844,0
4,bucket_tip,38.155330657958984,121.49909973144531,0
5,springhinge_arm,87.09381866455078,207.36575317382812,0
6,springhinge_boom,140.63340759277344,186.19003295898438,0
