,name, x, y, z
0,arm,72.62103271484375,195.3131561279297,0
1,body,168.6175537109375,132.947998046875,0
2,body_back,232.74388122558594,137.26351928710938,0
3,bucket,75.42507934570312,146.0885772705078,0
4,bucket_tip,85.79132080078125,123.7255630493164,0
5,springhinge_arm,65.89700317382812,209.96998596191406,0
6,springhinge_boom,127.90819549560547,190.0934295654297,0
