,name, x, y, z
0,arm,88.4555892944336,188.69248962402344,0
1,body,187.04519653320312,137.7578125,0
2,body_back,244.28662109375,124.27960968017578,0
3,bucket,57.10431671142578,143.6724395751953,0
4,bucket_tip,36.924163818359375,121.3995590209961,0
5,springhinge_arm,87.25350952148438,206.59678649902344,0
6,springhinge_boom,140.53062438964844,185.87179565429688,0
