,name, x, y, z
0,arm,88.48693084716797,187.9659423828125,0
1,body,187.22125244140625,137.64511108398438,0
2,body_back,244.41102600097656,124.15855407714844,0
3,bucket,56.4986572265625,143.12493896484375,0
4,bucket_tip,35.708518981933594,121.29540252685547,0
5,springhinge_arm,87.43413543701172,205.8086395263672,0
6,springhinge_boom,140.4510040283203,185.54441833496094,0
