,name, x, y, z
0,arm,88.52957916259766,187.2188720703125,0
1,body,187.42860412597656,137.54159545898438,0
2,body_back,244.56414794921875,124.03621673583984,0
3,bucket,55.915348052978516,142.55694580078125,0
4,bucket_tip,34.511505126953125,121.18699645996094,0
5,springhinge_arm,87.63392639160156,205.00338745117188,0
6,springhinge_boom,140.3929443359375,185.2089385986328,0
