,name, x, y, z
0,arm,88.58296966552734,186.45323181152344,0
1,body,187.66368103027344,137.44688415527344,0
2,body_back,244.7427978515625,123.91339874267578,0
3,bucket,55.354618072509766,141.97219848632812,0
4,bucket_tip,33.33607864379883,121.07466125488281,0
5,springhinge_arm,87.85105895996094,204.18310546875,0
6,springhinge_boom,140.35472106933594,184.86622619628906,0
