,name, x, y, z
0,arm,88.64633178710938,185.6710205078125,0
1,body,187.92311096191406,137.36058044433594,0
2,body_back,244.94403076171875,123.79088592529297,0
3,bucket,54.81686782836914,141.37440490722656,0
4,bucket_tip,32.18534469604492,120.95868682861328,0
5,springhinge_arm,88.0837631225586,203.34976196289062,0
6,springhinge_boom,140.33477783203125,184.5171661376953,0
