,name, x, y, z
0,arm,88.71905517578125,184.87413024902344,0
1,body,188.2033233642578,137.2823028564453,0
2,body_back,245.16465759277344,123.66947937011719,0
3,bucket,54.30234909057617,140.76734924316406,0
4,bucket_tip,31.062274932861328,120.83940124511719,0
5,springhinge_arm,88.33015441894531,202.5054168701172,0
6,springhinge_boom,140.331298828125,184.1627960205078,0
