,name, x, y, z
0,arm,88.80040740966797,184.06455993652344,0
1,body,188.5009002685547,137.21176147460938,0
2,body_back,245.40174865722656,123.55005645751953,0
3,bucket,53.81143569946289,140.15478515625,0
4,bucket_tip,29.970008850097656,120.7171859741211,0
5,springhinge_arm,88.58855438232422,201.65220642089844,0
6,springhinge_boom,140.3427734375,183.80398559570312,0
