,name, x, y, z
0,arm,88.8897933959961,183.24427795410156,0
1,body,188.81228637695312,137.14852905273438,0
2,body_back,245.65208435058594,123.43336486816406,0
3,bucket,53.344390869140625,139.54046630859375,0
4,bucket_tip,28.91147232055664,120.59232330322266,0
5,springhinge_arm,88.85702514648438,200.7921142578125,0
6,springhinge_boom,140.36740112304688,183.44171142578125,0
