,name, x, y, z
0,arm,88.98648071289062,182.41519165039062,0
1,body,189.1341094970703,137.09226989746094,0
2,body_back,245.9127197265625,123.32024383544922,0
3,bucket,52.901607513427734,138.92813110351562,0
4,bucket_tip,27.889806747436523,120.46514892578125,0
5,springhinge_arm,89.1338882446289,199.92718505859375,0
6,springhinge_boom,140.4036407470703,183.07687377929688,0
