,name, x, y, z
0,arm,72.19937896728516,195.24356079101562,0
1,body,168.95294189453125,132.92808532714844,0
2,body_back,232.90289306640625,137.27516174316406,0
3,bucket,75.16867065429688,145.92933654785156,0
4,bucket_tip,86.33853149414062,123.73577880859375,0
5,springhinge_arm,65.22154235839844,209.9142303466797,0
6,springhinge_boom,127.4979019165039,190.07464599609375,0
