,name, x, y, z
0,arm,89.31373596191406,179.8948974609375,0
1,body,190.1268310546875,136.96156311035156,0
2,body_back,246.72528076171875,123.01042938232422,0
3,bucket,51.721649169921875,137.14053344726562,0
4,bucket_tip,25.076032638549805,120.07303619384766,0
5,springhinge_arm,89.9964370727539,197.3240203857422,0
6,springhinge_boom,140.56497192382812,181.97650146484375,0
