,name, x, y, z
0,arm,89.4329605102539,179.05032348632812,0
1,body,190.45521545410156,136.92950439453125,0
2,body_back,246.99612426757812,122.91970825195312,0
3,bucket,51.37883377075195,136.57363891601562,0
4,bucket_tip,24.231952667236328,119.93990325927734,0
5,springhinge_arm,90.28858947753906,196.46031188964844,0
6,springhinge_boom,140.63072204589844,181.61087036132812,0
