,name, x, y, z
0,arm,89.55611419677734,178.2067108154297,0
1,body,190.77658081054688,136.90255737304688,0
2,body_back,247.2618865966797,122.83660125732422,0
3,bucket,51.0618782043457,136.02748107910156,0
4,bucket_tip,23.43996810913086,119.80608367919922,0
5,springhinge_arm,90.5801010131836,195.60202026367188,0
6,springhinge_boom,140.69976806640625,181.24734497070312,0
