,name, x, y, z
0,arm,89.68256378173828,177.36605834960938,0
1,body,191.08741760253906,136.88038635253906,0
2,body_back,247.51943969726562,122.76194763183594,0
3,bucket,50.77104568481445,135.50582885742188,0
4,bucket_tip,22.7029972076416,119.67191314697266,0
5,springhinge_arm,90.86912536621094,194.75123596191406,0
6,springhinge_boom,140.77037048339844,180.8869171142578,0
