,name, x, y, z
0,arm,89.81163787841797,176.53033447265625,0
1,body,191.38421630859375,136.86265563964844,0
2,body_back,247.76573181152344,122.69657897949219,0
3,bucket,50.50662612915039,135.01242065429688,0
4,bucket_tip,22.02411651611328,119.53776550292969,0
5,springhinge_arm,91.15386199951172,193.91000366210938,0
6,springhinge_boom,140.84088134765625,180.53053283691406,0
