,name, x, y, z
0,arm,90.07483673095703,174.88150024414062,0
1,body,191.9218292236328,136.83892822265625,0
2,body_back,248.21221923828125,122.59680938720703,0
3,bucket,50.05835723876953,134.1252899169922,0
4,bucket_tip,20.85274314880371,119.27067565917969,0
5,springhinge_arm,91.70331573486328,192.26431274414062,0
6,springhinge_boom,140.9749298095703,179.83351135253906,0
