,name, x, y, z
0,arm,90.2076644897461,174.07228088378906,0
1,body,192.15562438964844,136.83221435546875,0
2,body_back,248.4062957763672,122.56404876708984,0
3,bucket,49.87512969970703,133.73910522460938,0
4,bucket_tip,20.366315841674805,119.13839721679688,0
5,springhinge_arm,91.96437072753906,191.4639434814453,0
6,springhinge_boom,141.03512573242188,179.49473571777344,0
