,name, x, y, z
0,arm,90.34038543701172,173.2758026123047,0
1,body,192.3614959716797,136.8284454345703,0
2,body_back,248.57681274414062,122.54379272460938,0
3,bucket,49.7196159362793,133.39613342285156,0
4,bucket_tip,19.950143814086914,119.00740814208984,0
5,springhinge_arm,92.21397399902344,190.68130493164062,0
6,springhinge_boom,141.088623046875,179.1637420654297,0
