,name, x, y, z
0,arm,71.71038055419922,195.19546508789062,0
1,body,169.25914001464844,132.91976928710938,0
2,body_back,233.01348876953125,137.28651428222656,0
3,bucket,74.82833099365234,145.77720642089844,0
4,bucket_tip,86.87828826904297,123.74652862548828,0
5,springhinge_arm,64.43721771240234,209.88433837890625,0
6,springhinge_boom,126.98797607421875,190.06700134277344,0
