,name, x, y, z
0,arm,90.47234344482422,172.4940185546875,0
1,body,192.53598022460938,136.82728576660156,0
2,body_back,248.72073364257812,122.53688049316406,0
3,bucket,49.5921630859375,133.10018920898438,0
4,bucket_tip,19.607257843017578,118.87806701660156,0
5,springhinge_arm,92.45030975341797,189.91848754882812,0
6,springhinge_boom,141.1337127685547,178.84146118164062,0
