,name, x, y, z
0,arm,90.60287475585938,171.72891235351562,0
1,body,192.67709350585938,136.84068298339844,0
2,body_back,248.87474060058594,122.54167938232422,0
3,bucket,49.492305755615234,132.8543701171875,0
4,bucket_tip,19.338491439819336,118.75175476074219,0
5,springhinge_arm,92.68801879882812,189.1776123046875,0
6,springhinge_boom,141.16949462890625,178.52972412109375,0
