,name, x, y, z
0,arm,90.80530548095703,170.2545166015625,0
1,body,192.87913513183594,136.93728637695312,0
2,body_back,249.31646728515625,122.57992553710938,0
3,bucket,49.36167526245117,132.49073791503906,0
4,bucket_tip,18.989822387695312,118.5075912475586,0
5,springhinge_arm,93.2122802734375,187.74777221679688,0
6,springhinge_boom,141.22357177734375,177.9357452392578,0
