,name, x, y, z
0,arm,90.87301635742188,169.54022216796875,0
1,body,192.95236206054688,137.01351928710938,0
2,body_back,249.5956268310547,122.61325073242188,0
3,bucket,49.32298278808594,132.35662841796875,0
4,bucket_tip,18.88992691040039,118.38684844970703,0
5,springhinge_arm,93.49690246582031,187.0478057861328,0
6,springhinge_boom,141.24827575683594,177.64964294433594,0
