,name, x, y, z
0,arm,90.9264907836914,168.83631896972656,0
1,body,193.01522827148438,137.10372924804688,0
2,body_back,249.90789794921875,122.65596771240234,0
3,bucket,49.29669189453125,132.24343872070312,0
4,bucket_tip,18.826305389404297,118.26509094238281,0
5,springhinge_arm,93.79518127441406,186.3505096435547,0
6,springhinge_boom,141.2755889892578,177.3682098388672,0
