,name, x, y, z
0,arm,90.97173309326172,168.13906860351562,0
1,body,193.07382202148438,137.20440673828125,0
2,body_back,250.24893188476562,122.7080078125,0
3,bucket,49.278804779052734,132.14303588867188,0
4,bucket_tip,18.788841247558594,118.14087677001953,0
5,springhinge_arm,94.1061019897461,185.65037536621094,0
6,springhinge_boom,141.30873107910156,177.0895233154297,0
