,name, x, y, z
0,arm,91.01477813720703,167.44483947753906,0
1,body,193.13438415527344,137.31207275390625,0
2,body_back,250.6145782470703,122.76933288574219,0
3,bucket,49.265419006347656,132.04727172851562,0
4,bucket_tip,18.767684936523438,118.01275634765625,0
5,springhinge_arm,94.42877960205078,184.94190979003906,0
6,springhinge_boom,141.35093688964844,176.8115997314453,0
