,name, x, y, z
0,arm,91.06171417236328,166.7499237060547,0
1,body,193.20297241210938,137.42323303222656,0
2,body_back,251.00042724609375,122.83985900878906,0
3,bucket,49.25247573852539,131.94798278808594,0
4,bucket_tip,18.75264549255371,117.87930297851562,0
5,springhinge_arm,94.76211547851562,184.21963500976562,0
6,springhinge_boom,141.4052734375,176.53256225585938,0
