,name, x, y, z
0,arm,91.1185302734375,166.05064392089844,0
1,body,193.28578186035156,137.5343780517578,0
2,body_back,251.40223693847656,122.9195556640625,0
3,bucket,49.23603057861328,131.83702087402344,0
4,bucket_tip,18.73391342163086,117.73906707763672,0
5,springhinge_arm,95.10521697998047,183.47802734375,0
6,springhinge_boom,141.47503662109375,176.25042724609375,0
