,name, x, y, z
0,arm,71.148681640625,195.170166015625,0
1,body,169.53150939941406,132.92417907714844,0
2,body_back,233.06996154785156,137.29771423339844,0
3,bucket,74.39701843261719,145.6324920654297,0
4,bucket_tip,87.40704345703125,123.75749969482422,0
5,springhinge_arm,63.53622055053711,209.88153076171875,0
6,springhinge_boom,126.37034606933594,190.07167053222656,0
