,name, x, y, z
0,arm,91.19132232666016,165.34332275390625,0
1,body,193.38893127441406,137.6420440673828,0
2,body_back,251.81570434570312,123.00833129882812,0
3,bucket,49.21210861206055,131.70623779296875,0
4,bucket_tip,18.701292037963867,117.5905990600586,0
5,springhinge_arm,95.45704650878906,182.7115936279297,0
6,springhinge_boom,141.56338500976562,175.96327209472656,0
