,name, x, y, z
0,arm,91.28609466552734,164.624267578125,0
1,body,193.5185546875,137.74273681640625,0
2,body_back,252.23654174804688,123.10615539550781,0
3,bucket,49.176719665527344,131.54750061035156,0
4,bucket_tip,18.64483070373535,117.43248748779297,0
5,springhinge_arm,95.81664276123047,181.9148712158203,0
6,springhinge_boom,141.67344665527344,175.6691436767578,0
