,name, x, y, z
0,arm,91.4089126586914,163.88983154296875,0
1,body,193.68077087402344,137.83294677734375,0
2,body_back,252.66038513183594,123.21295928955078,0
3,bucket,49.125850677490234,131.35264587402344,0
4,bucket_tip,18.554534912109375,117.26326751708984,0
5,springhinge_arm,96.1830062866211,181.0823516845703,0
6,springhinge_boom,141.80841064453125,175.3661346435547,0
