,name, x, y, z
0,arm,91.5657730102539,163.1362762451172,0
1,body,193.88180541992188,137.9091796875,0
2,body_back,253.08309936523438,123.32867431640625,0
3,bucket,49.05560302734375,131.11349487304688,0
4,bucket_tip,18.420391082763672,117.08151245117188,0
5,springhinge_arm,96.5551986694336,180.20852661132812,0
6,springhinge_boom,141.97154235839844,175.05226135253906,0
