,name, x, y, z
0,arm,91.76280975341797,162.35997009277344,0
1,body,194.127685546875,137.9679718017578,0
2,body_back,253.500244140625,123.45325469970703,0
3,bucket,48.96188735961914,130.82192993164062,0
4,bucket_tip,18.232345581054688,116.88577270507812,0
5,springhinge_arm,96.93218994140625,179.28793334960938,0
6,springhinge_boom,142.1659393310547,174.72560119628906,0
