,name, x, y, z
0,arm,92.00595092773438,161.55722045898438,0
1,body,194.42466735839844,138.00579833984375,0
2,body_back,253.90760803222656,123.58663940429688,0
3,bucket,48.84083557128906,130.4698028564453,0
4,bucket_tip,17.98043441772461,116.67461395263672,0
5,springhinge_arm,97.31303405761719,178.31504821777344,0
6,springhinge_boom,142.3948516845703,174.3842315673828,0
