,name, x, y, z
0,arm,92.30135345458984,160.72433471679688,0
1,body,194.77880859375,138.01918029785156,0
2,body_back,254.30087280273438,123.72877502441406,0
3,bucket,48.68839645385742,130.04893493652344,0
4,bucket_tip,17.654619216918945,116.44660186767578,0
5,springhinge_arm,97.69671630859375,177.28439331054688,0
6,springhinge_boom,142.66139221191406,174.0261993408203,0
