,name, x, y, z
0,arm,92.65499114990234,159.8576202392578,0
1,body,195.1665496826172,138.19589233398438,0
2,body_back,254.4295654296875,124.07865142822266,0
3,bucket,48.6361083984375,129.74856567382812,0
4,bucket_tip,17.41179084777832,116.41339111328125,0
5,springhinge_arm,98.16069793701172,176.3167266845703,0
6,springhinge_boom,142.9225311279297,173.77537536621094,0
