,name, x, y, z
0,arm,93.65652465820312,158.58897399902344,0
1,body,195.57174682617188,139.28982543945312,0
2,body_back,253.51889038085938,125.67901611328125,0
3,bucket,49.06008529663086,129.9046173095703,0
4,bucket_tip,17.497652053833008,117.2783432006836,0
5,springhinge_arm,99.43795776367188,174.8896942138672,0
6,springhinge_boom,143.30410766601562,173.82684326171875,0
