,name, x, y, z
0,arm,94.27359771728516,158.26829528808594,0
1,body,195.56593322753906,140.02621459960938,0
2,body_back,252.728515625,126.71656799316406,0
3,bucket,49.41862106323242,130.23101806640625,0
4,bucket_tip,17.711246490478516,117.97997283935547,0
5,springhinge_arm,100.16920471191406,174.3861541748047,0
6,springhinge_boom,143.43405151367188,174.02981567382812,0
