,name, x, y, z
0,arm,94.91893768310547,158.09738159179688,0
1,body,195.4876251220703,140.7829132080078,0
2,body_back,251.8768310546875,127.77615356445312,0
3,bucket,49.7982292175293,130.6371307373047,0
4,bucket_tip,17.962678909301758,118.73350524902344,0
5,springhinge_arm,100.91124725341797,173.98898315429688,0
6,springhinge_boom,143.53099060058594,174.2852783203125,0
