,name, x, y, z
0,arm,95.55840301513672,158.03062438964844,0
1,body,195.3860321044922,141.4849090576172,0
2,body_back,251.0790252685547,128.7624053955078,0
3,bucket,50.14458465576172,131.06153869628906,0
4,bucket_tip,18.19766616821289,119.4486083984375,0
5,springhinge_arm,101.62973022460938,173.67172241210938,0
6,springhinge_boom,143.6009979248047,174.5461883544922,0
