,name, x, y, z
0,arm,96.16067504882812,158.02296447753906,0
1,body,195.30882263183594,142.06143188476562,0
2,body_back,250.44497680664062,129.58517456054688,0
3,bucket,50.40556335449219,131.44554138183594,0
4,bucket_tip,18.363750457763672,120.03929138183594,0
5,springhinge_arm,102.29312133789062,173.40771484375,0
6,springhinge_boom,143.65011596679688,174.767333984375,0
