,name, x, y, z
0,arm,96.69695281982422,158.03057861328125,0
1,body,195.30224609375,142.4451141357422,0
2,body_back,250.08094787597656,130.15794372558594,0
3,bucket,50.530677795410156,131.7327880859375,0
4,bucket_tip,18.409883499145508,120.42264556884766,0
5,springhinge_arm,102.8722152709961,173.17041015625,0
6,springhinge_boom,143.68423461914062,174.90501403808594,0
