,name, x, y, z
0,arm,97.46455383300781,157.9213104248047,0
1,body,195.68263244628906,142.5628662109375,0
2,body_back,250.374267578125,130.42237854003906,0
3,bucket,50.300113677978516,131.90817260742188,0
4,bucket_tip,18.1151180267334,120.44355773925781,0
5,springhinge_arm,103.7105941772461,172.70716857910156,0
6,springhinge_boom,143.705810546875,174.8540802001953,0
