,name, x, y, z
0,arm,97.69619750976562,157.7936553955078,0
1,body,196.0443115234375,142.57447814941406,0
2,body_back,250.73558044433594,130.42630004882812,0
3,bucket,50.13301086425781,131.9536590576172,0
4,bucket_tip,18.046628952026367,120.3821029663086,0
5,springhinge_arm,104.02413177490234,172.51785278320312,0
6,springhinge_boom,143.65695190429688,174.80174255371094,0
