,name, x, y, z
0,arm,97.88169860839844,157.68655395507812,0
1,body,196.3928680419922,142.58338928222656,0
2,body_back,251.16041564941406,130.41099548339844,0
3,bucket,49.964759826660156,132.0119171142578,0
4,bucket_tip,18.05865478515625,120.33119201660156,0
5,springhinge_arm,104.28520202636719,172.36228942871094,0
6,springhinge_boom,143.5720977783203,174.75831604003906,0
