,name, x, y, z
0,arm,98.02500915527344,157.59825134277344,0
1,body,196.7241668701172,142.5900115966797,0
2,body_back,251.63238525390625,130.38047790527344,0
3,bucket,49.79194641113281,132.0905303955078,0
4,bucket_tip,18.13018035888672,120.28990936279297,0
5,springhinge_arm,104.49901580810547,172.2371826171875,0
6,springhinge_boom,143.46072387695312,174.72303771972656,0
