,name, x, y, z
0,arm,69.76956176757812,196.13787841796875,0
1,body,166.1577606201172,133.3389129638672,0
2,body_back,232.79954528808594,137.1560821533203,0
3,bucket,73.04156494140625,145.4569091796875,0
4,bucket_tip,85.21776580810547,123.7784194946289,0
5,springhinge_arm,61.338096618652344,210.17617797851562,0
6,springhinge_boom,124.76952362060547,190.1482391357422,0
