,name, x, y, z
0,arm,98.13017272949219,157.52703857421875,0
1,body,197.03408813476562,142.5948028564453,0
2,body_back,252.1350555419922,130.3388671875,0
3,bucket,49.611167907714844,132.19711303710938,0
4,bucket_tip,18.240177154541016,120.25740814208984,0
5,springhinge_arm,104.67088317871094,172.13938903808594,0
6,springhinge_boom,143.33221435546875,174.6951904296875,0
