,name, x, y, z
0,arm,98.20109558105469,157.47122192382812,0
1,body,197.3184814453125,142.59820556640625,0
2,body_back,252.6520538330078,130.2902374267578,0
3,bucket,49.419029235839844,132.33926391601562,0
4,bucket_tip,18.36766242980957,120.2327880859375,0
5,springhinge_arm,104.80603790283203,172.06570434570312,0
6,springhinge_boom,143.19601440429688,174.674072265625,0
