,name, x, y, z
0,arm,98.25618743896484,157.39889526367188,0
1,body,197.79408264160156,142.60260009765625,0
2,body_back,253.66329956054688,130.188232421875,0
3,bucket,48.98695755004883,132.76072692871094,0
4,bucket_tip,18.590803146362305,120.20362854003906,0
5,springhinge_arm,104.98719024658203,171.9778594970703,0
6,springhinge_boom,142.93820190429688,174.6491241455078,0
