,name, x, y, z
0,arm,98.24829864501953,157.3789520263672,0
1,body,197.97705078125,142.60447692871094,0
2,body_back,254.124755859375,130.14305114746094,0
3,bucket,48.740234375,133.05523681640625,0
4,bucket_tip,18.644533157348633,120.19734191894531,0
5,springhinge_arm,105.0437240600586,171.95726013183594,0
6,springhinge_boom,142.83546447753906,174.6438446044922,0
