,name, x, y, z
0,arm,98.22212982177734,157.36753845214844,0
1,body,198.11795043945312,142.606689453125,0
2,body_back,254.53492736816406,130.1071319580078,0
3,bucket,48.46852111816406,133.41574096679688,0
4,bucket_tip,18.631622314453125,120.19535827636719,0
5,springhinge_arm,105.08456420898438,171.9479522705078,0
6,springhinge_boom,142.76272583007812,174.64239501953125,0
