,name, x, y, z
0,arm,98.18162536621094,157.3629608154297,0
1,body,198.2126922607422,142.60972595214844,0
2,body_back,254.87742614746094,130.08460998535156,0
3,bucket,48.16845703125,133.84983825683594,0
4,bucket_tip,18.531124114990234,120.19684600830078,0
5,springhinge_arm,105.114990234375,171.94674682617188,0
6,springhinge_boom,142.7294464111328,174.64407348632812,0
