,name, x, y, z
0,arm,98.13078308105469,157.3634796142578,0
1,body,198.25704956054688,142.614013671875,0
2,body_back,255.13572692871094,130.07957458496094,0
3,bucket,47.836524963378906,134.3651580810547,0
4,bucket_tip,18.321958541870117,120.20091247558594,0
5,springhinge_arm,105.14019775390625,171.95040893554688,0
6,springhinge_boom,142.74496459960938,174.64816284179688,0
