,name, x, y, z
0,arm,98.07357025146484,157.3673858642578,0
1,body,198.24945068359375,142.68191528320312,0
2,body_back,255.29937744140625,130.16566467285156,0
3,bucket,47.47092056274414,134.96658325195312,0
4,bucket_tip,17.989315032958984,120.37039947509766,0
5,springhinge_arm,105.16492462158203,172.03330993652344,0
6,springhinge_boom,142.81610107421875,174.70367431640625,0
