,name, x, y, z
0,arm,98.01372528076172,157.4544219970703,0
1,body,198.1982879638672,142.86312866210938,0
2,body_back,255.3811798095703,130.3955841064453,0
3,bucket,47.0759162902832,135.64842224121094,0
4,bucket_tip,17.542884826660156,120.84420776367188,0
5,springhinge_arm,105.19149780273438,172.26072692871094,0
6,springhinge_boom,142.9387664794922,174.85299682617188,0
