,name, x, y, z
0,arm,68.94110870361328,197.49642944335938,0
1,body,164.3946533203125,133.3361053466797,0
2,body_back,232.57554626464844,136.876220703125,0
3,bucket,72.36519622802734,145.4854278564453,0
4,bucket_tip,83.59088897705078,123.62364959716797,0
5,springhinge_arm,60.5732307434082,210.39259338378906,0
6,springhinge_boom,124.24803161621094,190.09548950195312,0
