,name, x, y, z
0,arm,97.9542236328125,157.69520568847656,0
1,body,198.11439514160156,143.1389617919922,0
2,body_back,255.3997802734375,130.7417449951172,0
3,bucket,46.65727233886719,136.40216064453125,0
4,bucket_tip,16.99854850769043,121.58544158935547,0
5,springhinge_arm,105.22171020507812,172.61563110351562,0
6,springhinge_boom,143.1061553955078,175.08522033691406,0
