,name, x, y, z
0,arm,97.84712982177734,158.576416015625,0
1,body,197.89207458496094,143.89968872070312,0
2,body_back,255.32200622558594,131.67276000976562,0
3,bucket,45.772247314453125,138.09165954589844,0
4,bucket_tip,15.679588317871094,123.72261047363281,0
5,springhinge_arm,105.30007934570312,173.64031982421875,0
6,springhinge_boom,143.54808044433594,175.7549591064453,0
