,name, x, y, z
0,arm,97.80496978759766,159.18605041503906,0
1,body,197.775390625,144.3472137451172,0
2,body_back,255.26296997070312,132.20252990722656,0
3,bucket,45.317501068115234,139.01052856445312,0
4,bucket_tip,14.936695098876953,125.04474639892578,0
5,springhinge_arm,105.35182189941406,174.2761688232422,0
6,springhinge_boom,143.80908203125,176.1707763671875,0
