,name, x, y, z
0,arm,97.77406311035156,159.8878173828125,0
1,body,197.66954040527344,144.81455993652344,0
2,body_back,255.2153778076172,132.73841857910156,0
3,bucket,44.86225128173828,139.96759033203125,0
4,bucket_tip,14.159374237060547,126.48672485351562,0
5,springhinge_arm,105.41426849365234,174.9718017578125,0
6,springhinge_boom,144.08775329589844,176.62608337402344,0
