,name, x, y, z
0,arm,97.7571029663086,160.66635131835938,0
1,body,197.58541870117188,145.28306579589844,0
2,body_back,255.19784545898438,133.2529296875,0
3,bucket,44.41231918334961,140.954345703125,0
4,bucket_tip,13.3634614944458,128.0116424560547,0
5,springhinge_arm,105.4892349243164,175.7102508544922,0
6,springhinge_boom,144.37728881835938,177.1100311279297,0
