,name, x, y, z
0,arm,97.75682067871094,161.50624084472656,0
1,body,197.53390502929688,145.73403930664062,0
2,body_back,255.22911071777344,133.71852111816406,0
3,bucket,43.97351837158203,141.96241760253906,0
4,bucket_tip,12.564810752868652,129.58262634277344,0
5,springhinge_arm,105.57845306396484,176.47457885742188,0
6,springhinge_boom,144.6709747314453,177.6117401123047,0
