,name, x, y, z
0,arm,97.77595520019531,162.39212036132812,0
1,body,197.52589416503906,146.1487579345703,0
2,body_back,255.3278045654297,134.10763549804688,0
3,bucket,43.551666259765625,142.98329162597656,0
4,bucket_tip,11.77934455871582,131.16273498535156,0
5,springhinge_arm,105.68375396728516,177.24778747558594,0
6,springhinge_boom,144.96202087402344,178.12037658691406,0
