,name, x, y, z
0,arm,97.8172378540039,163.30853271484375,0
1,body,197.5722198486328,146.50856018066406,0
2,body_back,255.5125732421875,134.39276123046875,0
3,bucket,43.152496337890625,144.00856018066406,0
4,bucket_tip,11.022883415222168,132.71510314941406,0
5,springhinge_arm,105.80686950683594,178.0130157470703,0
6,springhinge_boom,145.24362182617188,178.6250457763672,0
