,name, x, y, z
0,arm,97.88336181640625,164.24014282226562,0
1,body,197.68382263183594,146.79473876953125,0
2,body_back,255.80206298828125,134.54637145996094,0
3,bucket,42.781776428222656,145.0298309326172,0
4,bucket_tip,10.311296463012695,134.20286560058594,0
5,springhinge_arm,105.9495620727539,178.75331115722656,0
6,springhinge_boom,145.50904846191406,179.1149444580078,0
