,name, x, y, z
0,arm,68.31466674804688,197.73068237304688,0
1,body,163.48992919921875,133.31272888183594,0
2,body_back,232.29672241210938,136.50926208496094,0
3,bucket,71.81803131103516,145.5459747314453,0
4,bucket_tip,82.25102233886719,123.22488403320312,0
5,springhinge_arm,60.193931579589844,210.59365844726562,0
6,springhinge_boom,124.05422973632812,189.9471893310547,0
