,name, x, y, z
0,arm,98.09928894042969,166.09019470214844,0
1,body,198.0190887451172,147.2317657470703,0
2,body_back,256.46307373046875,134.67205810546875,0
3,bucket,42.13713073730469,147.04232788085938,0
4,bucket_tip,9.061623573303223,136.9005889892578,0
5,springhinge_arm,106.29182434082031,180.12083435058594,0
6,springhinge_boom,145.9744415283203,180.02565002441406,0
