,name, x, y, z
0,arm,98.40252685546875,167.8792724609375,0
1,body,198.41213989257812,147.577392578125,0
2,body_back,257.0540466308594,134.74354553222656,0
3,bucket,41.604347229003906,149.02272033691406,0
4,bucket_tip,8.033635139465332,139.26904296875,0
5,springhinge_arm,106.67947387695312,181.35250854492188,0
6,springhinge_boom,146.35482788085938,180.84884643554688,0
