,name, x, y, z
0,arm,98.56741333007812,168.74685668945312,0
1,body,198.6204376220703,147.71925354003906,0
2,body_back,257.32342529296875,134.76319885253906,0
3,bucket,41.37202072143555,150.0047607421875,0
4,bucket_tip,7.596220016479492,140.3521728515625,0
5,springhinge_arm,106.87781524658203,181.9257049560547,0
6,springhinge_boom,146.51535034179688,181.23074340820312,0
