,name, x, y, z
0,arm,98.73047637939453,169.59469604492188,0
1,body,198.83120727539062,147.84231567382812,0
2,body_back,257.5754699707031,134.7743682861328,0
3,bucket,41.158138275146484,150.98345947265625,0
4,bucket_tip,7.20620584487915,141.3798370361328,0
5,springhinge_arm,107.07244873046875,182.474853515625,0
6,springhinge_boom,146.6571807861328,181.59446716308594,0
