,name, x, y, z
0,arm,98.88362121582031,170.42141723632812,0
1,body,199.04051208496094,147.9478302001953,0
2,body_back,257.81024169921875,134.7787628173828,0
3,bucket,40.959590911865234,151.9604034423828,0
4,bucket_tip,6.861034393310547,142.36099243164062,0
5,springhinge_arm,107.25839233398438,183.00331115722656,0
6,springhinge_boom,146.78118896484375,181.94125366210938,0
