,name, x, y, z
0,arm,99.12804412841797,172.00596618652344,0
1,body,199.4387664794922,148.1117401123047,0
2,body_back,258.2281494140625,134.77403259277344,0
3,bucket,40.5958366394043,153.91519165039062,0
4,bucket_tip,6.294529438018799,144.21958923339844,0
5,springhinge_arm,107.58409881591797,184.0113067626953,0
6,springhinge_boom,146.97926330566406,182.58897399902344,0
