,name, x, y, z
0,arm,67.89372253417969,197.87814331054688,0
1,body,163.22425842285156,133.2788848876953,0
2,body_back,231.9533233642578,136.11322021484375,0
3,bucket,71.3469467163086,145.63357543945312,0
4,bucket_tip,81.1382827758789,122.70418548583984,0
5,springhinge_arm,60.03721237182617,210.79818725585938,0
6,springhinge_boom,124.0477523803711,189.75096130371094,0
