,name, x, y, z
0,arm,99.23631286621094,173.48959350585938,0
1,body,199.7833251953125,148.2216796875,0
2,body_back,258.57763671875,134.7624969482422,0
3,bucket,40.255367279052734,155.88168334960938,0
4,bucket_tip,5.875415802001953,145.99957275390625,0
5,springhinge_arm,107.81487274169922,184.97616577148438,0
6,springhinge_boom,147.11639404296875,183.18380737304688,0
