,name, x, y, z
0,arm,99.21931457519531,174.19017028808594,0
1,body,199.925537109375,148.25973510742188,0
2,body_back,258.72686767578125,134.7584228515625,0
3,bucket,40.08597183227539,156.8732147216797,0
4,bucket_tip,5.714480876922607,146.88246154785156,0
5,springhinge_arm,107.88209533691406,185.45074462890625,0
6,springhinge_boom,147.1642608642578,183.46444702148438,0
