,name, x, y, z
0,arm,99.14413452148438,174.8614044189453,0
1,body,200.0423583984375,148.28831481933594,0
2,body_back,258.8591613769531,134.75775146484375,0
3,bucket,39.91294860839844,157.8723907470703,0
4,bucket_tip,5.582457542419434,147.7725372314453,0
5,springhinge_arm,107.91056060791016,185.9244384765625,0
6,springhinge_boom,147.19947814941406,183.73556518554688,0
