,name, x, y, z
0,arm,98.78716278076172,176.11048889160156,0
1,body,200.18397521972656,148.32237243652344,0
2,body_back,259.0732116699219,134.77333068847656,0
3,bucket,39.543277740478516,159.8998260498047,0
4,bucket_tip,5.394347667694092,149.61009216308594,0
5,springhinge_arm,107.83111572265625,186.88259887695312,0
6,springhinge_boom,147.23536682128906,184.25421142578125,0
