,name, x, y, z
0,arm,98.4892578125,176.6855926513672,0
1,body,200.20079040527344,148.3305206298828,0
2,body_back,259.1550598144531,134.79298400878906,0
3,bucket,39.34032440185547,160.93125915527344,0
4,bucket_tip,5.333026885986328,150.5754852294922,0
5,springhinge_arm,107.71316528320312,187.37367248535156,0
6,springhinge_boom,147.2377471923828,184.50418090820312,0
