,name, x, y, z
0,arm,98.10102081298828,177.22593688964844,0
1,body,200.1763153076172,148.33453369140625,0
2,body_back,259.22021484375,134.82278442382812,0
3,bucket,39.12106704711914,161.9765625,0
4,bucket_tip,5.289944648742676,151.58387756347656,0
5,springhinge_arm,107.5363998413086,187.87713623046875,0
6,springhinge_boom,147.2309112548828,184.74957275390625,0
