,name, x, y, z
0,arm,97.61441802978516,177.73013305664062,0
1,body,200.1065216064453,148.3357391357422,0
2,body_back,259.2687072753906,134.86447143554688,0
3,bucket,38.882347106933594,163.0373077392578,0
4,bucket_tip,5.262425899505615,152.64422607421875,0
5,springhinge_arm,107.29578399658203,188.3963165283203,0
6,springhinge_boom,147.21571350097656,184.99159240722656,0
