,name, x, y, z
0,arm,97.0213623046875,178.19680786132812,0
1,body,199.98748779296875,148.3354949951172,0
2,body_back,259.3006591796875,134.91970825195312,0
3,bucket,38.62099838256836,164.1150665283203,0
4,bucket_tip,5.247927188873291,153.76547241210938,0
5,springhinge_arm,106.98632049560547,188.93453979492188,0
6,springhinge_boom,147.19302368164062,185.2315216064453,0
