,name, x, y, z
0,arm,96.31390380859375,178.62464904785156,0
1,body,199.81520080566406,148.33511352539062,0
2,body_back,259.3160400390625,134.9901885986328,0
3,bucket,38.333885192871094,165.21144104003906,0
4,bucket_tip,5.2436628341674805,154.9566192626953,0
5,springhinge_arm,106.60298919677734,189.4951171875,0
6,springhinge_boom,147.16366577148438,185.4705810546875,0
