,name, x, y, z
0,arm,61.4741325378418,202.8791961669922,0
1,body,157.9956512451172,141.6426544189453,0
2,body_back,213.74484252929688,141.1428680419922,0
3,bucket,84.78335571289062,159.3379364013672,0
4,bucket_tip,97.85266876220703,127.55488586425781,0
5,springhinge_arm,45.59452819824219,214.01914978027344,0
6,springhinge_boom,116.66401672363281,195.20639038085938,0
