,name, x, y, z
0,arm,67.58540344238281,197.9641571044922,0
1,body,163.3782958984375,133.2446746826172,0
2,body_back,231.53553771972656,135.74609375,0
3,bucket,70.89875030517578,145.7433319091797,0
4,bucket_tip,80.19274139404297,122.18363189697266,0
5,springhinge_arm,59.94021224975586,211.0250701904297,0
6,springhinge_boom,124.08824920654297,189.55438232421875,0
