,name, x, y, z
0,arm,95.4839096069336,179.01223754882812,0
1,body,199.46275329589844,148.18679809570312,0
2,body_back,259.3354187011719,135.1649627685547,0
3,bucket,38.03940200805664,166.2840118408203,0
4,bucket_tip,5.468844890594482,156.17031860351562,0
5,springhinge_arm,105.70210266113281,190.0742645263672,0
6,springhinge_boom,147.13693237304688,185.70040893554688,0
