,name, x, y, z
0,arm,94.46859741210938,179.35775756835938,0
1,body,198.94715881347656,147.91131591796875,0
2,body_back,259.3712158203125,135.47799682617188,0
3,bucket,37.8078727722168,167.11709594726562,0
4,bucket_tip,6.022501468658447,157.1367645263672,0
5,springhinge_arm,104.45741271972656,190.64231872558594,0
6,springhinge_boom,147.1211700439453,185.87684631347656,0
