,name, x, y, z
0,arm,93.51947784423828,179.65989685058594,0
1,body,198.48028564453125,147.7630157470703,0
2,body_back,259.4114074707031,135.84835815429688,0
3,bucket,37.714111328125,167.45220947265625,0
4,bucket_tip,6.721608638763428,157.53111267089844,0
5,springhinge_arm,103.79012298583984,191.16378784179688,0
6,springhinge_boom,147.11599731445312,185.9473419189453,0
