,name, x, y, z
0,arm,93.10018157958984,180.14247131347656,0
1,body,197.80844116210938,147.76968383789062,0
2,body_back,259.47381591796875,136.5458221435547,0
3,bucket,37.81943893432617,167.28558349609375,0
4,bucket_tip,8.075152397155762,157.29583740234375,0
5,springhinge_arm,103.66091918945312,192.04234313964844,0
6,springhinge_boom,147.15792846679688,185.94729614257812,0
