,name, x, y, z
0,arm,93.1007308959961,180.3444366455078,0
1,body,197.52366638183594,147.77749633789062,0
2,body_back,259.4954528808594,136.8603515625,0
3,bucket,37.94896697998047,167.085693359375,0
4,bucket_tip,8.708470344543457,157.01441955566406,0
5,springhinge_arm,103.60616302490234,192.41476440429688,0
6,springhinge_boom,147.208251953125,185.94717407226562,0
