,name, x, y, z
0,arm,93.10220336914062,180.52516174316406,0
1,body,197.2704620361328,147.78781127929688,0
2,body_back,259.5118408203125,137.1527862548828,0
3,bucket,38.1278190612793,166.8155059814453,0
4,bucket_tip,9.319668769836426,156.63507080078125,0
5,springhinge_arm,103.55746459960938,192.745849609375,0
6,springhinge_boom,147.27630615234375,185.94696044921875,0
