,name, x, y, z
0,arm,93.10505676269531,180.68585205078125,0
1,body,197.04702758789062,147.8002471923828,0
2,body_back,259.5237121582031,137.423583984375,0
3,bucket,38.354591369628906,166.48060607910156,0
4,bucket_tip,9.913802146911621,156.16622924804688,0
5,springhinge_arm,103.51449584960938,193.0380401611328,0
6,springhinge_boom,147.3607177734375,185.94659423828125,0
