,name, x, y, z
0,arm,93.10979461669922,180.82765197753906,0
1,body,196.8514862060547,147.8144989013672,0
2,body_back,259.5318603515625,137.6732635498047,0
3,bucket,38.627845764160156,166.08657836914062,0
4,bucket_tip,10.496072769165039,155.61631774902344,0
5,springhinge_arm,103.47689056396484,193.2937469482422,0
6,springhinge_boom,147.46006774902344,185.946044921875,0
