,name, x, y, z
0,arm,93.11685180664062,180.95172119140625,0
1,body,196.68197631835938,147.83016967773438,0
2,body_back,259.5370788574219,137.90234375,0
3,bucket,38.946170806884766,165.63900756835938,0
4,bucket_tip,11.071497917175293,154.99380493164062,0
5,springhinge_arm,103.44429779052734,193.51539611816406,0
6,springhinge_boom,147.57296752929688,185.94529724121094,0
