,name, x, y, z
0,arm,67.29667663574219,198.01406860351562,0
1,body,163.732666015625,133.22024536132812,0
2,body_back,231.0335235595703,135.46588134765625,0
3,bucket,70.42029571533203,145.8702392578125,0
4,bucket_tip,79.35448455810547,121.78529357910156,0
5,springhinge_arm,59.73989486694336,211.29319763183594,0
6,springhinge_boom,124.03533935546875,189.40504455566406,0
