,name, x, y, z
0,arm,93.13978576660156,181.1515350341797,0
1,body,196.4136199951172,147.8643798828125,0
2,body_back,259.5418701171875,138.3006591796875,0
3,bucket,39.71220397949219,164.60557556152344,0
4,bucket_tip,12.222479820251465,153.564697265625,0
5,springhinge_arm,103.3926773071289,193.86634826660156,0
6,springhinge_boom,147.8339080810547,185.9429931640625,0
