,name, x, y, z
0,arm,93.1565933227539,181.22962951660156,0
1,body,196.31103515625,147.8822021484375,0
2,body_back,259.54302978515625,138.47091674804688,0
3,bucket,40.1571044921875,164.03085327148438,0
4,bucket_tip,12.808239936828613,152.77499389648438,0
5,springhinge_arm,103.37295532226562,194.00048828125,0
6,springhinge_boom,147.9791717529297,185.94137573242188,0
