,name, x, y, z
0,arm,93.1775894165039,181.29470825195312,0
1,body,196.22706604003906,147.9000244140625,0
2,body_back,259.5444030761719,138.62257385253906,0
3,bucket,40.641326904296875,163.4249267578125,0
4,bucket_tip,13.407662391662598,151.94642639160156,0
5,springhinge_arm,103.35680389404297,194.11032104492188,0
6,springhinge_boom,148.13243103027344,185.9394073486328,0
