,name, x, y, z
0,arm,93.20321655273438,181.3480224609375,0
1,body,196.15982055664062,147.91746520996094,0
2,body_back,259.54681396484375,138.75611877441406,0
3,bucket,41.163490295410156,162.7933807373047,0
4,bucket_tip,14.025872230529785,151.08746337890625,0
5,springhinge_arm,103.3438720703125,194.1982421875,0
6,springhinge_boom,148.29229736328125,185.93704223632812,0
