,name, x, y, z
0,arm,93.2339859008789,181.39068603515625,0
1,body,196.10743713378906,147.93421936035156,0
2,body_back,259.551025390625,138.87208557128906,0
3,bucket,41.72210693359375,162.14178466796875,0
4,bucket_tip,14.667977333068848,150.20654296875,0
5,springhinge_arm,103.33380126953125,194.26675415039062,0
6,springhinge_boom,148.45741271972656,185.9342498779297,0
