,name, x, y, z
0,arm,93.27031707763672,181.42391967773438,0
1,body,196.06808471679688,147.94989013671875,0
2,body_back,259.5578308105469,138.970947265625,0
3,bucket,42.31578826904297,161.47569274902344,0
4,bucket_tip,15.33908748626709,149.3120880126953,0
5,springhinge_arm,103.32624053955078,194.31820678710938,0
6,springhinge_boom,148.6263427734375,185.9309844970703,0
