,name, x, y, z
0,arm,93.36157989501953,181.466796875,0
1,body,196.02098083496094,147.97659301757812,0
2,body_back,259.5823974609375,139.11940002441406,0
3,bucket,43.60263442993164,160.12245178222656,0
4,bucket_tip,16.78882598876953,147.5164031982422,0
5,springhinge_arm,103.31717681884766,194.37979125976562,0
6,springhinge_boom,148.97018432617188,185.9229278564453,0
