,name, x, y, z
0,arm,93.41743469238281,181.47879028320312,0
1,body,196.00950622558594,147.98690795898438,0
2,body_back,259.60174560546875,139.17001342773438,0
3,bucket,44.29291534423828,159.4464569091797,0
4,bucket_tip,17.577672958374023,146.6320343017578,0
5,springhinge_arm,103.3149642944336,194.39480590820312,0
6,springhinge_boom,149.14230346679688,185.91806030273438,0
