,name, x, y, z
0,arm,66.93463897705078,198.0531768798828,0
1,body,164.06809997558594,133.21572875976562,0
2,body_back,230.43759155273438,135.33059692382812,0
3,bucket,69.85842895507812,146.00941467285156,0
4,bucket_tip,78.56364440917969,121.6312484741211,0
5,springhinge_arm,59.2734260559082,211.62142944335938,0
6,springhinge_boom,123.74869537353516,189.35057067871094,0
