,name, x, y, z
0,arm,93.48072814941406,181.486083984375,0
1,body,196.0036163330078,147.99472045898438,0
2,body_back,259.6268310546875,139.20553588867188,0
3,bucket,45.01253128051758,158.7783203125,0
4,bucket_tip,18.415971755981445,145.76792907714844,0
5,springhinge_arm,103.31383514404297,194.40249633789062,0
6,springhinge_boom,149.31271362304688,185.91258239746094,0
