,name, x, y, z
0,arm,93.55194091796875,181.48980712890625,0
1,body,196.00146484375,147.99966430664062,0
2,body_back,259.6584777832031,139.22647094726562,0
3,bucket,45.76007843017578,158.12362670898438,0
4,bucket_tip,19.30889129638672,144.9324951171875,0
5,springhinge_arm,103.31342315673828,194.40533447265625,0
6,springhinge_boom,149.48001098632812,185.90646362304688,0
