,name, x, y, z
0,arm,93.63148498535156,181.49118041992188,0
1,body,196.00112915039062,148.0013885498047,0
2,body_back,259.69744873046875,139.23333740234375,0
3,bucket,46.534122467041016,157.4879608154297,0
4,bucket_tip,20.26151466369629,144.1342010498047,0
5,springhinge_arm,103.31336975097656,194.40574645996094,0
6,springhinge_boom,149.64280700683594,185.899658203125,0
