,name, x, y, z
0,arm,93.16278076171875,181.45404052734375,0
1,body,193.56527709960938,147.77293395996094,0
2,body_back,257.4114990234375,139.20028686523438,0
3,bucket,45.72050857543945,156.25192260742188,0
4,bucket_tip,19.914167404174805,142.6342010498047,0
5,springhinge_arm,101.04894256591797,194.25782775878906,0
6,springhinge_boom,147.51654052734375,185.78822326660156,0
