,name, x, y, z
0,arm,91.67693328857422,181.3393096923828,0
1,body,191.37571716308594,147.5029296875,0
2,body_back,255.3367156982422,139.14239501953125,0
3,bucket,44.37692642211914,155.6227264404297,0
4,bucket_tip,18.848346710205078,141.9032440185547,0
5,springhinge_arm,99.05841064453125,194.0668182373047,0
6,springhinge_boom,145.47512817382812,185.6472930908203,0
