,name, x, y, z
0,arm,89.81964111328125,181.14297485351562,0
1,body,189.29873657226562,147.14295959472656,0
2,body_back,253.39370727539062,139.04225158691406,0
3,bucket,43.16769027709961,154.96778869628906,0
4,bucket_tip,17.938705444335938,141.16610717773438,0
5,springhinge_arm,97.24247741699219,193.7923583984375,0
6,springhinge_boom,143.5430908203125,185.43865966796875,0
