,name, x, y, z
0,arm,88.14833068847656,180.8608856201172,0
1,body,187.90463256835938,146.70333862304688,0
2,body_back,252.1472625732422,138.88877868652344,0
3,bucket,42.661991119384766,154.27340698242188,0
4,bucket_tip,17.748310089111328,140.4085235595703,0
5,springhinge_arm,96.1612319946289,193.43032836914062,0
6,springhinge_boom,142.29150390625,185.15403747558594,0
