,name, x, y, z
0,arm,87.22029113769531,180.48890686035156,0
1,body,187.18765258789062,146.19879150390625,0
2,body_back,251.6623077392578,138.68211364746094,0
3,bucket,42.80107879638672,153.5460968017578,0
4,bucket_tip,18.197446823120117,139.62806701660156,0
5,springhinge_arm,95.77935028076172,193.02117919921875,0
6,springhinge_boom,141.7243194580078,184.82470703125,0
