,name, x, y, z
0,arm,86.99215698242188,180.0593719482422,0
1,body,186.7519073486328,145.67218017578125,0
2,body_back,251.5522918701172,138.43663024902344,0
3,bucket,43.117122650146484,152.8026123046875,0
4,bucket_tip,18.80263328552246,138.8350372314453,0
5,springhinge_arm,95.6408920288086,192.6083526611328,0
6,springhinge_boom,141.41531372070312,184.4867706298828,0
