,name, x, y, z
0,arm,66.40638732910156,198.1067657470703,0
1,body,164.2093505859375,133.2637939453125,0
2,body_back,229.74505615234375,135.29150390625,0
3,bucket,69.1736068725586,146.1571502685547,0
4,bucket_tip,77.77269744873047,121.63980865478516,0
5,springhinge_arm,58.42240905761719,212.02432250976562,0
6,springhinge_boom,123.12651062011719,189.38226318359375,0
