,name, x, y, z
0,arm,87.00186920166016,179.6102294921875,0
1,body,186.55178833007812,145.1658935546875,0
2,body_back,251.70616149902344,138.16287231445312,0
3,bucket,43.56573486328125,152.04522705078125,0
4,bucket_tip,19.521461486816406,138.03533935546875,0
5,springhinge_arm,95.67581939697266,192.1930389404297,0
6,springhinge_boom,141.2914581298828,184.1398162841797,0
