,name, x, y, z
0,arm,87.1795883178711,179.14630126953125,0
1,body,186.5000457763672,144.70953369140625,0
2,body_back,252.0130157470703,137.87161254882812,0
3,bucket,44.10244369506836,151.2770233154297,0
4,bucket_tip,20.310972213745117,137.23568725585938,0
5,springhinge_arm,95.81432342529297,191.77670288085938,0
6,springhinge_boom,141.28028869628906,183.78367614746094,0
