,name, x, y, z
0,arm,87.7593994140625,178.1951141357422,0
1,body,186.49319458007812,144.07003784179688,0
2,body_back,252.6366729736328,137.28184509277344,0
3,bucket,45.25743865966797,149.7252960205078,0
4,bucket_tip,21.92377471923828,135.66885375976562,0
5,springhinge_arm,96.11994171142578,190.9499053955078,0
6,springhinge_boom,141.30377197265625,183.04541015625,0
