,name, x, y, z
0,arm,88.0193862915039,177.72012329101562,0
1,body,186.35621643066406,143.9411163330078,0
2,body_back,252.71925354003906,136.97909545898438,0
3,bucket,45.79180908203125,148.9519805908203,0
4,bucket_tip,22.665111541748047,134.91790771484375,0
5,springhinge_arm,96.15894317626953,190.5443878173828,0
6,springhinge_boom,141.20603942871094,182.66519165039062,0
