,name, x, y, z
0,arm,88.1783447265625,177.25341796875,0
1,body,186.07078552246094,143.9310760498047,0
2,body_back,252.5877685546875,136.6476287841797,0
3,bucket,46.288150787353516,148.18502807617188,0
4,bucket_tip,23.3564395904541,134.18905639648438,0
5,springhinge_arm,96.10710144042969,190.14480590820312,0
6,springhinge_boom,141.01950073242188,182.27957153320312,0
