,name, x, y, z
0,arm,88.24028015136719,176.79586791992188,0
1,body,185.65997314453125,144.01744079589844,0
2,body_back,252.27772521972656,136.29595947265625,0
3,bucket,46.75996017456055,147.4264373779297,0
4,bucket_tip,24.014202117919922,133.4776153564453,0
5,springhinge_arm,95.98391723632812,189.75013732910156,0
6,springhinge_boom,140.76382446289062,181.89010620117188,0
