,name, x, y, z
0,arm,88.22486114501953,176.3470458984375,0
1,body,185.1508331298828,144.17837524414062,0
2,body_back,251.82553100585938,135.9327850341797,0
3,bucket,47.22116470336914,146.67822265625,0
4,bucket_tip,24.65522003173828,132.77874755859375,0
5,springhinge_arm,95.80931091308594,189.3594207763672,0
6,springhinge_boom,140.45907592773438,181.49842834472656,0
