,name, x, y, z
0,arm,88.15216827392578,175.90638732910156,0
1,body,184.5707244873047,144.39161682128906,0
2,body_back,251.26768493652344,135.56663513183594,0
3,bucket,47.685791015625,145.94207763671875,0
4,bucket_tip,25.29648780822754,132.0873565673828,0
5,springhinge_arm,95.60324096679688,188.97142028808594,0
6,springhinge_boom,140.1252899169922,181.10595703125,0
