,name, x, y, z
0,arm,88.04243469238281,175.47317504882812,0
1,body,183.94711303710938,144.63479614257812,0
2,body_back,250.64102172851562,135.20611572265625,0
3,bucket,48.16810607910156,145.21958923339844,0
4,bucket_tip,25.95531463623047,131.39817810058594,0
5,springhinge_arm,95.38590240478516,188.58493041992188,0
6,springhinge_boom,139.78269958496094,180.71408081054688,0
