,name, x, y, z
0,arm,65.6466064453125,198.19654846191406,0
1,body,164.15753173828125,133.38015747070312,0
2,body_back,228.98202514648438,135.26043701171875,0
3,bucket,68.38069915771484,146.31484985351562,0
4,bucket_tip,76.98380279541016,121.64784240722656,0
5,springhinge_arm,57.246620178222656,212.49905395507812,0
6,springhinge_boom,122.22119140625,189.4589080810547,0
