,name, x, y, z
0,arm,87.91606903076172,175.04661560058594,0
1,body,183.30767822265625,144.88540649414062,0
2,body_back,249.982666015625,134.85977172851562,0
3,bucket,48.682456970214844,144.51222229003906,0
4,bucket_tip,26.649179458618164,130.70579528808594,0
5,springhinge_arm,95.1775131225586,188.19863891601562,0
6,springhinge_boom,139.45156860351562,180.3241729736328,0
