,name, x, y, z
0,arm,87.79364013671875,174.62586975097656,0
1,body,182.6800079345703,145.12088012695312,0
2,body_back,249.32958984375,134.5360565185547,0
3,bucket,49.24331283569336,143.8212127685547,0
4,bucket_tip,27.395639419555664,130.00460815429688,0
5,springhinge_arm,94.99823760986328,187.81114196777344,0
6,springhinge_boom,139.152099609375,179.93746948242188,0
