,name, x, y, z
0,arm,87.695556640625,174.20985412597656,0
1,body,182.09169006347656,145.3186492919922,0
2,body_back,248.7186737060547,134.24342346191406,0
3,bucket,49.865264892578125,143.14772033691406,0
4,bucket_tip,28.212560653686523,129.28887939453125,0
5,springhinge_arm,94.86827850341797,187.42092895507812,0
6,springhinge_boom,138.9044189453125,179.55511474609375,0
