,name, x, y, z
0,arm,87.64242553710938,173.79759216308594,0
1,body,181.5701904296875,145.4561767578125,0
2,body_back,248.1869354248047,133.99026489257812,0
3,bucket,50.5631103515625,142.49273681640625,0
4,bucket_tip,29.117883682250977,128.55276489257812,0
5,springhinge_arm,94.80790710449219,187.02645874023438,0
6,springhinge_boom,138.72877502441406,179.17825317382812,0
