,name, x, y, z
0,arm,87.75331115722656,172.97935485839844,0
1,body,180.8374481201172,145.4600372314453,0
2,body_back,247.50852966308594,133.63548278808594,0
3,bucket,52.24631118774414,141.24131774902344,0
4,bucket_tip,31.266847610473633,126.9947280883789,0
5,springhinge_arm,94.9769058227539,186.2178955078125,0
6,springhinge_boom,138.6742706298828,178.44485473632812,0
