,name, x, y, z
0,arm,87.95865631103516,172.57077026367188,0
1,body,180.67669677734375,145.34304809570312,0
2,body_back,247.3938446044922,133.510498046875,0
3,bucket,53.2559814453125,140.64590454101562,0
4,bucket_tip,32.54019546508789,126.16246795654297,0
5,springhinge_arm,95.23988342285156,185.8011474609375,0
6,springhinge_boom,138.82850646972656,178.09022521972656,0
