,name, x, y, z
0,arm,88.7166748046875,171.7530059814453,0
1,body,180.72853088378906,145.08120727539062,0
2,body_back,247.44639587402344,133.2309112548828,0
3,bucket,55.551753997802734,139.5099334716797,0
4,bucket_tip,35.41347885131836,124.40904235839844,0
5,springhinge_arm,96.06820678710938,184.9531707763672,0
6,springhinge_boom,139.43814086914062,177.41043090820312,0
