,name, x, y, z
0,arm,89.23324584960938,171.34835815429688,0
1,body,180.88690185546875,144.94041442871094,0
2,body_back,247.564697265625,133.08258056640625,0
3,bucket,56.793785095214844,138.96607971191406,0
4,bucket_tip,36.960357666015625,123.50243377685547,0
5,springhinge_arm,96.58870697021484,184.52914428710938,0
6,springhinge_boom,139.84487915039062,177.08767700195312,0
