,name, x, y, z
0,arm,64.70093536376953,198.32952880859375,0
1,body,163.95782470703125,133.5495147705078,0
2,body_back,228.18173217773438,135.23655700683594,0
3,bucket,67.50820922851562,146.48529052734375,0
4,bucket_tip,76.21150970458984,121.65544128417969,0
5,springhinge_arm,55.85044860839844,213.0386505126953,0
6,springhinge_boom,121.1237564086914,189.579345703125,0
