,name, x, y, z
0,arm,89.81268310546875,170.95004272460938,0
1,body,181.09689331054688,144.795654296875,0
2,body_back,247.71156311035156,132.9326934814453,0
3,bucket,58.06885528564453,138.4361114501953,0
4,bucket_tip,38.54507064819336,122.58573150634766,0
5,springhinge_arm,97.14997863769531,184.10992431640625,0
6,springhinge_boom,140.28689575195312,176.7779541015625,0
