,name, x, y, z
0,arm,90.4331283569336,170.5608367919922,0
1,body,181.33079528808594,144.64878845214844,0
2,body_back,247.86227416992188,132.78448486328125,0
3,bucket,59.3543815612793,137.91851806640625,0
4,bucket_tip,40.140480041503906,121.66651153564453,0
5,springhinge_arm,97.72926330566406,183.69932556152344,0
6,springhinge_boom,140.7395477294922,176.48263549804688,0
