,name, x, y, z
0,arm,91.07263946533203,170.18348693847656,0
1,body,181.56085205078125,144.50189208984375,0
2,body_back,247.99200439453125,132.64117431640625,0
3,bucket,60.6276741027832,137.41184997558594,0
4,bucket_tip,41.719181060791016,120.7524642944336,0
5,springhinge_arm,98.30374908447266,183.30113220214844,0
6,springhinge_boom,141.17807006835938,176.2030487060547,0
