,name, x, y, z
0,arm,91.70907592773438,169.8208465576172,0
1,body,181.75904846191406,144.3568878173828,0
2,body_back,248.07574462890625,132.50599670410156,0
3,bucket,61.865657806396484,136.91461181640625,0
4,bucket_tip,43.25355911254883,119.85140991210938,0
5,springhinge_arm,98.85032653808594,182.91920471191406,0
6,springhinge_boom,141.57742309570312,175.94058227539062,0
