,name, x, y, z
0,arm,92.32018280029297,169.47581481933594,0
1,body,181.897216796875,144.21580505371094,0
2,body_back,248.08828735351562,132.3822021484375,0
3,bucket,63.045005798339844,136.4254150390625,0
4,bucket_tip,44.7154541015625,118.97126007080078,0
5,springhinge_arm,99.34564971923828,182.55743408203125,0
6,springhinge_boom,141.9123992919922,175.6966094970703,0
