,name, x, y, z
0,arm,92.88339233398438,169.15135192871094,0
1,body,181.94712829589844,144.08071899414062,0
2,body_back,248.00439453125,132.2731170654297,0
3,bucket,64.14225006103516,135.9428253173828,0
4,bucket_tip,46.07672882080078,118.12005615234375,0
5,springhinge_arm,99.76638793945312,182.2198028564453,0
6,springhinge_boom,142.15773010253906,175.4726104736328,0
