,name, x, y, z
0,arm,93.37606048583984,168.85037231445312,0
1,body,181.88018798828125,143.95364379882812,0
2,body_back,247.79867553710938,132.18202209472656,0
3,bucket,65.13372802734375,135.4655303955078,0
4,bucket_tip,47.308799743652344,117.30602264404297,0
5,springhinge_arm,100.08894348144531,181.91030883789062,0
6,springhinge_boom,142.28794860839844,175.26995849609375,0
