,name, x, y, z
0,arm,93.77545928955078,168.57594299316406,0
1,body,181.66796875,143.83676147460938,0
2,body_back,247.44581604003906,132.1123504638672,0
3,bucket,65.99552154541016,134.99229431152344,0
4,bucket_tip,48.38298034667969,116.5374526977539,0
5,springhinge_arm,100.2896499633789,181.63308715820312,0
6,springhinge_boom,142.27757263183594,175.09030151367188,0
