,name, x, y, z
0,arm,94.05859375,168.33116149902344,0
1,body,181.28179931640625,143.73208618164062,0
2,body_back,246.9203338623047,132.0673828125,0
3,bucket,66.70365905761719,134.52178955078125,0
4,bucket_tip,49.2703857421875,115.82266235351562,0
5,springhinge_arm,100.34480285644531,181.3921356201172,0
6,springhinge_boom,142.1009979248047,174.93496704101562,0
