,name, x, y, z
0,arm,94.20258331298828,168.1190185546875,0
1,body,180.69314575195312,143.64178466796875,0
2,body_back,246.19696044921875,132.05047607421875,0
3,bucket,67.23414611816406,134.0528564453125,0
4,bucket_tip,49.94214630126953,115.17012023925781,0
5,springhinge_arm,100.23075103759766,181.1915740966797,0
6,springhinge_boom,141.7327423095703,174.80551147460938,0
