,name, x, y, z
0,arm,63.6425895690918,198.50909423828125,0
1,body,163.6554718017578,133.7564239501953,0
2,body_back,227.37741088867188,135.2189178466797,0
3,bucket,66.58462524414062,146.6710662841797,0
4,bucket_tip,75.4703369140625,121.66253662109375,0
5,springhinge_arm,54.33818435668945,213.63592529296875,0
6,springhinge_boom,119.92515563964844,189.74227905273438,0
