,name, x, y, z
0,arm,94.18444061279297,167.942626953125,0
1,body,179.8734893798828,143.5679473876953,0
2,body_back,245.25054931640625,132.06495666503906,0
3,bucket,67.56298828125,133.584228515625,0
4,bucket_tip,50.369384765625,114.58824920654297,0
5,springhinge_arm,99.923828125,181.0354766845703,0
6,springhinge_boom,141.1474151611328,174.7034149169922,0
