,name, x, y, z
0,arm,93.98129272460938,167.8050537109375,0
1,body,178.79458618164062,143.51272583007812,0
2,body_back,244.0562744140625,132.11416625976562,0
3,bucket,67.66634368896484,133.1148681640625,0
4,bucket_tip,50.52336883544922,114.08555603027344,0
5,springhinge_arm,99.4006576538086,180.92794799804688,0
6,springhinge_boom,140.31988525390625,174.63018798828125,0
