,name, x, y, z
0,arm,93.57041931152344,167.7093963623047,0
1,body,177.42845153808594,143.478271484375,0
2,body_back,242.589599609375,132.20135498046875,0
3,bucket,67.52049255371094,132.64364624023438,0
4,bucket_tip,50.37562561035156,113.67044830322266,0
5,springhinge_arm,98.6380615234375,180.87298583984375,0
6,springhinge_boom,139.22532653808594,174.5872344970703,0
