,name, x, y, z
0,arm,92.92937469482422,167.6586151123047,0
1,body,175.78884887695312,143.47056579589844,0
2,body_back,240.82388305664062,132.36061096191406,0
3,bucket,67.1052474975586,132.16351318359375,0
4,bucket_tip,49.90209197998047,113.33658599853516,0
5,springhinge_arm,97.61979675292969,180.8590545654297,0
6,springhinge_boom,137.85205078125,174.59657287597656,0
