,name, x, y, z
0,arm,92.0414047241211,167.669189453125,0
1,body,173.96571350097656,143.4931182861328,0
2,body_back,238.80474853515625,132.6149444580078,0
3,bucket,66.47327423095703,131.67892456054688,0
4,bucket_tip,49.16424560546875,113.06381225585938,0
5,springhinge_arm,96.40033721923828,180.86805725097656,0
6,springhinge_boom,136.26290893554688,174.66966247558594,0
