,name, x, y, z
0,arm,90.95913696289062,167.74391174316406,0
1,body,172.04261779785156,143.54322814941406,0
2,body_back,236.6163330078125,132.95095825195312,0
3,bucket,65.71067810058594,131.2059326171875,0
4,bucket_tip,48.2623291015625,112.8397216796875,0
5,springhinge_arm,95.0630111694336,180.89407348632812,0
6,springhinge_boom,134.5452423095703,174.7919464111328,0
