,name, x, y, z
0,arm,89.76426696777344,167.86508178710938,0
1,body,170.09686279296875,143.6162109375,0
2,body_back,234.34288024902344,133.3553009033203,0
3,bucket,64.90355682373047,130.7605743408203,0
4,bucket_tip,47.296607971191406,112.65193939208984,0
5,springhinge_arm,93.69114685058594,180.93121337890625,0
6,springhinge_boom,132.78640747070312,174.9488983154297,0
