,name, x, y, z
0,arm,88.53853607177734,168.01504516601562,0
1,body,168.2057342529297,143.70742797851562,0
2,body_back,232.0685577392578,133.8145751953125,0
3,bucket,64.13796997070312,130.35890197753906,0
4,bucket_tip,46.36729431152344,112.48809814453125,0
5,springhinge_arm,92.36799621582031,180.97357177734375,0
6,springhinge_boom,131.07373046875,175.1259765625,0
