,name, x, y, z
0,arm,87.36367797851562,168.17608642578125,0
1,body,166.44656372070312,143.8121795654297,0
2,body_back,229.87757873535156,134.31539916992188,0
3,bucket,63.50001907348633,130.01699829101562,0
4,bucket_tip,45.57464599609375,112.3357925415039,0
5,springhinge_arm,91.17692565917969,181.0152130126953,0
6,springhinge_boom,129.49453735351562,175.30862426757812,0
