,name, x, y, z
0,arm,86.32142639160156,168.33053588867188,0
1,body,164.89663696289062,143.92581176757812,0
2,body_back,227.85415649414062,134.84439086914062,0
3,bucket,63.07578659057617,129.75088500976562,0
4,bucket_tip,45.018898010253906,112.18265533447266,0
5,springhinge_arm,90.20122528076172,181.05026245117188,0
6,springhinge_boom,128.1361846923828,175.48231506347656,0
