,name, x, y, z
0,arm,62.544837951660156,198.73863220214844,0
1,body,163.29566955566406,133.98561096191406,0
2,body_back,226.60232543945312,135.2066192626953,0
3,bucket,65.63843536376953,146.875,0
4,bucket_tip,74.77484130859375,121.66922760009766,0
5,springhinge_arm,52.81421661376953,214.2838592529297,0
6,springhinge_boom,118.71638488769531,189.9465789794922,0
