,name, x, y, z
0,arm,85.49352264404297,168.4607391357422,0
1,body,163.63323974609375,144.0436553955078,0
2,body_back,226.08242797851562,135.38818359375,0
3,bucket,62.951351165771484,129.57666015625,0
4,bucket_tip,44.8002815246582,112.01631927490234,0
5,springhinge_arm,89.5241470336914,181.0728302001953,0
6,springhinge_boom,127.08601379394531,175.63255310058594,0
