,name, x, y, z
0,arm,84.96166229248047,168.54904174804688,0
1,body,162.73367309570312,144.16099548339844,0
2,body_back,224.64662170410156,135.933349609375,0
3,bucket,63.21279525756836,129.5102996826172,0
4,bucket_tip,45.019046783447266,111.82435607910156,0
5,springhinge_arm,89.22905731201172,181.0769500732422,0
6,springhinge_boom,126.43132781982422,175.74472045898438,0
