,name, x, y, z
0,arm,84.80760192871094,168.5776824951172,0
1,body,162.07809448242188,144.27398681640625,0
2,body_back,223.44363403320312,136.46873474121094,0
3,bucket,63.75813293457031,129.50552368164062,0
4,bucket_tip,45.584129333496094,111.59725189208984,0
5,springhinge_arm,89.21200561523438,181.0612030029297,0
6,springhinge_boom,126.07123565673828,175.82705688476562,0
