,name, x, y, z
0,arm,84.9261245727539,168.56100463867188,0
1,body,161.49061584472656,144.38197326660156,0
2,body_back,222.310546875,136.99195861816406,0
3,bucket,64.42257690429688,129.5050048828125,0
4,bucket_tip,46.32863998413086,111.33675384521484,0
5,springhinge_arm,89.30965423583984,181.0290069580078,0
6,springhinge_boom,125.84114837646484,175.89796447753906,0
