,name, x, y, z
0,arm,85.1536865234375,168.52621459960938,0
1,body,160.9645538330078,144.48495483398438,0
2,body_back,221.24180603027344,137.5027313232422,0
3,bucket,65.19793701171875,129.50828552246094,0
4,bucket_tip,47.23905944824219,111.04737091064453,0
5,springhinge_arm,89.51611328125,180.9817352294922,0
6,springhinge_boom,125.73291015625,175.95814514160156,0
