,name, x, y, z
0,arm,85.48448181152344,168.47532653808594,0
1,body,160.49325561523438,144.58306884765625,0
2,body_back,220.23194885253906,138.00088500976562,0
3,bucket,66.07608795166016,129.5150146484375,0
4,bucket_tip,48.30195236206055,110.73371124267578,0
5,springhinge_arm,89.82557678222656,180.9209442138672,0
6,springhinge_boom,125.73841094970703,176.00843811035156,0
