,name, x, y, z
0,arm,85.9127426147461,168.4102783203125,0
1,body,160.0701141357422,144.6764373779297,0
2,body_back,219.2754669189453,138.48622131347656,0
3,bucket,67.04887390136719,129.52474975585938,0
4,bucket_tip,49.50387954711914,110.40033721923828,0
5,springhinge_arm,90.23217010498047,180.84803771972656,0
6,springhinge_boom,125.84957122802734,176.04957580566406,0
