,name, x, y, z
0,arm,86.4327163696289,168.33294677734375,0
1,body,159.68841552734375,144.76510620117188,0
2,body_back,218.36683654785156,138.95849609375,0
3,bucket,68.10813903808594,129.53709411621094,0
4,bucket_tip,50.831295013427734,110.05179595947266,0
5,springhinge_arm,90.73001861572266,180.76449584960938,0
6,springhinge_boom,126.05821228027344,176.08229064941406,0
