,name, x, y, z
0,arm,87.03861999511719,168.24533081054688,0
1,body,159.34152221679688,144.8491973876953,0
2,body_back,217.50057983398438,139.41749572753906,0
3,bucket,69.24575805664062,129.55160522460938,0
4,bucket_tip,52.27082443237305,109.69267272949219,0
5,springhinge_arm,91.31330108642578,180.6717529296875,0
6,springhinge_boom,126.35624694824219,176.10739135742188,0
