,name, x, y, z
0,arm,87.72470092773438,168.1492919921875,0
1,body,159.0227508544922,144.92881774902344,0
2,body_back,216.67115783691406,139.863037109375,0
3,bucket,70.45353698730469,129.5679168701172,0
4,bucket_tip,53.80891036987305,109.3275375366211,0
5,springhinge_arm,91.97614288330078,180.57130432128906,0
6,springhinge_boom,126.73551940917969,176.12562561035156,0
