,name, x, y, z
0,arm,61.48094940185547,199.02146911621094,0
1,body,162.92361450195312,134.2216339111328,0
2,body_back,225.8896942138672,135.19869995117188,0
3,bucket,64.6981201171875,147.09963989257812,0
4,bucket_tip,74.13958740234375,121.67545318603516,0
5,springhinge_arm,51.38285446166992,214.9752960205078,0
6,springhinge_boom,117.58840942382812,190.1909637451172,0
