,name, x, y, z
0,arm,89.3142318725586,167.93992614746094,0
1,body,158.4430389404297,145.0748748779297,0
2,body_back,215.1009979248047,140.71273803710938,0
3,bucket,73.04711151123047,129.6041717529297,0
4,bucket_tip,57.127037048339844,108.59738159179688,0
5,springhinge_arm,93.51719665527344,180.35292053222656,0
6,springhinge_boom,127.7054443359375,176.1444854736328,0
