,name, x, y, z
0,arm,90.20618438720703,167.8303985595703,0
1,body,158.16876220703125,145.14154052734375,0
2,body_back,214.34918212890625,141.1165008544922,0
3,bucket,74.41659545898438,129.6233367919922,0
4,bucket_tip,58.880104064941406,108.24152374267578,0
5,springhinge_arm,94.3836898803711,180.2379608154297,0
6,springhinge_boom,128.27980041503906,176.14666748046875,0
