,name, x, y, z
0,arm,91.15520477294922,167.72024536132812,0
1,body,157.89599609375,145.20407104492188,0
2,body_back,213.61224365234375,141.5059356689453,0
3,bucket,75.82367706298828,129.64260864257812,0
4,bucket_tip,60.67790985107422,107.89788818359375,0
5,springhinge_arm,95.30636596679688,180.12107849121094,0
6,springhinge_boom,128.9029541015625,176.14501953125,0
