,name, x, y, z
0,arm,93.20140838623047,167.50575256347656,0
1,body,157.32833862304688,145.31716918945312,0
2,body_back,212.160888671875,142.2408905029297,0
3,bucket,78.7179946899414,129.679931640625,0
4,bucket_tip,64.353759765625,107.26557922363281,0
5,springhinge_arm,97.2967758178711,179.88739013671875,0
6,springhinge_boom,130.2631072998047,176.13328552246094,0
