,name, x, y, z
0,arm,95.40666961669922,167.31199645996094,0
1,body,156.68685913085938,145.41485595703125,0
2,body_back,210.70297241210938,142.91586303710938,0
3,bucket,81.66493225097656,129.71279907226562,0
4,bucket_tip,68.0468978881836,106.73695373535156,0
5,springhinge_arm,99.44168853759766,179.66348266601562,0
6,springhinge_boom,131.72096252441406,176.1154022216797,0
