,name, x, y, z
0,arm,96.55452728271484,167.2277374267578,0
1,body,156.32176208496094,145.4581756591797,0
2,body_back,209.95779418945312,143.23033142089844,0
3,bucket,83.13777160644531,129.7265625,0
4,bucket_tip,69.86627197265625,106.52293395996094,0
5,springhinge_arm,100.5574722290039,179.55885314941406,0
6,springhinge_boom,132.4662322998047,176.1060791015625,0
