,name, x, y, z
0,arm,97.72486114501953,167.15443420410156,0
1,body,155.918212890625,145.49790954589844,0
2,body_back,209.19444274902344,143.52915954589844,0
3,bucket,84.59931182861328,129.7379608154297,0
4,bucket_tip,71.64952850341797,106.34851837158203,0
5,springhinge_arm,101.69430541992188,179.46099853515625,0
6,springhinge_boom,133.2115478515625,176.09747314453125,0
