,name, x, y, z
0,arm,60.5241813659668,199.36102294921875,0
1,body,162.58450317382812,134.44920349121094,0
2,body_back,225.2727813720703,135.1942901611328,0
3,bucket,63.792179107666016,147.34780883789062,0
4,bucket_tip,73.57906341552734,121.6812744140625,0
5,springhinge_arm,50.148494720458984,215.70323181152344,0
6,springhinge_boom,116.6322250366211,190.4742431640625,0
