,name, x, y, z
0,arm,98.91185760498047,167.0940399169922,0
1,body,155.46958923339844,145.5341796875,0
2,body_back,208.40745544433594,143.81214904785156,0
3,bucket,86.04138946533203,129.74664306640625,0
4,bucket_tip,73.38323211669922,106.21830749511719,0
5,springhinge_arm,102.84636688232422,179.3714599609375,0
6,springhinge_boom,133.9488067626953,176.0904083251953,0
