,name, x, y, z
0,arm,100.10977935791016,167.04852294921875,0
1,body,154.96917724609375,145.5670623779297,0
2,body_back,207.59130859375,144.0790557861328,0
3,bucket,87.45588684082031,129.75213623046875,0
4,bucket_tip,75.05387878417969,106.1368179321289,0
5,springhinge_arm,104.00778198242188,179.29164123535156,0
6,springhinge_boom,134.66989135742188,176.08560180664062,0
