,name, x, y, z
0,arm,101.31282806396484,167.01980590820312,0
1,body,154.41036987304688,145.59666442871094,0
2,body_back,206.74049377441406,144.32968139648438,0
3,bucket,88.83463287353516,129.7540740966797,0
4,bucket_tip,76.6480484008789,106.108642578125,0
5,springhinge_arm,105.17271423339844,179.22300720214844,0
6,springhinge_boom,135.3666534423828,176.08383178710938,0
