,name, x, y, z
0,arm,102.5152587890625,167.00975036621094,0
1,body,153.78929138183594,145.6265411376953,0
2,body_back,205.85140991210938,144.56724548339844,0
3,bucket,90.17134094238281,129.74681091308594,0
4,bucket_tip,78.15544128417969,106.13394927978516,0
5,springhinge_arm,106.33607482910156,179.1693115234375,0
6,springhinge_boom,136.03260803222656,176.08302307128906,0
