,name, x, y, z
0,arm,103.71196746826172,167.01687622070312,0
1,body,153.11338806152344,145.66070556640625,0
2,body_back,204.9281005859375,144.7951202392578,0
3,bucket,91.46694946289062,129.7263641357422,0
4,bucket_tip,79.57860565185547,106.20785522460938,0
5,springhinge_arm,107.49574279785156,179.1322479248047,0
6,springhinge_boom,136.6675567626953,176.0807342529297,0
