,name, x, y, z
0,arm,104.90042114257812,167.03701782226562,0
1,body,152.3929443359375,145.69985961914062,0
2,body_back,203.97647094726562,145.013427734375,0
3,bucket,92.72425842285156,129.69468688964844,0
4,bucket_tip,80.9232406616211,106.32732391357422,0
5,springhinge_arm,108.65032196044922,179.11009216308594,0
6,springhinge_boom,137.27288818359375,176.07725524902344,0
