,name, x, y, z
0,arm,106.0787582397461,167.0684814453125,0
1,body,151.6382293701172,145.7447509765625,0
2,body_back,203.00253295898438,145.22222900390625,0
3,bucket,93.9461441040039,129.6537322998047,0
4,bucket_tip,82.19510650634766,106.4893569946289,0
5,springhinge_arm,109.79852294921875,179.10104370117188,0
6,springhinge_boom,137.85012817382812,176.0728759765625,0
