,name, x, y, z
0,arm,108.3978042602539,167.15878295898438,0
1,body,150.06698608398438,145.85467529296875,0
2,body_back,201.01124572753906,145.6116180419922,0
3,bucket,96.2946548461914,129.55177307128906,0
4,bucket_tip,84.54337310791016,106.92899322509766,0
5,springhinge_arm,112.07020568847656,179.1154022216797,0
6,springhinge_boom,138.92572021484375,176.06256103515625,0
