,name, x, y, z
0,arm,109.5347671508789,167.21417236328125,0
1,body,149.27098083496094,145.92111206054688,0
2,body_back,200.00579833984375,145.7923583984375,0
3,bucket,97.42693328857422,129.4947052001953,0
4,bucket_tip,85.63127136230469,107.20056915283203,0
5,springhinge_arm,113.19099426269531,179.1352996826172,0
6,springhinge_boom,139.42697143554688,176.05715942382812,0
