,name, x, y, z
0,arm,61.41904067993164,203.001220703125,0
1,body,157.9220733642578,141.54702758789062,0
2,body_back,213.62124633789062,141.0796661376953,0
3,bucket,84.75701904296875,159.3899383544922,0
4,bucket_tip,97.85247802734375,127.53067016601562,0
5,springhinge_arm,45.53911209106445,214.1782989501953,0
6,springhinge_boom,116.6403579711914,195.1915740966797,0
