,name, x, y, z
0,arm,59.74782180786133,199.7606658935547,0
1,body,162.32362365722656,134.65292358398438,0
2,body_back,224.78485107421875,135.1924591064453,0
3,bucket,62.94912338256836,147.62217712402344,0
4,bucket_tip,73.10790252685547,121.68669128417969,0
5,springhinge_arm,49.2154655456543,216.4605255126953,0
6,springhinge_boom,115.9388198852539,190.79519653320312,0
