,name, x, y, z
0,arm,110.6542739868164,167.27415466308594,0
1,body,148.4817657470703,145.9962158203125,0
2,body_back,199.00172424316406,145.96392822265625,0
3,bucket,98.53499603271484,129.4361572265625,0
4,bucket_tip,86.66932678222656,107.50260925292969,0
5,springhinge_arm,114.2999496459961,179.16134643554688,0
6,springhinge_boom,139.90576171875,176.05198669433594,0
