,name, x, y, z
0,arm,111.75445556640625,167.33700561523438,0
1,body,147.70957946777344,146.0806884765625,0
2,body_back,198.0049591064453,146.12640380859375,0
3,bucket,99.6216049194336,129.3781280517578,0
4,bucket_tip,87.66323852539062,107.83211517333984,0
5,springhinge_arm,115.39568328857422,179.1918182373047,0
6,springhinge_boom,140.36349487304688,176.04730224609375,0
