,name, x, y, z
0,arm,112.83345031738281,167.4010467529297,0
1,body,146.96466064453125,146.1752166748047,0
2,body_back,197.02139282226562,146.27981567382812,0
3,bucket,100.68958282470703,129.32252502441406,0
4,bucket_tip,88.61873626708984,108.18603515625,0
5,springhinge_arm,116.47683715820312,179.22491455078125,0
6,springhinge_boom,140.8015899658203,176.04339599609375,0
