,name, x, y, z
0,arm,113.88941955566406,167.46461486816406,0
1,body,146.25730895996094,146.28057861328125,0
2,body_back,196.0570068359375,146.42430114746094,0
3,bucket,101.74174499511719,129.2713623046875,0
4,bucket_tip,89.54158782958984,108.5613784790039,0
5,springhinge_arm,117.54208374023438,179.2589569091797,0
6,springhinge_boom,141.22149658203125,176.04054260253906,0
