,name, x, y, z
0,arm,114.92052459716797,167.52598571777344,0
1,body,145.59779357910156,146.39747619628906,0
2,body_back,195.11770629882812,146.55992126464844,0
3,bucket,102.78092193603516,129.22653198242188,0
4,bucket_tip,90.4375228881836,108.95510864257812,0
5,springhinge_arm,118.59005737304688,179.2921600341797,0
6,springhinge_boom,141.62461853027344,176.03903198242188,0
