,name, x, y, z
0,arm,115.9249267578125,167.5834503173828,0
1,body,144.99635314941406,146.52664184570312,0
2,body_back,194.20945739746094,146.68673706054688,0
3,bucket,103.80988311767578,129.19004821777344,0
4,bucket_tip,91.312255859375,109.36422729492188,0
5,springhinge_arm,119.61937713623047,179.32278442382812,0
6,springhinge_boom,142.0123748779297,176.0391387939453,0
