,name, x, y, z
0,arm,116.9007568359375,167.63536071777344,0
1,body,144.4632568359375,146.66880798339844,0
2,body_back,193.338134765625,146.8048553466797,0
3,bucket,104.83141326904297,129.163818359375,0
4,bucket_tip,92.1714859008789,109.78568267822266,0
5,springhinge_arm,120.62867736816406,179.34910583496094,0
6,springhinge_boom,142.3861541748047,176.04110717773438,0
