,name, x, y, z
0,arm,117.84615325927734,167.67999267578125,0
1,body,144.0087890625,146.82467651367188,0
2,body_back,192.50973510742188,146.91433715820312,0
3,bucket,105.8484115600586,129.14984130859375,0
4,bucket_tip,93.02101135253906,110.21649169921875,0
5,springhinge_arm,121.61664581298828,179.3693389892578,0
6,springhinge_boom,142.74746704101562,176.0452880859375,0
