,name, x, y, z
0,arm,118.75931549072266,167.71566772460938,0
1,body,143.64315795898438,146.99502563476562,0
2,body_back,191.73013305664062,147.0153045654297,0
3,bucket,106.86359405517578,129.15003967285156,0
4,bucket_tip,93.86651611328125,110.65361785888672,0
5,springhinge_arm,122.58189392089844,179.38177490234375,0
6,springhinge_boom,143.09765625,176.05194091796875,0
