,name, x, y, z
0,arm,119.63838195800781,167.7406768798828,0
1,body,143.38104248046875,147.20498657226562,0
2,body_back,190.9825439453125,147.11245727539062,0
3,bucket,107.86051177978516,129.26641845703125,0
4,bucket_tip,94.69442749023438,111.09820556640625,0
5,springhinge_arm,123.50465393066406,179.40663146972656,0
6,springhinge_boom,143.41891479492188,176.07611083984375,0
