,name, x, y, z
0,arm,59.225120544433594,200.2237548828125,0
1,body,162.18609619140625,134.81747436523438,0
2,body_back,224.45909118652344,135.19227600097656,0
3,bucket,62.197410583496094,147.92539978027344,0
4,bucket_tip,72.7405776977539,121.69173431396484,0
5,springhinge_arm,48.68808364868164,217.24012756347656,0
6,springhinge_boom,115.59913635253906,191.15261840820312,0
