,name, x, y, z
0,arm,120.46361541748047,167.7587127685547,0
1,body,143.22308349609375,147.47279357910156,0
2,body_back,190.24078369140625,147.2113494873047,0
3,bucket,108.82734680175781,129.58078002929688,0
4,bucket_tip,95.49566650390625,111.5501937866211,0
5,springhinge_arm,124.37350463867188,179.4652557373047,0
6,springhinge_boom,143.6982421875,176.13160705566406,0
