,name, x, y, z
0,arm,121.22551727294922,167.77696228027344,0
1,body,143.15858459472656,147.78858947753906,0
2,body_back,189.4967803955078,147.3131561279297,0
3,bucket,109.77375030517578,130.0648193359375,0
4,bucket_tip,96.28266143798828,112.00460815429688,0
5,springhinge_arm,125.19935607910156,179.5574493408203,0
6,springhinge_boom,143.9441680908203,176.2164764404297,0
