,name, x, y, z
0,arm,121.93756866455078,167.79885864257812,0
1,body,143.17691040039062,148.1425018310547,0
2,body_back,188.742431640625,147.41897583007812,0
3,bucket,110.70947265625,130.69012451171875,0
4,bucket_tip,97.06783294677734,112.45645141601562,0
5,springhinge_arm,125.99322509765625,179.68310546875,0
6,springhinge_boom,144.165283203125,176.32876586914062,0
