,name, x, y, z
0,arm,122.61323547363281,167.8279571533203,0
1,body,143.26739501953125,148.52476501464844,0
2,body_back,187.96971130371094,147.5299835205078,0
3,bucket,111.64424133300781,131.42840576171875,0
4,bucket_tip,97.86370086669922,112.90081024169922,0
5,springhinge_arm,126.76610565185547,179.842041015625,0
6,springhinge_boom,144.37014770507812,176.4666748046875,0
