,name, x, y, z
0,arm,123.26605224609375,167.86767578125,0
1,body,143.4193878173828,148.925537109375,0
2,body_back,187.1705322265625,147.6473388671875,0
3,bucket,112.58777618408203,132.25131225585938,0
4,bucket_tip,98.68267822265625,113.33271026611328,0
5,springhinge_arm,127.52897644042969,180.0341339111328,0
6,springhinge_boom,144.5673828125,176.62823486328125,0
