,name, x, y, z
0,arm,123.90945434570312,167.92156982421875,0
1,body,143.62222290039062,149.33494567871094,0
2,body_back,186.33680725097656,147.772216796875,0
3,bucket,113.54981231689453,133.13052368164062,0
4,bucket_tip,99.53726196289062,113.74718475341797,0
5,springhinge_arm,128.29283142089844,180.25921630859375,0
6,springhinge_boom,144.76553344726562,176.8115692138672,0
