,name, x, y, z
0,arm,124.55697631835938,167.9930877685547,0
1,body,143.86521911621094,149.74322509765625,0
2,body_back,185.46044921875,147.90573120117188,0
3,bucket,114.54000854492188,134.03768920898438,0
4,bucket_tip,100.43982696533203,114.1392822265625,0
5,springhinge_arm,129.0686492919922,180.51715087890625,0
6,springhinge_boom,144.97315979003906,177.01480102539062,0
