,name, x, y, z
0,arm,125.22205352783203,168.08572387695312,0
1,body,144.13775634765625,150.14047241210938,0
2,body_back,184.53341674804688,148.04908752441406,0
3,bucket,115.56816101074219,134.94447326660156,0
4,bucket_tip,101.40289306640625,114.50405883789062,0
5,springhinge_arm,129.86741638183594,180.80780029296875,0
6,springhinge_boom,145.19886779785156,177.23599243164062,0
