,name, x, y, z
0,arm,126.65890502929688,168.34837341308594,0
1,body,144.72862243652344,150.86270141601562,0
2,body_back,182.49490356445312,148.36981201171875,0
3,bucket,117.77705383300781,136.6435546875,0
4,bucket_tip,103.56019592285156,115.1317367553711,0
5,springhinge_arm,131.57774353027344,181.48658752441406,0
6,springhinge_boom,145.73875427246094,177.72471618652344,0
