,name, x, y, z
0,arm,59.0293083190918,200.75367736816406,0
1,body,162.21719360351562,134.92747497558594,0
2,body_back,224.3288116455078,135.19287109375,0
3,bucket,61.56557846069336,148.26025390625,0
4,bucket_tip,72.49169158935547,121.6964111328125,0
5,springhinge_arm,48.67072296142578,218.03494262695312,0
6,springhinge_boom,115.7042236328125,191.5452880859375,0
