,name, x, y, z
0,arm,127.45761108398438,168.52536010742188,0
1,body,145.02572631835938,151.16798400878906,0
2,body_back,181.36734008789062,148.5495147705078,0
3,bucket,118.97728729248047,137.37918090820312,0
4,bucket_tip,104.77940368652344,115.38473510742188,0
5,springhinge_arm,132.5113067626953,181.87440490722656,0
6,springhinge_boom,146.07012939453125,177.9884490966797,0
