,name, x, y, z
0,arm,128.327880859375,168.73744201660156,0
1,body,145.30967712402344,151.4229736328125,0
2,body_back,180.15675354003906,148.74365234375,0
3,bucket,120.25432586669922,138.00106811523438,0
4,bucket_tip,106.10888671875,115.59054565429688,0
5,springhinge_arm,133.51177978515625,182.29437255859375,0
6,springhinge_boom,146.453857421875,178.2625732421875,0
