,name, x, y, z
0,arm,129.28311157226562,168.98809814453125,0
1,body,145.56979370117188,151.61781311035156,0
2,body_back,178.85507202148438,148.953369140625,0
3,bucket,121.61785888671875,138.4809112548828,0
4,bucket_tip,107.56108093261719,115.74424743652344,0
5,springhinge_arm,134.59010314941406,182.7462615966797,0
6,springhinge_boom,146.89852905273438,178.54518127441406,0
