,name, x, y, z
0,arm,130.3368377685547,169.28086853027344,0
1,body,145.79550170898438,151.74266052246094,0
2,body_back,177.45428466796875,149.17982482910156,0
3,bucket,123.07768249511719,138.7903289794922,0
4,bucket_tip,109.14851379394531,115.8408432006836,0
5,springhinge_arm,135.75733947753906,183.22999572753906,0
6,springhinge_boom,147.41273498535156,178.83438110351562,0
