,name, x, y, z
0,arm,132.79371643066406,170.00657653808594,0
1,body,146.12046813964844,151.7785186767578,0
2,body_back,174.3291778564453,149.68661499023438,0
3,bucket,126.31830596923828,138.87057495117188,0
4,bucket_tip,112.7703857421875,115.87713623046875,0
5,springhinge_arm,138.39613342285156,184.29083251953125,0
6,springhinge_boom,148.6797332763672,179.42478942871094,0
