,name, x, y, z
0,arm,134.2164306640625,170.50680541992188,0
1,body,146.24562072753906,151.74925231933594,0
2,body_back,172.62606811523438,149.9632568359375,0
3,bucket,128.0789794921875,138.78147888183594,0
4,bucket_tip,114.77981567382812,115.87862396240234,0
5,springhinge_arm,139.8521270751953,184.85882568359375,0
6,springhinge_boom,149.42388916015625,179.72105407714844,0
