,name, x, y, z
0,arm,135.7475128173828,171.1626739501953,0
1,body,146.35293579101562,151.7030029296875,0
2,body_back,170.86624145507812,150.24942016601562,0
3,bucket,129.89566040039062,138.6427764892578,0
4,bucket_tip,116.87442016601562,115.87993621826172,0
5,springhinge_arm,141.36593627929688,185.4405059814453,0
6,springhinge_boom,150.2203369140625,180.01412963867188,0
