,name, x, y, z
0,arm,137.35630798339844,171.94598388671875,0
1,body,146.4437713623047,151.64280700683594,0
2,body_back,169.07891845703125,150.54019165039062,0
3,bucket,131.73846435546875,138.4634246826172,0
4,bucket_tip,119.01671600341797,115.88101196289062,0
5,springhinge_arm,142.9110107421875,186.02691650390625,0
6,springhinge_boom,151.05186462402344,180.3009796142578,0
