,name, x, y, z
0,arm,139.0122528076172,172.82850646972656,0
1,body,146.51953125,151.57176208496094,0
2,body_back,167.29344177246094,150.8308563232422,0
3,bucket,133.57762145996094,138.25245666503906,0
4,bucket_tip,121.1692886352539,115.88192749023438,0
5,springhinge_arm,144.46090698242188,186.60914611816406,0
6,springhinge_boom,151.90130615234375,180.57862854003906,0
