,name, x, y, z
0,arm,59.23371887207031,201.35377502441406,0
1,body,162.46209716796875,134.967529296875,0
2,body_back,224.42724609375,135.19325256347656,0
3,bucket,61.08207702636719,148.6293487548828,0
4,bucket_tip,72.37576293945312,121.7007064819336,0
5,springhinge_arm,49.267757415771484,218.83787536621094,0
6,springhinge_boom,116.34504699707031,191.97198486328125,0
