,name, x, y, z
0,arm,140.68472290039062,173.78213500976562,0
1,body,146.58152770996094,151.492919921875,0
2,body_back,165.5390625,151.11659240722656,0
3,bucket,135.3832244873047,138.01885986328125,0
4,bucket_tip,123.29463195800781,115.8826675415039,0
5,springhinge_arm,145.989013671875,187.1782989501953,0
6,springhinge_boom,152.7514190673828,180.8440704345703,0
