,name, x, y, z
0,arm,142.34315490722656,174.7786865234375,0
1,body,146.63116455078125,151.4093475341797,0
2,body_back,163.84503173828125,151.3926239013672,0
3,bucket,137.12547302246094,137.7716522216797,0
4,bucket_tip,125.35527038574219,115.88327026367188,0
5,springhinge_arm,147.46885681152344,187.72540283203125,0
6,springhinge_boom,153.58505249023438,181.0943145751953,0
