,name, x, y, z
0,arm,145.49542236328125,176.78770446777344,0
1,body,146.69891357421875,151.24034118652344,0
2,body_back,160.75521850585938,151.89633178710938,0
3,bucket,140.30050659179688,137.27235412597656,0
4,bucket_tip,129.1327362060547,115.88410186767578,0
5,springhinge_arm,150.17771911621094,188.71786499023438,0
6,springhinge_boom,155.1341094970703,181.5371856689453,0
