,name, x, y, z
0,arm,146.92807006835938,177.74391174316406,0
1,body,146.71974182128906,151.16098022460938,0
2,body_back,159.41798400878906,152.11439514160156,0
3,bucket,141.673583984375,137.0382537841797,0
4,bucket_tip,130.7746124267578,115.88433837890625,0
5,springhinge_arm,151.35365295410156,189.1453399658203,0
6,springhinge_boom,155.81512451171875,181.72378540039062,0
