,name, x, y, z
0,arm,149.35337829589844,179.4186553955078,0
1,body,146.7421417236328,151.02801513671875,0
2,body_back,157.30520629882812,152.45907592773438,0
3,bucket,143.84170532226562,136.64620971679688,0
4,bucket_tip,133.3773193359375,115.88460540771484,0
5,springhinge_arm,153.2159881591797,189.81826782226562,0
6,springhinge_boom,156.90414428710938,182.01242065429688,0
