,name, x, y, z
0,arm,150.2848663330078,180.08091735839844,0
1,body,146.74647521972656,150.9805145263672,0
2,body_back,156.58824157714844,152.57608032226562,0
3,bucket,144.57705688476562,136.50625610351562,0
4,bucket_tip,134.26324462890625,115.88465881347656,0
5,springhinge_arm,153.84934997558594,190.0458221435547,0
6,springhinge_boom,157.2777862548828,182.10842895507812,0
