,name, x, y, z
0,arm,150.98806762695312,180.5888214111328,0
1,body,146.7480926513672,150.9497833251953,0
2,body_back,156.13658142089844,152.64979553222656,0
3,bucket,145.0401611328125,136.4156951904297,0
4,bucket_tip,134.82228088378906,115.88468170166016,0
5,springhinge_arm,154.24880981445312,190.1889190673828,0
6,springhinge_boom,157.5145721435547,182.16822814941406,0
