,name, x, y, z
0,arm,151.43246459960938,180.91424560546875,0
1,body,146.74830627441406,150.9388427734375,0
2,body_back,155.97952270507812,152.67543029785156,0
3,bucket,145.20114135742188,136.38348388671875,0
4,bucket_tip,135.01693725585938,115.88468170166016,0
5,springhinge_arm,154.38784790039062,190.23861694335938,0
6,springhinge_boom,157.59730529785156,182.18881225585938,0
