,name, x, y, z
0,arm,59.911556243896484,202.02748107910156,0
1,body,162.86781311035156,134.96092224121094,0
2,body_back,224.7025146484375,135.18728637695312,0
3,bucket,60.76640319824219,149.02890014648438,0
4,bucket_tip,72.40047454833984,121.74838256835938,0
5,springhinge_arm,50.19742965698242,219.63697814941406,0
6,springhinge_boom,117.27241516113281,192.42440795898438,0
