,name, x, y, z
0,arm,60.83894729614258,202.7685546875,0
1,body,163.33682250976562,134.94276428222656,0
2,body_back,225.06475830078125,135.17031860351562,0
3,bucket,60.60205078125,149.4515380859375,0
4,bucket_tip,72.54615783691406,121.87640380859375,0
5,springhinge_arm,51.109615325927734,220.42349243164062,0
6,springhinge_boom,118.1685562133789,192.88848876953125,0
