,name, x, y, z
0,arm,61.73506546020508,203.5548858642578,0
1,body,163.84765625,134.91554260253906,0
2,body_back,225.4901123046875,135.1437530517578,0
3,bucket,60.56339645385742,149.8946075439453,0
4,bucket_tip,72.78617095947266,122.07467651367188,0
5,springhinge_arm,52.006011962890625,221.19508361816406,0
6,springhinge_boom,119.02139282226562,193.3543701171875,0
