,name, x, y, z
0,arm,62.58791732788086,204.3661346435547,0
1,body,164.3788299560547,134.88174438476562,0
2,body_back,225.95469665527344,135.1089630126953,0
3,bucket,60.624969482421875,150.3555145263672,0
4,bucket_tip,73.09403228759766,122.3331069946289,0
5,springhinge_arm,52.88836669921875,221.94937133789062,0
6,springhinge_boom,119.81892395019531,193.81224060058594,0
