,name, x, y, z
0,arm,63.38545227050781,205.18197631835938,0
1,body,164.90892028808594,134.84384155273438,0
2,body_back,226.43475341796875,135.06736755371094,0
3,bucket,60.761226654052734,150.83168029785156,0
4,bucket_tip,73.44316864013672,122.6416015625,0
5,springhinge_arm,53.7584342956543,222.68408203125,0
6,springhinge_boom,120.54916381835938,194.2522430419922,0
