,name, x, y, z
0,arm,64.11567687988281,205.98202514648438,0
1,body,165.41635131835938,134.80435180664062,0
2,body_back,226.90631103515625,135.0203399658203,0
3,bucket,60.946571350097656,151.32046508789062,0
4,bucket_tip,73.80696868896484,122.99007415771484,0
5,springhinge_arm,54.617919921875,223.39686584472656,0
6,springhinge_boom,121.20002746582031,194.6645050048828,0
