,name, x, y, z
0,arm,61.37998962402344,203.1145782470703,0
1,body,157.85708618164062,141.46575927734375,0
2,body_back,213.5183563232422,141.03915405273438,0
3,bucket,84.7433853149414,159.43580627441406,0
4,bucket_tip,97.84991455078125,127.5051498413086,0
5,springhinge_arm,45.50922393798828,214.3247833251953,0
6,springhinge_boom,116.6199951171875,195.17633056640625,0
