,name, x, y, z
0,arm,65.32603454589844,207.4532928466797,0
1,body,166.2775115966797,134.73052978515625,0
2,body_back,227.72886657714844,134.9156036376953,0
3,bucket,61.36249542236328,152.32542419433594,0
4,bucket_tip,74.47245788574219,123.76658630371094,0
5,springhinge_arm,56.31207275390625,224.7472381591797,0
6,springhinge_boom,122.21562194824219,195.36647033691406,0
