,name, x, y, z
0,arm,65.78216552734375,208.0837860107422,0
1,body,166.58822631835938,134.70115661621094,0
2,body_back,228.03207397460938,134.86065673828125,0
3,bucket,61.54194259643555,152.83636474609375,0
4,bucket_tip,74.72099304199219,124.17442321777344,0
5,springhinge_arm,57.15020751953125,225.38018798828125,0
6,springhinge_boom,122.55628967285156,195.63644409179688,0
