,name, x, y, z
0,arm,66.1228256225586,208.61703491210938,0
1,body,166.79043579101562,134.68011474609375,0
2,body_back,228.23150634765625,134.8058624267578,0
3,bucket,61.66835403442383,153.3494873046875,0
4,bucket_tip,74.87799072265625,124.58184814453125,0
5,springhinge_arm,57.98469543457031,225.98179626464844,0
6,springhinge_boom,122.76952362060547,195.83929443359375,0
