,name, x, y, z
0,arm,66.40979766845703,209.31036376953125,0
1,body,166.95306396484375,134.66641235351562,0
2,body_back,228.34127807617188,134.69134521484375,0
3,bucket,61.77704620361328,154.36572265625,0
4,bucket_tip,74.8905029296875,125.35086059570312,0
5,springhinge_arm,59.736297607421875,227.076416015625,0
6,springhinge_boom,122.94988250732422,196.04449462890625,0
