,name, x, y, z
0,arm,66.59713745117188,209.5006561279297,0
1,body,167.2117156982422,134.66354370117188,0
2,body_back,228.45118713378906,134.61326599121094,0
3,bucket,61.949710845947266,154.8521270751953,0
4,bucket_tip,74.86619567871094,125.6911392211914,0
5,springhinge_arm,60.8128662109375,227.55650329589844,0
6,springhinge_boom,123.25312805175781,196.11447143554688,0
