,name, x, y, z
0,arm,67.12860870361328,209.6685791015625,0
1,body,167.6195831298828,134.66111755371094,0
2,body_back,228.62710571289062,134.5210418701172,0
3,bucket,62.2192497253418,155.3196258544922,0
4,bucket_tip,74.83924865722656,126.00081634521484,0
5,springhinge_arm,62.02261734008789,227.99205017089844,0
6,springhinge_boom,123.72821044921875,196.1757049560547,0
