,name, x, y, z
0,arm,67.9582748413086,209.81552124023438,0
1,body,168.15765380859375,134.65882873535156,0
2,body_back,228.8630828857422,134.41732788085938,0
3,bucket,62.57075881958008,155.76651000976562,0
4,bucket_tip,74.8049087524414,126.28108978271484,0
5,springhinge_arm,63.34123229980469,228.3848419189453,0
6,springhinge_boom,124.35032653808594,196.22877502441406,0
