,name, x, y, z
0,arm,69.04029846191406,209.94293212890625,0
1,body,168.80691528320312,134.65646362304688,0
2,body_back,229.15318298339844,134.3047637939453,0
3,bucket,62.98936462402344,156.19102478027344,0
4,bucket_tip,74.75847625732422,126.53315734863281,0
5,springhinge_arm,64.74436950683594,228.73678588867188,0
6,springhinge_boom,125.09461975097656,196.2742919921875,0
