,name, x, y, z
0,arm,61.35826873779297,203.21839904785156,0
1,body,157.79898071289062,141.39268493652344,0
2,body_back,213.42935180664062,141.0129852294922,0
3,bucket,84.74121856689453,159.4752197265625,0
4,bucket_tip,97.83958435058594,127.47834777832031,0
5,springhinge_arm,45.49258804321289,214.45774841308594,0
6,springhinge_boom,116.60189056396484,195.1636199951172,0
