,name, x, y, z
0,arm,70.32876586914062,210.05215454101562,0
1,body,169.54835510253906,134.6537322998047,0
2,body_back,229.491455078125,134.18600463867188,0
3,bucket,63.460121154785156,156.5915069580078,0
4,bucket_tip,74.69517517089844,126.75821685791016,0
5,springhinge_arm,66.20770263671875,229.0498046875,0
6,springhinge_boom,125.93628692626953,196.31280517578125,0
