,name, x, y, z
0,arm,71.77783966064453,210.1446075439453,0
1,body,170.36297607421875,134.650390625,0
2,body_back,229.87197875976562,134.06365966796875,0
3,bucket,63.9681282043457,156.9661865234375,0
4,bucket_tip,74.61028289794922,126.95744323730469,0
5,springhinge_arm,67.70691680908203,229.32574462890625,0
6,springhinge_boom,126.85053253173828,196.34494018554688,0
