,name, x, y, z
0,arm,74.97418975830078,210.28480529785156,0
1,body,172.13575744628906,134.64083862304688,0
2,body_back,230.73590087890625,133.8189239501953,0
3,bucket,65.03636169433594,157.63131713867188,0
4,bucket_tip,74.35679626464844,127.283203125,0
5,springhinge_arm,70.7155532836914,229.77389526367188,0
6,springhinge_boom,128.79742431640625,196.39230346679688,0
