,name, x, y, z
0,arm,76.62970733642578,210.33534240722656,0
1,body,173.0558624267578,134.63412475585938,0
2,body_back,231.20742797851562,133.70179748535156,0
3,bucket,65.56675720214844,157.91830444335938,0
4,bucket_tip,74.1787109375,127.41212463378906,0
5,springhinge_arm,72.17633056640625,229.9498748779297,0
6,springhinge_boom,129.7804412841797,196.40867614746094,0
