,name, x, y, z
0,arm,81.2751235961914,210.42547607421875,0
1,body,175.72308349609375,134.60311889648438,0
2,body_back,232.7089385986328,133.40321350097656,0
3,bucket,66.9641342163086,158.57630920410156,0
4,bucket_tip,73.38231658935547,127.67729187011719,0
5,springhinge_arm,76.09248352050781,230.30796813964844,0
6,springhinge_boom,132.469970703125,196.43576049804688,0
