,name, x, y, z
0,arm,82.56360626220703,210.439697265625,0
1,body,176.51776123046875,134.58831787109375,0
2,body_back,233.21861267089844,133.33009338378906,0
3,bucket,67.31564331054688,158.72227478027344,0
4,bucket_tip,73.01367950439453,127.7291259765625,0
5,springhinge_arm,77.16139221191406,230.37698364257812,0
6,springhinge_boom,133.1972198486328,196.4393768310547,0
