,name, x, y, z
0,arm,83.64562225341797,210.44830322265625,0
1,body,177.2335662841797,134.57086181640625,0
2,body_back,233.72296142578125,133.2745819091797,0
3,bucket,67.58516693115234,158.8286590576172,0
4,bucket_tip,72.58555603027344,127.76468658447266,0
5,springhinge_arm,78.07146453857422,230.4239501953125,0
6,springhinge_boom,133.7985076904297,196.4412078857422,0
