,name, x, y, z
0,arm,61.34554672241211,203.31199645996094,0
1,body,157.74545288085938,141.32089233398438,0
2,body_back,213.34619140625,140.99142456054688,0
3,bucket,84.7484130859375,159.50827026367188,0
4,bucket_tip,97.81631469726562,127.45030975341797,0
5,springhinge_arm,45.475799560546875,214.57762145996094,0
6,springhinge_boom,116.58477783203125,195.15618896484375,0
