,name, x, y, z
0,arm,84.47530364990234,210.45274353027344,0
1,body,177.85147094726562,134.5504608154297,0
2,body_back,234.21603393554688,133.2393341064453,0
3,bucket,67.7578353881836,158.89373779296875,0
4,bucket_tip,72.09322357177734,127.78514099121094,0
5,springhinge_arm,78.79839324951172,230.4507598876953,0
6,springhinge_boom,134.24900817871094,196.44189453125,0
