,name, x, y, z
0,arm,85.00675201416016,210.45437622070312,0
1,body,178.3524932861328,134.5269012451172,0
2,body_back,234.69189453125,133.22698974609375,0
3,bucket,67.8187026977539,158.9158172607422,0
4,bucket_tip,71.53192138671875,127.79169464111328,0
5,springhinge_arm,79.3178939819336,230.45928955078125,0
6,springhinge_boom,134.52386474609375,196.4419708251953,0
