,name, x, y, z
0,arm,85.194091796875,210.45458984375,0
1,body,178.7662811279297,134.49583435058594,0
2,body_back,235.14564514160156,133.23013305664062,0
3,bucket,67.78236389160156,158.8792266845703,0
4,bucket_tip,70.85811614990234,127.77751922607422,0
5,springhinge_arm,79.7044677734375,230.4015350341797,0
6,springhinge_boom,134.69387817382812,196.41290283203125,0
