,name, x, y, z
0,arm,85.19403076171875,210.3982391357422,0
1,body,179.13685607910156,134.4539794921875,0
2,body_back,235.57681274414062,133.2394256591797,0
3,bucket,67.67591857910156,158.7730255126953,0
4,bucket_tip,70.0390853881836,127.73696899414062,0
5,springhinge_arm,80.05052185058594,230.2337188720703,0
6,springhinge_boom,134.8468780517578,196.32870483398438,0
