,name, x, y, z
0,arm,85.19361877441406,210.23451232910156,0
1,body,179.46669006347656,134.40269470214844,0
2,body_back,235.98587036132812,133.25473022460938,0
3,bucket,67.50312042236328,158.60260009765625,0
4,bucket_tip,69.0864028930664,127.67294311523438,0
5,springhinge_arm,80.35842895507812,229.96397399902344,0
6,springhinge_boom,134.9838104248047,196.1937255859375,0
