,name, x, y, z
0,arm,85.1924819946289,209.97128295898438,0
1,body,179.75830078125,134.34329223632812,0
2,body_back,236.37338256835938,133.27587890625,0
3,bucket,67.26779174804688,158.3733367919922,0
4,bucket_tip,68.01165008544922,127.58840942382812,0
5,springhinge_arm,80.63050842285156,229.60037231445312,0
6,springhinge_boom,135.10552978515625,196.01246643066406,0
