,name, x, y, z
0,arm,85.19027709960938,209.6165313720703,0
1,body,180.01417541503906,134.27713012695312,0
2,body_back,236.73985290527344,133.30270385742188,0
3,bucket,66.9737319946289,158.09063720703125,0
4,bucket_tip,66.8263168334961,127.48627471923828,0
5,springhinge_arm,80.86913299560547,229.15098571777344,0
6,springhinge_boom,135.2129364013672,195.7893524169922,0
