,name, x, y, z
0,arm,85.1866455078125,209.17819213867188,0
1,body,180.23680114746094,134.20555114746094,0
2,body_back,237.08587646484375,133.3350372314453,0
3,bucket,66.62469482421875,157.75987243652344,0
4,bucket_tip,65.54200744628906,127.36947631835938,0
5,springhinge_arm,81.07665252685547,228.6240234375,0
6,springhinge_boom,135.3069610595703,195.52880859375,0
