,name, x, y, z
0,arm,85.18121337890625,208.66415405273438,0
1,body,180.42868041992188,134.12986755371094,0
2,body_back,237.41192626953125,133.37271118164062,0
3,bucket,66.22451782226562,157.38641357421875,0
4,bucket_tip,64.1703109741211,127.24095916748047,0
5,springhinge_arm,81.25543212890625,228.02749633789062,0
6,springhinge_boom,135.38844299316406,195.2352752685547,0
