,name, x, y, z
0,arm,85.17366027832031,208.08238220214844,0
1,body,180.59231567382812,134.05145263671875,0
2,body_back,237.7185821533203,133.41558837890625,0
3,bucket,65.77693939208984,156.97564697265625,0
4,bucket_tip,62.72273635864258,127.1036376953125,0
5,springhinge_arm,81.40782928466797,227.3695526123047,0
6,springhinge_boom,135.45831298828125,194.91317749023438,0
