,name, x, y, z
0,arm,61.33267593383789,203.39573669433594,0
1,body,157.6963348388672,141.2503662109375,0
2,body_back,213.26876831054688,140.97425842285156,0
3,bucket,84.7645034790039,159.53543090820312,0
4,bucket_tip,97.78030395507812,127.42118835449219,0
5,springhinge_arm,45.458866119384766,214.68527221679688,0
6,springhinge_boom,116.56864929199219,195.1540069580078,0
