,name, x, y, z
0,arm,85.16358947753906,207.4407958984375,0
1,body,180.7301788330078,133.9716033935547,0
2,body_back,238.00634765625,133.46351623535156,0
3,bucket,65.28582000732422,156.53297424316406,0
4,bucket_tip,61.210845947265625,126.96044921875,0
5,springhinge_arm,81.53617858886719,226.65830993652344,0
6,springhinge_boom,135.51747131347656,194.56695556640625,0
