,name, x, y, z
0,arm,85.09111022949219,204.43495178222656,0
1,body,181.0740509033203,133.6648712158203,0
2,body_back,238.97940063476562,133.70216369628906,0
3,bucket,62.961509704589844,154.5508270263672,0
4,bucket_tip,54.751407623291016,126.38772583007812,0
5,springhinge_arm,81.85635375976562,223.44229125976562,0
6,springhinge_boom,135.66465759277344,193.029541015625,0
