,name, x, y, z
0,arm,85.06316375732422,203.61326599121094,0
1,body,181.12057495117188,133.59803771972656,0
2,body_back,239.1808319091797,133.77276611328125,0
3,bucket,62.30942153930664,154.02932739257812,0
4,bucket_tip,53.09136199951172,126.25920104980469,0
5,springhinge_arm,81.89986419677734,222.58604431152344,0
6,springhinge_boom,135.68357849121094,192.6292266845703,0
