,name, x, y, z
0,arm,85.03056335449219,202.7793731689453,0
1,body,181.15635681152344,133.5377960205078,0
2,body_back,239.36659240722656,133.84742736816406,0
3,bucket,61.63654708862305,153.50820922851562,0
4,bucket_tip,51.43635940551758,126.14240264892578,0
5,springhinge_arm,81.9334716796875,221.7251739501953,0
6,springhinge_boom,135.69715881347656,192.23141479492188,0
