,name, x, y, z
0,arm,84.99296569824219,201.94119262695312,0
1,body,181.18380737304688,133.48553466796875,0
2,body_back,239.53721618652344,133.92599487304688,0
3,bucket,60.946659088134766,152.99288940429688,0
4,bucket_tip,49.79796600341797,126.04027557373047,0
5,springhinge_arm,81.95954132080078,220.86770629882812,0
6,springhinge_boom,135.7062225341797,191.8404998779297,0
