,name, x, y, z
0,arm,84.94998168945312,201.1066436767578,0
1,body,181.2054901123047,133.44253540039062,0
2,body_back,239.69326782226562,134.00827026367188,0
3,bucket,60.24354553222656,152.48870849609375,0
4,bucket_tip,48.187744140625,125.95573425292969,0
5,springhinge_arm,81.98040008544922,220.02182006835938,0
6,springhinge_boom,135.71173095703125,191.46096801757812,0
