,name, x, y, z
0,arm,84.90130615234375,200.28367614746094,0
1,body,181.22386169433594,133.41018676757812,0
2,body_back,239.83526611328125,134.0941162109375,0
3,bucket,59.531009674072266,152.00108337402344,0
4,bucket_tip,46.617210388183594,125.89170837402344,0
5,springhinge_arm,81.99845123291016,219.195556640625,0
6,springhinge_boom,135.71458435058594,191.0972137451172,0
