,name, x, y, z
0,arm,61.31977081298828,203.47032165527344,0
1,body,157.65147399902344,141.18099975585938,0
2,body_back,213.1969451904297,140.9612274169922,0
3,bucket,84.78913116455078,159.5569305419922,0
4,bucket_tip,97.73184204101562,127.39105224609375,0
5,springhinge_arm,45.44199752807617,214.78146362304688,0
6,springhinge_boom,116.55351257324219,195.1568603515625,0
