,name, x, y, z
0,arm,84.8465347290039,199.48020935058594,0
1,body,181.241455078125,133.3897705078125,0
2,body_back,239.9637451171875,134.18336486816406,0
3,bucket,58.812843322753906,151.53536987304688,0
4,bucket_tip,45.097957611083984,125.85115814208984,0
5,springhinge_arm,82.01597595214844,218.39706420898438,0
6,springhinge_boom,135.7156219482422,190.75367736816406,0
