,name, x, y, z
0,arm,84.78533935546875,198.70416259765625,0
1,body,181.26072692871094,133.3826904296875,0
2,body_back,240.07925415039062,134.27587890625,0
3,bucket,58.09282302856445,151.09695434570312,0
4,bucket_tip,43.64152908325195,125.83698272705078,0
5,springhinge_arm,82.03540802001953,217.6344451904297,0
6,springhinge_boom,135.7157745361328,190.434814453125,0
