,name, x, y, z
0,arm,84.71734619140625,197.96348571777344,0
1,body,181.36785888671875,133.54591369628906,0
2,body_back,240.1341094970703,134.5176544189453,0
3,bucket,57.54058074951172,150.81703186035156,0
4,bucket_tip,42.440948486328125,125.99980163574219,0
5,springhinge_arm,82.19607543945312,216.96295166015625,0
6,springhinge_boom,135.78182983398438,190.22463989257812,0
