,name, x, y, z
0,arm,84.7709732055664,197.33644104003906,0
1,body,181.57101440429688,134.00302124023438,0
2,body_back,240.0888214111328,135.02940368652344,0
3,bucket,57.299217224121094,150.80169677734375,0
4,bucket_tip,41.65401840209961,126.46138000488281,0
5,springhinge_arm,82.61309051513672,216.42372131347656,0
6,springhinge_boom,135.9686737060547,190.18988037109375,0
