,name, x, y, z
0,arm,85.05475616455078,196.8835906982422,0
1,body,181.79617309570312,134.7067108154297,0
2,body_back,239.9569854736328,135.77117919921875,0
3,bucket,57.32997512817383,151.01651000976562,0
4,bucket_tip,41.23526382446289,127.17925262451172,0
5,springhinge_arm,83.25061798095703,216.00196838378906,0
6,springhinge_boom,136.25839233398438,190.30755615234375,0
