,name, x, y, z
0,arm,85.53654479980469,196.58447265625,0
1,body,182.03733825683594,135.61508178710938,0
2,body_back,239.75286865234375,136.7017059326172,0
3,bucket,57.591583251953125,151.4251251220703,0
4,bucket_tip,41.13521957397461,128.10948181152344,0
5,springhinge_arm,84.0715560913086,215.68141174316406,0
6,springhinge_boom,136.6324920654297,190.5533447265625,0
