,name, x, y, z
0,arm,86.96076965332031,196.35711669921875,0
1,body,182.54432678222656,137.8751983642578,0
2,body_back,239.185302734375,138.96527099609375,0
3,bucket,58.638057708740234,152.67587280273438,0
4,bucket_tip,41.6843376159668,130.4313201904297,0
5,springhinge_arm,86.11548614501953,215.27401733398438,0
6,springhinge_boom,137.56031799316406,191.3302459716797,0
