,name, x, y, z
0,arm,87.83672332763672,196.3820037841797,0
1,body,182.7994384765625,139.14390563964844,0
2,body_back,238.84982299804688,140.21990966796875,0
3,bucket,59.33943557739258,153.44578552246094,0
4,bucket_tip,42.22970962524414,131.73858642578125,0
5,springhinge_arm,87.26727294921875,215.151611328125,0
6,springhinge_boom,138.0786590576172,191.81300354003906,0
