,name, x, y, z
0,arm,88.77951049804688,196.4681396484375,0
1,body,183.04916381835938,140.45285034179688,0
2,body_back,238.49752807617188,141.50765991210938,0
3,bucket,60.106231689453125,154.26622009277344,0
4,bucket_tip,42.888431549072266,133.09075927734375,0
5,springhinge_arm,88.46119689941406,215.05996704101562,0
6,springhinge_boom,138.61123657226562,192.32786560058594,0
