,name, x, y, z
0,arm,61.30689239501953,203.53631591796875,0
1,body,157.61077880859375,141.1128387451172,0
2,body_back,213.13059997558594,140.9520721435547,0
3,bucket,84.8217544555664,159.5731658935547,0
4,bucket_tip,97.67103576660156,127.3599853515625,0
5,springhinge_arm,45.42519760131836,214.86703491210938,0
6,springhinge_boom,116.53931427001953,195.16465759277344,0
