,name, x, y, z
0,arm,89.75927734375,196.59268188476562,0
1,body,183.28919982910156,141.76588439941406,0
2,body_back,238.14059448242188,142.79519653320312,0
3,bucket,60.90101623535156,155.10528564453125,0
4,bucket_tip,43.6128044128418,134.4517822265625,0
5,springhinge_arm,89.66690063476562,214.98196411132812,0
6,springhinge_boom,139.142822265625,192.85342407226562,0
