,name, x, y, z
0,arm,90.74829864501953,196.73385620117188,0
1,body,183.51568603515625,143.04962158203125,0
2,body_back,237.7904052734375,144.05169677734375,0
3,bucket,61.68850326538086,155.93299865722656,0
4,bucket_tip,44.3575553894043,135.78819274902344,0
5,springhinge_arm,90.8563003540039,214.90113830566406,0
6,springhinge_boom,139.65943908691406,193.3695068359375,0
