,name, x, y, z
0,arm,91.72093200683594,196.8707275390625,0
1,body,183.7252197265625,144.27328491210938,0
2,body_back,237.4577178955078,145.24893188476562,0
3,bucket,62.435638427734375,156.72154235839844,0
4,bucket_tip,45.079917907714844,137.06939697265625,0
5,springhinge_arm,92.00370025634766,214.80160522460938,0
6,springhinge_boom,140.1481475830078,193.85736083984375,0
