,name, x, y, z
0,arm,92.65348815917969,196.98342895507812,0
1,body,183.9147491455078,145.40867614746094,0
2,body_back,237.1522979736328,146.36080932617188,0
3,bucket,63.111358642578125,157.44488525390625,0
4,bucket_tip,45.739524841308594,138.26707458496094,0
5,springhinge_arm,93.08549499511719,214.6679229736328,0
6,springhinge_boom,140.596923828125,194.2993621826172,0
