,name, x, y, z
0,arm,93.52408599853516,197.0529022216797,0
1,body,184.08140563964844,146.42967224121094,0
2,body_back,236.8834228515625,147.3631134033203,0
3,bucket,63.68620300292969,158.07843017578125,0
4,bucket_tip,46.297969818115234,139.3549346923828,0
5,springhinge_arm,94.07978057861328,214.48501586914062,0
6,springhinge_boom,140.9945831298828,194.6788330078125,0
