,name, x, y, z
0,arm,94.31238555908203,197.06072998046875,0
1,body,184.2227020263672,147.31182861328125,0
2,body_back,236.65997314453125,148.2330322265625,0
3,bucket,64.13195037841797,158.5988006591797,0
4,bucket_tip,46.71835708618164,140.3082733154297,0
5,springhinge_arm,94.96613311767578,214.23800659179688,0
6,springhinge_boom,141.33047485351562,194.97987365722656,0
