,name, x, y, z
0,arm,94.99915313720703,196.9889373779297,0
1,body,184.33607482910156,148.0318603515625,0
2,body_back,236.49050903320312,148.94859313964844,0
3,bucket,64.42092895507812,158.98316955566406,0
4,bucket_tip,46.96455001831055,141.10333251953125,0
5,springhinge_arm,95.7249526977539,213.9118194580078,0
6,springhinge_boom,141.59429931640625,195.18687438964844,0
