,name, x, y, z
0,arm,95.56594848632812,196.81956481933594,0
1,body,184.41920471191406,148.56710815429688,0
2,body_back,236.38365173339844,149.48800659179688,0
3,bucket,64.52542877197266,159.2088165283203,0
4,bucket_tip,47.00040817260742,141.7166748046875,0
5,springhinge_arm,96.33708953857422,213.4910430908203,0
6,springhinge_boom,141.77578735351562,195.28427124023438,0
