,name, x, y, z
0,arm,95.99444580078125,196.53445434570312,0
1,body,184.4695587158203,148.89463806152344,0
2,body_back,236.34812927246094,149.82908630371094,0
3,bucket,64.41696166992188,159.25238037109375,0
4,bucket_tip,46.78897476196289,142.1244659423828,0
5,springhinge_arm,96.78316497802734,212.95932006835938,0
6,springhinge_boom,141.86439514160156,195.25596618652344,0
