,name, x, y, z
0,arm,96.26602935791016,196.11436462402344,0
1,body,184.4845428466797,148.99075317382812,0
2,body_back,236.393310546875,149.9483184814453,0
3,bucket,64.06526947021484,159.0891571044922,0
4,bucket_tip,46.29115295410156,142.30160522460938,0
5,springhinge_arm,97.04289245605469,212.2989501953125,0
6,springhinge_boom,141.8489227294922,195.08489990234375,0
