,name, x, y, z
0,arm,61.294105529785156,203.5944366455078,0
1,body,157.5740509033203,141.04580688476562,0
2,body_back,213.0696258544922,140.94659423828125,0
3,bucket,84.86205291748047,159.58448791503906,0
4,bucket_tip,97.59820556640625,127.328125,0
5,springhinge_arm,45.40867233276367,214.9427947998047,0
6,springhinge_boom,116.52609252929688,195.17724609375,0
