,name, x, y, z
0,arm,96.36119079589844,195.53883361816406,0
1,body,184.5410614013672,148.98391723632812,0
2,body_back,236.48707580566406,149.9478759765625,0
3,bucket,63.58872604370117,158.80503845214844,0
4,bucket_tip,45.63692092895508,142.35169982910156,0
5,springhinge_arm,97.2081527709961,211.54493713378906,0
6,springhinge_boom,141.7793731689453,194.82496643066406,0
