,name, x, y, z
0,arm,96.38069915771484,194.1402130126953,0
1,body,184.791259765625,149.01226806640625,0
2,body_back,236.702392578125,149.94456481933594,0
3,bucket,62.679080963134766,158.18858337402344,0
4,bucket_tip,44.33269500732422,142.4358367919922,0
5,springhinge_arm,97.57184600830078,209.91021728515625,0
6,springhinge_boom,141.6516571044922,194.24172973632812,0
