,name, x, y, z
0,arm,96.40425872802734,193.3876953125,0
1,body,184.92506408691406,149.02520751953125,0
2,body_back,236.82261657714844,149.94175720214844,0
3,bucket,62.24501037597656,157.85910034179688,0
4,bucket_tip,43.68333053588867,142.4706573486328,0
5,springhinge_arm,97.76899719238281,209.0369873046875,0
6,springhinge_boom,141.59326171875,193.92173767089844,0
