,name, x, y, z
0,arm,96.43617248535156,192.60415649414062,0
1,body,185.064208984375,149.0373992919922,0
2,body_back,236.95028686523438,149.93829345703125,0
3,bucket,61.82407760620117,157.5173797607422,0
4,bucket_tip,43.036075592041016,142.50120544433594,0
5,springhinge_arm,97.97545623779297,208.13157653808594,0
6,springhinge_boom,141.5382843017578,193.58514404296875,0
