,name, x, y, z
0,arm,96.47592163085938,191.79287719726562,0
1,body,185.20834350585938,149.04881286621094,0
2,body_back,237.0847625732422,149.93418884277344,0
3,bucket,61.41582489013672,157.164794921875,0
4,bucket_tip,42.39133071899414,142.52784729003906,0
5,springhinge_arm,98.19062805175781,207.1976776123047,0
6,springhinge_boom,141.48663330078125,193.2335968017578,0
