,name, x, y, z
0,arm,96.57653045654297,190.1001434326172,0
1,body,185.51019287109375,149.0694122314453,0
2,body_back,237.37139892578125,149.92422485351562,0
3,bucket,60.635353088378906,156.4327392578125,0
4,bucket_tip,41.110443115234375,142.57102966308594,0
5,springhinge_arm,98.64451599121094,205.25942993164062,0
6,springhinge_boom,141.3927764892578,192.49229431152344,0
