,name, x, y, z
0,arm,96.63623046875,189.2252960205078,0
1,body,185.66720581054688,149.0786895751953,0
2,body_back,237.52223205566406,149.9185028076172,0
3,bucket,60.26215362548828,156.05616760253906,0
4,bucket_tip,40.4748649597168,142.58839416503906,0
5,springhinge_arm,98.88195037841797,204.2626190185547,0
6,springhinge_boom,141.35032653808594,192.10592651367188,0
