,name, x, y, z
0,arm,64.40523529052734,199.69308471679688,0
1,body,160.45228576660156,145.27764892578125,0
2,body_back,218.674560546875,145.2753448486328,0
3,bucket,86.92327880859375,157.61859130859375,0
4,bucket_tip,97.5569076538086,127.8618392944336,0
5,springhinge_arm,49.93892288208008,209.47860717773438,0
6,springhinge_boom,117.52971649169922,195.44102478027344,0
