,name, x, y, z
0,arm,61.28150939941406,203.6453399658203,0
1,body,157.5411834716797,140.97987365722656,0
2,body_back,213.01390075683594,140.94448852539062,0
3,bucket,84.90950012207031,159.59117126464844,0
4,bucket_tip,97.51347351074219,127.2955322265625,0
5,springhinge_arm,45.39240264892578,215.00953674316406,0
6,springhinge_boom,116.5137710571289,195.1945037841797,0
