,name, x, y, z
0,arm,96.77143859863281,187.43516540527344,0
1,body,185.99172973632812,149.09530639648438,0
2,body_back,237.8356170654297,149.90577697753906,0
3,bucket,59.54729461669922,155.28895568847656,0
4,bucket_tip,39.21485900878906,142.61660766601562,0
5,springhinge_arm,99.37455749511719,202.2323760986328,0
6,springhinge_boom,141.2736358642578,191.31019592285156,0
