,name, x, y, z
0,arm,96.8458023071289,186.52647399902344,0
1,body,186.1585235595703,149.1026611328125,0
2,body_back,237.9967803955078,149.8988800048828,0
3,bucket,59.20466613769531,154.90115356445312,0
4,bucket_tip,38.590999603271484,142.62826538085938,0
5,springhinge_arm,99.62847137451172,201.2064208984375,0
6,springhinge_boom,141.23915100097656,190.9041748046875,0
