,name, x, y, z
0,arm,96.92389678955078,185.613037109375,0
1,body,186.32789611816406,149.10943603515625,0
2,body_back,238.16006469726562,149.8916778564453,0
3,bucket,58.87126159667969,154.51248168945312,0
4,bucket_tip,37.97166442871094,142.63882446289062,0
5,springhinge_arm,99.8866195678711,200.17828369140625,0
6,springhinge_boom,141.20709228515625,190.49497985839844,0
