,name, x, y, z
0,arm,97.005126953125,184.6982421875,0
1,body,186.49945068359375,149.1156463623047,0
2,body_back,238.32479858398438,149.8842315673828,0
3,bucket,58.54658126831055,154.1243438720703,0
4,bucket_tip,37.35712432861328,142.64866638183594,0
5,springhinge_arm,100.14830780029297,199.1516571044922,0
6,springhinge_boom,141.1772918701172,190.08425903320312,0
