,name, x, y, z
0,arm,97.1746826171875,182.8775177001953,0
1,body,186.8478240966797,149.12646484375,0
2,body_back,238.65585327148438,149.86878967285156,0
3,bucket,57.921348571777344,153.35536193847656,0
4,bucket_tip,36.14353942871094,142.66783142089844,0
5,springhinge_arm,100.67988586425781,197.11807250976562,0
6,springhinge_boom,141.12400817871094,189.26504516601562,0
