,name, x, y, z
0,arm,97.2618179321289,181.97821044921875,0
1,body,187.02395629882812,149.131103515625,0
2,body_back,238.8208465576172,149.8608856201172,0
3,bucket,57.61983108520508,152.97735595703125,0
4,bucket_tip,35.54510498046875,142.6779327392578,0
5,springhinge_arm,100.9484634399414,196.11859130859375,0
6,springhinge_boom,141.10023498535156,188.85987854003906,0
