,name, x, y, z
0,arm,97.34976959228516,181.0906524658203,0
1,body,187.20089721679688,149.1352996826172,0
2,body_back,238.98458862304688,149.8529510498047,0
3,bucket,57.325069427490234,152.60557556152344,0
4,bucket_tip,34.95258331298828,142.68894958496094,0
5,springhinge_arm,101.21808624267578,195.13568115234375,0
6,springhinge_boom,141.07823181152344,188.4599609375,0
