,name, x, y, z
0,arm,97.43794250488281,180.21817016601562,0
1,body,187.3783416748047,149.1390838623047,0
2,body_back,239.14646911621094,149.84503173828125,0
3,bucket,57.03652572631836,152.24147033691406,0
4,bucket_tip,34.36627960205078,142.70127868652344,0
5,springhinge_arm,101.48805236816406,194.17308044433594,0
6,springhinge_boom,141.05784606933594,188.06695556640625,0
