,name, x, y, z
0,arm,97.52574157714844,179.3640594482422,0
1,body,187.55589294433594,149.14242553710938,0
2,body_back,239.3057098388672,149.83712768554688,0
3,bucket,56.753746032714844,151.8864288330078,0
4,bucket_tip,33.7864990234375,142.71527099609375,0
5,springhinge_arm,101.75775146484375,193.23452758789062,0
6,springhinge_boom,141.0389404296875,187.6825408935547,0
