,name, x, y, z
0,arm,61.269161224365234,203.6896209716797,0
1,body,157.51202392578125,140.91497802734375,0
2,body_back,212.9633331298828,140.94557189941406,0
3,bucket,84.96373748779297,159.5936279296875,0
4,bucket_tip,97.41715240478516,127.2623291015625,0
5,springhinge_arm,45.37660598754883,215.0680694580078,0
6,springhinge_boom,116.50240325927734,195.21632385253906,0
