,name, x, y, z
0,arm,97.61257934570312,178.5315704345703,0
1,body,187.7332305908203,149.14535522460938,0
2,body_back,239.46170043945312,149.829345703125,0
3,bucket,56.4762077331543,151.5418701171875,0
4,bucket_tip,33.213523864746094,142.7313232421875,0
5,springhinge_arm,102.02654266357422,192.32382202148438,0
6,springhinge_boom,141.0214080810547,187.30836486816406,0
