,name, x, y, z
0,arm,97.69790649414062,177.72401428222656,0
1,body,187.91000366210938,149.14793395996094,0
2,body_back,239.61375427246094,149.82168579101562,0
3,bucket,56.203453063964844,151.209228515625,0
4,bucket_tip,32.64767837524414,142.74986267089844,0
5,springhinge_arm,102.29379272460938,191.44461059570312,0
6,springhinge_boom,141.0050811767578,186.94613647460938,0
