,name, x, y, z
0,arm,97.78109741210938,176.94467163085938,0
1,body,188.0858612060547,149.15017700195312,0
2,body_back,239.76121520996094,149.8142547607422,0
3,bucket,55.934932708740234,150.8899383544922,0
4,bucket_tip,32.089176177978516,142.77130126953125,0
5,springhinge_arm,102.55884552001953,190.6007843017578,0
6,springhinge_boom,140.98985290527344,186.59756469726562,0
