,name, x, y, z
0,arm,97.86158752441406,176.1968994140625,0
1,body,188.26048278808594,149.15206909179688,0
2,body_back,239.90341186523438,149.80703735351562,0
3,bucket,55.67021942138672,150.58538818359375,0
4,bucket_tip,31.53837013244629,142.79598999023438,0
5,springhinge_arm,102.82108306884766,189.79595947265625,0
6,springhinge_boom,140.97561645507812,186.2642822265625,0
