,name, x, y, z
0,arm,97.93878936767578,175.48390197753906,0
1,body,188.43348693847656,149.15371704101562,0
2,body_back,240.03970336914062,149.80015563964844,0
3,bucket,55.40874481201172,150.29705810546875,0
4,bucket_tip,30.995515823364258,142.8244171142578,0
5,springhinge_arm,103.079833984375,189.03402709960938,0
6,springhinge_boom,140.9622039794922,185.94802856445312,0
