,name, x, y, z
0,arm,98.01210021972656,174.8090362548828,0
1,body,188.6045379638672,149.1550750732422,0
2,body_back,240.16934204101562,149.79359436035156,0
3,bucket,55.150089263916016,150.0263214111328,0
4,bucket_tip,30.46090316772461,142.8568878173828,0
5,springhinge_arm,103.33448028564453,188.31861877441406,0
6,springhinge_boom,140.94949340820312,185.65042114257812,0
