,name, x, y, z
0,arm,98.08097839355469,174.17556762695312,0
1,body,188.7732696533203,149.15615844726562,0
2,body_back,240.29171752929688,149.7873992919922,0
3,bucket,54.89372253417969,149.7746124267578,0
4,bucket_tip,29.934879302978516,142.89381408691406,0
5,springhinge_arm,103.58438110351562,187.6535186767578,0
6,springhinge_boom,140.93736267089844,185.3731689453125,0
