,name, x, y, z
0,arm,98.14480590820312,173.58677673339844,0
1,body,188.93936157226562,149.15707397460938,0
2,body_back,240.40611267089844,149.78167724609375,0
3,bucket,54.63911819458008,149.54336547851562,0
4,bucket_tip,29.417627334594727,142.93565368652344,0
5,springhinge_arm,103.82886505126953,187.0425567626953,0
6,springhinge_boom,140.9256591796875,185.1179962158203,0
