,name, x, y, z
0,arm,98.20301818847656,173.04603576660156,0
1,body,189.10247802734375,149.1577606201172,0
2,body_back,240.51193237304688,149.7764434814453,0
3,bucket,54.3858528137207,149.33399963378906,0
4,bucket_tip,28.90948486328125,142.9827423095703,0
5,springhinge_arm,104.06733703613281,186.4893798828125,0
6,springhinge_boom,140.914306640625,184.88653564453125,0
