,name, x, y, z
0,arm,98.2550048828125,172.55654907226562,0
1,body,189.26223754882812,149.1582794189453,0
2,body_back,240.60845947265625,149.77174377441406,0
3,bucket,54.13336181640625,149.14793395996094,0
4,bucket_tip,28.4107723236084,143.03550720214844,0
5,springhinge_arm,104.29913330078125,185.99778747558594,0
6,springhinge_boom,140.90310668945312,184.6804656982422,0
