,name, x, y, z
0,arm,61.257137298583984,203.72796630859375,0
1,body,157.4864044189453,140.8511199951172,0
2,body_back,212.91775512695312,140.94961547851562,0
3,bucket,85.0243148803711,159.5922088623047,0
4,bucket_tip,97.30939483642578,127.22865295410156,0
5,springhinge_arm,45.3613395690918,215.1193084716797,0
6,springhinge_boom,116.49195098876953,195.2425537109375,0
