,name, x, y, z
0,arm,98.30020141601562,172.12164306640625,0
1,body,189.41830444335938,149.1586456298828,0
2,body_back,240.6949920654297,149.76763916015625,0
3,bucket,53.88118362426758,148.986572265625,0
4,bucket_tip,27.921762466430664,143.09432983398438,0
5,springhinge_arm,104.52360534667969,185.571533203125,0
6,springhinge_boom,140.89193725585938,184.50148010253906,0
