,name, x, y, z
0,arm,98.3379898071289,171.7445831298828,0
1,body,189.57034301757812,149.15890502929688,0
2,body_back,240.77093505859375,149.76416015625,0
3,bucket,53.62886047363281,148.85137939453125,0
4,bucket_tip,27.442750930786133,143.15963745117188,0
5,springhinge_arm,104.74014282226562,185.21438598632812,0
6,springhinge_boom,140.88072204589844,184.3512725830078,0
