,name, x, y, z
0,arm,98.38919067382812,171.17730712890625,0
1,body,189.8609161376953,149.15911865234375,0
2,body_back,240.88818359375,149.75930786132812,0
3,bucket,53.12165832519531,148.66506958007812,0
4,bucket_tip,26.515783309936523,143.3112335205078,0
5,springhinge_arm,105.14677429199219,184.7222900390625,0
6,springhinge_boom,140.85751342773438,184.14385986328125,0
