,name, x, y, z
0,arm,98.4013671875,170.99365234375,0
1,body,189.99876403808594,149.15916442871094,0
2,body_back,240.92819213867188,149.758056640625,0
3,bucket,52.865787506103516,148.61688232421875,0
4,bucket_tip,26.068410873413086,143.39834594726562,0
5,springhinge_arm,105.33558654785156,184.59490966796875,0
6,springhinge_boom,140.84527587890625,184.090087890625,0
