,name, x, y, z
0,arm,98.4037857055664,170.88104248046875,0
1,body,190.13116455078125,149.15916442871094,0
2,body_back,240.9548797607422,149.7576141357422,0
3,bucket,52.60777282714844,148.60047912597656,0
4,bucket_tip,25.63221549987793,143.49351501464844,0
5,springhinge_arm,105.5138931274414,184.55162048339844,0
6,springhinge_boom,140.83242797851562,184.07177734375,0
