,name, x, y, z
0,arm,98.38167572021484,170.87460327148438,0
1,body,190.37757873535156,149.1470184326172,0
2,body_back,240.98873901367188,149.76429748535156,0
3,bucket,52.08073425292969,148.91970825195312,0
4,bucket_tip,24.78903579711914,143.8372802734375,0
5,springhinge_arm,105.8350830078125,184.64315795898438,0
6,springhinge_boom,140.81533813476562,184.1325225830078,0
