,name, x, y, z
0,arm,98.3653335571289,170.96783447265625,0
1,body,190.49215698242188,149.13272094726562,0
2,body_back,241.0016632080078,149.7725372314453,0
3,bucket,51.8122673034668,149.29917907714844,0
4,bucket_tip,24.381486892700195,144.10858154296875,0
5,springhinge_arm,105.97781372070312,184.7542724609375,0
6,springhinge_boom,140.81314086914062,184.20602416992188,0
