,name, x, y, z
0,arm,98.34697723388672,171.11895751953125,0
1,body,190.60116577148438,149.11351013183594,0
2,body_back,241.01214599609375,149.7839813232422,0
3,bucket,51.541664123535156,149.80789184570312,0
4,bucket_tip,23.98366355895996,144.4377899169922,0
5,springhinge_arm,106.10897827148438,184.90603637695312,0
6,springhinge_boom,140.81446838378906,184.30615234375,0
