,name, x, y, z
0,arm,61.24555587768555,203.760986328125,0
1,body,157.4642333984375,140.78822326660156,0
2,body_back,212.87710571289062,140.95631408691406,0
3,bucket,85.09081268310547,159.587158203125,0
4,bucket_tip,97.19044494628906,127.19451904296875,0
5,springhinge_arm,45.34672546386719,215.1639404296875,0
6,springhinge_boom,116.48240661621094,195.2730712890625,0
