,name, x, y, z
0,arm,98.32656860351562,171.32444763183594,0
1,body,190.70458984375,149.08970642089844,0
2,body_back,241.02037048339844,149.7985076904297,0
3,bucket,51.26992416381836,150.43284606933594,0
4,bucket_tip,23.596027374267578,144.81858825683594,0
5,springhinge_arm,106.22896575927734,185.09622192382812,0
6,springhinge_boom,140.81898498535156,184.43124389648438,0
