,name, x, y, z
0,arm,98.30425262451172,171.5808563232422,0
1,body,190.80238342285156,149.06170654296875,0
2,body_back,241.026611328125,149.81607055664062,0
3,bucket,50.99795150756836,151.16099548339844,0
4,bucket_tip,23.2188777923584,145.2447509765625,0
5,springhinge_arm,106.33799743652344,185.3226776123047,0
6,springhinge_boom,140.82615661621094,184.57969665527344,0
