,name, x, y, z
0,arm,98.280029296875,171.88467407226562,0
1,body,190.89459228515625,149.02984619140625,0
2,body_back,241.03099060058594,149.83656311035156,0
3,bucket,50.72664260864258,151.97938537597656,0
4,bucket_tip,22.852563858032227,145.7099151611328,0
5,springhinge_arm,106.43640899658203,185.58314514160156,0
6,springhinge_boom,140.8355712890625,184.7498779296875,0
