,name, x, y, z
0,arm,98.25392150878906,172.23245239257812,0
1,body,190.98114013671875,148.9944305419922,0
2,body_back,241.03370666503906,149.8599395751953,0
3,bucket,50.456974029541016,152.87496948242188,0
4,bucket_tip,22.497507095336914,146.20785522460938,0
5,springhinge_arm,106.52449798583984,185.87550354003906,0
6,springhinge_boom,140.8467559814453,184.94020080566406,0
