,name, x, y, z
0,arm,98.22600555419922,172.62071228027344,0
1,body,191.06199645996094,148.9558868408203,0
2,body_back,241.0349884033203,149.88613891601562,0
3,bucket,50.18979263305664,153.83485412597656,0
4,bucket_tip,22.15401268005371,146.73231506347656,0
5,springhinge_arm,106.6025390625,186.1975555419922,0
6,springhinge_boom,140.8592529296875,185.14906311035156,0
