,name, x, y, z
0,arm,98.1962890625,173.0459747314453,0
1,body,191.13719177246094,148.91456604003906,0
2,body_back,241.03500366210938,149.91505432128906,0
3,bucket,49.92612838745117,154.84596252441406,0
4,bucket_tip,21.822431564331055,147.2769775390625,0
5,springhinge_arm,106.67084503173828,186.54702758789062,0
6,springhinge_boom,140.87261962890625,185.3748016357422,0
