,name, x, y, z
0,arm,98.16487884521484,173.50474548339844,0
1,body,191.20672607421875,148.87081909179688,0
2,body_back,241.033935546875,149.9466552734375,0
3,bucket,49.666831970214844,155.89532470703125,0
4,bucket_tip,21.50316619873047,147.83555603027344,0
5,springhinge_arm,106.72966766357422,186.92185974121094,0
6,springhinge_boom,140.88636779785156,185.6158447265625,0
