,name, x, y, z
0,arm,98.13176727294922,173.9935760498047,0
1,body,191.27052307128906,148.82498168945312,0
2,body_back,241.031982421875,149.9808349609375,0
3,bucket,49.41284942626953,156.9699249267578,0
4,bucket_tip,21.19655418395996,148.4017791748047,0
5,springhinge_arm,106.77938079833984,187.31979370117188,0
6,springhinge_boom,140.9001007080078,185.8705596923828,0
