,name, x, y, z
0,arm,98.0970230102539,174.50900268554688,0
1,body,191.3285675048828,148.7774200439453,0
2,body_back,241.0294189453125,150.0175323486328,0
3,bucket,49.165184020996094,158.05677795410156,0
4,bucket_tip,20.90300178527832,148.9693603515625,0
5,springhinge_arm,106.82023620605469,187.73866271972656,0
6,springhinge_boom,140.913330078125,186.13735961914062,0
