,name, x, y, z
0,arm,98.0606918334961,175.0475311279297,0
1,body,191.38088989257812,148.72848510742188,0
2,body_back,241.0263214111328,150.05667114257812,0
3,bucket,48.92467498779297,159.14280700683594,0
4,bucket_tip,20.62284278869629,149.53196716308594,0
5,springhinge_arm,106.85250091552734,188.17625427246094,0
6,springhinge_boom,140.92556762695312,186.41458129882812,0
