,name, x, y, z
0,arm,61.234413146972656,203.78936767578125,0
1,body,157.4453125,140.72628784179688,0
2,body_back,212.84121704101562,140.96546936035156,0
3,bucket,85.16273498535156,159.5789337158203,0
4,bucket_tip,97.06048583984375,127.16012573242188,0
5,springhinge_arm,45.33280563354492,215.20285034179688,0
6,springhinge_boom,116.47372436523438,195.3077850341797,0
