,name, x, y, z
0,arm,98.0228042602539,175.60568237304688,0
1,body,191.42742919921875,148.67857360839844,0
2,body_back,241.02294921875,150.0981903076172,0
3,bucket,48.69229507446289,160.2150421142578,0
4,bucket_tip,20.356426239013672,150.08335876464844,0
5,springhinge_arm,106.87648010253906,188.63043212890625,0
6,springhinge_boom,140.9364013671875,186.70069885253906,0
