,name, x, y, z
0,arm,97.9833984375,176.1800079345703,0
1,body,191.46815490722656,148.6280059814453,0
2,body_back,241.01943969726562,150.14199829101562,0
3,bucket,48.46897506713867,161.2603759765625,0
4,bucket_tip,20.104124069213867,150.61717224121094,0
5,springhinge_arm,106.89247131347656,189.09896850585938,0
6,springhinge_boom,140.94534301757812,186.99398803710938,0
