,name, x, y, z
0,arm,97.9425277709961,176.7670440673828,0
1,body,191.5030975341797,148.57713317871094,0
2,body_back,241.01605224609375,150.18804931640625,0
3,bucket,48.25567626953125,162.2657928466797,0
4,bucket_tip,19.866397857666016,151.12710571289062,0
5,springhinge_arm,106.9007797241211,189.57968139648438,0
6,springhinge_boom,140.95196533203125,187.2929229736328,0
