,name, x, y, z
0,arm,97.90025329589844,177.3632354736328,0
1,body,191.53216552734375,148.5263671875,0
2,body_back,241.0129852294922,150.23623657226562,0
3,bucket,48.053340911865234,163.21815490722656,0
4,bucket_tip,19.64356231689453,151.60684204101562,0
5,springhinge_arm,106.90168762207031,190.0703887939453,0
6,springhinge_boom,140.955810546875,187.5958251953125,0
