,name, x, y, z
0,arm,97.76535034179688,179.17210388183594,0
1,body,191.58409118652344,148.37799072265625,0
2,body_back,241.00741577148438,150.39308166503906,0
3,bucket,47.52139663696289,165.62608337402344,0
4,bucket_tip,19.068084716796875,152.80142211914062,0
5,springhinge_arm,106.86284637451172,191.5804443359375,0
6,springhinge_boom,140.9459228515625,188.51229858398438,0
