,name, x, y, z
0,arm,97.66913604736328,180.36004638671875,0
1,body,191.58909606933594,148.2860565185547,0
2,body_back,241.00869750976562,150.507080078125,0
3,bucket,47.23882293701172,166.72552490234375,0
4,bucket_tip,18.765798568725586,153.33038330078125,0
5,springhinge_arm,106.80519104003906,192.5968017578125,0
6,springhinge_boom,140.9168701171875,189.11349487304688,0
