,name, x, y, z
0,arm,97.61924743652344,180.93807983398438,0
1,body,191.58262634277344,148.24327087402344,0
2,body_back,241.01148986816406,150.56674194335938,0
3,bucket,47.122032165527344,167.083984375,0
4,bucket_tip,18.64029312133789,153.49551391601562,0
5,springhinge_arm,106.76774597167969,193.10130310058594,0
6,springhinge_boom,140.89427185058594,189.40628051757812,0
