,name, x, y, z
0,arm,61.22380447387695,203.81375122070312,0
1,body,157.42953491210938,140.665283203125,0
2,body_back,212.80996704101562,140.97682189941406,0
3,bucket,85.23971557617188,159.5678253173828,0
4,bucket_tip,96.91975402832031,127.1255111694336,0
5,springhinge_arm,45.319759368896484,215.23684692382812,0
6,springhinge_boom,116.46593475341797,195.34649658203125,0
