,name, x, y, z
0,arm,97.56827545166016,181.50082397460938,0
1,body,191.5701141357422,148.2030487060547,0
2,body_back,241.01589965820312,150.62802124023438,0
3,bucket,47.022850036621094,167.29721069335938,0
4,bucket_tip,18.53232192993164,153.58583068847656,0
5,springhinge_arm,106.72492218017578,193.60031127929688,0
6,springhinge_boom,140.86563110351562,189.691650390625,0
