,name, x, y, z
0,arm,97.46319580078125,182.5662841796875,0
1,body,191.52178955078125,148.13377380371094,0
2,body_back,241.03045654296875,150.7552490234375,0
3,bucket,46.87246322631836,167.3122100830078,0
4,bucket_tip,18.36562728881836,153.5513458251953,0
5,springhinge_arm,106.60440063476562,194.5736846923828,0
6,springhinge_boom,140.7875518798828,190.23402404785156,0
