,name, x, y, z
0,arm,97.39279174804688,183.0627899169922,0
1,body,191.47576904296875,148.10867309570312,0
2,body_back,241.04066467285156,150.82089233398438,0
3,bucket,46.805538177490234,167.2513427734375,0
4,bucket_tip,18.29770278930664,153.4882354736328,0
5,springhinge_arm,106.48869323730469,195.04637145996094,0
6,springhinge_boom,140.7361297607422,190.4898681640625,0
