,name, x, y, z
0,arm,97.28984832763672,183.53466796875,0
1,body,191.4142303466797,148.09022521972656,0
2,body_back,241.0526123046875,150.8876190185547,0
3,bucket,46.74162673950195,167.1708984375,0
4,bucket_tip,18.23887825012207,153.40655517578125,0
5,springhinge_arm,106.33187103271484,195.51026916503906,0
6,springhinge_boom,140.67660522460938,190.7360382080078,0
