,name, x, y, z
0,arm,97.15604400634766,183.98321533203125,0
1,body,191.3378143310547,148.07810974121094,0
2,body_back,241.06622314453125,150.95523071289062,0
3,bucket,46.68104934692383,167.0723419189453,0
4,bucket_tip,18.189599990844727,153.3073272705078,0
5,springhinge_arm,106.13604736328125,195.9659881591797,0
6,springhinge_boom,140.6094970703125,190.9730224609375,0
