,name, x, y, z
0,arm,96.99308013916016,184.40972900390625,0
1,body,191.24717712402344,148.07192993164062,0
2,body_back,241.0813751220703,151.0234832763672,0
3,bucket,46.62397003173828,166.95712280273438,0
4,bucket_tip,18.150178909301758,153.19146728515625,0
5,springhinge_arm,105.9032211303711,196.4140625,0
6,springhinge_boom,140.53515625,191.20132446289062,0
