,name, x, y, z
0,arm,96.80262756347656,184.81549072265625,0
1,body,191.1428985595703,148.0714111328125,0
2,body_back,241.09783935546875,151.09214782714844,0
3,bucket,46.57063674926758,166.8267059326172,0
4,bucket_tip,18.120994567871094,153.0598907470703,0
5,springhinge_arm,105.63540649414062,196.8550262451172,0
6,springhinge_boom,140.45404052734375,191.4214324951172,0
