,name, x, y, z
0,arm,96.34600830078125,185.5697479248047,0
1,body,190.89602661132812,148.0858612060547,0
2,body_back,241.1343231201172,151.22994995117188,0
3,bucket,46.47629928588867,166.5260772705078,0
4,bucket_tip,18.094898223876953,152.75338745117188,0
5,springhinge_arm,105.00312805175781,197.71786499023438,0
6,springhinge_boom,140.2732391357422,191.83897399902344,0
