,name, x, y, z
0,arm,61.21388244628906,203.8347930908203,0
1,body,157.41668701171875,140.60508728027344,0
2,body_back,212.78329467773438,140.99014282226562,0
3,bucket,85.3212890625,159.5541534423828,0
4,bucket_tip,96.76847076416016,127.09077453613281,0
5,springhinge_arm,45.307647705078125,215.26675415039062,0
6,springhinge_boom,116.45899963378906,195.38912963867188,0
