,name, x, y, z
0,arm,96.08324432373047,185.9208526611328,0
1,body,190.75473022460938,148.1002197265625,0
2,body_back,241.15406799316406,151.2986297607422,0
3,bucket,46.435752868652344,166.35879516601562,0
4,bucket_tip,18.09874153137207,152.58038330078125,0
5,springhinge_arm,104.64273834228516,198.14089965820312,0
6,springhinge_boom,140.1744384765625,192.0374755859375,0
