,name, x, y, z
0,arm,95.79975891113281,186.25634765625,0
1,body,190.6023406982422,148.1188201904297,0
2,body_back,241.17459106445312,151.3668670654297,0
3,bucket,46.39996337890625,166.1821746826172,0
4,bucket_tip,18.114356994628906,152.3954620361328,0
5,springhinge_arm,104.25558471679688,198.55899047851562,0
6,springhinge_boom,140.07057189941406,192.22970581054688,0
