,name, x, y, z
0,arm,95.49726867675781,186.57740783691406,0
1,body,190.4395294189453,148.14137268066406,0
2,body_back,241.19580078125,151.43447875976562,0
3,bucket,46.36915969848633,165.99765014648438,0
4,bucket_tip,18.142118453979492,152.19956970214844,0
5,springhinge_arm,103.8437271118164,198.97280883789062,0
6,springhinge_boom,139.96212768554688,192.41622924804688,0
