,name, x, y, z
0,arm,94.84208679199219,187.18161010742188,0
1,body,190.08518981933594,148.1969757080078,0
2,body_back,241.23963928222656,151.5668182373047,0
3,bucket,46.323486328125,165.61083984375,0
4,bucket_tip,18.235599517822266,151.77871704101562,0
5,springhinge_arm,102.9540786743164,199.7896270751953,0
6,springhinge_boom,139.733154296875,192.7741241455078,0
