,name, x, y, z
0,arm,94.49279022216797,187.46730041503906,0
1,body,189.8949432373047,148.22933959960938,0
2,body_back,241.26199340820312,151.63111877441406,0
3,bucket,46.309112548828125,165.41146850585938,0
4,bucket_tip,18.30207633972168,151.5556182861328,0
5,springhinge_arm,102.48041534423828,200.19374084472656,0
6,springhinge_boom,139.61351013183594,192.9464569091797,0
