,name, x, y, z
0,arm,94.13126373291016,187.74374389648438,0
1,body,189.69683837890625,148.2642822265625,0
2,body_back,241.2844696044922,151.69393920898438,0
3,bucket,46.30073165893555,165.2101593017578,0
4,bucket_tip,18.382301330566406,151.325439453125,0
5,springhinge_arm,101.99032592773438,200.59579467773438,0
6,springhinge_boom,139.49102783203125,193.1150665283203,0
