,name, x, y, z
0,arm,93.37858581542969,188.2741241455078,0
1,body,189.27957153320312,148.34059143066406,0
2,body_back,241.32913208007812,151.81402587890625,0
3,bucket,46.302921295166016,164.8074493408203,0
4,bucket_tip,18.585269927978516,150.8473663330078,0
5,springhinge_arm,100.9690170288086,201.39572143554688,0
6,springhinge_boom,139.2392578125,193.44305419921875,0
