,name, x, y, z
0,arm,92.99081420898438,188.5306396484375,0
1,body,189.061767578125,148.38125610351562,0
2,body_back,241.35110473632812,151.87091064453125,0
3,bucket,46.31401824951172,164.6090850830078,0
4,bucket_tip,18.708898544311523,150.6014862060547,0
5,springhinge_arm,100.44203186035156,201.79476928710938,0
6,springhinge_boom,139.1108856201172,193.60345458984375,0
