,name, x, y, z
0,arm,61.20465087890625,203.8531036376953,0
1,body,157.40675354003906,140.54576110839844,0
2,body_back,212.76109313964844,141.00514221191406,0
3,bucket,85.40705871582031,159.5382843017578,0
4,bucket_tip,96.60685729980469,127.05603790283203,0
5,springhinge_arm,45.296592712402344,215.2933349609375,0
6,springhinge_boom,116.45294189453125,195.43551635742188,0
