,name, x, y, z
0,arm,92.59774017333984,188.7831268310547,0
1,body,188.8386688232422,148.4231719970703,0
2,body_back,241.37254333496094,151.9253692626953,0
3,bucket,46.332054138183594,164.4146270751953,0
4,bucket_tip,18.847705841064453,150.35227966308594,0
5,springhinge_arm,99.90682983398438,202.19390869140625,0
6,springhinge_boom,138.9813995361328,193.76211547851562,0
