,name, x, y, z
0,arm,92.2010498046875,189.03280639648438,0
1,body,188.61093139648438,148.4659423828125,0
2,body_back,241.3933868408203,151.97718811035156,0
3,bucket,46.35734558105469,164.2256317138672,0
4,bucket_tip,19.002166748046875,150.10073852539062,0
5,springhinge_arm,99.36560821533203,202.59368896484375,0
6,springhinge_boom,138.8512725830078,193.91952514648438,0
