,name, x, y, z
0,arm,91.80253601074219,189.281005859375,0
1,body,188.37921142578125,148.50927734375,0
2,body_back,241.41354370117188,152.02613830566406,0
3,bucket,46.39009475708008,164.0435791015625,0
4,bucket_tip,19.172658920288086,149.8478240966797,0
5,springhinge_arm,98.82041931152344,202.99476623535156,0
6,springhinge_boom,138.72096252441406,194.07618713378906,0
