,name, x, y, z
0,arm,91.40386962890625,189.52908325195312,0
1,body,188.14418029785156,148.55279541015625,0
2,body_back,241.43272399902344,152.072021484375,0
3,bucket,46.43055725097656,163.87001037597656,0
4,bucket_tip,19.35952377319336,149.5945281982422,0
5,springhinge_arm,98.27333068847656,203.39759826660156,0
6,springhinge_boom,138.59083557128906,194.23265075683594,0
