,name, x, y, z
0,arm,91.00680541992188,189.77825927734375,0
1,body,187.90646362304688,148.59613037109375,0
2,body_back,241.45094299316406,152.1145782470703,0
3,bucket,46.479068756103516,163.7063446044922,0
4,bucket_tip,19.563213348388672,149.34176635742188,0
5,springhinge_arm,97.7265396118164,203.80274963378906,0
6,springhinge_boom,138.46148681640625,194.3893280029297,0
