,name, x, y, z
0,arm,90.6131362915039,190.02987670898438,0
1,body,187.66676330566406,148.6390380859375,0
2,body_back,241.46792602539062,152.15357971191406,0
3,bucket,46.53578186035156,163.5541229248047,0
4,bucket_tip,19.784107208251953,149.090576171875,0
5,springhinge_arm,97.18204498291016,204.21083068847656,0
6,springhinge_boom,138.3332061767578,194.54678344726562,0
