,name, x, y, z
0,arm,90.22454071044922,190.28526306152344,0
1,body,187.42568969726562,148.6810302734375,0
2,body_back,241.48362731933594,152.18887329101562,0
3,bucket,46.60099792480469,163.4149169921875,0
4,bucket_tip,20.022592544555664,148.84190368652344,0
5,springhinge_arm,96.64202117919922,204.6223907470703,0
6,springhinge_boom,138.20654296875,194.70558166503906,0
