,name, x, y, z
0,arm,89.8427963256836,190.5457000732422,0
1,body,187.18389892578125,148.7218780517578,0
2,body_back,241.4978790283203,152.2201385498047,0
3,bucket,46.67498016357422,163.2901611328125,0
4,bucket_tip,20.27908706665039,148.5967559814453,0
5,springhinge_arm,96.10860443115234,205.03794860839844,0
6,springhinge_boom,138.08192443847656,194.8660888671875,0
