,name, x, y, z
0,arm,89.46967315673828,190.8125,0
1,body,186.94210815429688,148.7611846923828,0
2,body_back,241.51048278808594,152.24720764160156,0
3,bucket,46.75798416137695,163.18138122558594,0
4,bucket_tip,20.553970336914062,148.3560791015625,0
5,springhinge_arm,95.58386993408203,205.45809936523438,0
6,springhinge_boom,137.95980834960938,195.02890014648438,0
