,name, x, y, z
0,arm,89.10690307617188,191.08694458007812,0
1,body,186.700927734375,148.79859924316406,0
2,body_back,241.52134704589844,152.2698516845703,0
3,bucket,46.850215911865234,163.0901336669922,0
4,bucket_tip,20.847610473632812,148.12088012695312,0
5,springhinge_arm,95.06993103027344,205.88340759277344,0
6,springhinge_boom,137.84059143066406,195.19451904296875,0
