,name, x, y, z
0,arm,61.19618225097656,203.86940002441406,0
1,body,157.39947509765625,140.48724365234375,0
2,body_back,212.74313354492188,141.02166748046875,0
3,bucket,85.49652862548828,159.52059936523438,0
4,bucket_tip,96.43509674072266,127.02140808105469,0
5,springhinge_arm,45.28669357299805,215.3175048828125,0
6,springhinge_boom,116.44770050048828,195.48556518554688,0
