,name, x, y, z
0,arm,88.41946411132812,191.66419982910156,0
1,body,186.22305297851562,148.86639404296875,0
2,body_back,241.5372314453125,152.3008575439453,0
3,bucket,47.06348419189453,162.96620178222656,0
4,bucket_tip,21.492752075195312,147.6707763671875,0
5,springhinge_arm,94.08308410644531,206.75167846679688,0
6,springhinge_boom,137.61280822753906,195.53610229492188,0
