,name, x, y, z
0,arm,88.09832763671875,191.96958923339844,0
1,body,185.987548828125,148.89608764648438,0
2,body_back,241.53677368164062,152.3101043701172,0
3,bucket,47.18492889404297,162.93316650390625,0
4,bucket_tip,21.844934463500977,147.45770263671875,0
5,springhinge_arm,93.61400604248047,207.19564819335938,0
6,springhinge_boom,137.5050506591797,195.7130126953125,0
