,name, x, y, z
0,arm,87.50696563720703,192.61805725097656,0
1,body,185.5237274169922,148.9470977783203,0
2,body_back,241.49842834472656,152.32089233398438,0
3,bucket,47.45633316040039,162.91249084472656,0
4,bucket_tip,22.606760025024414,147.05601501464844,0
5,springhinge_arm,92.72537994384766,208.1023712158203,0
6,springhinge_boom,137.30169677734375,196.0785369873047,0
