,name, x, y, z
0,arm,87.23585510253906,192.9602508544922,0
1,body,185.29507446289062,148.9685821533203,0
2,body_back,241.46116638183594,152.32266235351562,0
3,bucket,47.605491638183594,162.9237518310547,0
4,bucket_tip,23.015178680419922,146.86712646484375,0
5,springhinge_arm,92.3047103881836,208.5643768310547,0
6,springhinge_boom,137.20578002929688,196.2666015625,0
