,name, x, y, z
0,arm,86.98031616210938,193.31373596191406,0
1,body,185.0683135986328,148.98745727539062,0
2,body_back,241.41221618652344,152.32217407226562,0
3,bucket,47.763099670410156,162.94869995117188,0
4,bucket_tip,23.44110107421875,146.6859893798828,0
5,springhinge_arm,91.899169921875,209.03163146972656,0
6,springhinge_boom,137.113525390625,196.4578399658203,0
