,name, x, y, z
0,arm,86.73970794677734,193.67784118652344,0
1,body,184.84332275390625,149.00384521484375,0
2,body_back,241.35179138183594,152.31947326660156,0
3,bucket,47.928768157958984,162.98667907714844,0
4,bucket_tip,23.88397789001465,146.5123748779297,0
5,springhinge_arm,91.50817108154297,209.50363159179688,0
6,springhinge_boom,137.02468872070312,196.65184020996094,0
