,name, x, y, z
0,arm,86.51341247558594,194.05201721191406,0
1,body,184.61988830566406,149.01780700683594,0
2,body_back,241.2801513671875,152.3147430419922,0
3,bucket,48.10209655761719,163.03721618652344,0
4,bucket_tip,24.343137741088867,146.34622192382812,0
5,springhinge_arm,91.13117980957031,209.9800567626953,0
6,springhinge_boom,136.9391632080078,196.84844970703125,0
