,name, x, y, z
0,arm,86.30081176757812,194.4357452392578,0
1,body,184.3978729248047,149.0294647216797,0
2,body_back,241.19761657714844,152.30801391601562,0
3,bucket,48.282657623291016,163.09971618652344,0
4,bucket_tip,24.817955017089844,146.18727111816406,0
5,springhinge_arm,90.76760864257812,210.46041870117188,0
6,springhinge_boom,136.85670471191406,197.04727172851562,0
