,name, x, y, z
0,arm,61.188594818115234,203.88429260253906,0
1,body,157.39474487304688,140.42945861816406,0
2,body_back,212.72940063476562,141.03939819335938,0
3,bucket,85.58932495117188,159.5013885498047,0
4,bucket_tip,96.2534408569336,126.98699188232422,0
5,springhinge_arm,45.27804183959961,215.3400421142578,0
6,springhinge_boom,116.44330596923828,195.53912353515625,0
