,name, x, y, z
0,arm,86.10124206542969,194.828369140625,0
1,body,184.17703247070312,149.03890991210938,0
2,body_back,241.1044158935547,152.29942321777344,0
3,bucket,48.470069885253906,163.17359924316406,0
4,bucket_tip,25.307861328125,146.03543090820312,0
5,springhinge_arm,90.41695404052734,210.94436645507812,0
6,springhinge_boom,136.77720642089844,197.24803161621094,0
