,name, x, y, z
0,arm,85.91413879394531,195.22930908203125,0
1,body,183.9573211669922,149.0461883544922,0
2,body_back,241.00088500976562,152.28904724121094,0
3,bucket,48.6639289855957,163.25833129882812,0
4,bucket_tip,25.812179565429688,145.89048767089844,0
5,springhinge_arm,90.07869720458984,211.4314727783203,0
6,springhinge_boom,136.70046997070312,197.450439453125,0
