,name, x, y, z
0,arm,85.73882293701172,195.63804626464844,0
1,body,183.73846435546875,149.05142211914062,0
2,body_back,240.88723754882812,152.27700805664062,0
3,bucket,48.863861083984375,163.3533172607422,0
4,bucket_tip,26.330322265625,145.7523193359375,0
5,springhinge_arm,89.75225067138672,211.9213104248047,0
6,springhinge_boom,136.62635803222656,197.65420532226562,0
