,name, x, y, z
0,arm,85.57469940185547,196.05397033691406,0
1,body,183.52035522460938,149.05471801757812,0
2,body_back,240.76373291015625,152.26339721679688,0
3,bucket,49.069427490234375,163.45797729492188,0
4,bucket_tip,26.861661911010742,145.62069702148438,0
5,springhinge_arm,89.43711853027344,212.4134521484375,0
6,springhinge_boom,136.55465698242188,197.85897827148438,0
