,name, x, y, z
0,arm,85.42108154296875,196.4764404296875,0
1,body,183.302734375,149.05615234375,0
2,body_back,240.63072204589844,152.24835205078125,0
3,bucket,49.28023910522461,163.57179260253906,0
4,bucket_tip,27.405576705932617,145.4955291748047,0
5,springhinge_arm,89.13270568847656,212.90745544433594,0
6,springhinge_boom,136.4852294921875,198.0644989013672,0
