,name, x, y, z
0,arm,85.27741241455078,196.9049072265625,0
1,body,183.08547973632812,149.05575561523438,0
2,body_back,240.48838806152344,152.23191833496094,0
3,bucket,49.495872497558594,163.69415283203125,0
4,bucket_tip,27.96137809753418,145.3765869140625,0
5,springhinge_arm,88.83848571777344,213.40296936035156,0
6,springhinge_boom,136.41786193847656,198.27047729492188,0
