,name, x, y, z
0,arm,85.14299774169922,197.3387908935547,0
1,body,182.86843872070312,149.05369567871094,0
2,body_back,240.3370819091797,152.21424865722656,0
3,bucket,49.7159309387207,163.82449340820312,0
4,bucket_tip,28.528501510620117,145.2637481689453,0
5,springhinge_arm,88.5539321899414,213.89952087402344,0
6,springhinge_boom,136.3524169921875,198.4765625,0
