,name, x, y, z
0,arm,85.01724243164062,197.77748107910156,0
1,body,182.6513671875,149.050048828125,0
2,body_back,240.17701721191406,152.19541931152344,0
3,bucket,49.9400520324707,163.9622039794922,0
4,bucket_tip,29.10631561279297,145.1568145751953,0
5,springhinge_arm,88.27848815917969,214.39666748046875,0
6,springhinge_boom,136.28872680664062,198.6824493408203,0
