,name, x, y, z
0,arm,84.78911590576172,198.66693115234375,0
1,body,182.21661376953125,149.0382843017578,0
2,body_back,239.83184814453125,152.15475463867188,0
3,bucket,50.39863204956055,164.2576141357422,0
4,bucket_tip,30.291288375854492,144.96006774902344,0
5,springhinge_arm,87.75269317626953,215.3911895751953,0
6,springhinge_boom,136.1658477783203,199.092529296875,0
