,name, x, y, z
0,arm,64.39424133300781,199.69996643066406,0
1,body,160.43368530273438,145.24575805664062,0
2,body_back,218.63600158691406,145.23536682128906,0
3,bucket,86.90239715576172,157.62977600097656,0
4,bucket_tip,97.55943298339844,127.85811614990234,0
5,springhinge_arm,49.89678192138672,209.51068115234375,0
6,springhinge_boom,117.5226058959961,195.4385986328125,0
