,name, x, y, z
0,arm,61.18192672729492,203.89846801757812,0
1,body,157.3924560546875,140.37242126464844,0
2,body_back,212.71974182128906,141.05812072753906,0
3,bucket,85.68497467041016,159.48101806640625,0
4,bucket_tip,96.06205749511719,126.95285034179688,0
5,springhinge_arm,45.270748138427734,215.3617706298828,0
6,springhinge_boom,116.439697265625,195.5960693359375,0
