,name, x, y, z
0,arm,84.68545532226562,199.11643981933594,0
1,body,181.99859619140625,149.0303955078125,0
2,body_back,239.6472930908203,152.13311767578125,0
3,bucket,50.63227081298828,164.41412353515625,0
4,bucket_tip,30.897184371948242,144.86990356445312,0
5,springhinge_arm,87.501220703125,215.8877410888672,0
6,springhinge_boom,136.10629272460938,199.29608154296875,0
