,name, x, y, z
0,arm,84.58788299560547,199.5684356689453,0
1,body,181.77987670898438,149.02125549316406,0
2,body_back,239.4551239013672,152.11073303222656,0
3,bucket,50.86832046508789,164.57568359375,0
4,bucket_tip,31.511184692382812,144.7849578857422,0
5,springhinge_arm,87.2566909790039,216.3831329345703,0
6,springhinge_boom,136.04783630371094,199.4982147216797,0
