,name, x, y, z
0,arm,84.40846252441406,200.47723388671875,0
1,body,181.33973693847656,148.99964904785156,0
2,body_back,239.04908752441406,152.06419372558594,0
3,bucket,51.345855712890625,164.9117889404297,0
4,bucket_tip,32.760894775390625,144.63018798828125,0
5,springhinge_arm,86.78609466552734,217.36898803710938,0
6,springhinge_boom,135.933349609375,199.89703369140625,0
