,name, x, y, z
0,arm,84.3253173828125,200.932861328125,0
1,body,181.11790466308594,148.9873046875,0
2,body_back,238.83580017089844,152.04025268554688,0
3,bucket,51.5865478515625,165.08511352539062,0
4,bucket_tip,33.395320892333984,144.5599822998047,0
5,springhinge_arm,86.5589599609375,217.85850524902344,0
6,springhinge_boom,135.87696838378906,200.09307861328125,0
