,name, x, y, z
0,arm,84.16896057128906,201.843505859375,0
1,body,180.67002868652344,148.96017456054688,0
2,body_back,238.3900604248047,151.99154663085938,0
3,bucket,52.06956100463867,165.4395294189453,0
4,bucket_tip,34.6799430847168,144.43313598632812,0
5,springhinge_arm,86.11815643310547,218.82876586914062,0
6,springhinge_boom,135.7650909423828,200.47698974609375,0
