,name, x, y, z
0,arm,84.09445190429688,202.29734802246094,0
1,body,180.44361877441406,148.945556640625,0
2,body_back,238.15821838378906,151.96701049804688,0
3,bucket,52.311126708984375,165.619384765625,0
4,bucket_tip,35.328895568847656,144.37615966796875,0
5,springhinge_arm,85.90345001220703,219.30859375,0
6,springhinge_boom,135.7092742919922,200.66419982910156,0
