,name, x, y, z
0,arm,84.02152252197266,202.7493438720703,0
1,body,180.2152862548828,148.93031311035156,0
2,body_back,237.9207305908203,151.94247436523438,0
3,bucket,52.55211639404297,165.8002471923828,0
4,bucket_tip,35.981319427490234,144.32322692871094,0
5,springhinge_arm,85.69170379638672,219.78428649902344,0
6,springhinge_boom,135.65325927734375,200.84783935546875,0
