,name, x, y, z
0,arm,83.94953918457031,203.1988983154297,0
1,body,179.98489379882812,148.91461181640625,0
2,body_back,237.67791748046875,151.9180145263672,0
3,bucket,52.7921257019043,165.98147583007812,0
4,bucket_tip,36.636627197265625,144.274169921875,0
5,springhinge_arm,85.4824447631836,220.25535583496094,0
6,springhinge_boom,135.5968780517578,201.02752685546875,0
