,name, x, y, z
0,arm,61.176246643066406,203.9125518798828,0
1,body,157.39239501953125,140.31607055664062,0
2,body_back,212.7140350341797,141.07760620117188,0
3,bucket,85.7830810546875,159.45985412597656,0
4,bucket_tip,95.86124420166016,126.91914367675781,0
5,springhinge_arm,45.264957427978516,215.38352966308594,0
6,springhinge_boom,116.43692779541016,195.6562957763672,0
