,name, x, y, z
0,arm,83.8778305053711,203.6454315185547,0
1,body,179.7522735595703,148.89845275878906,0
2,body_back,237.4300994873047,151.89381408691406,0
3,bucket,53.030799865722656,166.1625213623047,0
4,bucket_tip,37.29417419433594,144.22882080078125,0
5,springhinge_arm,85.275146484375,220.72149658203125,0
6,springhinge_boom,135.5400390625,201.20303344726562,0
