,name, x, y, z
0,arm,83.73269653320312,204.52685546875,0
1,body,179.27960205078125,148.86534118652344,0
2,body_back,236.92051696777344,151.84646606445312,0
3,bucket,53.502197265625,166.5216827392578,0
4,bucket_tip,38.613101959228516,144.1486053466797,0
5,springhinge_arm,84.86396026611328,221.63693237304688,0
6,springhinge_boom,135.4239959716797,201.54019165039062,0
