,name, x, y, z
0,arm,83.65796661376953,204.96055603027344,0
1,body,179.0392608642578,148.84854125976562,0
2,body_back,236.6593475341797,151.82357788085938,0
3,bucket,53.734130859375,166.69863891601562,0
4,bucket_tip,39.273223876953125,144.1134033203125,0
5,springhinge_arm,84.65901947021484,222.08541870117188,0
6,springhinge_boom,135.36451721191406,201.7012481689453,0
