,name, x, y, z
0,arm,83.58092498779297,205.38873291015625,0
1,body,178.79600524902344,148.8317413330078,0
2,body_back,236.39431762695312,151.8013153076172,0
3,bucket,53.96294403076172,166.8729705810547,0
4,bucket_tip,39.932838439941406,144.08119201660156,0
5,springhinge_arm,84.4537353515625,222.52708435058594,0
6,springhinge_boom,135.3037872314453,201.85678100585938,0
