,name, x, y, z
0,arm,83.50090789794922,205.81076049804688,0
1,body,178.54962158203125,148.81497192382812,0
2,body_back,236.1256866455078,151.77981567382812,0
3,bucket,54.18827438354492,167.04420471191406,0
4,bucket_tip,40.59132766723633,144.05184936523438,0
5,springhinge_arm,84.24756622314453,222.96157836914062,0
6,springhinge_boom,135.24166870117188,202.00657653808594,0
