,name, x, y, z
0,arm,83.41729736328125,206.22608947753906,0
1,body,178.29998779296875,148.7983856201172,0
2,body_back,235.85386657714844,151.75918579101562,0
3,bucket,54.40969467163086,167.21163940429688,0
4,bucket_tip,41.24802017211914,144.0251922607422,0
5,springhinge_arm,84.03999328613281,223.38839721679688,0
6,springhinge_boom,135.17799377441406,202.15028381347656,0
