,name, x, y, z
0,arm,83.32942962646484,206.634033203125,0
1,body,178.0469207763672,148.7820281982422,0
2,body_back,235.57901000976562,151.73948669433594,0
3,bucket,54.626705169677734,167.37472534179688,0
4,bucket_tip,41.902156829833984,144.00099182128906,0
5,springhinge_arm,83.83036041259766,223.80711364746094,0
6,springhinge_boom,135.112548828125,202.28753662109375,0
