,name, x, y, z
0,arm,83.2365951538086,207.0339813232422,0
1,body,177.79026794433594,148.76602172851562,0
2,body_back,235.301513671875,151.7209014892578,0
3,bucket,54.839019775390625,167.53285217285156,0
4,bucket_tip,42.55323028564453,143.97914123535156,0
5,springhinge_arm,83.61824798583984,224.21725463867188,0
6,springhinge_boom,135.04522705078125,202.41810607910156,0
