,name, x, y, z
0,arm,83.13825988769531,207.42530822753906,0
1,body,177.52984619140625,148.7504425048828,0
2,body_back,235.0216522216797,151.70352172851562,0
3,bucket,55.04605484008789,167.6854705810547,0
4,bucket_tip,43.200382232666016,143.95947265625,0
5,springhinge_arm,83.40296173095703,224.6184539794922,0
6,springhinge_boom,134.97576904296875,202.54164123535156,0
