,name, x, y, z
0,arm,61.17169189453125,203.92723083496094,0
1,body,157.3944854736328,140.26034545898438,0
2,body_back,212.71218872070312,141.09756469726562,0
3,bucket,85.88314056396484,159.43821716308594,0
4,bucket_tip,95.65113067626953,126.88593292236328,0
5,springhinge_arm,45.26070022583008,215.4060821533203,0
6,springhinge_boom,116.43492889404297,195.71963500976562,0
