,name, x, y, z
0,arm,83.0336685180664,207.80743408203125,0
1,body,177.26544189453125,148.73538208007812,0
2,body_back,234.73965454101562,151.68739318847656,0
3,bucket,55.24744415283203,167.83192443847656,0
4,bucket_tip,43.843021392822266,143.94175720214844,0
5,springhinge_arm,83.18400573730469,225.0102081298828,0
6,springhinge_boom,134.90403747558594,202.65785217285156,0
