,name, x, y, z
0,arm,82.80318450927734,208.54147338867188,0
1,body,176.72506713867188,148.70611572265625,0
2,body_back,234.17149353027344,151.6581573486328,0
3,bucket,55.63256072998047,168.1044158935547,0
4,bucket_tip,45.11295700073242,143.91444396972656,0
5,springhinge_arm,82.7336654663086,225.7637481689453,0
6,springhinge_boom,134.75387573242188,202.86700439453125,0
