,name, x, y, z
0,arm,82.67695617675781,208.89231872558594,0
1,body,176.45071411132812,148.68951416015625,0
2,body_back,233.88734436035156,151.6424102783203,0
3,bucket,55.817710876464844,168.23045349121094,0
4,bucket_tip,45.74138641357422,143.90994262695312,0
5,springhinge_arm,82.50313568115234,226.12535095214844,0
6,springhinge_boom,134.67662048339844,202.96005249023438,0
