,name, x, y, z
0,arm,82.54440307617188,209.23239135742188,0
1,body,176.17434692382812,148.67095947265625,0
2,body_back,233.6036834716797,151.62522888183594,0
3,bucket,55.998653411865234,168.34963989257812,0
4,bucket_tip,46.365997314453125,143.91168212890625,0
5,springhinge_arm,82.26911163330078,226.47718811035156,0
6,springhinge_boom,134.5979461669922,203.0457763671875,0
