,name, x, y, z
0,arm,82.40583801269531,209.5619354248047,0
1,body,175.8963623046875,148.65036010742188,0
2,body_back,233.32073974609375,151.60638427734375,0
3,bucket,56.17570114135742,168.46197509765625,0
4,bucket_tip,46.987060546875,143.9189910888672,0
5,springhinge_arm,82.03144073486328,226.81948852539062,0
6,springhinge_boom,134.51771545410156,203.12452697753906,0
