,name, x, y, z
0,arm,82.26156616210938,209.88133239746094,0
1,body,175.6171875,148.62750244140625,0
2,body_back,233.0386962890625,151.58570861816406,0
3,bucket,56.349239349365234,168.5673370361328,0
4,bucket_tip,47.604862213134766,143.9311981201172,0
5,springhinge_arm,81.7900161743164,227.15260314941406,0
6,springhinge_boom,134.4357147216797,203.19667053222656,0
