,name, x, y, z
0,arm,82.11190032958984,210.19082641601562,0
1,body,175.3372802734375,148.60223388671875,0
2,body_back,232.75778198242188,151.56297302246094,0
3,bucket,56.51962661743164,168.6656951904297,0
4,bucket_tip,48.21970748901367,143.94764709472656,0
5,springhinge_arm,81.54468536376953,227.4767608642578,0
6,springhinge_boom,134.35182189941406,203.2625732421875,0
