,name, x, y, z
0,arm,61.16828155517578,203.94313049316406,0
1,body,157.39852905273438,140.2052459716797,0
2,body_back,212.71401977539062,141.11781311035156,0
3,bucket,85.98479461669922,159.4164581298828,0
4,bucket_tip,95.43197631835938,126.85333251953125,0
5,springhinge_arm,45.25815963745117,215.4303436279297,0
6,springhinge_boom,116.43370056152344,195.78598022460938,0
