,name, x, y, z
0,arm,81.63353729248047,211.06329345703125,0
1,body,174.49700927734375,148.51022338867188,0
2,body_back,231.92369079589844,151.4803009033203,0
3,bucket,57.015380859375,168.91807556152344,0
4,bucket_tip,50.04936599731445,144.01576232910156,0
5,springhinge_arm,80.78372955322266,228.39857482910156,0
6,springhinge_boom,134.08685302734375,203.42608642578125,0
