,name, x, y, z
0,arm,81.46527862548828,211.3365020751953,0
1,body,174.21812438964844,148.47361755371094,0
2,body_back,231.649169921875,151.4472198486328,0
3,bucket,57.17673873901367,168.98779296875,0
4,bucket_tip,50.65530014038086,144.04249572753906,0
5,springhinge_arm,80.52129364013672,228.68997192382812,0
6,springhinge_boom,133.99349975585938,203.47032165527344,0
