,name, x, y, z
0,arm,81.11741638183594,211.85850524902344,0
1,body,173.6645965576172,148.39041137695312,0
2,body_back,231.1065673828125,151.37152099609375,0
3,bucket,57.49591064453125,169.10519409179688,0
4,bucket_tip,51.86330032348633,144.09799194335938,0
5,springhinge_arm,79.98235321044922,229.2506561279297,0
6,springhinge_boom,133.7982940673828,203.54556274414062,0
