,name, x, y, z
0,arm,80.9383773803711,212.10792541503906,0
1,body,173.3907470703125,148.34349060058594,0
2,body_back,230.83880615234375,151.32850646972656,0
3,bucket,57.65441131591797,169.15281677246094,0
4,bucket_tip,52.465999603271484,144.12542724609375,0
5,springhinge_arm,79.70551300048828,229.52064514160156,0
6,springhinge_boom,133.69606018066406,203.5772705078125,0
