,name, x, y, z
0,arm,80.75629425048828,212.35009765625,0
1,body,173.11935424804688,148.29281616210938,0
2,body_back,230.5736846923828,151.2816925048828,0
3,bucket,57.81273651123047,169.1929473876953,0
4,bucket_tip,53.068260192871094,144.15174865722656,0
5,springhinge_arm,79.42355346679688,229.7840576171875,0
6,springhinge_boom,133.59048461914062,203.60545349121094,0
