,name, x, y, z
0,arm,80.5715103149414,212.5853729248047,0
1,body,172.85081481933594,148.23818969726562,0
2,body_back,230.3113250732422,151.23095703125,0
3,bucket,57.971214294433594,169.2255401611328,0
4,bucket_tip,53.67046356201172,144.1763458251953,0
5,springhinge_arm,79.13627624511719,230.0413055419922,0
6,springhinge_boom,133.4813690185547,203.6304931640625,0
