,name, x, y, z
0,arm,80.38423919677734,212.81407165527344,0
1,body,172.5855255126953,148.17941284179688,0
2,body_back,230.0519256591797,151.17601013183594,0
3,bucket,58.130245208740234,169.25051879882812,0
4,bucket_tip,54.272953033447266,144.19845581054688,0
5,springhinge_arm,78.84353637695312,230.2926483154297,0
6,springhinge_boom,133.36856079101562,203.65272521972656,0
