,name, x, y, z
0,arm,80.19483184814453,213.03652954101562,0
1,body,172.3238983154297,148.11636352539062,0
2,body_back,229.79563903808594,151.11669921875,0
3,bucket,58.290260314941406,169.26783752441406,0
4,bucket_tip,54.87612533569336,144.21749877929688,0
5,springhinge_arm,78.54515075683594,230.53843688964844,0
6,springhinge_boom,133.25186157226562,203.67251586914062,0
