,name, x, y, z
0,arm,80.0035400390625,213.25311279296875,0
1,body,172.0662384033203,148.04884338378906,0
2,body_back,229.5426788330078,151.0527801513672,0
3,bucket,58.451568603515625,169.2774658203125,0
4,bucket_tip,55.480308532714844,144.23277282714844,0
5,springhinge_arm,78.24092102050781,230.77902221679688,0
6,springhinge_boom,133.13107299804688,203.69021606445312,0
