,name, x, y, z
0,arm,61.166114807128906,203.9608917236328,0
1,body,157.4044189453125,140.1507110595703,0
2,body_back,212.71951293945312,141.13804626464844,0
3,bucket,86.08753204345703,159.39491271972656,0
4,bucket_tip,95.2039794921875,126.82144165039062,0
5,springhinge_arm,45.25735092163086,215.45709228515625,0
6,springhinge_boom,116.43324279785156,195.85519409179688,0
