,name, x, y, z
0,arm,79.61639404296875,213.6700439453125,0
1,body,171.5645751953125,147.89962768554688,0
2,body_back,229.04727172851562,150.91017150878906,0
3,bucket,58.779754638671875,169.27328491210938,0
4,bucket_tip,56.6933708190918,144.24929809570312,0
5,springhinge_arm,77.61422729492188,231.24571228027344,0
6,springhinge_boom,132.87648010253906,203.72067260742188,0
