,name, x, y, z
0,arm,79.22502136230469,214.06759643554688,0
1,body,171.08355712890625,147.73036193847656,0
2,body_back,228.56698608398438,150.74639892578125,0
3,bucket,59.11796188354492,169.2374267578125,0
4,bucket_tip,57.915260314941406,144.24266052246094,0
5,springhinge_arm,76.9618911743164,231.69534301757812,0
6,springhinge_boom,132.60317993164062,203.7469024658203,0
