,name, x, y, z
0,arm,79.02840423583984,214.25997924804688,0
1,body,170.8517303466797,147.63771057128906,0
2,body_back,228.33291625976562,150.6560516357422,0
3,bucket,59.29180145263672,169.2074737548828,0
4,bucket_tip,58.53053283691406,144.22897338867188,0
5,springhinge_arm,76.62556457519531,231.91461181640625,0
6,springhinge_boom,132.4590301513672,203.7593231201172,0
