,name, x, y, z
0,arm,78.83158874511719,214.44862365722656,0
1,body,170.626220703125,147.53948974609375,0
2,body_back,228.10308837890625,150.55967712402344,0
3,bucket,59.469337463378906,169.16937255859375,0
4,bucket_tip,59.149269104003906,144.20742797851562,0
5,springhinge_arm,76.2822036743164,232.13059997558594,0
6,springhinge_boom,132.3095703125,203.77171325683594,0
