,name, x, y, z
0,arm,78.634765625,214.6338653564453,0
1,body,170.40733337402344,147.43548583984375,0
2,body_back,227.877685546875,150.4570770263672,0
3,bucket,59.6510009765625,169.12306213378906,0
4,bucket_tip,59.77190399169922,144.1773681640625,0
5,springhinge_arm,75.93158721923828,232.34368896484375,0
6,springhinge_boom,132.1546173095703,203.7844696044922,0
