,name, x, y, z
0,arm,78.438232421875,214.81602478027344,0
1,body,170.195556640625,147.32550048828125,0
2,body_back,227.65687561035156,150.34805297851562,0
3,bucket,59.83723449707031,169.06845092773438,0
4,bucket_tip,60.398902893066406,144.1381072998047,0
5,springhinge_arm,75.57349395751953,232.55416870117188,0
6,springhinge_boom,131.99398803710938,203.79791259765625,0
