,name, x, y, z
0,arm,78.24226379394531,214.9954833984375,0
1,body,169.99114990234375,147.20932006835938,0
2,body_back,227.4407958984375,150.2322998046875,0
3,bucket,60.028385162353516,169.00546264648438,0
4,bucket_tip,61.030662536621094,144.0889129638672,0
5,springhinge_arm,75.2076644897461,232.76239013671875,0
6,springhinge_boom,131.82737731933594,203.81240844726562,0
