,name, x, y, z
0,arm,78.04708099365234,215.17262268066406,0
1,body,169.7946014404297,147.08677673339844,0
2,body_back,227.2295379638672,150.1095733642578,0
3,bucket,60.22492218017578,168.93402099609375,0
4,bucket_tip,61.667659759521484,144.0290985107422,0
5,springhinge_arm,74.83384704589844,232.9687042236328,0
6,springhinge_boom,131.6546173095703,203.8282928466797,0
