,name, x, y, z
0,arm,77.85298919677734,215.3477783203125,0
1,body,169.60621643066406,146.9575958251953,0
2,body_back,227.02334594726562,149.97964477539062,0
3,bucket,60.42726516723633,168.85401916503906,0
4,bucket_tip,62.31039047241211,143.9579620361328,0
5,springhinge_arm,74.4517822265625,233.17349243164062,0
6,springhinge_boom,131.47547912597656,203.8459930419922,0
