,name, x, y, z
0,arm,77.468994140625,215.69375610351562,0
1,body,169.25558471679688,146.6786651611328,0
2,body_back,226.62667846679688,149.69708251953125,0
3,bucket,60.85107421875,168.66793823242188,0
4,bucket_tip,63.61502456665039,143.7787628173828,0
5,springhinge_arm,73.66193389892578,233.57980346679688,0
6,springhinge_boom,131.09707641601562,203.88809204101562,0
