,name, x, y, z
0,arm,77.2796401977539,215.86526489257812,0
1,body,169.0941162109375,146.52842712402344,0
2,body_back,226.43649291992188,149.54393005371094,0
3,bucket,61.07347869873047,168.5616912841797,0
4,bucket_tip,64.27788543701172,143.66928100585938,0
5,springhinge_arm,73.25354766845703,233.7821044921875,0
6,springhinge_boom,130.89730834960938,203.9132843017578,0
