,name, x, y, z
0,arm,77.09237670898438,216.0363006591797,0
1,body,168.9423370361328,146.3706512451172,0
2,body_back,226.2519989013672,149.38247680664062,0
3,bucket,61.30347442626953,168.4464569091797,0
4,bucket_tip,64.94854736328125,143.5455322265625,0
5,springhinge_arm,72.83584594726562,233.98423767089844,0
6,springhinge_boom,130.690185546875,203.94166564941406,0
