,name, x, y, z
0,arm,76.9074935913086,216.2072296142578,0
1,body,168.80075073242188,146.2051544189453,0
2,body_back,226.07327270507812,149.21241760253906,0
3,bucket,61.54151153564453,168.3220672607422,0
4,bucket_tip,65.62745666503906,143.40670776367188,0
5,springhinge_arm,72.40850830078125,234.18655395507812,0
6,springhinge_boom,130.47540283203125,203.97361755371094,0
