,name, x, y, z
0,arm,76.7252197265625,216.3784637451172,0
1,body,168.66969299316406,146.0316925048828,0
2,body_back,225.90049743652344,149.03346252441406,0
3,bucket,61.78807830810547,168.18844604492188,0
4,bucket_tip,66.31522369384766,143.25205993652344,0
5,springhinge_arm,71.97119140625,234.38949584960938,0
6,springhinge_boom,130.25271606445312,204.00955200195312,0
