,name, x, y, z
0,arm,76.54580688476562,216.55038452148438,0
1,body,168.54957580566406,145.8500213623047,0
2,body_back,225.73385620117188,148.84536743164062,0
3,bucket,62.04365921020508,168.04550170898438,0
4,bucket_tip,67.01238250732422,143.08087158203125,0
5,springhinge_arm,71.5235824584961,234.59344482421875,0
6,springhinge_boom,130.02183532714844,204.0498809814453,0
