,name, x, y, z
0,arm,76.36953735351562,216.72340393066406,0
1,body,168.4408416748047,145.6598358154297,0
2,body_back,225.57354736328125,148.6477813720703,0
3,bucket,62.30876159667969,167.89306640625,0
4,bucket_tip,67.71958923339844,142.8922882080078,0
5,springhinge_arm,71.06539154052734,234.7987823486328,0
6,springhinge_boom,129.7825164794922,204.09494018554688,0
