,name, x, y, z
0,arm,76.1966552734375,216.89791870117188,0
1,body,168.34384155273438,145.4672393798828,0
2,body_back,225.4225616455078,148.44012451171875,0
3,bucket,62.582542419433594,167.73117065429688,0
4,bucket_tip,68.43573760986328,142.67962646484375,0
5,springhinge_arm,70.59516906738281,235.00762939453125,0
6,springhinge_boom,129.53488159179688,204.14608764648438,0
