,name, x, y, z
0,arm,61.16581726074219,204.0047607421875,0
1,body,157.4210968017578,140.04322814941406,0
2,body_back,212.74078369140625,141.1775360107422,0
3,bucket,86.294677734375,159.35389709472656,0
4,bucket_tip,94.72238159179688,126.76019287109375,0
5,springhinge_arm,45.2615852355957,215.52133178710938,0
6,springhinge_boom,116.43458557128906,196.00169372558594,0
