,name, x, y, z
0,arm,76.0259017944336,217.07559204101562,0
1,body,168.2598876953125,145.27952575683594,0
2,body_back,225.28359985351562,148.22276306152344,0
3,bucket,62.86670684814453,167.56048583984375,0
4,bucket_tip,69.16061401367188,142.4382781982422,0
5,springhinge_arm,70.1141586303711,235.22091674804688,0
6,springhinge_boom,129.2806396484375,204.2037811279297,0
