,name, x, y, z
0,arm,75.85646057128906,217.25694274902344,0
1,body,168.18939208984375,145.09768676757812,0
2,body_back,225.15609741210938,147.9968719482422,0
3,bucket,63.165714263916016,167.3815460205078,0
4,bucket_tip,69.89601135253906,142.17031860351562,0
5,springhinge_arm,69.62614440917969,235.4368133544922,0
6,springhinge_boom,129.0218963623047,204.26681518554688,0
