,name, x, y, z
0,arm,75.68907165527344,217.4404296875,0
1,body,168.13150024414062,144.9222412109375,0
2,body_back,225.0396270751953,147.76356506347656,0
3,bucket,63.48391342163086,167.19505310058594,0
4,bucket_tip,70.6435775756836,141.87794494628906,0
5,springhinge_arm,69.13491821289062,235.6536865234375,0
6,springhinge_boom,128.7607421875,204.33424377441406,0
