,name, x, y, z
0,arm,75.52456665039062,217.62469482421875,0
1,body,168.0852508544922,144.75357055664062,0
2,body_back,224.93377685546875,147.5240478515625,0
3,bucket,63.825775146484375,167.0016632080078,0
4,bucket_tip,71.40497589111328,141.5633544921875,0
5,springhinge_arm,68.64437866210938,235.86972045898438,0
6,springhinge_boom,128.4993133544922,204.4049072265625,0
