,name, x, y, z
0,arm,75.36376953125,217.80819702148438,0
1,body,168.0496368408203,144.5921630859375,0
2,body_back,224.83810424804688,147.279541015625,0
3,bucket,64.19570922851562,166.8020782470703,0
4,bucket_tip,72.18182373046875,141.22879028320312,0
5,springhinge_arm,68.15853881835938,236.0831298828125,0
6,springhinge_boom,128.23985290527344,204.47772216796875,0
