,name, x, y, z
0,arm,75.20761108398438,217.9893341064453,0
1,body,168.0237579345703,144.4385223388672,0
2,body_back,224.7521209716797,147.03126525878906,0
3,bucket,64.59819030761719,166.5969696044922,0
4,bucket_tip,72.97561645507812,140.87652587890625,0
5,springhinge_arm,67.68138122558594,236.29202270507812,0
6,springhinge_boom,127.98453521728516,204.55154418945312,0
