,name, x, y, z
0,arm,74.9126968383789,218.33834838867188,0
1,body,167.99740600585938,144.15664672851562,0
2,body_back,224.60777282714844,146.5287322998047,0
3,bucket,65.5184326171875,166.1732940673828,0
4,bucket_tip,74.61978912353516,140.1284637451172,0
5,springhinge_arm,66.76994323730469,236.68893432617188,0
6,springhinge_boom,127.49567413330078,204.6977081298828,0
