,name, x, y, z
0,arm,74.77578735351562,218.50294494628906,0
1,body,167.9949951171875,144.02951049804688,0
2,body_back,224.54849243164062,146.2771453857422,0
3,bucket,66.04508209228516,165.95631408691406,0
4,bucket_tip,75.47288513183594,139.737548828125,0
5,springhinge_arm,66.34414672851562,236.87303161621094,0
6,springhinge_boom,127.26680755615234,204.76771545410156,0
