,name, x, y, z
0,arm,74.6471939086914,218.65878295898438,0
1,body,167.99851989746094,143.91232299804688,0
2,body_back,224.497314453125,146.0271759033203,0
3,bucket,66.62190246582031,165.7369384765625,0
4,bucket_tip,76.3482666015625,139.33863830566406,0
5,springhinge_arm,65.94412231445312,237.04486083984375,0
6,springhinge_boom,127.05152130126953,204.83404541015625,0
