,name, x, y, z
0,arm,74.52789306640625,218.80409240722656,0
1,body,168.00694274902344,143.80567932128906,0
2,body_back,224.4538116455078,145.78030395507812,0
3,bucket,67.25315856933594,165.51611328125,0
4,bucket_tip,77.24705505371094,138.93447875976562,0
5,springhinge_arm,65.57427978515625,237.2025909423828,0
6,springhinge_boom,126.85224914550781,204.89559936523438,0
