,name, x, y, z
0,arm,74.3210678100586,219.05642700195312,0
1,body,168.03456115722656,143.62644958496094,0
2,body_back,224.3880157470703,145.30165100097656,0
3,bucket,68.69605255126953,165.07351684570312,0
4,bucket_tip,79.118896484375,138.12083435058594,0
5,springhinge_arm,64.94319915771484,237.46719360351562,0
6,springhinge_boom,126.51171875,204.999267578125,0
