,name, x, y, z
0,arm,74.23564147949219,219.15989685058594,0
1,body,168.05177307128906,143.55503845214844,0
2,body_back,224.36489868164062,145.0729217529297,0
3,bucket,69.51581573486328,164.85365295410156,0
4,bucket_tip,80.0936279296875,137.71690368652344,0
5,springhinge_arm,64.69092559814453,237.57003784179688,0
6,springhinge_boom,126.37541961669922,205.0389862060547,0
