,name, x, y, z
0,arm,74.16343688964844,219.24603271484375,0
1,body,168.0698699951172,143.49661254882812,0
2,body_back,224.34771728515625,144.85328674316406,0
3,bucket,70.4063949584961,164.63600158691406,0
4,bucket_tip,81.09518432617188,137.31861877441406,0
5,springhinge_arm,64.48700714111328,237.6505126953125,0
6,springhinge_boom,126.26512145996094,205.0689239501953,0
