,name, x, y, z
0,arm,74.1056137084961,219.3129425048828,0
1,body,168.08782958984375,143.4517059326172,0
2,body_back,224.33595275878906,144.64437866210938,0
3,bucket,71.37147521972656,164.421630859375,0
4,bucket_tip,82.12405395507812,136.928955078125,0
5,springhinge_arm,64.33584594726562,237.7064971923828,0
6,springhinge_boom,126.18331146240234,205.08790588378906,0
