,name, x, y, z
0,arm,74.06309509277344,219.35891723632812,0
1,body,168.10464477539062,143.4209747314453,0
2,body_back,224.3292999267578,144.44772338867188,0
3,bucket,72.41454315185547,164.21151733398438,0
4,bucket_tip,83.18064880371094,136.55078125,0
5,springhinge_arm,64.24189758300781,237.73614501953125,0
6,springhinge_boom,126.13243103027344,205.09475708007812,0
