,name, x, y, z
0,arm,74.03684997558594,219.38229370117188,0
1,body,168.1192169189453,143.4049072265625,0
2,body_back,224.32717895507812,144.2649383544922,0
3,bucket,73.53900146484375,164.00668334960938,0
4,bucket_tip,84.26519012451172,136.18704223632812,0
5,springhinge_arm,64.20967102050781,237.7373504638672,0
6,springhinge_boom,126.1149673461914,205.08815002441406,0
