,name, x, y, z
0,arm,74.0279312133789,219.38137817382812,0
1,body,168.11026000976562,143.365478515625,0
2,body_back,224.29730224609375,144.08120727539062,0
3,bucket,74.6281967163086,163.78179931640625,0
4,bucket_tip,85.26204681396484,135.82269287109375,0
5,springhinge_arm,64.2356948852539,237.6941680908203,0
6,springhinge_boom,126.15486145019531,205.02590942382812,0
