,name, x, y, z
0,arm,74.06517791748047,219.339111328125,0
1,body,168.06478881835938,143.2676239013672,0
2,body_back,224.21136474609375,143.87863159179688,0
3,bucket,75.57270050048828,163.51065063476562,0
4,bucket_tip,86.07125091552734,135.43833923339844,0
5,springhinge_arm,64.3097152709961,237.59104919433594,0
6,springhinge_boom,126.2661361694336,204.87071228027344,0
