,name, x, y, z
0,arm,61.171424865722656,204.0641326904297,0
1,body,157.44334411621094,139.9375762939453,0
2,body_back,212.7751007080078,141.2141876220703,0
3,bucket,86.50106811523438,159.31797790527344,0
4,bucket_tip,94.20809173583984,126.70307922363281,0
5,springhinge_arm,45.27423858642578,215.60556030273438,0
6,springhinge_boom,116.43888854980469,196.15817260742188,0
