,name, x, y, z
0,arm,74.171630859375,219.23886108398438,0
1,body,167.99143981933594,143.11544799804688,0
2,body_back,224.07505798339844,143.65428161621094,0
3,bucket,76.38611602783203,163.19308471679688,0
4,bucket_tip,86.7161865234375,135.0306396484375,0
5,springhinge_arm,64.42561340332031,237.42684936523438,0
6,springhinge_boom,126.4361801147461,204.62925720214844,0
