,name, x, y, z
0,arm,74.33906555175781,219.07957458496094,0
1,body,167.89224243164062,142.9103546142578,0
2,body_back,223.89402770996094,143.40513610839844,0
3,bucket,77.08216857910156,162.82882690429688,0
4,bucket_tip,87.2204360961914,134.59616088867188,0
5,springhinge_arm,64.57733917236328,237.20034790039062,0
6,springhinge_boom,126.6524429321289,204.3080291748047,0
