,name, x, y, z
0,arm,74.55933380126953,218.86009216308594,0
1,body,167.7691650390625,142.65396118164062,0
2,body_back,223.6738739013672,143.1282958984375,0
3,bucket,77.6744384765625,162.4178009033203,0
4,bucket_tip,87.60729217529297,134.131591796875,0
5,springhinge_arm,64.75873565673828,236.91049194335938,0
6,springhinge_boom,126.90225982666016,203.91380310058594,0
