,name, x, y, z
0,arm,74.82430267333984,218.57936096191406,0
1,body,167.62423706054688,142.34762573242188,0
2,body_back,223.4203338623047,142.82070922851562,0
3,bucket,78.1766357421875,161.95968627929688,0
4,bucket_tip,87.90035247802734,133.63343811035156,0
5,springhinge_arm,64.96379089355469,236.5559539794922,0
6,springhinge_boom,127.17311096191406,203.4530029296875,0
