,name, x, y, z
0,arm,75.1258544921875,218.23629760742188,0
1,body,167.4594268798828,141.99285888671875,0
2,body_back,223.13893127441406,142.47940063476562,0
3,bucket,78.60237884521484,161.454345703125,0
4,bucket_tip,88.12298583984375,133.09837341308594,0
5,springhinge_arm,65.18634796142578,236.13565063476562,0
6,springhinge_boom,127.45231628417969,202.9323272705078,0
