,name, x, y, z
0,arm,75.45575714111328,217.8297882080078,0
1,body,167.2767791748047,141.59112548828125,0
2,body_back,222.83535766601562,142.10142517089844,0
3,bucket,78.96532440185547,160.90158081054688,0
4,bucket_tip,88.29863739013672,132.52297973632812,0
5,springhinge_arm,65.42029571533203,235.6483612060547,0
6,springhinge_boom,127.72732543945312,202.3583221435547,0
