,name, x, y, z
0,arm,75.80597686767578,217.35873413085938,0
1,body,167.0782928466797,141.14389038085938,0
2,body_back,222.51531982421875,141.68377685546875,0
3,bucket,79.2791748046875,160.30113220214844,0
4,bucket_tip,88.45085906982422,131.90383911132812,0
5,springhinge_arm,65.65962219238281,235.09288024902344,0
6,springhinge_boom,127.98554229736328,201.73757934570312,0
