,name, x, y, z
0,arm,76.16826629638672,216.82208251953125,0
1,body,166.8659210205078,140.65267944335938,0
2,body_back,222.18435668945312,141.22349548339844,0
3,bucket,79.5574951171875,159.65289306640625,0
4,bucket_tip,88.60299682617188,131.2376251220703,0
5,springhinge_arm,65.89813995361328,234.4681396484375,0
6,springhinge_boom,128.21435546875,201.07675170898438,0
