,name, x, y, z
0,arm,76.5345230102539,216.21868896484375,0
1,body,166.6417236328125,140.1189727783203,0
2,body_back,221.84820556640625,140.71763610839844,0
3,bucket,79.81400299072266,158.95663452148438,0
4,bucket_tip,88.778564453125,130.5209197998047,0
5,springhinge_arm,66.12979888916016,233.7729034423828,0
6,springhinge_boom,128.40115356445312,200.3824005126953,0
