,name, x, y, z
0,arm,76.89659118652344,215.54750061035156,0
1,body,166.40765380859375,139.54417419433594,0
2,body_back,221.51242065429688,140.16314697265625,0
3,bucket,80.06233215332031,158.21209716796875,0
4,bucket_tip,89.00099182128906,129.7502899169922,0
5,springhinge_arm,66.34850311279297,233.00592041015625,0
6,springhinge_boom,128.5333709716797,199.66111755371094,0
