,name, x, y, z
0,arm,61.17662811279297,204.10128784179688,0
1,body,157.45620727539062,139.88534545898438,0
2,body_back,212.7968292236328,141.23077392578125,0
3,bucket,86.60285949707031,159.30279541015625,0
4,bucket_tip,93.93920135498047,126.67628479003906,0
5,springhinge_arm,45.28398513793945,215.6572265625,0
6,springhinge_boom,116.44209289550781,196.23977661132812,0
