,name, x, y, z
0,arm,77.24635314941406,214.80738830566406,0
1,body,166.16575622558594,138.9298095703125,0
2,body_back,221.1827392578125,139.55709838867188,0
3,bucket,80.31616973876953,157.4191436767578,0
4,bucket_tip,89.29375457763672,128.92237854003906,0
5,springhinge_arm,66.54816436767578,232.16612243652344,0
6,springhinge_boom,128.598388671875,198.9195098876953,0
