,name, x, y, z
0,arm,78.14009857177734,212.1626739501953,0
1,body,165.41299438476562,136.86407470703125,0
2,body_back,220.2864532470703,137.39976501464844,0
3,bucket,81.24703979492188,154.7477264404297,0
4,bucket_tip,90.82843780517578,126.06102752685547,0
5,springhinge_arm,66.97181701660156,229.19781494140625,0
6,springhinge_boom,128.2642822265625,196.638671875,0
