,name, x, y, z
0,arm,78.35901641845703,211.13601684570312,0
1,body,165.15972900390625,136.10621643066406,0
2,body_back,220.0374298095703,136.5576934814453,0
3,bucket,81.65931701660156,153.75909423828125,0
4,bucket_tip,91.63699340820312,124.97007751464844,0
5,springhinge_arm,67.03430938720703,228.05484008789062,0
6,springhinge_boom,127.93453216552734,195.88174438476562,0
