,name, x, y, z
0,arm,78.5248794555664,210.03500366210938,0
1,body,164.9086151123047,135.31613159179688,0
2,body_back,219.82269287109375,135.64910888671875,0
3,bucket,82.14535522460938,152.72100830078125,0
4,bucket_tip,92.63316345214844,123.8048324584961,0
5,springhinge_arm,67.04725646972656,226.8330841064453,0
6,springhinge_boom,127.474609375,195.13743591308594,0
