,name, x, y, z
0,arm,78.62950897216797,208.85850524902344,0
1,body,164.6621551513672,134.5041046142578,0
2,body_back,219.64598083496094,134.68296813964844,0
3,bucket,82.71441650390625,151.6444854736328,0
4,bucket_tip,93.82750701904297,122.57556915283203,0
5,springhinge_arm,67.0104751586914,225.54505920410156,0
6,springhinge_boom,126.88829803466797,194.41787719726562,0
