,name, x, y, z
0,arm,78.67184448242188,207.61868286132812,0
1,body,164.42471313476562,133.699951171875,0
2,body_back,219.50341796875,133.69992065429688,0
3,bucket,83.3582992553711,150.56968688964844,0
4,bucket_tip,95.17913055419922,121.3314208984375,0
5,springhinge_arm,66.9472885131836,224.24224853515625,0
6,springhinge_boom,126.21932983398438,193.741455078125,0
