,name, x, y, z
0,arm,78.67900848388672,206.36512756347656,0
1,body,164.201171875,132.9346466064453,0
2,body_back,219.3892822265625,132.74493408203125,0
3,bucket,84.06443786621094,149.54034423828125,0
4,bucket_tip,96.63431549072266,120.12749481201172,0
5,springhinge_arm,66.88694763183594,222.98216247558594,0
6,springhinge_boom,125.51504516601562,193.12449645996094,0
