,name, x, y, z
0,arm,78.6852798461914,205.15306091308594,0
1,body,163.99636840820312,132.2390899658203,0
2,body_back,219.29782104492188,131.86288452148438,0
3,bucket,84.82025146484375,148.6001434326172,0
4,bucket_tip,98.13929748535156,119.01891326904297,0
5,springhinge_arm,66.85867309570312,221.82228088378906,0
6,springhinge_boom,124.82276153564453,192.58322143554688,0
