,name, x, y, z
0,arm,61.18352127075195,204.14425659179688,0
1,body,157.47000122070312,139.83346557617188,0
2,body_back,212.8214569091797,141.2459259033203,0
3,bucket,86.70313262939453,159.28994750976562,0
4,bucket_tip,93.66277313232422,126.6508560180664,0
5,springhinge_arm,45.2961311340332,215.71641540527344,0
6,springhinge_boom,116.44598388671875,196.3235321044922,0
