,name, x, y, z
0,arm,78.72484588623047,204.0376434326172,0
1,body,163.815185546875,131.64425659179688,0
2,body_back,219.22325134277344,131.0986785888672,0
3,bucket,85.6131362915039,147.79281616210938,0
4,bucket_tip,99.64033508300781,118.0607681274414,0
5,springhinge_arm,66.89165496826172,220.820068359375,0
6,springhinge_boom,124.18975067138672,192.13394165039062,0
