,name, x, y, z
0,arm,78.83190155029297,203.0740203857422,0
1,body,163.66249084472656,131.1811065673828,0
2,body_back,219.1598663330078,130.4972381591797,0
3,bucket,86.43051147460938,147.1620635986328,0
4,bucket_tip,101.08367156982422,117.30816650390625,0
5,springhinge_arm,67.0151596069336,220.0330810546875,0
6,springhinge_boom,123.66336822509766,191.7929229736328,0
