,name, x, y, z
0,arm,79.04068756103516,202.31744384765625,0
1,body,163.54310607910156,130.8804931640625,0
2,body_back,219.10182189941406,130.1034393310547,0
3,bucket,87.25980377197266,146.7515411376953,0
4,bucket_tip,102.41553497314453,116.81617736816406,0
5,springhinge_arm,67.25841522216797,219.51869201660156,0
6,springhinge_boom,123.2909164428711,191.57635498046875,0
