,name, x, y, z
0,arm,79.38543701171875,201.82301330566406,0
1,body,163.46194458007812,130.77342224121094,0
2,body_back,219.04348754882812,129.96218872070312,0
3,bucket,88.08847045898438,146.60499572753906,0
4,bucket_tip,103.58223724365234,116.63994598388672,0
5,springhinge_arm,67.65067291259766,219.33447265625,0
6,springhinge_boom,123.11972045898438,191.5005645751953,0
