,name, x, y, z
0,arm,80.49317932128906,201.64593505859375,0
1,body,163.34556579589844,130.77325439453125,0
2,body_back,218.91586303710938,129.96815490722656,0
3,bucket,89.63737487792969,146.6048583984375,0
4,bucket_tip,105.63558197021484,116.63985443115234,0
5,springhinge_arm,68.54615783691406,219.33438110351562,0
6,springhinge_boom,123.02300262451172,191.5004119873047,0
