,name, x, y, z
0,arm,81.0495376586914,201.64585876464844,0
1,body,163.2906494140625,130.7731170654297,0
2,body_back,218.8470458984375,129.97547912597656,0
3,bucket,90.33963775634766,146.6048126220703,0
4,bucket_tip,106.604248046875,116.63990020751953,0
5,springhinge_arm,68.9521484375,219.33447265625,0
6,springhinge_boom,122.9841079711914,191.50030517578125,0
