,name, x, y, z
0,arm,81.57060241699219,201.64588928222656,0
1,body,163.23779296875,130.77296447753906,0
2,body_back,218.77488708496094,129.98553466796875,0
3,bucket,90.9958724975586,146.60484313964844,0
4,bucket_tip,107.5353775024414,116.64009857177734,0
5,springhinge_arm,69.33154296875,219.33473205566406,0
6,springhinge_boom,122.95137023925781,191.50018310546875,0
