,name, x, y, z
0,arm,82.05760955810547,201.6460723876953,0
1,body,163.18698120117188,130.77288818359375,0
2,body_back,218.69940185546875,129.998291015625,0
3,bucket,91.60765075683594,146.60504150390625,0
4,bucket_tip,108.42980194091797,116.64060974121094,0
5,springhinge_arm,69.68524169921875,219.33535766601562,0
6,springhinge_boom,122.92465209960938,191.5001678466797,0
