,name, x, y, z
0,arm,82.51167297363281,201.64657592773438,0
1,body,163.1381072998047,130.77293395996094,0
2,body_back,218.62062072753906,130.01364135742188,0
3,bucket,92.17652893066406,146.6055145263672,0
4,bucket_tip,109.28839111328125,116.64152526855469,0
5,springhinge_arm,70.01412963867188,219.33641052246094,0
6,springhinge_boom,122.9038314819336,191.50030517578125,0
