,name, x, y, z
0,arm,61.19219207763672,204.1938018798828,0
1,body,157.4846649169922,139.7819061279297,0
2,body_back,212.8488311767578,141.25933837890625,0
3,bucket,86.80146026611328,159.27972412109375,0
4,bucket_tip,93.37903594970703,126.62683868408203,0
5,springhinge_arm,45.3108024597168,215.7838592529297,0
6,springhinge_boom,116.45055389404297,196.40919494628906,0
