,name, x, y, z
0,arm,82.9339828491211,201.64744567871094,0
1,body,163.09109497070312,130.77310180664062,0
2,body_back,218.53855895996094,130.03146362304688,0
3,bucket,92.70403289794922,146.6062774658203,0
4,bucket_tip,110.11193084716797,116.64289855957031,0
5,springhinge_arm,70.3191146850586,219.33802795410156,0
6,springhinge_boom,122.88876342773438,191.5006103515625,0
