,name, x, y, z
0,arm,83.32575225830078,201.64877319335938,0
1,body,163.0458984375,130.77346801757812,0
2,body_back,218.45318603515625,130.05169677734375,0
3,bucket,93.19172668457031,146.60743713378906,0
4,bucket_tip,110.9012680053711,116.64488983154297,0
5,springhinge_arm,70.60105895996094,219.34030151367188,0
6,springhinge_boom,122.87931060791016,191.5011444091797,0
