,name, x, y, z
0,arm,83.68807983398438,201.65069580078125,0
1,body,163.00242614746094,130.7740936279297,0
2,body_back,218.3645477294922,130.0742645263672,0
3,bucket,93.64122009277344,146.6090850830078,0
4,bucket_tip,111.65728759765625,116.64759063720703,0
5,springhinge_arm,70.86092376708984,219.3433837890625,0
6,springhinge_boom,122.8753662109375,191.50201416015625,0
