,name, x, y, z
0,arm,84.0222396850586,201.65333557128906,0
1,body,162.96063232421875,130.77499389648438,0
2,body_back,218.27268981933594,130.09902954101562,0
3,bucket,94.05403900146484,146.6112518310547,0
4,bucket_tip,112.38080596923828,116.65106964111328,0
5,springhinge_arm,71.09960174560547,219.3473358154297,0
6,springhinge_boom,122.87680053710938,191.50318908691406,0
