,name, x, y, z
0,arm,84.329345703125,201.65670776367188,0
1,body,162.92041015625,130.77618408203125,0
2,body_back,218.17755126953125,130.1259002685547,0
3,bucket,94.43174743652344,146.614013671875,0
4,bucket_tip,113.07263946533203,116.65542602539062,0
5,springhinge_arm,71.31795501708984,219.35227966308594,0
6,springhinge_boom,122.88347625732422,191.50473022460938,0
