,name, x, y, z
0,arm,84.610595703125,201.6609649658203,0
1,body,162.8817138671875,130.77777099609375,0
2,body_back,218.07920837402344,130.15484619140625,0
3,bucket,94.7759017944336,146.61746215820312,0
4,bucket_tip,113.73365783691406,116.66080474853516,0
5,springhinge_arm,71.51692199707031,219.35833740234375,0
6,springhinge_boom,122.89524841308594,191.5067138671875,0
