,name, x, y, z
0,arm,84.86712646484375,201.6662139892578,0
1,body,162.84446716308594,130.77980041503906,0
2,body_back,217.97763061523438,130.1857452392578,0
3,bucket,95.08805847167969,146.6216583251953,0
4,bucket_tip,114.36469268798828,116.66729736328125,0
5,springhinge_arm,71.69739532470703,219.3656463623047,0
6,springhinge_boom,122.91201782226562,191.50921630859375,0
