,name, x, y, z
0,arm,85.31086730957031,201.68003845214844,0
1,body,162.7740478515625,130.7852020263672,0
2,body_back,217.76487731933594,130.2529754638672,0
3,bucket,95.6226577758789,146.63259887695312,0
4,bucket_tip,115.54014587402344,116.6839599609375,0
5,springhinge_arm,72.00648498535156,219.38433837890625,0
6,springhinge_boom,122.95996856689453,191.515869140625,0
