,name, x, y, z
0,arm,85.50039672851562,201.68878173828125,0
1,body,162.74072265625,130.78872680664062,0
2,body_back,217.6537322998047,130.28916931152344,0
3,bucket,95.84820556640625,146.63951110839844,0
4,bucket_tip,116.08625793457031,116.69436645507812,0
5,springhinge_arm,72.13687133789062,219.39601135253906,0
6,springhinge_boom,122.99089813232422,191.5201416015625,0
