,name, x, y, z
0,arm,61.20273971557617,204.25048828125,0
1,body,157.49996948242188,139.73062133789062,0
2,body_back,212.87892150878906,141.27081298828125,0
3,bucket,86.89736938476562,159.27255249023438,0
4,bucket_tip,93.08819580078125,126.6043701171875,0
5,springhinge_arm,45.328125,215.86050415039062,0
6,springhinge_boom,116.45579528808594,196.4967041015625,0
