,name, x, y, z
0,arm,85.66993713378906,201.69894409179688,0
1,body,162.70855712890625,130.79281616210938,0
2,body_back,217.53941345214844,130.32691955566406,0
3,bucket,96.04801940917969,146.6474151611328,0
4,bucket_tip,116.6057357788086,116.70625305175781,0
5,springhinge_arm,72.25238800048828,219.4093017578125,0
6,springhinge_boom,123.02629089355469,191.5250701904297,0
