,name, x, y, z
0,arm,85.95381164550781,201.7237548828125,0
1,body,162.6474609375,130.802978515625,0
2,body_back,217.3013458251953,130.40684509277344,0
3,bucket,96.37661743164062,146.66671752929688,0
4,bucket_tip,117.56815338134766,116.7350082397461,0
5,springhinge_arm,72.4423828125,219.4414520263672,0
6,springhinge_boom,123.10993957519531,191.5372772216797,0
