,name, x, y, z
0,arm,86.0704574584961,201.73861694335938,0
1,body,162.61839294433594,130.8091278076172,0
2,body_back,217.17762756347656,130.4488067626953,0
3,bucket,96.50855255126953,146.67819213867188,0
4,bucket_tip,118.01278686523438,116.75203704833984,0
5,springhinge_arm,72.51863861083984,219.46044921875,0
6,springhinge_boom,123.15794372558594,191.5446014404297,0
