,name, x, y, z
0,arm,86.17182159423828,201.7552490234375,0
1,body,162.59019470214844,130.81602478027344,0
2,body_back,217.05078125,130.4919891357422,0
3,bucket,96.62097930908203,146.69100952148438,0
4,bucket_tip,118.43415069580078,116.77098083496094,0
5,springhinge_arm,72.58363342285156,219.48159790039062,0
6,springhinge_boom,123.20989990234375,191.55282592773438,0
