,name, x, y, z
0,arm,86.25908660888672,201.77377319335938,0
1,body,162.5627899169922,130.82374572753906,0
2,body_back,216.92079162597656,130.5363006591797,0
3,bucket,96.7154312133789,146.70523071289062,0
4,bucket_tip,118.83306884765625,116.79194641113281,0
5,springhinge_arm,72.63823699951172,219.5049591064453,0
6,springhinge_boom,123.2656478881836,191.56199645996094,0
