,name, x, y, z
0,arm,86.33345794677734,201.7942352294922,0
1,body,162.53614807128906,130.83229064941406,0
2,body_back,216.7877655029297,130.5816192626953,0
3,bucket,96.79352569580078,146.7209014892578,0
4,bucket_tip,119.2104263305664,116.81498718261719,0
5,springhinge_arm,72.68340301513672,219.53062438964844,0
6,springhinge_boom,123.32511901855469,191.57211303710938,0
