,name, x, y, z
0,arm,86.39605712890625,201.81680297851562,0
1,body,162.51019287109375,130.841796875,0
2,body_back,216.6516571044922,130.62794494628906,0
3,bucket,96.8567886352539,146.73817443847656,0
4,bucket_tip,119.56700897216797,116.84031677246094,0
5,springhinge_arm,72.71998596191406,219.55885314941406,0
6,springhinge_boom,123.38812255859375,191.58335876464844,0
