,name, x, y, z
0,arm,86.44805908203125,201.84149169921875,0
1,body,162.4848175048828,130.85220336914062,0
2,body_back,216.51248168945312,130.67507934570312,0
3,bucket,96.90680694580078,146.75701904296875,0
4,bucket_tip,119.9036865234375,116.867919921875,0
5,springhinge_arm,72.7488784790039,219.58956909179688,0
6,springhinge_boom,123.4545669555664,191.5956268310547,0
