,name, x, y, z
0,arm,86.49066925048828,201.8684844970703,0
1,body,162.45997619628906,130.8636016845703,0
2,body_back,216.37025451660156,130.7229766845703,0
3,bucket,96.94509887695312,146.77755737304688,0
4,bucket_tip,120.22129821777344,116.89794921875,0
5,springhinge_arm,72.77102661132812,219.62298583984375,0
6,springhinge_boom,123.52430725097656,191.6090545654297,0
