,name, x, y, z
0,arm,61.2151985168457,204.31504821777344,0
1,body,157.51577758789062,139.67959594726562,0
2,body_back,212.91152954101562,141.2800750732422,0
3,bucket,86.9904556274414,159.2687530517578,0
4,bucket_tip,92.79049682617188,126.58355712890625,0
5,springhinge_arm,45.34819412231445,215.9471435546875,0
6,springhinge_boom,116.46170806884766,196.58592224121094,0
