,name, x, y, z
0,arm,86.52507781982422,201.89784240722656,0
1,body,162.4355926513672,130.87606811523438,0
2,body_back,216.22499084472656,130.77159118652344,0
3,bucket,96.97325134277344,146.79989624023438,0
4,bucket_tip,120.52066802978516,116.93053436279297,0
5,springhinge_arm,72.78730010986328,219.6592254638672,0
6,springhinge_boom,123.59720611572266,191.6237335205078,0
