,name, x, y, z
0,arm,86.55243682861328,201.9296875,0
1,body,162.41160583496094,130.88958740234375,0
2,body_back,216.07667541503906,130.8207550048828,0
3,bucket,96.99281311035156,146.8240509033203,0
4,bucket_tip,120.80265808105469,116.96571350097656,0
5,springhinge_arm,72.79861450195312,219.69834899902344,0
6,springhinge_boom,123.67314147949219,191.63958740234375,0
