,name, x, y, z
0,arm,86.57389068603516,201.96408081054688,0
1,body,162.387939453125,130.9042205810547,0
2,body_back,215.92538452148438,130.8704071044922,0
3,bucket,97.00537109375,146.85011291503906,0
4,bucket_tip,121.06808471679688,117.00362396240234,0
5,springhinge_arm,72.80587005615234,219.740478515625,0
6,springhinge_boom,123.75199890136719,191.6567840576172,0
