,name, x, y, z
0,arm,86.59068298339844,202.0011444091797,0
1,body,162.36451721191406,130.92001342773438,0
2,body_back,215.77108764648438,130.92044067382812,0
3,bucket,97.012451171875,146.87814331054688,0
4,bucket_tip,121.31780242919922,117.04434204101562,0
5,springhinge_arm,72.8099594116211,219.78573608398438,0
6,springhinge_boom,123.83362579345703,191.67529296875,0
