,name, x, y, z
0,arm,86.60395050048828,202.04095458984375,0
1,body,162.3412628173828,130.93702697753906,0
2,body_back,215.61378479003906,130.97080993652344,0
3,bucket,97.0156478881836,146.90823364257812,0
4,bucket_tip,121.55264282226562,117.08799743652344,0
5,springhinge_arm,72.81180572509766,219.83424377441406,0
6,springhinge_boom,123.91790771484375,191.69520568847656,0
