,name, x, y, z
0,arm,86.61487579345703,202.08367919921875,0
1,body,162.318115234375,130.95530700683594,0
2,body_back,215.4535369873047,131.0214080810547,0
3,bucket,97.01648712158203,146.94049072265625,0
4,bucket_tip,121.7734603881836,117.13471221923828,0
5,springhinge_arm,72.81230163574219,219.88613891601562,0
6,springhinge_boom,124.00472259521484,191.71658325195312,0
