,name, x, y, z
0,arm,86.62462615966797,202.12933349609375,0
1,body,162.2949981689453,130.97488403320312,0
2,body_back,215.29029846191406,131.07211303710938,0
3,bucket,97.01655578613281,146.9748992919922,0
4,bucket_tip,121.98107147216797,117.18453979492188,0
5,springhinge_arm,72.81234741210938,219.9414520263672,0
6,springhinge_boom,124.09391021728516,191.73947143554688,0
