,name, x, y, z
0,arm,86.64533233642578,202.22996520996094,0
1,body,162.2486114501953,131.01808166503906,0
2,body_back,214.95501708984375,131.1735382080078,0
3,bucket,97.02059173583984,147.05062866210938,0
4,bucket_tip,122.3600845336914,117.29399108886719,0
5,springhinge_arm,72.8146743774414,220.06295776367188,0
6,springhinge_boom,124.2789535522461,191.78990173339844,0
