,name, x, y, z
0,arm,86.65865325927734,202.2850799560547,0
1,body,162.22518920898438,131.04180908203125,0
2,body_back,214.78297424316406,131.22409057617188,0
3,bucket,97.02766418457031,147.09207153320312,0
4,bucket_tip,122.53314208984375,117.35381317138672,0
5,springhinge_arm,72.81877136230469,220.1293487548828,0
6,springhinge_boom,124.37454986572266,191.81756591796875,0
