,name, x, y, z
0,arm,61.22968673706055,204.3881378173828,0
1,body,157.531982421875,139.6287384033203,0
2,body_back,212.94654846191406,141.28689575195312,0
3,bucket,87.08026123046875,159.26869201660156,0
4,bucket_tip,92.48612976074219,126.56450653076172,0
5,springhinge_arm,45.37111282348633,216.0446319580078,0
6,springhinge_boom,116.46826934814453,196.6767120361328,0
