,name, x, y, z
0,arm,86.67549896240234,202.34361267089844,0
1,body,162.20150756835938,131.0670166015625,0
2,body_back,214.60804748535156,131.27438354492188,0
3,bucket,97.04022979736328,147.13601684570312,0
4,bucket_tip,122.6963882446289,117.41718292236328,0
5,springhinge_arm,72.82601928710938,220.19964599609375,0
6,springhinge_boom,124.47201538085938,191.846923828125,0
