,name, x, y, z
0,arm,86.69708251953125,202.40557861328125,0
1,body,162.17752075195312,131.09371948242188,0
2,body_back,214.43020629882812,131.3243408203125,0
3,bucket,97.0597915649414,147.1824951171875,0
4,bucket_tip,122.85062408447266,117.48417663574219,0
5,springhinge_arm,72.83733367919922,220.2739715576172,0
6,springhinge_boom,124.57122802734375,191.87802124023438,0
