,name, x, y, z
0,arm,86.72453308105469,202.4711151123047,0
1,body,162.15313720703125,131.12200927734375,0
2,body_back,214.24948120117188,131.37388610839844,0
3,bucket,97.08793640136719,147.2316131591797,0
4,bucket_tip,122.99671936035156,117.55492401123047,0
5,springhinge_arm,72.85360717773438,220.3524169921875,0
6,springhinge_boom,124.67204284667969,191.9109344482422,0
