,name, x, y, z
0,arm,86.80181121826172,202.61328125,0
1,body,162.10292053222656,131.18344116210938,0
2,body_back,213.87940979003906,131.4713897705078,0
3,bucket,97.17622375488281,147.3380584716797,0
4,bucket_tip,123.26775360107422,117.70803833007812,0
5,springhinge_arm,72.9046401977539,220.52223205566406,0
6,springhinge_boom,124.87800598144531,191.9823760986328,0
