,name, x, y, z
0,arm,86.85399627685547,202.6901092529297,0
1,body,162.07696533203125,131.21669006347656,0
2,body_back,213.6901397705078,131.51913452148438,0
3,bucket,97.239501953125,147.39553833007812,0
4,bucket_tip,123.39442443847656,117.7906265258789,0
5,springhinge_arm,72.94123840332031,220.61376953125,0
6,springhinge_boom,124.98291778564453,192.02101135253906,0
