,name, x, y, z
0,arm,86.9913330078125,202.85574340820312,0
1,body,162.02293395996094,131.28842163085938,0
2,body_back,213.3030242919922,131.61216735839844,0
3,bucket,97.41207122802734,147.519287109375,0
4,bucket_tip,123.63418579101562,117.96829986572266,0
5,springhinge_arm,73.04100036621094,220.81072998046875,0
6,springhinge_boom,125.19585418701172,192.1042938232422,0
