,name, x, y, z
0,arm,87.07884216308594,202.9447479248047,0
1,body,161.9947509765625,131.3270263671875,0
2,body_back,213.1052703857422,131.65728759765625,0
3,bucket,97.52447509765625,147.58572387695312,0
4,bucket_tip,123.74895477294922,118.06363677978516,0
5,springhinge_arm,73.10598754882812,220.91635131835938,0
6,springhinge_boom,125.30364227294922,192.1490936279297,0
