,name, x, y, z
0,arm,87.18046569824219,203.03799438476562,0
1,body,161.96566772460938,131.36749267578125,0
2,body_back,212.9047088623047,131.7013702392578,0
3,bucket,97.65641021728516,147.6553192138672,0
4,bucket_tip,123.86145782470703,118.16340637207031,0
5,springhinge_arm,73.1822509765625,221.0269317626953,0
6,springhinge_boom,125.41213989257812,192.19602966308594,0
