,name, x, y, z
0,arm,87.4307861328125,203.2376708984375,0
1,body,161.90455627441406,131.45420837402344,0
2,body_back,212.49526977539062,131.7859344482422,0
3,bucket,97.98502349853516,147.8041534423828,0
4,bucket_tip,124.08296966552734,118.3766860961914,0
5,springhinge_arm,73.37225341796875,221.26319885253906,0
6,springhinge_boom,125.63074493408203,192.29653930664062,0
