,name, x, y, z
0,arm,87.58181762695312,203.3443145751953,0
1,body,161.8723907470703,131.5005645751953,0
2,body_back,212.286376953125,131.8262939453125,0
3,bucket,98.18482208251953,147.88360595703125,0
4,bucket_tip,124.19366455078125,118.49043273925781,0
5,springhinge_arm,73.48775482177734,221.38922119140625,0
6,springhinge_boom,125.74057006835938,192.3502655029297,0
