,name, x, y, z
0,arm,87.75170135498047,203.45556640625,0
1,body,161.83908081054688,131.54896545410156,0
2,body_back,212.07479858398438,131.86520385742188,0
3,bucket,98.41038513183594,147.96646118164062,0
4,bucket_tip,124.30546569824219,118.60902404785156,0
5,springhinge_arm,73.61815643310547,221.5205535888672,0
6,springhinge_boom,125.85062408447266,192.4063262939453,0
