,name, x, y, z
0,arm,87.94160461425781,203.57162475585938,0
1,body,161.80453491210938,131.59945678710938,0
2,body_back,211.86045837402344,131.90260314941406,0
3,bucket,98.66324615478516,148.0528106689453,0
4,bucket_tip,124.4191665649414,118.73255920410156,0
5,springhinge_arm,73.76436614990234,221.65737915039062,0
6,springhinge_boom,125.96072387695312,192.46478271484375,0
