,name, x, y, z
0,arm,88.15266418457031,203.6925048828125,0
1,body,161.76866149902344,131.65206909179688,0
2,body_back,211.64340209960938,131.9384002685547,0
3,bucket,98.94497680664062,148.14273071289062,0
4,bucket_tip,124.53562927246094,118.86116027832031,0
5,springhinge_arm,73.92724609375,221.79977416992188,0
6,springhinge_boom,126.07074737548828,192.52566528320312,0
