,name, x, y, z
0,arm,88.3860855102539,203.81832885742188,0
1,body,161.73141479492188,131.7069091796875,0
2,body_back,211.42364501953125,131.9725341796875,0
3,bucket,99.25714111328125,148.23631286621094,0
4,bucket_tip,124.65568542480469,118.99493408203125,0
5,springhinge_arm,74.10770416259766,221.9479217529297,0
6,springhinge_boom,126.18058013916016,192.589111328125,0
