,name, x, y, z
0,arm,88.6430435180664,203.94923400878906,0
1,body,161.69271850585938,131.76394653320312,0
2,body_back,211.20120239257812,132.00485229492188,0
3,bucket,99.6012954711914,148.33360290527344,0
4,bucket_tip,124.78018188476562,119.13396453857422,0
5,springhinge_arm,74.30670166015625,222.10186767578125,0
6,springhinge_boom,126.29007720947266,192.6551055908203,0
