,name, x, y, z
0,arm,88.92469787597656,204.08529663085938,0
1,body,161.65249633789062,131.82325744628906,0
2,body_back,210.97605895996094,132.03529357910156,0
3,bucket,99.97898864746094,148.43467712402344,0
4,bucket_tip,124.90995025634766,119.27835845947266,0
5,springhinge_arm,74.52505493164062,222.26173400878906,0
6,springhinge_boom,126.39911651611328,192.72369384765625,0
