,name, x, y, z
0,arm,89.23222351074219,204.22659301757812,0
1,body,161.6106719970703,131.88487243652344,0
2,body_back,210.74822998046875,132.0637664794922,0
3,bucket,100.39179229736328,148.53961181640625,0
4,bucket_tip,125.04582977294922,119.42822265625,0
5,springhinge_arm,74.76368713378906,222.42762756347656,0
6,springhinge_boom,126.50756072998047,192.79495239257812,0
