,name, x, y, z
0,arm,61.26502227783203,204.56256103515625,0
1,body,157.56491088867188,139.5274658203125,0
2,body_back,213.0233917236328,141.29208374023438,0
3,bucket,87.24821472167969,159.28111267089844,0
4,bucket_tip,91.85828399658203,126.53202056884766,0
5,springhinge_arm,45.425907135009766,216.2754669189453,0
6,springhinge_boom,116.48324584960938,196.86244201660156,0
