,name, x, y, z
0,arm,89.56681060791016,204.37322998046875,0
1,body,161.5672149658203,131.9488525390625,0
2,body_back,210.51779174804688,132.09019470214844,0
3,bucket,100.84126281738281,148.6484832763672,0
4,bucket_tip,125.18868255615234,119.5836410522461,0
5,springhinge_arm,75.02355194091797,222.5996856689453,0
6,springhinge_boom,126.61530303955078,192.86891174316406,0
