,name, x, y, z
0,arm,89.9296646118164,204.5253143310547,0
1,body,161.52200317382812,132.01524353027344,0
2,body_back,210.28468322753906,132.1144561767578,0
3,bucket,101.32899475097656,148.76136779785156,0
4,bucket_tip,125.33932495117188,119.74473571777344,0
5,springhinge_arm,75.30552673339844,222.7779998779297,0
6,springhinge_boom,126.72218322753906,192.94561767578125,0
