,name, x, y, z
0,arm,90.32191467285156,204.68299865722656,0
1,body,161.47500610351562,132.08407592773438,0
2,body_back,210.04896545410156,132.13648986816406,0
3,bucket,101.85650634765625,148.87832641601562,0
4,bucket_tip,125.49861145019531,119.91160583496094,0
5,springhinge_arm,75.61050415039062,222.9626922607422,0
6,springhinge_boom,126.828125,193.025146484375,0
