,name, x, y, z
0,arm,90.7447738647461,204.84629821777344,0
1,body,161.42611694335938,132.15541076660156,0
2,body_back,209.81060791015625,132.1561737060547,0
3,bucket,102.42536163330078,148.9994354248047,0
4,bucket_tip,125.66736602783203,120.08433532714844,0
5,springhinge_arm,75.93936920166016,223.1538543701172,0
6,springhinge_boom,126.93291473388672,193.1075439453125,0
