,name, x, y, z
0,arm,91.19938659667969,205.01531982421875,0
1,body,161.37530517578125,132.22926330566406,0
2,body_back,209.56967163085938,132.17344665527344,0
3,bucket,103.0371322631836,149.12477111816406,0
4,bucket_tip,125.846435546875,120.26305389404297,0
5,springhinge_arm,76.2930679321289,223.35162353515625,0
6,springhinge_boom,127.03649139404297,193.19284057617188,0
