,name, x, y, z
0,arm,91.68692779541016,205.19021606445312,0
1,body,161.32247924804688,132.30569458007812,0
2,body_back,209.32615661621094,132.18820190429688,0
3,bucket,103.69338989257812,149.25439453125,0
4,bucket_tip,126.03668212890625,120.44783782958984,0
5,springhinge_arm,76.67247772216797,223.5561065673828,0
6,springhinge_boom,127.13872528076172,193.28109741210938,0
