,name, x, y, z
0,arm,92.2085952758789,205.37107849121094,0
1,body,161.2675323486328,132.384765625,0
2,body_back,209.0800323486328,132.20034790039062,0
3,bucket,104.39566040039062,149.38839721679688,0
4,bucket_tip,126.23888397216797,120.6387939453125,0
5,springhinge_arm,77.07849884033203,223.76742553710938,0
6,springhinge_boom,127.23941802978516,193.37237548828125,0
