,name, x, y, z
0,arm,92.76557159423828,205.55796813964844,0
1,body,161.21047973632812,132.4664764404297,0
2,body_back,208.8313446044922,132.2097930908203,0
3,bucket,105.14553833007812,149.5268096923828,0
4,bucket_tip,126.4539566040039,120.83601379394531,0
5,springhinge_arm,77.51201629638672,223.98562622070312,0
6,springhinge_boom,127.33853149414062,193.46669006347656,0
