,name, x, y, z
0,arm,93.35899353027344,205.7509765625,0
1,body,161.1511688232422,132.55091857910156,0
2,body_back,208.58010864257812,132.21644592285156,0
3,bucket,105.9445571899414,149.6697540283203,0
4,bucket_tip,126.68267822265625,121.03962707519531,0
5,springhinge_arm,77.97396087646484,224.21092224121094,0
6,springhinge_boom,127.43586730957031,193.5641326904297,0
