,name, x, y, z
0,arm,93.99006652832031,205.95028686523438,0
1,body,160.9248504638672,132.6398468017578,0
2,body_back,208.16229248046875,132.221923828125,0
3,bucket,106.79598999023438,149.88858032226562,0
4,bucket_tip,126.76250457763672,121.2711181640625,0
5,springhinge_arm,78.40660095214844,224.4927215576172,0
6,springhinge_boom,127.36874389648438,193.78306579589844,0
