,name, x, y, z
0,arm,61.286041259765625,204.66525268554688,0
1,body,157.5813446044922,139.4770050048828,0
2,body_back,213.06500244140625,141.2900390625,0
3,bucket,87.32548522949219,159.29434204101562,0
4,bucket_tip,91.5352554321289,126.51883697509766,0
5,springhinge_arm,45.458011627197266,216.4105682373047,0
6,springhinge_boom,116.49166107177734,196.95716857910156,0
