,name, x, y, z
0,arm,94.85841369628906,206.43038940429688,0
1,body,159.6282196044922,132.84521484375,0
2,body_back,206.48480224609375,132.24252319335938,0
3,bucket,108.3280029296875,150.60980224609375,0
4,bucket_tip,126.14991760253906,121.83564758300781,0
5,springhinge_arm,79.00458526611328,225.3035430908203,0
6,springhinge_boom,126.4294204711914,194.74789428710938,0
