,name, x, y, z
0,arm,95.00525665283203,206.71951293945312,0
1,body,158.65870666503906,132.9676513671875,0
2,body_back,205.32525634765625,132.2632293701172,0
3,bucket,108.78562927246094,151.00697326660156,0
4,bucket_tip,125.56687927246094,122.1379165649414,0
5,springhinge_arm,79.16712188720703,225.78549194335938,0
6,springhinge_boom,125.67474365234375,195.36558532714844,0
