,name, x, y, z
0,arm,94.99323272705078,207.0348358154297,0
1,body,157.5422821044922,133.10726928710938,0
2,body_back,204.0186309814453,132.2946014404297,0
3,bucket,108.8890380859375,151.35830688476562,0
4,bucket_tip,124.87226867675781,122.4329833984375,0
5,springhinge_arm,79.23684692382812,226.287109375,0
6,springhinge_boom,124.80845642089844,195.98789978027344,0
