,name, x, y, z
0,arm,94.59114837646484,207.72445678710938,0
1,body,155.0703582763672,133.45004272460938,0
2,body_back,201.16439819335938,132.40042114257812,0
3,bucket,107.58724975585938,151.71307373046875,0
4,bucket_tip,123.3670883178711,122.93992614746094,0
5,springhinge_arm,79.09221649169922,227.25543212890625,0
6,springhinge_boom,122.97604370117188,196.9900665283203,0
