,name, x, y, z
0,arm,94.25017547607422,208.08895874023438,0
1,body,153.92657470703125,133.6572265625,0
2,body_back,199.7170867919922,132.48159790039062,0
3,bucket,106.32332611083984,151.63726806640625,0
4,bucket_tip,122.65927124023438,123.1248779296875,0
5,springhinge_arm,78.88103485107422,227.67982482910156,0
6,springhinge_boom,122.12064361572266,197.29737854003906,0
