,name, x, y, z
0,arm,93.85000610351562,208.45826721191406,0
1,body,153.01268005371094,133.88201904296875,0
2,body_back,198.3240203857422,132.58116149902344,0
3,bucket,105.09404754638672,151.4276885986328,0
4,bucket_tip,122.0190200805664,123.2642822265625,0
5,springhinge_arm,78.6074447631836,228.0583953857422,0
6,springhinge_boom,121.34782409667969,197.5172119140625,0
