,name, x, y, z
0,arm,93.42194366455078,208.81863403320312,0
1,body,152.30899047851562,134.1157684326172,0
2,body_back,197.03622436523438,132.69346618652344,0
3,bucket,103.94734954833984,151.13731384277344,0
4,bucket_tip,121.46137237548828,123.3659896850586,0
5,springhinge_arm,78.30599212646484,228.39627075195312,0
6,springhinge_boom,120.67539978027344,197.66497802734375,0
