,name, x, y, z
0,arm,92.99854278564453,209.1544647216797,0
1,body,151.79586791992188,134.3499298095703,0
2,body_back,195.90487670898438,132.8128204345703,0
3,bucket,102.93123626708984,150.8191680908203,0
4,bucket_tip,121.00141906738281,123.4378433227539,0
5,springhinge_arm,78.01129913330078,228.69845581054688,0
6,springhinge_boom,120.12129211425781,197.75595092773438,0
