,name, x, y, z
0,arm,61.309364318847656,204.7791748046875,0
1,body,157.59756469726562,139.42657470703125,0
2,body_back,213.1085205078125,141.2845001220703,0
3,bucket,87.3976821899414,159.3126983642578,0
4,bucket_tip,91.2064437866211,126.50780487060547,0
5,springhinge_arm,45.493412017822266,216.55982971191406,0
6,springhinge_boom,116.50066375732422,197.05287170410156,0
