,name, x, y, z
0,arm,92.61246490478516,209.4502410888672,0
1,body,151.4536590576172,134.5758819580078,0
2,body_back,194.9810028076172,132.93356323242188,0
3,bucket,102.09361267089844,150.5262908935547,0
4,bucket_tip,120.65421295166016,123.48772430419922,0
5,springhinge_arm,77.7579574584961,228.9700469970703,0
6,springhinge_boom,119.7033462524414,197.8054656982422,0
