,name, x, y, z
0,arm,92.29631805419922,209.6903839111328,0
1,body,151.2627716064453,134.78509521484375,0
2,body_back,194.31578063964844,133.05001831054688,0
3,bucket,101.48253631591797,150.3116912841797,0
4,bucket_tip,120.43486022949219,123.52349090576172,0
5,springhinge_arm,77.58061218261719,229.21615600585938,0
6,springhinge_boom,119.43949890136719,197.82888793945312,0
