,name, x, y, z
0,arm,92.0042953491211,209.94155883789062,0
1,body,151.16497802734375,135.1260986328125,0
2,body_back,193.77853393554688,133.24966430664062,0
3,bucket,100.94548797607422,150.25331115722656,0
4,bucket_tip,120.28046417236328,123.58383178710938,0
5,springhinge_arm,77.49573516845703,229.65248107910156,0
6,springhinge_boom,119.34222412109375,197.85719299316406,0
