,name, x, y, z
0,arm,91.98479461669922,209.97142028808594,0
1,body,151.0557403564453,135.26229858398438,0
2,body_back,193.60128784179688,133.33070373535156,0
3,bucket,100.712646484375,150.3250274658203,0
4,bucket_tip,120.05570220947266,123.61809539794922,0
5,springhinge_arm,77.44446563720703,229.8508758544922,0
6,springhinge_boom,119.32678985595703,197.8793182373047,0
