,name, x, y, z
0,arm,91.84315490722656,210.01107788085938,0
1,body,150.66270446777344,135.4783172607422,0
2,body_back,193.2635955810547,133.46041870117188,0
3,bucket,100.15888214111328,150.59014892578125,0
4,bucket_tip,119.22001647949219,123.69410705566406,0
5,springhinge_arm,77.26009368896484,230.2129364013672,0
6,springhinge_boom,119.26918029785156,197.9403076171875,0
