,name, x, y, z
0,arm,91.59648895263672,210.03025817871094,0
1,body,150.0999298095703,135.63037109375,0
2,body_back,192.9539031982422,133.55368041992188,0
3,bucket,99.50312042236328,150.98658752441406,0
4,bucket_tip,117.95993041992188,123.77554321289062,0
5,springhinge_arm,76.9960708618164,230.5324249267578,0
6,springhinge_boom,119.18186950683594,198.0194549560547,0
