,name, x, y, z
0,arm,91.4457015991211,210.03448486328125,0
1,body,149.7784423828125,135.6865997314453,0
2,body_back,192.81166076660156,133.58917236328125,0
3,bucket,99.14277648925781,151.22239685058594,0
4,bucket_tip,117.20468139648438,123.81659698486328,0
5,springhinge_arm,76.84524536132812,230.6776123046875,0
6,springhinge_boom,119.12931060791016,198.0642852783203,0
