,name, x, y, z
0,arm,61.33510971069336,204.90492248535156,0
1,body,157.61341857910156,139.37615966796875,0
2,body_back,213.15390014648438,141.27528381347656,0
3,bucket,87.46435546875,159.33656311035156,0
4,bucket_tip,90.8720703125,126.49908447265625,0
5,springhinge_arm,45.532196044921875,216.72421264648438,0
6,springhinge_boom,116.5102767944336,197.14955139160156,0
