,name, x, y, z
0,arm,91.28297424316406,210.036376953125,0
1,body,149.44281005859375,135.73187255859375,0
2,body_back,192.678955078125,133.6185760498047,0
3,bucket,98.76387786865234,151.47711181640625,0
4,bucket_tip,116.3840560913086,123.85697174072266,0
5,springhinge_arm,76.68780517578125,230.81387329101562,0
6,springhinge_boom,119.0719985961914,198.1117706298828,0
