,name, x, y, z
0,arm,91.11307525634766,210.03689575195312,0
1,body,149.10244750976562,135.7678680419922,0
2,body_back,192.556640625,133.64292907714844,0
3,bucket,98.36872863769531,151.74603271484375,0
4,bucket_tip,115.5116195678711,123.89598083496094,0
5,springhinge_arm,76.52812194824219,230.94171142578125,0
6,springhinge_boom,119.01082611083984,198.1613006591797,0
