,name, x, y, z
0,arm,90.94080352783203,210.0369415283203,0
1,body,148.76683044433594,135.79624938964844,0
2,body_back,192.445556640625,133.6632080078125,0
3,bucket,97.95964813232422,152.0245361328125,0
4,bucket_tip,114.60096740722656,123.93294525146484,0
5,springhinge_arm,76.37066650390625,231.06173706054688,0
6,springhinge_boom,118.9466781616211,198.21226501464844,0
