,name, x, y, z
0,arm,90.60819244384766,210.03933715820312,0
1,body,148.14743041992188,135.8368377685547,0
2,body_back,192.2604217529297,133.69561767578125,0
3,bucket,97.10894012451172,152.59169006347656,0
4,bucket_tip,112.71929168701172,123.9980239868164,0
5,springhinge_arm,76.08008575439453,231.28057861328125,0
6,springhinge_boom,118.81306457519531,198.31597900390625,0
