,name, x, y, z
0,arm,90.32331848144531,210.0510711669922,0
1,body,147.6601104736328,135.86709594726562,0
2,body_back,192.13034057617188,133.72390747070312,0
3,bucket,96.23027801513672,153.14137268066406,0
4,bucket_tip,110.84761810302734,124.0467758178711,0
5,springhinge_arm,75.8514633178711,231.4748992919922,0
6,springhinge_boom,118.67825317382812,198.41793823242188,0
