,name, x, y, z
0,arm,90.21072387695312,210.062744140625,0
1,body,147.48953247070312,135.88255310058594,0
2,body_back,192.08804321289062,133.73902893066406,0
3,bucket,95.78624725341797,153.3980255126953,0
4,bucket_tip,109.949462890625,124.06333923339844,0
5,springhinge_arm,75.77144622802734,231.56427001953125,0
6,springhinge_boom,118.61263275146484,198.4666748046875,0
