,name, x, y, z
0,arm,90.12438201904297,210.0795440673828,0
1,body,147.38026428222656,135.90042114257812,0
2,body_back,192.0620574951172,133.7561492919922,0
3,bucket,95.34217071533203,153.63636779785156,0
4,bucket_tip,109.09452819824219,124.07376861572266,0
5,springhinge_arm,75.7201919555664,231.649169921875,0
6,springhinge_boom,118.54939270019531,198.51309204101562,0
