,name, x, y, z
0,arm,90.06908416748047,210.1024169921875,0
1,body,147.3417510986328,135.92242431640625,0
2,body_back,192.05320739746094,133.77627563476562,0
3,bucket,94.90036010742188,153.85174560546875,0
4,bucket_tip,108.29639434814453,124.077392578125,0
5,springhinge_arm,75.70211029052734,231.73019409179688,0
6,springhinge_boom,118.48941040039062,198.55661010742188,0
