,name, x, y, z
0,arm,64.31963348388672,199.76138305664062,0
1,body,160.36166381835938,145.1297607421875,0
2,body_back,218.4849853515625,145.08914184570312,0
3,bucket,86.82515716552734,157.6772918701172,0
4,bucket_tip,97.57028198242188,127.84977722167969,0
5,springhinge_arm,49.74074935913086,209.63589477539062,0
6,springhinge_boom,117.49593353271484,195.43218994140625,0
