,name, x, y, z
0,arm,90.0495834350586,210.1322479248047,0
1,body,147.39654541015625,135.94967651367188,0
2,body_back,192.09169006347656,133.80003356933594,0
3,bucket,94.47846221923828,154.04090881347656,0
4,bucket_tip,107.5807876586914,124.0716552734375,0
5,springhinge_arm,75.81694793701172,231.80789184570312,0
6,springhinge_boom,118.44972229003906,198.5966033935547,0
