,name, x, y, z
0,arm,90.08562469482422,210.18055725097656,0
1,body,147.5509033203125,135.98171997070312,0
2,body_back,192.20262145996094,133.82701110839844,0
3,bucket,94.08914184570312,154.20668029785156,0
4,bucket_tip,106.9557113647461,124.05577087402344,0
5,springhinge_arm,76.13728332519531,231.88323974609375,0
6,springhinge_boom,118.44560241699219,198.63308715820312,0
