,name, x, y, z
0,arm,90.18810272216797,210.25637817382812,0
1,body,147.78988647460938,136.01768493652344,0
2,body_back,192.37916564941406,133.85659790039062,0
3,bucket,93.7273941040039,154.35348510742188,0
4,bucket_tip,106.40825653076172,124.03173828125,0
5,springhinge_arm,76.62700653076172,231.95736694335938,0
6,springhinge_boom,118.47537994384766,198.66636657714844,0
