,name, x, y, z
0,arm,90.34872436523438,210.35702514648438,0
1,body,148.09849548339844,136.05679321289062,0
2,body_back,192.6145477294922,133.8882293701172,0
3,bucket,93.38812255859375,154.48577880859375,0
4,bucket_tip,105.92549133300781,124.00155639648438,0
5,springhinge_arm,77.24993133544922,232.03150939941406,0
6,springhinge_boom,118.53733825683594,198.69671630859375,0
