,name, x, y, z
0,arm,90.55912017822266,210.47970581054688,0
1,body,148.4617156982422,136.09823608398438,0
2,body_back,192.90187072753906,133.9213104248047,0
3,bucket,93.0661849975586,154.60800170898438,0
4,bucket_tip,105.4944076538086,123.96719360351562,0
5,springhinge_arm,77.96983337402344,232.1068115234375,0
6,springhinge_boom,118.62975311279297,198.7244415283203,0
