,name, x, y, z
0,arm,90.81086730957031,210.62179565429688,0
1,body,148.8646240234375,136.1412353515625,0
2,body_back,193.23440551757812,133.95526123046875,0
3,bucket,92.75657653808594,154.72462463378906,0
4,bucket_tip,105.1021499633789,123.93070220947266,0
5,springhinge_arm,78.75060272216797,232.1844940185547,0
6,springhinge_boom,118.7509765625,198.74986267089844,0
