,name, x, y, z
0,arm,91.09569549560547,210.78050231933594,0
1,body,149.29217529296875,136.18492126464844,0
2,body_back,193.6052703857422,133.98947143554688,0
3,bucket,92.45415496826172,154.84002685546875,0
4,bucket_tip,104.73571014404297,123.8940200805664,0
5,springhinge_arm,79.55603790283203,232.26565551757812,0
6,springhinge_boom,118.89924621582031,198.77317810058594,0
