,name, x, y, z
0,arm,91.40513610839844,210.9531707763672,0
1,body,149.72940063476562,136.22854614257812,0
2,body_back,194.00765991210938,134.0234375,0
3,bucket,92.15383911132812,154.95870971679688,0
4,bucket_tip,104.38214111328125,123.85919189453125,0
5,springhinge_arm,80.3499526977539,232.3515625,0
6,springhinge_boom,119.07286834716797,198.79476928710938,0
