,name, x, y, z
0,arm,91.73091888427734,211.13705444335938,0
1,body,150.16134643554688,136.27125549316406,0
2,body_back,194.43478393554688,134.0564727783203,0
3,bucket,91.85060119628906,155.0850830078125,0
4,bucket_tip,104.028564453125,123.82817840576172,0
5,springhinge_arm,81.0962142944336,232.44332885742188,0
6,springhinge_boom,119.27020263671875,198.81488037109375,0
