,name, x, y, z
0,arm,92.06465148925781,211.3294677734375,0
1,body,150.572998046875,136.312255859375,0
2,body_back,194.8798065185547,134.08802795410156,0
3,bucket,91.53929138183594,155.2235870361328,0
4,bucket_tip,103.66194915771484,123.80299377441406,0
5,springhinge_arm,81.75859069824219,232.54220581054688,0
6,springhinge_boom,119.4894790649414,198.83380126953125,0
