,name, x, y, z
0,arm,61.394134521484375,205.19483947753906,0
1,body,157.64349365234375,139.2752227783203,0
2,body_back,213.2496337890625,141.2446746826172,0
3,bucket,87.57937622070312,159.40219116210938,0
4,bucket_tip,90.18751525878906,126.48886108398438,0
5,springhinge_arm,45.62038040161133,217.1015625,0
6,springhinge_boom,116.53116607666016,197.34507751464844,0
