,name, x, y, z
0,arm,92.39793395996094,211.52767944335938,0
1,body,150.9493865966797,136.35073852539062,0
2,body_back,195.33590698242188,134.11753845214844,0
3,bucket,91.21488189697266,155.37869262695312,0
4,bucket_tip,103.2694320678711,123.78561401367188,0
5,springhinge_arm,82.30097198486328,232.6492919921875,0
6,springhinge_boom,119.7290267944336,198.85182189941406,0
