,name, x, y, z
0,arm,92.72245788574219,211.72898864746094,0
1,body,151.27552795410156,136.38589477539062,0
2,body_back,195.79624938964844,134.14439392089844,0
3,bucket,90.87225341796875,155.55479431152344,0
4,bucket_tip,102.8380126953125,123.7780532836914,0
5,springhinge_arm,82.68714141845703,232.76577758789062,0
6,springhinge_boom,119.98714447021484,198.86924743652344,0
