,name, x, y, z
0,arm,93.02983856201172,211.93067932128906,0
1,body,151.5753936767578,136.41709899902344,0
2,body_back,196.2551727294922,134.16818237304688,0
3,bucket,90.50749206542969,155.75537109375,0
4,bucket_tip,102.3575439453125,123.7957534790039,0
5,springhinge_arm,82.97765350341797,232.89259338378906,0
6,springhinge_boom,120.2621078491211,198.88633728027344,0
