,name, x, y, z
0,arm,93.310791015625,212.1304473876953,0
1,body,151.8823699951172,136.44448852539062,0
2,body_back,196.7113494873047,134.189208984375,0
3,bucket,90.12136840820312,155.97996520996094,0
4,bucket_tip,101.8289566040039,123.85164642333984,0
5,springhinge_arm,83.25697326660156,233.02926635742188,0
6,springhinge_boom,120.5522232055664,198.9033966064453,0
