,name, x, y, z
0,arm,93.56218719482422,212.32809448242188,0
1,body,152.1954803466797,136.4683380126953,0
2,body_back,197.16464233398438,134.2078857421875,0
3,bucket,89.71574401855469,156.2271270751953,0
4,bucket_tip,101.25594329833984,123.94396209716797,0
5,springhinge_arm,83.52472686767578,233.17515563964844,0
6,springhinge_boom,120.85579681396484,198.92071533203125,0
