,name, x, y, z
0,arm,93.7847671508789,212.52365112304688,0
1,body,152.51380920410156,136.4889678955078,0
2,body_back,197.61492919921875,134.22470092773438,0
3,bucket,89.29257202148438,156.49537658691406,0
4,bucket_tip,100.6422348022461,124.07097625732422,0
5,springhinge_arm,83.78065490722656,233.3295440673828,0
6,springhinge_boom,121.171142578125,198.93856811523438,0
