,name, x, y, z
0,arm,93.9793472290039,212.71734619140625,0
1,body,152.83639526367188,136.5066680908203,0
2,body_back,198.0619354248047,134.2400665283203,0
3,bucket,88.85374450683594,156.78321838378906,0
4,bucket_tip,99.99149322509766,124.23091125488281,0
5,springhinge_arm,84.02436065673828,233.49172973632812,0
6,springhinge_boom,121.49652099609375,198.95726013183594,0
