,name, x, y, z
0,arm,94.14663696289062,212.90924072265625,0
1,body,153.16232299804688,136.521728515625,0
2,body_back,198.50559997558594,134.2544708251953,0
3,bucket,88.40113830566406,157.08926391601562,0
4,bucket_tip,99.30746459960938,124.42201232910156,0
5,springhinge_arm,84.25554656982422,233.66102600097656,0
6,springhinge_boom,121.83024597167969,198.97705078125,0
