,name, x, y, z
0,arm,94.28744506835938,213.09957885742188,0
1,body,153.4906463623047,136.53448486328125,0
2,body_back,198.9457244873047,134.26832580566406,0
3,bucket,87.93673706054688,157.41200256347656,0
4,bucket_tip,98.59385681152344,124.64253234863281,0
5,springhinge_arm,84.47392272949219,233.83673095703125,0
6,springhinge_boom,122.17064666748047,198.99830627441406,0
