,name, x, y, z
0,arm,61.42757797241211,205.3603515625,0
1,body,157.65736389160156,139.224609375,0
2,body_back,213.29977416992188,141.22280883789062,0
3,bucket,87.62682342529297,159.44468688964844,0
4,bucket_tip,89.8377914428711,126.48758697509766,0
5,springhinge_arm,45.67000961303711,217.31625366210938,0
6,springhinge_boom,116.54246520996094,197.44366455078125,0
