,name, x, y, z
0,arm,94.49274444580078,213.47601318359375,0
1,body,154.15061950683594,136.55422973632812,0
2,body_back,199.81463623046875,134.29624938964844,0
3,bucket,86.97998046875,158.10177612304688,0
4,bucket_tip,97.09261322021484,125.16476440429688,0
5,springhinge_arm,84.8707504272461,234.2044677734375,0
6,springhinge_boom,122.86456298828125,199.0460968017578,0
