,name, x, y, z
0,arm,94.5587387084961,213.6623992919922,0
1,body,154.4803924560547,136.5618438720703,0
2,body_back,200.2431182861328,134.31121826171875,0
3,bucket,86.49146270751953,158.46591186523438,0
4,bucket_tip,96.31240844726562,125.4629898071289,0
5,springhinge_arm,85.04855346679688,234.39517211914062,0
6,springhinge_boom,123.21466827392578,199.07330322265625,0
