,name, x, y, z
0,arm,94.60134887695312,213.84780883789062,0
1,body,154.80880737304688,136.5683135986328,0
2,body_back,200.66738891601562,134.32745361328125,0
3,bucket,85.99874114990234,158.84088134765625,0
4,bucket_tip,95.51744842529297,125.78358459472656,0
5,springhinge_arm,85.21221160888672,234.58946228027344,0
6,springhinge_boom,123.56462860107422,199.10302734375,0
