,name, x, y, z
0,arm,94.62134552001953,214.03231811523438,0
1,body,155.13487243652344,136.5740203857422,0
2,body_back,201.08729553222656,134.34542846679688,0
3,bucket,85.50372314453125,159.22531127929688,0
4,bucket_tip,94.71138000488281,126.12483978271484,0
5,springhinge_arm,85.36136627197266,234.7866668701172,0
6,springhinge_boom,123.9127197265625,199.13563537597656,0
