,name, x, y, z
0,arm,94.61949920654297,214.21612548828125,0
1,body,155.45770263671875,136.57919311523438,0
2,body_back,201.50270080566406,134.36557006835938,0
3,bucket,85.00830841064453,159.61767578125,0
4,bucket_tip,93.8979721069336,126.48495483398438,0
5,springhinge_arm,85.4957275390625,234.98605346679688,0
6,springhinge_boom,124.25727844238281,199.17135620117188,0
