,name, x, y, z
0,arm,94.59659576416016,214.39935302734375,0
1,body,155.77627563476562,136.58413696289062,0
2,body_back,201.91334533691406,134.3883056640625,0
3,bucket,84.514404296875,160.0165252685547,0
4,bucket_tip,93.08087158203125,126.86216735839844,0
5,springhinge_arm,85.61489868164062,235.1869354248047,0
6,springhinge_boom,124.5965347290039,199.21051025390625,0
