,name, x, y, z
0,arm,94.55337524414062,214.58216857910156,0
1,body,156.08970642089844,136.58921813964844,0
2,body_back,202.3191375732422,134.41415405273438,0
3,bucket,84.02391815185547,160.42044067382812,0
4,bucket_tip,92.26382446289062,127.25477600097656,0
5,springhinge_arm,85.71862030029297,235.38865661621094,0
6,springhinge_boom,124.92884063720703,199.25338745117188,0
