,name, x, y, z
0,arm,94.49063110351562,214.7646942138672,0
1,body,156.3970184326172,136.5946807861328,0
2,body_back,202.71990966796875,134.4434814453125,0
3,bucket,83.53874969482422,160.8279266357422,0
4,bucket_tip,91.4505386352539,127.66098022460938,0
5,springhinge_arm,85.80651092529297,235.5904541015625,0
6,springhinge_boom,125.2524642944336,199.30027770996094,0
