,name, x, y, z
0,arm,94.40913391113281,214.9470977783203,0
1,body,156.6973114013672,136.600830078125,0
2,body_back,203.11550903320312,134.47682189941406,0
3,bucket,83.06083679199219,161.237548828125,0
4,bucket_tip,90.64466857910156,128.07904052734375,0
5,springhinge_arm,85.87828063964844,235.7916717529297,0
6,springhinge_boom,125.56572723388672,199.3514404296875,0
