,name, x, y, z
0,arm,94.30965423583984,215.1295166015625,0
1,body,156.98960876464844,136.6079864501953,0
2,body_back,203.50570678710938,134.51455688476562,0
3,bucket,82.59207916259766,161.64779663085938,0
4,bucket_tip,89.84996032714844,128.50718688964844,0
5,springhinge_arm,85.93357849121094,235.9915771484375,0
6,springhinge_boom,125.8669204711914,199.4071807861328,0
