,name, x, y, z
0,arm,61.463783264160156,205.54043579101562,0
1,body,157.6702880859375,139.17385864257812,0
2,body_back,213.35121154785156,141.1962432861328,0
3,bucket,87.66691589355469,159.49412536621094,0
4,bucket_tip,89.48335266113281,126.48902130126953,0
5,springhinge_arm,45.72343826293945,217.54942321777344,0
6,springhinge_boom,116.55426025390625,197.5426483154297,0
