,name, x, y, z
0,arm,94.19300842285156,215.3121337890625,0
1,body,157.27296447753906,136.61642456054688,0
2,body_back,203.89041137695312,134.55714416503906,0
3,bucket,82.13432312011719,162.05726623535156,0
4,bucket_tip,89.07010650634766,128.94366455078125,0
5,springhinge_arm,85.97209167480469,236.18946838378906,0
6,springhinge_boom,126.15432739257812,199.4678192138672,0
