,name, x, y, z
0,arm,93.91111755371094,215.67837524414062,0
1,body,157.8091583251953,136.6384735107422,0
2,body_back,204.64259338378906,134.65879821777344,0
3,bucket,81.25969696044922,162.8679962158203,0
4,bucket_tip,87.56983184814453,129.8346405029297,0
5,springhinge_arm,85.99742126464844,236.57652282714844,0
6,springhinge_boom,126.68104553222656,199.6048126220703,0
