,name, x, y, z
0,arm,93.74747467041016,215.8623504638672,0
1,body,158.06005859375,136.65264892578125,0
2,body_back,205.0096893310547,134.71873474121094,0
3,bucket,80.84654235839844,163.2663116455078,0
4,bucket_tip,86.85676574707031,130.2855987548828,0
5,springhinge_arm,85.9835433959961,236.76426696777344,0
6,springhinge_boom,126.91690063476562,199.68177795410156,0
