,name, x, y, z
0,arm,93.37859344482422,216.23269653320312,0
1,body,158.5229034423828,136.6888427734375,0
2,body_back,205.7252197265625,134.85906982421875,0
3,bucket,80.07827758789062,164.04161071777344,0
4,bucket_tip,85.5234146118164,131.18971252441406,0
5,springhinge_arm,85.90120697021484,237.1246337890625,0
6,springhinge_boom,127.3252182006836,199.85406494140625,0
