,name, x, y, z
0,arm,93.1749038696289,216.41940307617188,0
1,body,158.73287963867188,136.71145629882812,0
2,body_back,206.0732879638672,134.9403533935547,0
3,bucket,79.72691345214844,164.41563415527344,0
4,bucket_tip,84.91051483154297,131.63934326171875,0
5,springhinge_arm,85.83203125,237.29586791992188,0
6,springhinge_boom,127.49423217773438,199.949951171875,0
