,name, x, y, z
0,arm,92.95944213867188,216.60728454589844,0
1,body,158.9273681640625,136.73751831054688,0
2,body_back,206.41468811035156,135.02969360351562,0
3,bucket,79.4000015258789,164.7786865234375,0
4,bucket_tip,84.3384017944336,132.08505249023438,0
5,springhinge_arm,85.74378204345703,237.46022033691406,0
6,springhinge_boom,127.6375732421875,200.05274963378906,0
