,name, x, y, z
0,arm,92.73297119140625,216.7965087890625,0
1,body,159.10536193847656,136.7672882080078,0
2,body_back,206.74923706054688,135.12747192382812,0
3,bucket,79.09934997558594,165.12925720214844,0
4,bucket_tip,83.81076049804688,132.5250244140625,0
5,springhinge_arm,85.63610076904297,237.6169891357422,0
6,springhinge_boom,127.75350189208984,200.16268920898438,0
