,name, x, y, z
0,arm,92.49620819091797,216.98724365234375,0
1,body,159.2659454345703,136.80105590820312,0
2,body_back,207.07676696777344,135.2342071533203,0
3,bucket,78.82693481445312,165.4658966064453,0
4,bucket_tip,83.33133697509766,132.95751953125,0
5,springhinge_arm,85.50865936279297,237.7654266357422,0
6,springhinge_boom,127.84033966064453,200.28012084960938,0
