,name, x, y, z
0,arm,61.50275802612305,205.73583984375,0
1,body,157.68211364746094,139.1229248046875,0
2,body_back,213.40394592285156,141.16465759277344,0
3,bucket,87.69924926757812,159.55081176757812,0
4,bucket_tip,89.12448120117188,126.49324035644531,0
5,springhinge_arm,45.78081512451172,217.80191040039062,0
6,springhinge_boom,116.56659698486328,197.641845703125,0
