,name, x, y, z
0,arm,92.25001525878906,217.17959594726562,0
1,body,159.408203125,136.8391571044922,0
2,body_back,207.3971710205078,135.3502960205078,0
3,bucket,78.5846939086914,165.7871551513672,0
4,bucket_tip,82.90383911132812,133.3808135986328,0
5,springhinge_arm,85.36116790771484,237.90492248535156,0
6,springhinge_boom,127.89640808105469,200.40528869628906,0
