,name, x, y, z
0,arm,91.99510955810547,217.3737335205078,0
1,body,159.53115844726562,136.88189697265625,0
2,body_back,207.71018981933594,135.47621154785156,0
3,bucket,78.37445068359375,166.091552734375,0
4,bucket_tip,82.53193664550781,133.7930908203125,0
5,springhinge_arm,85.1932373046875,238.03468322753906,0
6,springhinge_boom,127.91996765136719,200.5385284423828,0
