,name, x, y, z
0,arm,91.73226165771484,217.56980895996094,0
1,body,159.63385009765625,136.92955017089844,0
2,body_back,208.01568603515625,135.61239624023438,0
3,bucket,78.19815063476562,166.37765502929688,0
4,bucket_tip,82.21931457519531,134.1926727294922,0
5,springhinge_arm,85.00456237792969,238.15406799316406,0
6,springhinge_boom,127.90931701660156,200.68006896972656,0
