,name, x, y, z
0,arm,91.46226501464844,217.76797485351562,0
1,body,159.71536254882812,136.98243713378906,0
2,body_back,208.3135223388672,135.7593231201172,0
3,bucket,78.05772399902344,166.64401245117188,0
4,bucket_tip,81.9697265625,134.57774353027344,0
5,springhinge_arm,84.79483032226562,238.26235961914062,0
6,springhinge_boom,127.86276245117188,200.83021545410156,0
