,name, x, y, z
0,arm,91.18587493896484,217.96836853027344,0
1,body,159.77474975585938,137.0408477783203,0
2,body_back,208.60354614257812,135.9174041748047,0
3,bucket,77.95503997802734,166.8890838623047,0
4,bucket_tip,81.786865234375,134.94656372070312,0
5,springhinge_arm,84.56371307373047,238.3588409423828,0
6,springhinge_boom,127.77861785888672,200.98927307128906,0
