,name, x, y, z
0,arm,90.90391540527344,218.17112731933594,0
1,body,159.8110809326172,137.10511779785156,0
2,body_back,208.88555908203125,136.08712768554688,0
3,bucket,77.89204406738281,167.11154174804688,0
4,bucket_tip,81.6744613647461,135.29739379882812,0
5,springhinge_arm,84.31087493896484,238.44285583496094,0
6,springhinge_boom,127.6551742553711,201.15756225585938,0
