,name, x, y, z
0,arm,90.6170883178711,218.37640380859375,0
1,body,159.82339477539062,137.1754913330078,0
2,body_back,209.15939331054688,136.26890563964844,0
3,bucket,77.8706283569336,167.309814453125,0
4,bucket_tip,81.63614654541016,135.62843322753906,0
5,springhinge_arm,84.03595733642578,238.51364135742188,0
6,springhinge_boom,127.49071502685547,201.33529663085938,0
