,name, x, y, z
0,arm,90.32620239257812,218.58438110351562,0
1,body,159.89334106445312,137.30760192871094,0
2,body_back,209.51170349121094,136.4671630859375,0
3,bucket,77.87418365478516,167.48275756835938,0
4,bucket_tip,81.64474487304688,135.93739318847656,0
5,springhinge_arm,83.7533187866211,238.5708465576172,0
6,springhinge_boom,127.30126953125,201.5467987060547,0
