,name, x, y, z
0,arm,89.7864761352539,218.99867248535156,0
1,body,160.3477020263672,137.81982421875,0
2,body_back,210.58901977539062,136.89602661132812,0
3,bucket,77.91262817382812,167.7537384033203,0
4,bucket_tip,81.73737335205078,136.47177124023438,0
5,springhinge_arm,83.17285919189453,238.6489715576172,0
6,springhinge_boom,126.9150390625,202.07723999023438,0
