,name, x, y, z
0,arm,61.54461669921875,205.94715881347656,0
1,body,157.69271850585938,139.07179260253906,0
2,body_back,213.45773315429688,141.1278839111328,0
3,bucket,87.7233657836914,159.61517333984375,0
4,bucket_tip,88.76136779785156,126.50039672851562,0
5,springhinge_arm,45.84224319458008,218.0746307373047,0
6,springhinge_boom,116.5794448852539,197.74118041992188,0
