,name, x, y, z
0,arm,89.53495025634766,219.19174194335938,0
1,body,160.66204833984375,138.13104248046875,0
2,body_back,211.2321319580078,137.1070098876953,0
3,bucket,77.95417022705078,167.85311889648438,0
4,bucket_tip,81.83731842041016,136.68800354003906,0
5,springhinge_arm,82.85133361816406,238.67298889160156,0
6,springhinge_boom,126.72891998291016,202.3522186279297,0
