,name, x, y, z
0,arm,89.28152465820312,219.36581420898438,0
1,body,160.98779296875,138.4330596923828,0
2,body_back,211.8903045654297,137.30262756347656,0
3,bucket,78.01509857177734,167.92926025390625,0
4,bucket_tip,81.983642578125,136.86416625976562,0
5,springhinge_arm,82.49314880371094,238.6890106201172,0
6,springhinge_boom,126.55458068847656,202.6043701171875,0
