,name, x, y, z
0,arm,89.01567840576172,219.5137481689453,0
1,body,161.28982543945312,138.6914520263672,0
2,body_back,212.5225372314453,137.47303771972656,0
3,bucket,78.09870910644531,167.9828643798828,0
4,bucket_tip,82.18428802490234,136.9956817626953,0
5,springhinge_arm,82.0864486694336,238.69857788085938,0
6,springhinge_boom,126.39739990234375,202.81170654296875,0
