,name, x, y, z
0,arm,88.40436553955078,219.70233154296875,0
1,body,161.68276977539062,138.93948364257812,0
2,body_back,213.54556274414062,137.6991729736328,0
3,bucket,78.3473892211914,168.0249481201172,0
4,bucket_tip,82.78036499023438,137.10638427734375,0
5,springhinge_arm,81.08006286621094,238.704345703125,0
6,springhinge_boom,126.1557846069336,203.0039520263672,0
