,name, x, y, z
0,arm,88.03775024414062,219.7285919189453,0
1,body,161.7707977294922,138.93948364257812,0
2,body_back,213.90631103515625,137.75845336914062,0
3,bucket,78.52307891845703,167.9300994873047,0
4,bucket_tip,83.19454193115234,136.9720001220703,0
5,springhinge_arm,80.46511840820312,238.66619873046875,0
6,springhinge_boom,126.08506774902344,202.93508911132812,0
