,name, x, y, z
0,arm,87.62413024902344,219.6957550048828,0
1,body,161.85374450683594,138.9394989013672,0
2,body_back,214.2125244140625,137.8070068359375,0
3,bucket,78.73815155029297,167.66107177734375,0
4,bucket_tip,83.6915512084961,136.6016387939453,0
5,springhinge_arm,79.78449249267578,238.5562286376953,0
6,springhinge_boom,126.05056762695312,202.7436981201172,0
