,name, x, y, z
0,arm,87.17109680175781,219.59974670410156,0
1,body,161.9328155517578,138.93946838378906,0
2,body_back,214.47036743164062,137.84584045410156,0
3,bucket,78.98910522460938,167.2412109375,0
4,bucket_tip,84.2657470703125,136.04444885253906,0
5,springhinge_arm,79.04640197753906,238.3812713623047,0
6,springhinge_boom,126.04512786865234,202.4526824951172,0
