,name, x, y, z
0,arm,86.6837387084961,219.44442749023438,0
1,body,162.0092315673828,138.939453125,0
2,body_back,214.68601989746094,137.8760986328125,0
3,bucket,79.27228546142578,166.69387817382812,0
4,bucket_tip,84.91150665283203,135.34970092773438,0
5,springhinge_arm,78.25898742675781,238.14817810058594,0
6,springhinge_boom,126.06158447265625,202.08493041992188,0
