,name, x, y, z
0,arm,86.1670913696289,219.23377990722656,0
1,body,162.08432006835938,138.93939208984375,0
2,body_back,214.86572265625,137.89877319335938,0
3,bucket,79.58428955078125,166.0424041748047,0
4,bucket_tip,85.62333679199219,134.5664520263672,0
5,springhinge_arm,77.43052673339844,237.8636932373047,0
6,springhinge_boom,126.09284210205078,201.663330078125,0
