,name, x, y, z
0,arm,61.58944320678711,206.17514038085938,0
1,body,157.70187377929688,139.02040100097656,0
2,body_back,213.5124969482422,141.0856170654297,0
3,bucket,87.7387924194336,159.68751525878906,0
4,bucket_tip,88.39424133300781,126.51055908203125,0
5,springhinge_arm,45.90782165527344,218.36837768554688,0
6,springhinge_boom,116.59278106689453,197.8404998779297,0
