,name, x, y, z
0,arm,85.6263427734375,218.97154235839844,0
1,body,162.1592254638672,138.93934631347656,0
2,body_back,215.01560974121094,137.91502380371094,0
3,bucket,79.92147827148438,165.31015014648438,0
4,bucket_tip,86.39556884765625,133.7440185546875,0
5,springhinge_arm,76.56915283203125,237.5347900390625,0
6,springhinge_boom,126.13169860839844,201.2107391357422,0
