,name, x, y, z
0,arm,85.06653594970703,218.6616973876953,0
1,body,162.23529052734375,138.9392547607422,0
2,body_back,215.14193725585938,137.9258575439453,0
3,bucket,80.28041076660156,164.52044677734375,0
4,bucket_tip,87.22266387939453,132.93150329589844,0
5,springhinge_arm,75.6831283569336,237.16818237304688,0
6,springhinge_boom,126.17106628417969,200.7500762939453,0
