,name, x, y, z
0,arm,83.91023254394531,217.91453552246094,0
1,body,162.3956756591797,138.93894958496094,0
2,body_back,215.34844970703125,137.93557739257812,0
3,bucket,81.04914855957031,162.86204528808594,0
4,bucket_tip,89.0189437866211,131.5330047607422,0
5,springhinge_arm,73.86979675292969,236.3491973876953,0
6,springhinge_boom,126.22260284423828,199.89602661132812,0
