,name, x, y, z
0,arm,83.32393646240234,217.4849853515625,0
1,body,162.48251342773438,138.93875122070312,0
2,body_back,215.44105529785156,137.93663024902344,0
3,bucket,81.4519271850586,162.04005432128906,0
4,bucket_tip,89.9769515991211,131.04542541503906,0
5,springhinge_arm,72.95890808105469,235.91049194335938,0
6,springhinge_boom,126.22049713134766,199.5484161376953,0
