,name, x, y, z
0,arm,82.16048431396484,216.53335571289062,0
1,body,162.58534240722656,138.94049072265625,0
2,body_back,215.58529663085938,137.92398071289062,0
3,bucket,82.27613830566406,160.5233917236328,0
4,bucket_tip,91.98018646240234,130.6233367919922,0
5,springhinge_arm,71.17316436767578,235.00820922851562,0
6,springhinge_boom,126.06541442871094,199.09510803222656,0
