,name, x, y, z
0,arm,81.06267547607422,215.5039825439453,0
1,body,162.2327423095703,138.9731903076172,0
2,body_back,215.48374938964844,137.8450164794922,0
3,bucket,83.09059143066406,159.24154663085938,0
4,bucket_tip,93.95214080810547,130.44393920898438,0
5,springhinge_arm,69.5700454711914,234.10482788085938,0
6,springhinge_boom,125.45427703857422,198.8507843017578,0
