,name, x, y, z
0,arm,80.58013916015625,214.9997100830078,0
1,body,161.9680938720703,139.0140380859375,0
2,body_back,215.38037109375,137.7920379638672,0
3,bucket,83.47848510742188,158.69114685058594,0
4,bucket_tip,94.84428405761719,130.3943634033203,0
5,springhinge_arm,68.90701293945312,233.66156005859375,0
6,springhinge_boom,125.04022216796875,198.78213500976562,0
