,name, x, y, z
0,arm,61.63732147216797,206.4204559326172,0
1,body,157.70948791503906,138.96871948242188,0
2,body_back,213.56817626953125,141.03765869140625,0
3,bucket,87.74510955810547,159.76828002929688,0
4,bucket_tip,88.0233383178711,126.52389526367188,0
5,springhinge_arm,45.97769546508789,218.68409729003906,0
6,springhinge_boom,116.60663604736328,197.93968200683594,0
