,name, x, y, z
0,arm,79.84600067138672,214.10606384277344,0
1,body,161.506591796875,139.17002868652344,0
2,body_back,215.19003295898438,137.69256591796875,0
3,bucket,84.18384552001953,157.77330017089844,0
4,bucket_tip,96.27326965332031,130.34715270996094,0
5,springhinge_arm,68.00045013427734,232.80902099609375,0
6,springhinge_boom,124.17565155029297,198.71844482421875,0
