,name, x, y, z
0,arm,79.63358306884766,213.7543182373047,0
1,body,161.40753173828125,139.29531860351562,0
2,body_back,215.15170288085938,137.6595001220703,0
3,bucket,84.48863983154297,157.40667724609375,0
4,bucket_tip,96.74300384521484,130.33816528320312,0
5,springhinge_arm,67.81392669677734,232.40658569335938,0
6,springhinge_boom,123.79729461669922,198.7099609375,0
