,name, x, y, z
0,arm,79.61627960205078,213.3349609375,0
1,body,161.76980590820312,139.66073608398438,0
2,body_back,215.2741241455078,137.70648193359375,0
3,bucket,84.98282623291016,156.8589630126953,0
4,bucket_tip,97.1494369506836,130.3222198486328,0
5,springhinge_arm,67.99335479736328,231.66815185546875,0
6,springhinge_boom,123.3201675415039,198.77098083496094,0
