,name, x, y, z
0,arm,79.7714614868164,213.25375366210938,0
1,body,162.32150268554688,139.8812255859375,0
2,body_back,215.3910369873047,137.86183166503906,0
3,bucket,85.1910400390625,156.67262268066406,0
4,bucket_tip,97.26982879638672,130.31114196777344,0
5,springhinge_arm,68.15235900878906,231.34814453125,0
6,springhinge_boom,123.24038696289062,198.9421844482422,0
