,name, x, y, z
0,arm,79.9428482055664,213.19898986816406,0
1,body,162.99708557128906,140.0955352783203,0
2,body_back,215.528564453125,138.0727081298828,0
3,bucket,85.38280487060547,156.53729248046875,0
4,bucket_tip,97.336669921875,130.2996063232422,0
5,springhinge_arm,68.32404327392578,231.0771026611328,0
6,springhinge_boom,123.24665069580078,199.1927490234375,0
