,name, x, y, z
0,arm,80.1296157836914,213.16529846191406,0
1,body,163.6771697998047,140.27883911132812,0
2,body_back,215.68089294433594,138.2993621826172,0
3,bucket,85.56320190429688,156.44728088378906,0
4,bucket_tip,97.32060241699219,130.2890625,0
5,springhinge_arm,68.51215362548828,230.86756896972656,0
6,springhinge_boom,123.32189178466797,199.49375915527344,0
