,name, x, y, z
0,arm,80.33080291748047,213.14736938476562,0
1,body,164.24229431152344,140.40646362304688,0
2,body_back,215.8422393798828,138.50209045410156,0
3,bucket,85.73721313476562,156.39694213867188,0
4,bucket_tip,97.19221496582031,130.28111267089844,0
5,springhinge_arm,68.7203598022461,230.73214721679688,0
6,springhinge_boom,123.44902038574219,199.81646728515625,0
