,name, x, y, z
0,arm,80.54558563232422,213.13998413085938,0
1,body,164.572998046875,140.45355224609375,0
2,body_back,216.00674438476562,138.64111328125,0
3,bucket,85.90987396240234,156.38047790527344,0
4,bucket_tip,96.92213439941406,130.2771759033203,0
5,springhinge_arm,68.9524154663086,230.68324279785156,0
6,springhinge_boom,123.6109848022461,200.1318359375,0
