,name, x, y, z
0,arm,61.688331604003906,206.68373107910156,0
1,body,157.71551513671875,138.9380645751953,0
2,body_back,213.6263427734375,140.98638916015625,0
3,bucket,87.73282623291016,159.85931396484375,0
4,bucket_tip,87.64930725097656,126.6208724975586,0
5,springhinge_arm,46.07582092285156,219.02529907226562,0
6,springhinge_boom,116.63573455810547,198.0383758544922,0
