,name, x, y, z
0,arm,81.0123519897461,213.17556762695312,0
1,body,164.81912231445312,140.408447265625,0
2,body_back,216.3315887451172,138.77288818359375,0
3,bucket,85.56243133544922,156.5623321533203,0
4,bucket_tip,95.74056243896484,130.3555145263672,0
5,springhinge_arm,69.66751098632812,231.10743713378906,0
6,springhinge_boom,123.96851348876953,200.66456604003906,0
