,name, x, y, z
0,arm,81.26275634765625,213.2791748046875,0
1,body,164.88706970214844,140.3623504638672,0
2,body_back,216.4934844970703,138.8054962158203,0
3,bucket,84.95355987548828,156.7686004638672,0
4,bucket_tip,94.84226989746094,130.44447326660156,0
5,springhinge_arm,70.17057800292969,231.55616760253906,0
6,springhinge_boom,124.15730285644531,200.87796020507812,0
