,name, x, y, z
0,arm,81.79393005371094,213.60838317871094,0
1,body,164.9820098876953,140.2505645751953,0
2,body_back,216.82325744628906,138.8339385986328,0
3,bucket,83.15210723876953,157.33489990234375,0
4,bucket_tip,92.60560607910156,130.68531799316406,0
5,springhinge_arm,71.39076232910156,232.6482391357422,0
6,springhinge_boom,124.56291198730469,201.20144653320312,0
