,name, x, y, z
0,arm,82.36075592041016,213.974853515625,0
1,body,165.11483764648438,140.14923095703125,0
2,body_back,217.17015075683594,138.8528289794922,0
3,bucket,80.95448303222656,158.00357055664062,0
4,bucket_tip,90.01559448242188,130.9611358642578,0
5,springhinge_arm,72.79405212402344,233.62835693359375,0
6,springhinge_boom,125.01655578613281,201.39053344726562,0
