,name, x, y, z
0,arm,82.65575408935547,214.12490844726562,0
1,body,165.23011779785156,140.11622619628906,0
2,body_back,217.35353088378906,138.87353515625,0
3,bucket,79.85037994384766,158.33778381347656,0
4,bucket_tip,88.67559814453125,131.0937957763672,0
5,springhinge_arm,73.5259017944336,233.93710327148438,0
6,springhinge_boom,125.265380859375,201.4359130859375,0
