,name, x, y, z
0,arm,82.95745086669922,214.22772216796875,0
1,body,165.396484375,140.10231018066406,0
2,body_back,217.5453643798828,138.90966796875,0
3,bucket,78.81914520263672,158.6514129638672,0
4,bucket_tip,87.35225677490234,131.2131805419922,0
5,springhinge_arm,74.25740814208984,234.0507354736328,0
6,springhinge_boom,125.53099822998047,201.4492645263672,0
