,name, x, y, z
0,arm,83.26519012451172,214.2644805908203,0
1,body,165.6443634033203,140.10293579101562,0
2,body_back,217.77032470703125,138.96560668945312,0
3,bucket,77.90599822998047,158.93238830566406,0
4,bucket_tip,86.07368469238281,131.31414794921875,0
5,springhinge_arm,74.9754638671875,234.01019287109375,0
6,springhinge_boom,125.81436157226562,201.4233856201172,0
