,name, x, y, z
0,arm,61.76252365112305,206.96713256835938,0
1,body,157.72036743164062,138.94583129882812,0
2,body_back,213.68856811523438,140.93397521972656,0
3,bucket,87.69550323486328,159.9604949951172,0
4,bucket_tip,87.27471160888672,126.86647033691406,0
5,springhinge_arm,46.22193145751953,219.390380859375,0
6,springhinge_boom,116.69375610351562,198.13572692871094,0
