,name, x, y, z
0,arm,83.5779800415039,214.21385192871094,0
1,body,165.98468017578125,140.11074829101562,0
2,body_back,218.04640197753906,139.03958129882812,0
3,bucket,77.10762786865234,159.1820526123047,0
4,bucket_tip,84.84016418457031,131.400390625,0
5,springhinge_arm,75.67594909667969,233.89996337890625,0
6,springhinge_boom,126.1136703491211,201.354736328125,0
