,name, x, y, z
0,arm,83.89411163330078,214.07679748535156,0
1,body,166.4019317626953,140.12716674804688,0
2,body_back,218.36505126953125,139.12840270996094,0
3,bucket,76.40855407714844,159.40524291992188,0
4,bucket_tip,83.6450424194336,131.4779052734375,0
5,springhinge_arm,76.35696411132812,233.72955322265625,0
6,springhinge_boom,126.42648315429688,201.24935913085938,0
