,name, x, y, z
0,arm,84.2115478515625,213.86764526367188,0
1,body,166.88070678710938,140.15338134765625,0
2,body_back,218.71768188476562,139.2287139892578,0
3,bucket,75.79341125488281,159.6065673828125,0
4,bucket_tip,82.48181915283203,131.55259704589844,0
5,springhinge_arm,77.01669311523438,233.5082550048828,0
6,springhinge_boom,126.75041198730469,201.11306762695312,0
