,name, x, y, z
0,arm,84.52833557128906,213.6007843017578,0
1,body,167.4054412841797,140.19073486328125,0
2,body_back,219.0956268310547,139.33726501464844,0
3,bucket,75.24669647216797,159.79080200195312,0
4,bucket_tip,81.34376525878906,131.63037109375,0
5,springhinge_arm,77.65322875976562,233.2454833984375,0
6,springhinge_boom,127.08295440673828,200.95169067382812,0
