,name, x, y, z
0,arm,84.84246826171875,213.29058837890625,0
1,body,167.96067810058594,140.24049377441406,0
2,body_back,219.49032592773438,139.4507598876953,0
3,bucket,74.75296020507812,159.96266174316406,0
4,bucket_tip,80.22433471679688,131.71717834472656,0
5,springhinge_arm,78.26470184326172,232.95059204101562,0
6,springhinge_boom,127.42169189453125,200.7711944580078,0
