,name, x, y, z
0,arm,85.15200805664062,212.951416015625,0
1,body,168.5309600830078,140.30397033691406,0
2,body_back,219.8931884765625,139.56594848632812,0
3,bucket,74.29682159423828,160.12686157226562,0
4,bucket_tip,79.1168441772461,131.8189697265625,0
5,springhinge_arm,78.84925079345703,232.63308715820312,0
6,springhinge_boom,127.7641830444336,200.5775146484375,0
