,name, x, y, z
0,arm,85.45490264892578,212.59771728515625,0
1,body,169.10079956054688,140.3824920654297,0
2,body_back,220.2956085205078,139.6795654296875,0
3,bucket,73.86280059814453,160.2881622314453,0
4,bucket_tip,78.01473236083984,131.941650390625,0
5,springhinge_arm,79.40499877929688,232.30230712890625,0
6,springhinge_boom,128.1079864501953,200.37646484375,0
