,name, x, y, z
0,arm,86.3041763305664,211.5930633544922,0
1,body,170.65283203125,140.7210693359375,0
2,body_back,221.41416931152344,139.97804260253906,0
3,bucket,72.53913879394531,160.80178833007812,0
4,bucket_tip,74.67436218261719,132.49444580078125,0
5,springhinge_arm,80.88079833984375,231.32432556152344,0
6,springhinge_boom,129.12289428710938,199.788330078125,0
