,name, x, y, z
0,arm,64.25849151611328,199.81410217285156,0
1,body,160.3097381591797,145.04808044433594,0
2,body_back,218.37586975097656,144.98619079589844,0
3,bucket,86.77063751220703,157.7124481201172,0
4,bucket_tip,97.57827758789062,127.84507751464844,0
5,springhinge_arm,49.630550384521484,209.72650146484375,0
6,springhinge_boom,117.47692108154297,195.42820739746094,0
