,name, x, y, z
0,arm,61.87645721435547,207.2683868408203,0
1,body,157.7245635986328,138.98617553710938,0
2,body_back,213.75442504882812,140.87954711914062,0
3,bucket,87.636962890625,160.0688934326172,0
4,bucket_tip,86.90245819091797,127.23719024658203,0
5,springhinge_arm,46.40947723388672,219.7721405029297,0
6,springhinge_boom,116.7787857055664,198.23060607910156,0
