,name, x, y, z
0,arm,86.56086730957031,211.3249053955078,0
1,body,171.06607055664062,140.87258911132812,0
2,body_back,221.72882080078125,140.05245971679688,0
3,bucket,72.03924560546875,160.99862670898438,0
4,bucket_tip,73.52751159667969,132.76002502441406,0
5,springhinge_arm,81.30267333984375,231.03445434570312,0
6,springhinge_boom,129.4475555419922,199.61691284179688,0
