,name, x, y, z
0,arm,86.801025390625,211.11410522460938,0
1,body,171.40150451660156,141.0456085205078,0
2,body_back,222.00001525878906,140.10894775390625,0
3,bucket,71.48429107666016,161.21620178222656,0
4,bucket_tip,72.35293579101562,133.07618713378906,0
5,springhinge_arm,81.68641662597656,230.7783203125,0
6,springhinge_boom,129.76133728027344,199.46763610839844,0
