,name, x, y, z
0,arm,87.22383117675781,210.9220733642578,0
1,body,171.765625,141.45545959472656,0
2,body_back,222.3828582763672,140.16099548339844,0
3,bucket,70.15541076660156,161.72482299804688,0
4,bucket_tip,69.89920043945312,133.87213134765625,0
5,springhinge_arm,82.33377075195312,230.3968505859375,0
6,springhinge_boom,130.3465576171875,199.2518310546875,0
