,name, x, y, z
0,arm,87.25941467285156,210.94041442871094,0
1,body,171.77342224121094,141.6648712158203,0
2,body_back,222.5083465576172,140.16648864746094,0
3,bucket,69.39849090576172,161.98548889160156,0
4,bucket_tip,68.63716125488281,134.2981414794922,0
5,springhinge_arm,82.60450744628906,230.2477569580078,0
6,springhinge_boom,130.61380004882812,199.15838623046875,0
