,name, x, y, z
0,arm,86.8314437866211,211.05136108398438,0
1,body,171.57943725585938,141.9654998779297,0
2,body_back,222.73361206054688,140.15525817871094,0
3,bucket,67.85408020019531,162.36207580566406,0
4,bucket_tip,66.15641784667969,134.9303436279297,0
5,springhinge_arm,83.08302307128906,229.88587951660156,0
6,springhinge_boom,131.08865356445312,198.8545684814453,0
