,name, x, y, z
0,arm,86.65373229980469,211.0994873046875,0
1,body,171.44422912597656,142.00460815429688,0
2,body_back,222.87796020507812,140.14451599121094,0
3,bucket,67.13147735595703,162.41307067871094,0
4,bucket_tip,64.9852066040039,135.0225067138672,0
5,springhinge_arm,83.30875396728516,229.61212158203125,0
6,springhinge_boom,131.29270935058594,198.58395385742188,0
