,name, x, y, z
0,arm,86.6907730102539,211.1131134033203,0
1,body,171.32298278808594,141.99285888671875,0
2,body_back,223.04798889160156,140.10833740234375,0
3,bucket,66.47840881347656,162.3169403076172,0
4,bucket_tip,63.8870735168457,134.97633361816406,0
5,springhinge_arm,83.53623962402344,229.24319458007812,0
6,springhinge_boom,131.48619079589844,198.2036590576172,0
