,name, x, y, z
0,arm,86.88893127441406,210.96218872070312,0
1,body,171.22413635253906,141.98037719726562,0
2,body_back,223.22633361816406,140.0288848876953,0
3,bucket,65.89313507080078,162.0730743408203,0
4,bucket_tip,62.86227798461914,134.86949157714844,0
5,springhinge_arm,83.76860809326172,228.78509521484375,0
6,springhinge_boom,131.68218994140625,197.73129272460938,0
