,name, x, y, z
0,arm,62.02484893798828,207.5817413330078,0
1,body,157.72866821289062,139.05313110351562,0
2,body_back,213.82347106933594,140.82225036621094,0
3,bucket,87.56114196777344,160.18165588378906,0
4,bucket_tip,86.53558349609375,127.70958709716797,0
5,springhinge_arm,46.63205337524414,220.16343688964844,0
6,springhinge_boom,116.8890151977539,198.3219757080078,0
