,name, x, y, z
0,arm,87.09888458251953,210.55841064453125,0
1,body,171.15121459960938,141.96823120117188,0
2,body_back,223.4136505126953,139.91665649414062,0
3,bucket,65.36717224121094,161.71517944335938,0
4,bucket_tip,61.906463623046875,134.71632385253906,0
5,springhinge_arm,84.00787353515625,228.25119018554688,0
6,springhinge_boom,131.88027954101562,197.194091796875,0
