,name, x, y, z
0,arm,87.31993103027344,209.94248962402344,0
1,body,171.107666015625,141.95758056640625,0
2,body_back,223.6105194091797,139.78228759765625,0
3,bucket,64.89187622070312,161.2771453857422,0
4,bucket_tip,61.015140533447266,134.5313262939453,0
5,springhinge_arm,84.2559814453125,227.65487670898438,0
6,springhinge_boom,132.07998657226562,196.61927795410156,0
