,name, x, y, z
0,arm,87.5513916015625,209.15505981445312,0
1,body,171.09707641601562,141.94949340820312,0
2,body_back,223.81761169433594,139.6362762451172,0
3,bucket,64.45883178710938,160.7926483154297,0
4,bucket_tip,60.18397903442383,134.32891845703125,0
5,springhinge_arm,84.51496124267578,227.0094451904297,0
6,springhinge_boom,132.28086853027344,196.03404235839844,0
