,name, x, y, z
0,arm,87.79265594482422,208.23683166503906,0
1,body,171.12335205078125,141.94383239746094,0
2,body_back,224.03598022460938,139.48797607421875,0
3,bucket,64.05988311767578,160.2942352294922,0
4,bucket_tip,59.40898132324219,134.12225341796875,0
5,springhinge_arm,84.78722381591797,226.32708740234375,0
6,springhinge_boom,132.48294067382812,195.46438598632812,0
