,name, x, y, z
0,arm,88.04346466064453,207.2272186279297,0
1,body,171.19244384765625,141.9398651123047,0
2,body_back,224.26869201660156,139.3461151123047,0
3,bucket,63.688941955566406,159.8138885498047,0
4,bucket_tip,58.688175201416016,133.92398071289062,0
5,springhinge_arm,85.0771713256836,225.61927795410156,0
6,springhinge_boom,132.68817138671875,194.9357147216797,0
