,name, x, y, z
0,arm,88.30562591552734,206.16502380371094,0
1,body,171.31077575683594,141.93785095214844,0
2,body_back,224.51930236816406,139.22036743164062,0
3,bucket,63.34041976928711,159.38446044921875,0
4,bucket_tip,58.02012634277344,133.7476348876953,0
5,springhinge_arm,85.38977813720703,224.8984832763672,0
6,springhinge_boom,132.89907836914062,194.4743194580078,0
