,name, x, y, z
0,arm,88.58140563964844,205.09010314941406,0
1,body,171.48480224609375,141.93801879882812,0
2,body_back,224.79136657714844,139.12046813964844,0
3,bucket,63.008689880371094,159.03890991210938,0
4,bucket_tip,57.40325927734375,133.60679626464844,0
5,springhinge_arm,85.72985076904297,224.17727661132812,0
6,springhinge_boom,133.1180877685547,194.1066436767578,0
