,name, x, y, z
0,arm,89.18273162841797,203.06109619140625,0
1,body,172.02552795410156,141.94580078125,0
2,body_back,225.4139862060547,139.03683471679688,0
3,bucket,62.37307357788086,158.73089599609375,0
4,bucket_tip,56.31736373901367,133.48574829101562,0
5,springhinge_arm,86.51219940185547,222.7833709716797,0
6,springhinge_boom,133.59033203125,193.75758361816406,0
