,name, x, y, z
0,arm,89.51280975341797,202.18661499023438,0
1,body,172.39102172851562,141.957763671875,0
2,body_back,225.7716064453125,139.063720703125,0
3,bucket,62.060646057128906,158.74501037597656,0
4,bucket_tip,55.84492492675781,133.52798461914062,0
5,springhinge_arm,86.96356964111328,222.13299560546875,0
6,springhinge_boom,133.83995056152344,193.74282836914062,0
