,name, x, y, z
0,arm,62.20249557495117,207.90147399902344,0
1,body,157.73316955566406,139.14080810546875,0
2,body_back,213.89544677734375,140.76126098632812,0
3,bucket,87.47200775146484,160.29592895507812,0
4,bucket_tip,86.17710876464844,128.2601318359375,0
5,springhinge_arm,46.8831901550293,220.55711364746094,0
6,springhinge_boom,117.02267456054688,198.40869140625,0
