,name, x, y, z
0,arm,90.19656372070312,200.84056091308594,0
1,body,173.271728515625,142.01255798339844,0
2,body_back,226.59634399414062,139.22305297851562,0
3,bucket,61.477210998535156,158.8251495361328,0
4,bucket_tip,55.02553939819336,133.79588317871094,0
5,springhinge_arm,87.99555206298828,220.92984008789062,0
6,springhinge_boom,134.3526153564453,193.73550415039062,0
