,name, x, y, z
0,arm,90.54564666748047,200.3441162109375,0
1,body,173.78887939453125,142.05447387695312,0
2,body_back,227.07012939453125,139.34471130371094,0
3,bucket,61.22700500488281,158.89573669433594,0
4,bucket_tip,54.67118453979492,134.0013885498047,0
5,springhinge_arm,88.57750701904297,220.37042236328125,0
6,springhinge_boom,134.6261444091797,193.73912048339844,0
