,name, x, y, z
0,arm,91.27814483642578,199.61814880371094,0
1,body,174.9815673828125,142.1650848388672,0
2,body_back,228.15724182128906,139.6451873779297,0
3,bucket,60.86175537109375,159.1093292236328,0
4,bucket_tip,54.054664611816406,134.5049591064453,0
5,springhinge_arm,89.87657928466797,219.31919860839844,0
6,springhinge_boom,135.23374938964844,193.75125122070312,0
