,name, x, y, z
0,arm,91.66947937011719,199.3541717529297,0
1,body,175.6590576171875,142.23284912109375,0
2,body_back,228.7772216796875,139.8131561279297,0
3,bucket,60.76750183105469,159.2568817138672,0
4,bucket_tip,53.78510665893555,134.78282165527344,0
5,springhinge_arm,90.59504699707031,218.8207244873047,0
6,springhinge_boom,135.5783233642578,193.7559356689453,0
