,name, x, y, z
0,arm,92.08283233642578,199.13327026367188,0
1,body,176.39190673828125,142.3083038330078,0
2,body_back,229.45254516601562,139.9857940673828,0
3,bucket,60.74606704711914,159.4346466064453,0
4,bucket_tip,53.53641891479492,135.06463623046875,0
5,springhinge_arm,91.36031341552734,218.3358917236328,0
6,springhinge_boom,135.95704650878906,193.7571258544922,0
