,name, x, y, z
0,arm,92.52217864990234,198.9381866455078,0
1,body,177.1811065673828,142.3910369873047,0
2,body_back,230.18658447265625,140.15773010253906,0
3,bucket,60.8078498840332,159.64488220214844,0
4,bucket_tip,53.304901123046875,135.34027099609375,0
5,springhinge_arm,92.17303466796875,217.8614044189453,0
6,springhinge_boom,136.37518310546875,193.75294494628906,0
