,name, x, y, z
0,arm,92.99149322509766,198.75167846679688,0
1,body,178.02760314941406,142.4805450439453,0
2,body_back,230.9826202392578,140.3235626220703,0
3,bucket,60.96322250366211,159.88990783691406,0
4,bucket_tip,53.086814880371094,135.5996551513672,0
5,springhinge_arm,93.03384399414062,217.3938751220703,0
6,springhinge_boom,136.83792114257812,193.74143981933594,0
