,name, x, y, z
0,arm,93.4947280883789,198.5565948486328,0
1,body,178.932373046875,142.5763702392578,0
2,body_back,231.8440704345703,140.47789001464844,0
3,bucket,61.222694396972656,160.1719512939453,0
4,bucket_tip,52.8785400390625,135.83265686035156,0
5,springhinge_arm,93.9434814453125,216.93002319335938,0
6,springhinge_boom,137.35057067871094,193.72068786621094,0
