,name, x, y, z
0,arm,62.40408706665039,208.2218475341797,0
1,body,157.7386016845703,139.2432098388672,0
2,body_back,213.9698486328125,140.6957244873047,0
3,bucket,87.37335968017578,160.40878295898438,0
4,bucket_tip,85.82991790771484,128.86529541015625,0
5,springhinge_arm,47.15629577636719,220.94601440429688,0
6,springhinge_boom,117.17780303955078,198.48977661132812,0
