,name, x, y, z
0,arm,94.0358657836914,198.33566284179688,0
1,body,179.8883056640625,142.67877197265625,0
2,body_back,232.7430419921875,140.6172637939453,0
3,bucket,61.590572357177734,160.4932403564453,0
4,bucket_tip,52.675445556640625,136.0327911376953,0
5,springhinge_arm,94.86779022216797,216.46873474121094,0
6,springhinge_boom,137.91497802734375,193.68247985839844,0
