,name, x, y, z
0,arm,94.61548614501953,198.07688903808594,0
1,body,180.874267578125,142.7873992919922,0
2,body_back,233.6412353515625,140.7426300048828,0
3,bucket,62.0472412109375,160.85232543945312,0
4,bucket_tip,52.469512939453125,136.2046356201172,0
5,springhinge_arm,95.7663345336914,216.0146484375,0
6,springhinge_boom,138.51962280273438,193.62269592285156,0
