,name, x, y, z
0,arm,95.22062683105469,197.78594970703125,0
1,body,181.8702392578125,142.90090942382812,0
2,body_back,234.5262908935547,140.85511779785156,0
3,bucket,62.5670051574707,161.24594116210938,0
4,bucket_tip,52.2518424987793,136.3546142578125,0
5,springhinge_arm,96.63021087646484,215.5729217529297,0
6,springhinge_boom,139.149658203125,193.54562377929688,0
