,name, x, y, z
0,arm,95.83489227294922,197.47201538085938,0
1,body,182.85614013671875,143.0178985595703,0
2,body_back,235.38580322265625,140.95587158203125,0
3,bucket,63.124244689941406,161.67083740234375,0
4,bucket_tip,52.013553619384766,136.48919677734375,0
5,springhinge_arm,97.45057678222656,215.14869689941406,0
6,springhinge_boom,139.7902374267578,193.45553588867188,0
