,name, x, y, z
0,arm,96.44194030761719,197.1443328857422,0
1,body,183.81199645996094,143.13711547851562,0
2,body_back,236.2074432373047,141.0460968017578,0
3,bucket,63.693267822265625,162.1238555908203,0
4,bucket_tip,51.74571228027344,136.6148681640625,0
5,springhinge_arm,98.21849822998047,214.74722290039062,0
6,springhinge_boom,140.4264678955078,193.35679626464844,0
