,name, x, y, z
0,arm,97.02539825439453,196.81211853027344,0
1,body,184.71774291992188,143.2571258544922,0
2,body_back,236.97877502441406,141.12692260742188,0
3,bucket,64.2484130859375,162.6016845703125,0
4,bucket_tip,51.439449310302734,136.738037109375,0
5,springhinge_arm,98.9251480102539,214.37359619140625,0
6,springhinge_boom,141.0435028076172,193.25360107421875,0
