,name, x, y, z
0,arm,97.56886291503906,196.48448181152344,0
1,body,185.55331420898438,143.37660217285156,0
2,body_back,237.68740844726562,141.1995086669922,0
3,bucket,64.76396942138672,163.10107421875,0
4,bucket_tip,51.08586120605469,136.86520385742188,0
5,springhinge_arm,99.56160736083984,214.0330047607422,0
6,springhinge_boom,141.62646484375,193.1502685546875,0
