,name, x, y, z
0,arm,98.05603790283203,196.17071533203125,0
1,body,186.29873657226562,143.49420166015625,0
2,body_back,238.32101440429688,141.26499938964844,0
3,bucket,65.21437072753906,163.6188507080078,0
4,bucket_tip,50.67607498168945,137.0028076171875,0
5,springhinge_arm,100.11904907226562,213.7306365966797,0
6,springhinge_boom,142.1605682373047,193.05104064941406,0
