,name, x, y, z
0,arm,98.47051239013672,195.87994384765625,0
1,body,186.9339141845703,143.60855102539062,0
2,body_back,238.86717224121094,141.32455444335938,0
3,bucket,65.57388305664062,164.15171813964844,0
4,bucket_tip,50.201133728027344,137.1572723388672,0
5,springhinge_arm,100.58853149414062,213.47161865234375,0
6,springhinge_boom,142.63082885742188,192.96026611328125,0
