,name, x, y, z
0,arm,62.6243896484375,208.53707885742188,0
1,body,157.74551391601562,139.35446166992188,0
2,body_back,214.0463409423828,140.62477111816406,0
3,bucket,87.26922607421875,160.51736450195312,0
4,bucket_tip,85.49710845947266,129.50144958496094,0
5,springhinge_arm,47.44499969482422,221.32296752929688,0
6,springhinge_boom,117.35265350341797,198.5640106201172,0
