,name, x, y, z
0,arm,99.01593017578125,195.4043731689453,0
1,body,187.79345703125,143.82217407226562,0
2,body_back,239.64767456054688,141.43057250976562,0
3,bucket,65.9175796508789,165.2499237060547,0
4,bucket_tip,49.02027130126953,137.5428009033203,0
5,springhinge_arm,101.22817993164062,213.10447692871094,0
6,springhinge_boom,143.32064819335938,192.82113647460938,0
