,name, x, y, z
0,arm,99.11414337158203,195.23789978027344,0
1,body,187.97775268554688,143.91873168945312,0
2,body_back,239.8572540283203,141.47930908203125,0
3,bucket,65.85044860839844,165.80880737304688,0
4,bucket_tip,48.2965202331543,137.7867431640625,0
5,springhinge_arm,101.38056182861328,213.00668334960938,0
6,springhinge_boom,143.51043701171875,192.78138732910156,0
