,name, x, y, z
0,arm,98.87969970703125,195.0937042236328,0
1,body,187.8682403564453,144.08494567871094,0
2,body_back,239.95794677734375,141.57383728027344,0
3,bucket,65.22369384765625,166.93017578125,0
4,bucket_tip,46.64760971069336,138.40768432617188,0
5,springhinge_arm,101.377197265625,213.00338745117188,0
6,springhinge_boom,143.5887451171875,192.79196166992188,0
