,name, x, y, z
0,arm,98.62603759765625,195.12747192382812,0
1,body,187.77349853515625,144.15419006347656,0
2,body_back,240.03871154785156,141.62054443359375,0
3,bucket,64.85673522949219,167.48878479003906,0
4,bucket_tip,45.92341613769531,138.7880401611328,0
5,springhinge_arm,101.35133361816406,213.0917510986328,0
6,springhinge_boom,143.6223907470703,192.8629913330078,0
