,name, x, y, z
0,arm,98.41624450683594,195.22586059570312,0
1,body,187.6870880126953,144.21530151367188,0
2,body_back,240.1668701171875,141.66668701171875,0
3,bucket,64.48766326904297,168.04490661621094,0
4,bucket_tip,45.28981018066406,139.21141052246094,0
5,springhinge_arm,101.33118438720703,213.23342895507812,0
6,springhinge_boom,143.67547607421875,192.97528076171875,0
