,name, x, y, z
0,arm,98.24556732177734,195.38436889648438,0
1,body,187.60861206054688,144.26922607421875,0
2,body_back,240.3372039794922,141.71200561523438,0
3,bucket,64.11527252197266,168.59783935546875,0
4,bucket_tip,44.737159729003906,139.6746826171875,0
5,springhinge_arm,101.31604766845703,213.4239501953125,0
6,springhinge_boom,143.74559020996094,193.123779296875,0
