,name, x, y, z
0,arm,98.00267791748047,195.86399841308594,0
1,body,187.47390747070312,144.3592071533203,0
2,body_back,240.78330993652344,141.79933166503906,0
3,bucket,63.3557014465332,169.69126892089844,0
4,bucket_tip,43.83610916137695,140.70860290527344,0
5,springhinge_arm,101.29793548583984,213.93325805664062,0
6,springhinge_boom,143.9271240234375,193.50949096679688,0
