,name, x, y, z
0,arm,97.92095947265625,196.17617797851562,0
1,body,187.41688537597656,144.3970947265625,0
2,body_back,241.048583984375,141.84091186523438,0
3,bucket,62.96614074707031,170.23033142089844,0
4,bucket_tip,43.46844482421875,141.27304077148438,0
5,springhinge_arm,101.29352569580078,214.24298095703125,0
6,springhinge_boom,144.03372192382812,193.73666381835938,0
