,name, x, y, z
0,arm,62.85810852050781,208.8414764404297,0
1,body,157.7544403076172,139.46861267089844,0
2,body_back,214.12448120117188,140.5475616455078,0
3,bucket,87.16346740722656,160.61874389648438,0
4,bucket_tip,85.1816177368164,130.1449737548828,0
5,springhinge_arm,47.74268341064453,221.68077087402344,0
6,springhinge_boom,117.54531860351562,198.63037109375,0
