,name, x, y, z
0,arm,97.85939025878906,196.5306854248047,0
1,body,187.36624145507812,144.43154907226562,0
2,body_back,241.33497619628906,141.8808135986328,0
3,bucket,62.56840515136719,170.7633819580078,0
4,bucket_tip,43.14314651489258,141.8650665283203,0
5,springhinge_arm,101.29126739501953,214.5834197998047,0
6,springhinge_boom,144.14759826660156,193.98004150390625,0
