,name, x, y, z
0,arm,97.813232421875,196.9230194091797,0
1,body,187.3215789794922,144.46343994140625,0
2,body_back,241.63723754882812,141.9187774658203,0
3,bucket,62.161338806152344,171.28964233398438,0
4,bucket_tip,42.85057067871094,142.48153686523438,0
5,springhinge_arm,101.29042053222656,214.949951171875,0
6,springhinge_boom,144.26632690429688,194.23463439941406,0
