,name, x, y, z
0,arm,97.77772521972656,197.3487548828125,0
1,body,187.28250122070312,144.49371337890625,0
2,body_back,241.95013427734375,141.95460510253906,0
3,bucket,61.74372100830078,171.8084716796875,0
4,bucket_tip,42.58106231689453,143.11935424804688,0
5,springhinge_arm,101.29029083251953,215.33807373046875,0
6,springhinge_boom,144.3874969482422,194.49542236328125,0
