,name, x, y, z
0,arm,97.7481460571289,197.80340576171875,0
1,body,187.24864196777344,144.5233154296875,0
2,body_back,242.2683868408203,141.9880828857422,0
3,bucket,61.31437301635742,172.319091796875,0
4,bucket_tip,42.32499694824219,143.7754364013672,0
5,springhinge_arm,101.29019165039062,215.74330139160156,0
6,springhinge_boom,144.5086669921875,194.7573699951172,0
