,name, x, y, z
0,arm,97.71975708007812,198.2825164794922,0
1,body,187.21958923339844,144.55316162109375,0
2,body_back,242.5867462158203,142.0189666748047,0
3,bucket,60.87202835083008,172.8208465576172,0
4,bucket_tip,42.07270812988281,144.4467315673828,0
5,springhinge_arm,101.28934478759766,216.1610107421875,0
6,springhinge_boom,144.6273956298828,195.01556396484375,0
