,name, x, y, z
0,arm,97.64751434326172,199.29635620117188,0
1,body,187.17433166503906,144.61729431152344,0
2,body_back,243.20277404785156,142.07211303710938,0
3,bucket,59.94364547729492,173.79483032226562,0
4,bucket_tip,41.540931701660156,145.82244873046875,0
5,springhinge_arm,101.28267669677734,217.015869140625,0
6,springhinge_boom,144.84783935546875,195.50042724609375,0
