,name, x, y, z
0,arm,97.59419250488281,199.8221435546875,0
1,body,187.15737915039062,144.65345764160156,0
2,body_back,243.4899139404297,142.09393310546875,0
3,bucket,59.45519256591797,174.265625,0
4,bucket_tip,41.242164611816406,146.5207061767578,0
5,springhinge_arm,101.2754135131836,217.44390869140625,0
6,springhinge_boom,144.9447021484375,195.7171173095703,0
