,name, x, y, z
0,arm,97.52303314208984,200.3545684814453,0
1,body,187.14366149902344,144.69361877441406,0
2,body_back,243.7561492919922,142.11227416992188,0
3,bucket,58.94895935058594,174.72470092773438,0
4,bucket_tip,40.9085807800293,147.22178649902344,0
5,springhinge_arm,101.26456451416016,217.86636352539062,0
6,springhinge_boom,145.02940368652344,195.9099578857422,0
