,name, x, y, z
0,arm,97.42936706542969,200.88919067382812,0
1,body,187.1328125,144.73866271972656,0
2,body_back,243.99618530273438,142.12693786621094,0
3,bucket,58.423736572265625,175.17132568359375,0
4,bucket_tip,40.53056335449219,147.92259216308594,0
5,springhinge_arm,101.24943542480469,218.2786407470703,0
6,springhinge_boom,145.09951782226562,196.073974609375,0
