,name, x, y, z
0,arm,63.0999870300293,209.12911987304688,0
1,body,157.76585388183594,139.57965087890625,0
2,body_back,214.20391845703125,140.4632568359375,0
3,bucket,87.06007385253906,160.71005249023438,0
4,bucket_tip,84.88650512695312,130.77215576171875,0
5,springhinge_arm,48.04288101196289,222.0121612548828,0
6,springhinge_boom,117.75399780273438,198.68777465820312,0
