,name, x, y, z
0,arm,97.30839538574219,201.4215087890625,0
1,body,187.1244354248047,144.78952026367188,0
2,body_back,244.20480346679688,142.13768005371094,0
3,bucket,57.8782958984375,175.60479736328125,0
4,bucket_tip,40.09846115112305,148.62001037597656,0
5,springhinge_arm,101.22928619384766,218.6762237548828,0
6,springhinge_boom,145.152587890625,196.20411682128906,0
