,name, x, y, z
0,arm,97.15538024902344,201.9470977783203,0
1,body,187.11813354492188,144.84715270996094,0
2,body_back,244.3767547607422,142.144287109375,0
3,bucket,57.311485290527344,176.02439880371094,0
4,bucket_tip,39.60261917114258,149.31097412109375,0
5,springhinge_arm,101.20343017578125,219.05458068847656,0
6,springhinge_boom,145.18621826171875,196.29542541503906,0
