,name, x, y, z
0,arm,96.73428344726562,202.96022033691406,0
1,body,187.11013793945312,144.9858856201172,0
2,body_back,244.59713745117188,142.13623046875,0
3,bucket,56.110145568847656,176.8187713623047,0
4,bucket_tip,38.3859748840332,150.6604461669922,0
5,springhinge_arm,101.12244415283203,219.73619079589844,0
6,springhinge_boom,145.19786071777344,196.36477661132812,0
