,name, x, y, z
0,arm,95.79319763183594,204.3224639892578,0
1,body,187.0995330810547,145.2337646484375,0
2,body_back,244.71334838867188,142.01058959960938,0
3,bucket,54.19984817504883,177.86532592773438,0
4,bucket_tip,36.13536071777344,152.51602172851562,0
5,springhinge_arm,100.82569122314453,220.5471954345703,0
6,springhinge_boom,145.19091796875,196.40997314453125,0
