,name, x, y, z
0,arm,95.41610717773438,204.72024536132812,0
1,body,187.09307861328125,145.31764221191406,0
2,body_back,244.7202911376953,141.94927978515625,0
3,bucket,53.561004638671875,178.16378784179688,0
4,bucket_tip,35.34566879272461,153.06072998046875,0
5,springhinge_arm,100.67835235595703,220.7607879638672,0
6,springhinge_boom,145.18418884277344,196.41928100585938,0
