,name, x, y, z
0,arm,95.01773834228516,205.08412170410156,0
1,body,187.08383178710938,145.3981170654297,0
2,body_back,244.72129821777344,141.8843231201172,0
3,bucket,52.932498931884766,178.43209838867188,0
4,bucket_tip,34.56792068481445,153.5564422607422,0
5,springhinge_arm,100.50774383544922,220.94595336914062,0
6,springhinge_boom,145.1741485595703,196.42630004882812,0
