,name, x, y, z
0,arm,94.60430145263672,205.41067504882812,0
1,body,187.0709228515625,145.47280883789062,0
2,body_back,244.7222900390625,141.8193817138672,0
3,bucket,52.321197509765625,178.66726684570312,0
4,bucket_tip,33.82103729248047,153.99583435058594,0
5,springhinge_arm,100.31439971923828,221.10269165039062,0
6,springhinge_boom,145.16014099121094,196.4313201904297,0
