,name, x, y, z
0,arm,63.34469223022461,209.3943328857422,0
1,body,157.78041076660156,139.68162536621094,0
2,body_back,214.28424072265625,140.37095642089844,0
3,bucket,86.96292877197266,160.78836059570312,0
4,bucket_tip,84.61471557617188,131.35926818847656,0
5,springhinge_arm,48.33896255493164,222.30995178222656,0
6,springhinge_boom,117.97676086425781,198.73507690429688,0
