,name, x, y, z
0,arm,94.18206787109375,205.69644165039062,0
1,body,187.05355834960938,145.53929138183594,0
2,body_back,244.729248046875,141.75807189941406,0
3,bucket,51.73387908935547,178.86634826660156,0
4,bucket_tip,33.12405014038086,154.37167358398438,0
5,springhinge_arm,100.09884643554688,221.23098754882812,0
6,springhinge_boom,145.1414794921875,196.4346923828125,0
