,name, x, y, z
0,arm,93.33617401123047,206.13182067871094,0
1,body,187.0020751953125,145.63809204101562,0
2,body_back,244.78485107421875,141.66094970703125,0
3,bucket,50.65861511230469,179.14434814453125,0
4,bucket_tip,31.95564842224121,154.9034881591797,0
5,springhinge_arm,99.60336303710938,221.40213012695312,0
6,springhinge_boom,145.08761596679688,196.4377899169922,0
