,name, x, y, z
0,arm,92.52998352050781,206.3627166748047,0
1,body,186.92282104492188,145.67529296875,0
2,body_back,244.9358367919922,141.6221160888672,0
3,bucket,49.76136016845703,179.24229431152344,0
4,bucket_tip,31.21458625793457,155.09368896484375,0
5,springhinge_arm,99.02570343017578,221.45921325683594,0
6,springhinge_boom,145.0072784423828,196.43821716308594,0
