,name, x, y, z
0,arm,91.81163787841797,206.30172729492188,0
1,body,186.68612670898438,145.4871063232422,0
2,body_back,245.21902465820312,141.62916564941406,0
3,bucket,49.08208084106445,178.5587158203125,0
4,bucket_tip,30.812875747680664,154.32379150390625,0
5,springhinge_arm,98.37085723876953,221.08082580566406,0
6,springhinge_boom,144.72915649414062,196.23342895507812,0
