,name, x, y, z
0,arm,91.4897689819336,206.04476928710938,0
1,body,186.47718811035156,145.26919555664062,0
2,body_back,245.39993286132812,141.6370086669922,0
3,bucket,48.819175720214844,177.77699279785156,0
4,bucket_tip,30.6633243560791,153.45094299316406,0
5,springhinge_arm,98.01675415039062,220.64974975585938,0
6,springhinge_boom,144.4798583984375,195.99996948242188,0
