,name, x, y, z
0,arm,91.18701171875,205.6465301513672,0
1,body,186.2215576171875,144.98411560058594,0
2,body_back,245.5962371826172,141.64683532714844,0
3,bucket,48.601802825927734,176.76666259765625,0
4,bucket_tip,30.54358673095703,152.3323211669922,0
5,springhinge_arm,97.6462173461914,220.0947265625,0
6,springhinge_boom,144.18089294433594,195.6991729736328,0
