,name, x, y, z
0,arm,90.89857482910156,205.13165283203125,0
1,body,185.9294891357422,144.64341735839844,0
2,body_back,245.79981994628906,141.65797424316406,0
3,bucket,48.425758361816406,175.57623291015625,0
4,bucket_tip,30.450332641601562,151.0276641845703,0
5,springhinge_arm,97.26023864746094,219.4436798095703,0
6,springhinge_boom,143.8501434326172,195.34609985351562,0
