,name, x, y, z
0,arm,90.61970520019531,204.52471923828125,0
1,body,185.61129760742188,144.2586212158203,0
2,body_back,246.00257873535156,141.6697998046875,0
3,bucket,48.28685760498047,174.25418090820312,0
4,bucket_tip,30.380233764648438,149.59658813476562,0
5,springhinge_arm,96.8598403930664,218.7245635986328,0
6,springhinge_boom,143.50547790527344,194.9556884765625,0
