,name, x, y, z
0,arm,90.34561920166016,203.8503875732422,0
1,body,185.27723693847656,143.84130859375,0
2,body_back,246.1964111328125,141.6815948486328,0
3,bucket,48.18086624145508,172.8490447998047,0
4,bucket_tip,30.330045700073242,148.09877014160156,0
5,springhinge_arm,96.44601440429688,217.96534729003906,0
6,springhinge_boom,143.164794921875,194.5430450439453,0
