,name, x, y, z
0,arm,90.07154083251953,203.13319396972656,0
1,body,184.9375762939453,143.4029998779297,0
2,body_back,246.37318420410156,141.69273376464844,0
3,bucket,48.10358428955078,171.40928649902344,0
4,bucket_tip,30.296377182006836,146.5938720703125,0
5,springhinge_arm,96.01973724365234,217.19400024414062,0
6,springhinge_boom,142.84596252441406,194.12318420410156,0
