,name, x, y, z
0,arm,89.79268646240234,202.39776611328125,0
1,body,184.58563232421875,142.95533752441406,0
2,body_back,246.50782775878906,141.70269775390625,0
3,bucket,48.033836364746094,169.9835968017578,0
4,bucket_tip,30.258991241455078,145.14170837402344,0
5,springhinge_arm,95.56507110595703,216.43858337402344,0
6,springhinge_boom,142.54989624023438,193.7112274169922,0
