,name, x, y, z
0,arm,89.48731231689453,201.6688690185547,0
1,body,184.21534729003906,142.51007080078125,0
2,body_back,246.57586669921875,141.71096801757812,0
3,bucket,47.95107650756836,168.62060546875,0
4,bucket_tip,30.198253631591797,143.8020782470703,0
5,springhinge_arm,95.06670379638672,215.7272186279297,0
6,springhinge_boom,142.27813720703125,193.32235717773438,0
