,name, x, y, z
0,arm,89.13433074951172,200.97125244140625,0
1,body,183.8378448486328,142.07867431640625,0
2,body_back,246.5701141357422,141.71682739257812,0
3,bucket,47.85195541381836,167.36878967285156,0
4,bucket_tip,30.111675262451172,142.6345977783203,0
5,springhinge_arm,94.52644348144531,215.08782958984375,0
6,springhinge_boom,142.04940795898438,192.97161865234375,0
