,name, x, y, z
0,arm,88.72978210449219,200.32948303222656,0
1,body,183.46432495117188,141.6727294921875,0
2,body_back,246.48330688476562,141.71966552734375,0
3,bucket,47.73317337036133,166.2766571044922,0
4,bucket_tip,29.99687385559082,141.698974609375,0
5,springhinge_arm,93.94625091552734,214.54843139648438,0
6,springhinge_boom,141.8825225830078,192.6740264892578,0
