,name, x, y, z
0,arm,88.26983642578125,199.76812744140625,0
1,body,183.1033935546875,141.3011932373047,0
2,body_back,246.3382568359375,141.7130584716797,0
3,bucket,47.58959197998047,165.37791442871094,0
4,bucket_tip,29.881071090698242,141.03485107421875,0
5,springhinge_arm,93.32840728759766,214.1278839111328,0
6,springhinge_boom,141.7398223876953,192.43943786621094,0
