,name, x, y, z
0,arm,87.75289154052734,199.3036346435547,0
1,body,182.7534942626953,140.9630584716797,0
2,body_back,246.16259765625,141.69317626953125,0
3,bucket,47.42420196533203,164.64718627929688,0
4,bucket_tip,29.79559898376465,140.60208129882812,0
5,springhinge_arm,92.67701721191406,213.80918884277344,0
6,springhinge_boom,141.57125854492188,192.2574005126953,0
