,name, x, y, z
0,arm,87.18658447265625,198.91957092285156,0
1,body,182.4105682373047,140.65469360351562,0
2,body_back,245.95632934570312,141.6628875732422,0
3,bucket,47.2458610534668,164.04425048828125,0
4,bucket_tip,29.74428939819336,140.34042358398438,0
5,springhinge_arm,91.99657440185547,213.5663299560547,0
6,springhinge_boom,141.37684631347656,192.1122283935547,0
