,name, x, y, z
0,arm,63.821353912353516,209.83416748046875,0
1,body,157.8208465576172,139.83441162109375,0
2,body_back,214.44598388671875,140.1590576171875,0
3,bucket,86.80335998535156,160.8943328857422,0
4,bucket_tip,84.15343475341797,132.31829833984375,0
5,springhinge_arm,48.89283752441406,222.77574157714844,0
6,springhinge_boom,118.4572982788086,198.7950897216797,0
