,name, x, y, z
0,arm,86.58097076416016,198.59133911132812,0
1,body,182.07054138183594,140.3726348876953,0
2,body_back,245.71954345703125,141.62533569335938,0
3,bucket,47.06339645385742,163.52903747558594,0
4,bucket_tip,29.730819702148438,140.18984985351562,0
5,springhinge_arm,91.29158020019531,213.3733367919922,0
6,springhinge_boom,141.15658569335938,191.98843383789062,0
