,name, x, y, z
0,arm,85.9459457397461,198.2943572998047,0
1,body,181.72926330566406,140.11328125,0
2,body_back,245.4522247314453,141.58343505859375,0
3,bucket,46.88565444946289,163.06138610839844,0
4,bucket_tip,29.759042739868164,140.09014892578125,0
5,springhinge_arm,90.56652069091797,213.20419311523438,0
6,springhinge_boom,140.91055297851562,191.87034606933594,0
