,name, x, y, z
0,arm,85.29151153564453,198.00393676757812,0
1,body,181.38272094726562,139.873046875,0
2,body_back,245.15443420410156,141.5401611328125,0
3,bucket,46.72149658203125,162.60104370117188,0
4,bucket_tip,29.832639694213867,139.98117065429688,0
5,springhinge_arm,89.82595825195312,213.03286743164062,0
6,springhinge_boom,140.63876342773438,191.7423553466797,0
