,name, x, y, z
0,arm,84.62761688232422,197.695556640625,0
1,body,181.02676391601562,139.6483917236328,0
2,body_back,244.82615661621094,141.49851989746094,0
3,bucket,46.579750061035156,162.10794067382812,0
4,bucket_tip,29.955434799194336,139.80274963378906,0
5,springhinge_arm,89.0743179321289,212.83334350585938,0
6,springhinge_boom,140.34121704101562,191.58883666992188,0
