,name, x, y, z
0,arm,83.31137084960938,196.92645263671875,0
1,body,180.2703857421875,139.23165893554688,0
2,body_back,244.07839965820312,141.43215942382812,0
3,bucket,46.39885711669922,160.86277770996094,0
4,bucket_tip,30.363574981689453,138.9971466064453,0
5,springhinge_arm,87.55598449707031,212.24581909179688,0
6,springhinge_boom,139.6691131591797,191.14300537109375,0
