,name, x, y, z
0,arm,82.67893981933594,196.41648864746094,0
1,body,179.8617401123047,139.03240966796875,0
2,body_back,243.658935546875,141.41342163085938,0
3,bucket,46.37738800048828,160.0303955078125,0
4,bucket_tip,30.65643882751465,138.2496337890625,0
5,springhinge_arm,86.79827117919922,211.8057403564453,0
6,springhinge_boom,139.2945556640625,190.8194122314453,0
