,name, x, y, z
0,arm,82.07695770263672,195.79019165039062,0
1,body,179.42738342285156,138.83453369140625,0
2,body_back,243.2091827392578,141.40826416015625,0
3,bucket,46.413734436035156,159.00460815429688,0
4,bucket_tip,31.013551712036133,137.19212341308594,0
5,springhinge_arm,86.04754638671875,211.2334747314453,0
6,springhinge_boom,138.89443969726562,190.40792846679688,0
