,name, x, y, z
0,arm,81.51537322998047,195.02288818359375,0
1,body,178.964599609375,138.63613891601562,0
2,body_back,242.70315551757812,141.4117889404297,0
3,bucket,46.56612014770508,157.76419067382812,0
4,bucket_tip,31.43852996826172,135.67755126953125,0
5,springhinge_arm,85.30812072753906,210.5155029296875,0
6,springhinge_boom,138.431884765625,189.90223693847656,0
