,name, x, y, z
0,arm,80.9820327758789,194.10540771484375,0
1,body,178.4762420654297,138.44239807128906,0
2,body_back,242.1279296875,141.42037963867188,0
3,bucket,46.87104034423828,156.36387634277344,0
4,bucket_tip,31.934362411499023,133.7044677734375,0
5,springhinge_arm,84.5833511352539,209.6886749267578,0
6,springhinge_boom,137.88377380371094,189.3334197998047,0
