,name, x, y, z
0,arm,64.1831283569336,199.8802032470703,0
1,body,160.24822998046875,144.95217895507812,0
2,body_back,218.24667358398438,144.8656463623047,0
3,bucket,86.70674896240234,157.7545928955078,0
4,bucket_tip,97.58778381347656,127.84002685546875,0
5,springhinge_arm,49.501380920410156,209.83416748046875,0
6,springhinge_boom,117.45451354980469,195.4237518310547,0
