,name, x, y, z
0,arm,64.0427017211914,209.9971466064453,0
1,body,157.84780883789062,139.87319946289062,0
2,body_back,214.52664184570312,140.0377197265625,0
3,bucket,86.74886322021484,160.91615295410156,0
4,bucket_tip,83.9699478149414,132.64247131347656,0
5,springhinge_arm,49.137454986572266,222.92922973632812,0
6,springhinge_boom,118.71134185791016,198.80555725097656,0
