,name, x, y, z
0,arm,79.93462371826172,192.04531860351562,0
1,body,177.43983459472656,138.09609985351562,0
2,body_back,240.84771728515625,141.4728240966797,0
3,bucket,47.84375762939453,153.3780975341797,0
4,bucket_tip,33.150211334228516,129.0157928466797,0
5,springhinge_arm,83.19075012207031,207.90530395507812,0
6,springhinge_boom,136.61318969726562,188.1676788330078,0
