,name, x, y, z
0,arm,79.41452026367188,191.0385284423828,0
1,body,176.90028381347656,137.95724487304688,0
2,body_back,240.1817169189453,141.52671813964844,0
3,bucket,48.464107513427734,151.93995666503906,0
4,bucket_tip,33.87599182128906,126.61671447753906,0
5,springhinge_arm,82.52935791015625,207.0474395751953,0
6,springhinge_boom,135.9319305419922,187.65151977539062,0
