,name, x, y, z
0,arm,78.89276885986328,190.1378631591797,0
1,body,176.3521728515625,137.850341796875,0
2,body_back,239.52444458007812,141.60572814941406,0
3,bucket,49.142234802246094,150.6365509033203,0
4,bucket_tip,34.68416213989258,124.39212799072266,0
5,springhinge_arm,81.89547729492188,206.27781677246094,0
6,springhinge_boom,135.2475128173828,187.23362731933594,0
