,name, x, y, z
0,arm,78.36637115478516,189.41116333007812,0
1,body,175.79977416992188,137.7822265625,0
2,body_back,238.89535522460938,141.71484375,0
3,bucket,49.85438537597656,149.5414581298828,0
4,bucket_tip,35.577659606933594,122.50028991699219,0
5,springhinge_arm,81.29237365722656,205.64569091796875,0
6,springhinge_boom,134.58050537109375,186.95431518554688,0
