,name, x, y, z
0,arm,77.83230590820312,188.92640686035156,0
1,body,175.24728393554688,137.75973510742188,0
2,body_back,238.31393432617188,141.85911560058594,0
3,bucket,50.57691192626953,148.72837829589844,0
4,bucket_tip,36.559326171875,121.09944915771484,0
5,springhinge_arm,80.72322845458984,205.2003936767578,0
6,springhinge_boom,133.95152282714844,186.85400390625,0
