,name, x, y, z
0,arm,77.28756713867188,188.7514190673828,0
1,body,174.69837951660156,137.78128051757812,0
2,body_back,237.75808715820312,142.0417938232422,0
3,bucket,51.29046630859375,148.1384735107422,0
4,bucket_tip,37.62932205200195,120.09420013427734,0
5,springhinge_arm,80.19508361816406,204.8946533203125,0
6,springhinge_boom,133.34629821777344,186.90524291992188,0
