,name, x, y, z
0,arm,76.80550384521484,188.7697296142578,0
1,body,174.15264892578125,137.8384246826172,0
2,body_back,237.19302368164062,142.2589569091797,0
3,bucket,51.99330520629883,147.6565704345703,0
4,bucket_tip,38.77665710449219,119.2715835571289,0
5,springhinge_arm,79.71227264404297,204.64476013183594,0
6,springhinge_boom,132.7368621826172,187.04275512695312,0
