,name, x, y, z
0,arm,64.24559020996094,210.1143798828125,0
1,body,157.87998962402344,139.87893676757812,0
2,body_back,214.60658264160156,139.90499877929688,0
3,bucket,86.71646881103516,160.91331481933594,0
4,bucket_tip,83.82193756103516,132.831298828125,0
5,springhinge_arm,49.351715087890625,223.02008056640625,0
6,springhinge_boom,118.97203063964844,198.8016357421875,0
