,name, x, y, z
0,arm,76.02783966064453,188.97926330566406,0
1,body,172.51596069335938,138.18679809570312,0
2,body_back,235.44683837890625,143.0579833984375,0
3,bucket,54.06471252441406,146.74876403808594,0
4,bucket_tip,42.5455322265625,117.71639251708984,0
5,springhinge_arm,78.52770233154297,204.17372131347656,0
6,springhinge_boom,130.883544921875,187.80535888671875,0
