,name, x, y, z
0,arm,75.92496490478516,189.08636474609375,0
1,body,171.9644012451172,138.34983825683594,0
2,body_back,234.84922790527344,143.35382080078125,0
3,bucket,54.751705169677734,146.5888671875,0
4,bucket_tip,43.86500549316406,117.44129943847656,0
5,springhinge_arm,78.21803283691406,204.09095764160156,0
6,springhinge_boom,130.25755310058594,188.1205596923828,0
