,name, x, y, z
0,arm,75.86698913574219,189.2049560546875,0
1,body,171.40672302246094,138.5302734375,0
2,body_back,234.24449157714844,143.65452575683594,0
3,bucket,55.441444396972656,146.48199462890625,0
4,bucket_tip,45.193199157714844,117.25736236572266,0
5,springhinge_arm,77.9495849609375,204.0359344482422,0
6,springhinge_boom,129.6274871826172,188.4383544921875,0
