,name, x, y, z
0,arm,75.83397674560547,189.330810546875,0
1,body,170.84115600585938,138.72450256347656,0
2,body_back,233.6331329345703,143.95419311523438,0
3,bucket,56.13664245605469,146.4171600341797,0
4,bucket_tip,46.516456604003906,117.14629364013672,0
5,springhinge_arm,77.72157287597656,204.0030517578125,0
6,springhinge_boom,128.99342346191406,188.74205017089844,0
