,name, x, y, z
0,arm,75.80597686767578,189.4595947265625,0
1,body,170.26576232910156,138.9289093017578,0
2,body_back,233.01559448242188,144.24696350097656,0
3,bucket,56.83991622924805,146.38343811035156,0
4,bucket_tip,47.82093048095703,117.0898666381836,0
5,springhinge_arm,77.53314971923828,203.98680114746094,0
6,springhinge_boom,128.35536193847656,189.0149688720703,0
