,name, x, y, z
0,arm,75.68514251708984,189.7089080810547,0
1,body,169.0782470703125,139.35365295410156,0
2,body_back,231.76348876953125,144.78794860839844,0
3,bucket,58.281558990478516,146.36520385742188,0
4,bucket_tip,50.3188362121582,117.06761932373047,0
5,springhinge_arm,77.27172088623047,203.98143005371094,0
6,springhinge_boom,127.0673599243164,189.40142822265625,0
