,name, x, y, z
0,arm,75.55239868164062,189.82093811035156,0
1,body,168.4636688232422,139.5677490234375,0
2,body_back,231.1305389404297,145.02557373046875,0
3,bucket,59.02431869506836,146.36065673828125,0
4,bucket_tip,51.48700714111328,117.12809753417969,0
5,springhinge_arm,77.19679260253906,203.98228454589844,0
6,springhinge_boom,126.53856658935547,189.50807189941406,0
