,name, x, y, z
0,arm,75.10026550292969,190.00511169433594,0
1,body,167.2115478515625,140.0021514892578,0
2,body_back,229.8680419921875,145.43043518066406,0
3,bucket,60.545894622802734,146.34689331054688,0
4,bucket_tip,53.64226150512695,117.55301666259766,0
5,springhinge_arm,77.14754486083984,203.98646545410156,0
6,springhinge_boom,126.0895767211914,189.63539123535156,0
