,name, x, y, z
0,arm,74.82038116455078,190.07823181152344,0
1,body,166.5855712890625,140.22569274902344,0
2,body_back,229.24766540527344,145.59860229492188,0
3,bucket,61.318511962890625,146.33726501464844,0
4,bucket_tip,54.62860870361328,117.88058471679688,0
5,springhinge_arm,77.16791534423828,203.99046325683594,0
6,springhinge_boom,126.09864807128906,189.66510009765625,0
