,name, x, y, z
0,arm,74.53573608398438,190.13893127441406,0
1,body,165.9674530029297,140.4552459716797,0
2,body_back,228.64076232910156,145.74411010742188,0
3,bucket,62.09496307373047,146.3250732421875,0
4,bucket_tip,55.553775787353516,118.25992584228516,0
5,springhinge_arm,77.21481323242188,203.99575805664062,0
6,springhinge_boom,126.2163314819336,189.67776489257812,0
