,name, x, y, z
0,arm,74.26984405517578,190.1873321533203,0
1,body,165.36306762695312,140.69317626953125,0
2,body_back,228.052001953125,145.86822509765625,0
3,bucket,62.8723030090332,146.31092834472656,0
4,bucket_tip,56.41749572753906,118.67341613769531,0
5,springhinge_arm,77.28569793701172,204.00352478027344,0
6,springhinge_boom,126.40739440917969,189.6787109375,0
