,name, x, y, z
0,arm,74.04621887207031,190.22474670410156,0
1,body,164.7783203125,140.94210815429688,0
2,body_back,227.486083984375,145.97230529785156,0
3,bucket,63.64753341674805,146.2955322265625,0
4,bucket_tip,57.21955108642578,119.10354614257812,0
5,springhinge_arm,77.37799835205078,204.0149688720703,0
6,springhinge_boom,126.6365737915039,189.67333984375,0
