,name, x, y, z
0,arm,73.88823699951172,190.25245666503906,0
1,body,164.2191162109375,141.20448303222656,0
2,body_back,226.9477081298828,146.05770874023438,0
3,bucket,64.41764068603516,146.27955627441406,0
4,bucket_tip,57.95966339111328,119.53276824951172,0
5,springhinge_arm,77.48918914794922,204.03140258789062,0
6,springhinge_boom,126.86859893798828,189.66709899902344,0
