,name, x, y, z
0,arm,73.86341857910156,190.28390502929688,0
1,body,163.2008514404297,141.77951049804688,0
2,body_back,225.9722900390625,146.17762756347656,0
3,bucket,65.9306411743164,146.24835205078125,0
4,bucket_tip,59.25330352783203,120.31814575195312,0
5,springhinge_arm,77.75796508789062,204.0836944580078,0
6,springhinge_boom,127.20015716552734,189.67327880859375,0
