,name, x, y, z
0,arm,74.04351043701172,190.29022216796875,0
1,body,162.75360107421875,142.09715270996094,0
2,body_back,225.5446319580078,146.21478271484375,0
3,bucket,66.66754913330078,146.23443603515625,0
4,bucket_tip,59.80630874633789,120.63919830322266,0
5,springhinge_arm,77.91046905517578,204.12203979492188,0
6,springhinge_boom,127.22917938232422,189.69644165039062,0
