,name, x, y, z
0,arm,74.38320922851562,190.29196166992188,0
1,body,162.35543823242188,142.43817138671875,0
2,body_back,225.16329956054688,146.23849487304688,0
3,bucket,67.38741302490234,146.2224884033203,0
4,bucket_tip,60.29650115966797,120.88906860351562,0
5,springhinge_arm,78.07164764404297,204.17005920410156,0
6,springhinge_boom,127.12001037597656,189.7401885986328,0
