,name, x, y, z
0,arm,74.9061050415039,190.29042053222656,0
1,body,162.0122833251953,142.80514526367188,0
2,body_back,224.83294677734375,146.25015258789062,0
3,bucket,68.08727264404297,146.21324157714844,0
4,bucket_tip,60.72360610961914,121.0502700805664,0
5,springhinge_arm,78.23893737792969,204.22911071777344,0
6,springhinge_boom,126.83739471435547,189.80992126464844,0
