,name, x, y, z
0,arm,64.57462310791016,210.18824768066406,0
1,body,157.9595184326172,139.69088745117188,0
2,body_back,214.76312255859375,139.5823974609375,0
3,bucket,86.72101593017578,160.762939453125,0
4,bucket_tip,83.6297836303711,132.6893310546875,0
5,springhinge_arm,49.665008544921875,222.95657348632812,0
6,springhinge_boom,119.50609588623047,198.67721557617188,0
