,name, x, y, z
0,arm,75.63555908203125,190.28697204589844,0
1,body,161.7300262451172,143.20050048828125,0
2,body_back,224.5583038330078,146.25100708007812,0
3,bucket,68.76410675048828,146.20726013183594,0
4,bucket_tip,61.08742141723633,121.10514831542969,0
5,springhinge_arm,78.4098129272461,204.3002471923828,0
6,springhinge_boom,126.34607696533203,189.91094970703125,0
