,name, x, y, z
0,arm,76.5951156616211,190.28277587890625,0
1,body,161.77334594726562,143.61476135253906,0
2,body_back,224.30477905273438,146.22792053222656,0
3,bucket,69.40962982177734,146.34310913085938,0
4,bucket_tip,61.399864196777344,121.08206939697266,0
5,springhinge_arm,78.5188217163086,204.4167938232422,0
6,springhinge_boom,125.5066146850586,190.41514587402344,0
