,name, x, y, z
0,arm,77.65389251708984,190.27188110351562,0
1,body,161.64889526367188,143.99075317382812,0
2,body_back,223.88124084472656,146.20693969726562,0
3,bucket,69.99407958984375,146.48104858398438,0
4,bucket_tip,61.721435546875,121.06108856201172,0
5,springhinge_arm,78.24923706054688,204.4945831298828,0
6,springhinge_boom,124.55657958984375,190.86012268066406,0
