,name, x, y, z
0,arm,78.0634765625,190.2387237548828,0
1,body,161.0150604248047,144.27801513671875,0
2,body_back,223.22293090820312,146.21878051757812,0
3,bucket,70.49121856689453,146.3920440673828,0
4,bucket_tip,62.112422943115234,121.09103393554688,0
5,springhinge_arm,77.62651062011719,204.4167022705078,0
6,springhinge_boom,123.75760650634766,190.83477783203125,0
