,name, x, y, z
0,arm,77.8062744140625,190.172607421875,0
1,body,160.30038452148438,144.4830780029297,0
2,body_back,222.44180297851562,146.25347900390625,0
3,bucket,70.90978240966797,146.15048217773438,0
4,bucket_tip,62.583091735839844,121.17532348632812,0
5,springhinge_arm,76.94202423095703,204.20533752441406,0
6,springhinge_boom,123.01499938964844,190.7659149169922,0
