,name, x, y, z
0,arm,77.09159088134766,189.96121215820312,0
1,body,158.72418212890625,144.71127319335938,0
2,body_back,220.6488494873047,146.38629150390625,0
3,bucket,71.58148956298828,145.3622589111328,0
4,bucket_tip,63.75490188598633,121.47370147705078,0
5,springhinge_arm,75.46435546875,203.51564025878906,0
6,springhinge_boom,121.68167877197266,190.54127502441406,0
