,name, x, y, z
0,arm,76.6655044555664,189.83299255371094,0
1,body,157.91055297851562,144.76670837402344,0
2,body_back,219.70584106445312,146.4818572998047,0
3,bucket,71.8697509765625,144.89186096191406,0
4,bucket_tip,64.45177459716797,121.67118835449219,0
5,springhinge_arm,74.70952606201172,203.10403442382812,0
6,springhinge_boom,121.08241271972656,190.40721130371094,0
