,name, x, y, z
0,arm,75.75452423095703,189.57411193847656,0
1,body,156.35186767578125,144.8409881591797,0
2,body_back,217.89894104003906,146.72491455078125,0
3,bucket,72.43879699707031,143.98919677734375,0
4,bucket_tip,66.05658721923828,122.1211929321289,0
5,springhinge_arm,73.263671875,202.314208984375,0
6,springhinge_boom,119.9971923828125,190.14996337890625,0
