,name, x, y, z
0,arm,64.69185638427734,210.09727478027344,0
1,body,158.00302124023438,139.35516357421875,0
2,body_back,214.84121704101562,139.3568572998047,0
3,bucket,86.73760986328125,160.5074462890625,0
4,bucket_tip,83.55949401855469,132.31236267089844,0
5,springhinge_arm,49.76394271850586,222.74888610839844,0
6,springhinge_boom,119.77627563476562,198.43246459960938,0
