,name, x, y, z
0,arm,75.30104064941406,189.46051025390625,0
1,body,155.6547088623047,144.8921356201172,0
2,body_back,217.10386657714844,146.86985778808594,0
3,bucket,72.75472259521484,143.6332244873047,0
4,bucket_tip,66.96026611328125,122.35710144042969,0
5,springhinge_arm,72.61100006103516,202.00274658203125,0
6,springhinge_boom,119.50265502929688,190.0485076904297,0
