,name, x, y, z
0,arm,74.8698959350586,189.36878967285156,0
1,body,155.04425048828125,144.97415161132812,0
2,body_back,216.427001953125,147.02871704101562,0
3,bucket,73.11500549316406,143.39166259765625,0
4,bucket_tip,67.9285888671875,122.5892105102539,0
5,springhinge_arm,72.0307388305664,201.79136657714844,0
6,springhinge_boom,119.03448486328125,189.97964477539062,0
