,name, x, y, z
0,arm,74.47674560546875,189.30752563476562,0
1,body,154.5443878173828,145.1031951904297,0
2,body_back,215.9026641845703,147.20018005371094,0
3,bucket,73.53714752197266,143.30267333984375,0
4,bucket_tip,68.9593734741211,122.80919647216797,0
5,springhinge_arm,71.54200744628906,201.71348571777344,0
6,springhinge_boom,118.58833312988281,189.9542999267578,0
