,name, x, y, z
0,arm,74.13733673095703,189.28518676757812,0
1,body,154.12884521484375,145.29104614257812,0
2,body_back,215.48831176757812,147.3828887939453,0
3,bucket,74.03507232666016,143.3433837890625,0
4,bucket_tip,70.05034637451172,123.01105499267578,0
5,springhinge_arm,71.13554382324219,201.74014282226562,0
6,springhinge_boom,118.19894409179688,190.00051879882812,0
