,name, x, y, z
0,arm,73.65402221679688,189.43812561035156,0
1,body,153.42013549804688,145.81622314453125,0
2,body_back,214.7940216064453,147.77430725097656,0
3,bucket,75.2509994506836,143.65045166015625,0
4,bucket_tip,72.40129852294922,123.37516784667969,0
5,springhinge_arm,70.4802474975586,201.9224090576172,0
6,springhinge_boom,117.68006896972656,190.33038330078125,0
