,name, x, y, z
0,arm,73.50221252441406,189.61195373535156,0
1,body,153.12457275390625,146.13351440429688,0
2,body_back,214.51499938964844,147.97903442382812,0
3,bucket,75.95989990234375,143.9043426513672,0
4,bucket_tip,73.6552734375,123.54824829101562,0
5,springhinge_arm,70.21626281738281,202.05735778808594,0
6,springhinge_boom,117.53522491455078,190.58740234375,0
