,name, x, y, z
0,arm,73.40257263183594,189.83526611328125,0
1,body,152.86660766601562,146.47389221191406,0
2,body_back,214.281982421875,148.18710327148438,0
3,bucket,76.72998046875,144.2168426513672,0
4,bucket_tip,74.95761108398438,123.72257232666016,0
5,springhinge_arm,69.98456573486328,202.2078094482422,0
6,springhinge_boom,117.45655059814453,190.88804626464844,0
