,name, x, y, z
0,arm,73.3493881225586,190.0964813232422,0
1,body,152.64501953125,146.82737731933594,0
2,body_back,214.09547424316406,148.396484375,0
3,bucket,77.55671691894531,144.58172607421875,0
4,bucket_tip,76.30530548095703,123.90353393554688,0
5,springhinge_arm,69.777587890625,202.36338806152344,0
6,springhinge_boom,117.43636322021484,191.218994140625,0
