,name, x, y, z
0,arm,64.77989959716797,209.88192749023438,0
1,body,158.04974365234375,138.86598205566406,0
2,body_back,214.9215850830078,139.0900421142578,0
3,bucket,86.76077270507812,160.1370086669922,0
4,bucket_tip,83.50083923339844,131.76113891601562,0
5,springhinge_arm,49.8323860168457,222.4367218017578,0
6,springhinge_boom,120.04682922363281,198.06906127929688,0
