,name, x, y, z
0,arm,73.3593978881836,190.6863555908203,0
1,body,152.30618286132812,147.53353881835938,0
2,body_back,213.8636474609375,148.81124877929688,0
3,bucket,79.36188507080078,145.4436798095703,0
4,bucket_tip,79.12474060058594,124.30708312988281,0
5,springhinge_arm,69.40740966796875,202.64881896972656,0
6,springhinge_boom,117.54076385498047,191.9186248779297,0
