,name, x, y, z
0,arm,73.41109466552734,190.9918975830078,0
1,body,152.18655395507812,147.86618041992188,0
2,body_back,213.81927490234375,149.01260375976562,0
3,bucket,80.33118438720703,145.9282989501953,0
4,bucket_tip,80.59048461914062,124.54048919677734,0
5,springhinge_arm,69.22903442382812,202.75799560546875,0
6,springhinge_boom,117.64998626708984,192.26063537597656,0
