,name, x, y, z
0,arm,73.48622131347656,191.2890625,0
1,body,152.0984649658203,148.1718292236328,0
2,body_back,213.82315063476562,149.20729064941406,0
3,bucket,81.3388671875,146.4403839111328,0
4,bucket_tip,82.08958435058594,124.80220794677734,0
5,springhinge_arm,69.04498291015625,202.83108520507812,0
6,springhinge_boom,117.78695678710938,192.5797119140625,0
