,name, x, y, z
0,arm,73.5790023803711,191.56629943847656,0
1,body,152.040771484375,148.44049072265625,0
2,body_back,213.87579345703125,149.39328002929688,0
3,bucket,82.38037109375,146.9737091064453,0
4,bucket_tip,83.61906433105469,125.09764099121094,0
5,springhinge_arm,68.8476791381836,202.8577117919922,0
6,springhinge_boom,117.9440689086914,192.86251831054688,0
