,name, x, y, z
0,arm,73.68377685546875,191.81199645996094,0
1,body,152.01222229003906,148.66558837890625,0
2,body_back,213.97666931152344,149.5701141357422,0
3,bucket,83.45063018798828,147.52340698242188,0
4,bucket_tip,85.17476654052734,125.43147277832031,0
5,springhinge_arm,68.65281677246094,202.83853149414062,0
6,springhinge_boom,118.11450958251953,193.09986877441406,0
