,name, x, y, z
0,arm,73.79546356201172,192.01820373535156,0
1,body,152.01162719726562,148.8506317138672,0
2,body_back,214.12147521972656,149.73977661132812,0
3,bucket,84.54234313964844,148.08642578125,0
4,bucket_tip,86.74800872802734,125.80171966552734,0
5,springhinge_arm,68.47930908203125,202.7834930419922,0
6,springhinge_boom,118.29522705078125,193.29522705078125,0
