,name, x, y, z
0,arm,73.91203308105469,192.1873016357422,0
1,body,152.0377197265625,149.00054931640625,0
2,body_back,214.304931640625,149.90377807617188,0
3,bucket,85.64769744873047,148.6590576171875,0
4,bucket_tip,88.32893371582031,126.20366668701172,0
5,springhinge_arm,68.32450103759766,202.6962432861328,0
6,springhinge_boom,118.48403930664062,193.45411682128906,0
