,name, x, y, z
0,arm,74.27770233154297,192.5117645263672,0
1,body,152.26365661621094,149.28981018066406,0
2,body_back,215.03439331054688,150.3778533935547,0
3,bucket,88.96733856201172,150.39845275878906,0
4,bucket_tip,93.0193099975586,127.55316162109375,0
5,springhinge_arm,67.94493865966797,202.2786865234375,0
6,springhinge_boom,119.07731628417969,193.7685089111328,0
