,name, x, y, z
0,arm,64.8441390991211,209.56109619140625,0
1,body,158.1009979248047,138.25099182128906,0
2,body_back,215.00607299804688,138.78855895996094,0
3,bucket,86.79118347167969,159.67236328125,0
4,bucket_tip,83.45293426513672,131.06704711914062,0
5,springhinge_arm,49.876834869384766,222.0388946533203,0
6,springhinge_boom,120.31642150878906,197.6083526611328,0
