,name, x, y, z
0,arm,74.40052032470703,192.57237243652344,0
1,body,152.3840789794922,149.3494110107422,0
2,body_back,215.3197021484375,150.53514099121094,0
3,bucket,90.04906463623047,150.97328186035156,0
4,bucket_tip,94.53252410888672,128.0353240966797,0
5,springhinge_arm,67.83772277832031,202.09994506835938,0
6,springhinge_boom,119.27684020996094,193.8379364013672,0
