,name, x, y, z
0,arm,74.5216293334961,192.61587524414062,0
1,body,152.52496337890625,149.39891052246094,0
2,body_back,215.61732482910156,150.69464111328125,0
3,bucket,91.10531616210938,151.53953552246094,0
4,bucket_tip,96.0041732788086,128.52584838867188,0
5,springhinge_arm,67.7356185913086,201.90756225585938,0
6,springhinge_boom,119.47359466552734,193.89898681640625,0
