,name, x, y, z
0,arm,74.63967895507812,192.6463165283203,0
1,body,152.6851043701172,149.44334411621094,0
2,body_back,215.92190551757812,150.85800170898438,0
3,bucket,92.12828826904297,152.09361267089844,0
4,bucket_tip,97.4244384765625,129.02011108398438,0
5,springhinge_arm,67.63594818115234,201.70535278320312,0
6,springhinge_boom,119.66544342041016,193.95738220214844,0
