,name, x, y, z
0,arm,74.75334930419922,192.66766357421875,0
1,body,152.8632049560547,149.4877166748047,0
2,body_back,216.22825622558594,151.02671813964844,0
3,bucket,93.11015319824219,152.63185119628906,0
4,bucket_tip,98.78346252441406,129.5133819580078,0
5,springhinge_arm,67.5359878540039,201.49693298339844,0
6,springhinge_boom,119.8501968383789,194.01864624023438,0
