,name, x, y, z
0,arm,74.8613052368164,192.6840362548828,0
1,body,153.05810546875,149.53700256347656,0
2,body_back,216.53109741210938,151.20245361328125,0
3,bucket,94.04314422607422,153.15061950683594,0
4,bucket_tip,100.07141876220703,130.0010528564453,0
5,springhinge_arm,67.43307495117188,201.28607177734375,0
6,springhinge_boom,120.0257339477539,194.08843994140625,0
