,name, x, y, z
0,arm,74.96228790283203,192.69927978515625,0
1,body,153.26849365234375,149.59622192382812,0
2,body_back,216.8251190185547,151.38668823242188,0
3,bucket,94.91938018798828,153.64625549316406,0
4,bucket_tip,101.27845764160156,130.47842407226562,0
5,springhinge_arm,67.32447052001953,201.07644653320312,0
6,springhinge_boom,120.18984985351562,194.17237854003906,0
