,name, x, y, z
0,arm,75.13787078857422,192.74269104003906,0
1,body,153.73081970214844,149.7644805908203,0
2,body_back,217.36563110351562,151.78712463378906,0
3,bucket,96.47036743164062,154.55364990234375,0
4,bucket_tip,103.4103775024414,131.3836212158203,0
5,springhinge_arm,67.07933044433594,200.6758575439453,0
6,springhinge_boom,120.47514343261719,194.40516662597656,0
