,name, x, y, z
0,arm,75.20988464355469,192.77886962890625,0
1,body,153.9803009033203,149.88351440429688,0
2,body_back,217.60162353515625,152.0064697265625,0
3,bucket,97.12950897216797,154.95811462402344,0
4,bucket_tip,104.31558227539062,131.80210876464844,0
5,springhinge_arm,66.93740844726562,200.4923095703125,0
6,springhinge_boom,120.5920181274414,194.56521606445312,0
