,name, x, y, z
0,arm,75.26959228515625,192.8300323486328,0
1,body,154.2403106689453,150.032470703125,0
2,body_back,217.80772399902344,152.24063110351562,0
3,bucket,97.70064544677734,155.3249053955078,0
4,bucket_tip,105.1004867553711,132.19163513183594,0
5,springhinge_arm,66.77897644042969,200.32484436035156,0
6,springhinge_boom,120.68879699707031,194.76187133789062,0
