,name, x, y, z
0,arm,75.315673828125,192.9002227783203,0
1,body,154.50990295410156,150.21612548828125,0
2,body_back,217.9798126220703,152.49118041992188,0
3,bucket,98.17594909667969,155.65037536621094,0
4,bucket_tip,105.75531005859375,132.5472869873047,0
5,springhinge_arm,66.60101318359375,200.1776580810547,0
6,springhinge_boom,120.76355743408203,195.0011444091797,0
