,name, x, y, z
0,arm,75.34662628173828,192.99375915527344,0
1,body,154.78945922851562,150.4394989013672,0
2,body_back,218.11483764648438,152.7598114013672,0
3,bucket,98.54866790771484,155.93101501464844,0
4,bucket_tip,106.2713394165039,132.86434936523438,0
5,springhinge_arm,66.40153503417969,200.05499267578125,0
6,springhinge_boom,120.81536102294922,195.28919982910156,0
