,name, x, y, z
0,arm,75.3619155883789,193.1151885986328,0
1,body,155.07958984375,150.7081756591797,0
2,body_back,218.20912170410156,153.04840087890625,0
3,bucket,98.81261444091797,156.16355895996094,0
4,bucket_tip,106.6404037475586,133.13845825195312,0
5,springhinge_arm,66.17948913574219,199.96084594726562,0
6,springhinge_boom,120.84368896484375,195.63189697265625,0
