,name, x, y, z
0,arm,75.34678649902344,193.45887756347656,0
1,body,155.69317626953125,151.40255737304688,0
2,body_back,218.2606964111328,153.69284057617188,0
3,bucket,98.98946380615234,156.47059631347656,0
4,bucket_tip,106.90465545654297,133.54017639160156,0
5,springhinge_arm,65.66329956054688,199.87393188476562,0
6,springhinge_boom,120.82771301269531,196.5048828125,0
