,name, x, y, z
0,arm,75.31697082519531,193.68966674804688,0
1,body,156.0030517578125,152.44097900390625,0
2,body_back,218.19537353515625,154.0450439453125,0
3,bucket,98.85626983642578,156.55029296875,0
4,bucket_tip,105.44252014160156,133.6598663330078,0
5,springhinge_arm,64.99644470214844,200.15208435058594,0
6,springhinge_boom,120.39558410644531,197.046875,0
