,name, x, y, z
0,arm,74.84363555908203,193.9586181640625,0
1,body,156.23898315429688,153.94252014160156,0
2,body_back,218.0667724609375,154.3802490234375,0
3,bucket,98.54364776611328,156.59832763671875,0
4,bucket_tip,102.60042572021484,133.72384643554688,0
5,springhinge_arm,63.81216812133789,200.67300415039062,0
6,springhinge_boom,119.41075897216797,197.5227508544922,0
