,name, x, y, z
0,arm,73.7637710571289,194.1916046142578,0
1,body,156.31521606445312,154.70057678222656,0
2,body_back,217.90536499023438,154.65589904785156,0
3,bucket,98.07762145996094,156.6207275390625,0
4,bucket_tip,100.59336853027344,133.73265075683594,0
5,springhinge_arm,62.485496520996094,200.94921875,0
6,springhinge_boom,118.24246215820312,197.7220458984375,0
