,name, x, y, z
0,arm,72.47661590576172,194.28567504882812,0
1,body,156.22544860839844,154.6492462158203,0
2,body_back,217.73721313476562,154.84007263183594,0
3,bucket,97.48423767089844,156.6234130859375,0
4,bucket_tip,99.84490966796875,133.69813537597656,0
5,springhinge_arm,61.32296371459961,200.90235900878906,0
6,springhinge_boom,117.19542694091797,197.70083618164062,0
