,name, x, y, z
0,arm,71.31118774414062,194.25904846191406,0
1,body,156.03736877441406,154.5384063720703,0
2,body_back,217.57080078125,154.94354248046875,0
3,bucket,96.78950500488281,156.61239624023438,0
4,bucket_tip,99.27975463867188,133.63671875,0
5,springhinge_arm,60.356971740722656,200.79119873046875,0
6,springhinge_boom,116.31593322753906,197.65931701660156,0
