,name, x, y, z
0,arm,64.922607421875,208.6791229248047,0
1,body,158.22225952148438,136.7542724609375,0
2,body_back,215.19482421875,138.1084442138672,0
3,bucket,86.87676239013672,158.54327392578125,0
4,bucket_tip,83.38607025146484,129.37603759765625,0
5,springhinge_arm,49.91995620727539,221.06166076660156,0
6,springhinge_boom,120.84751892089844,196.48085021972656,0
