,name, x, y, z
0,arm,70.31499481201172,194.20375061035156,0
1,body,155.77610778808594,154.38450622558594,0
2,body_back,217.4103240966797,154.98773193359375,0
3,bucket,96.01942443847656,156.59371948242188,0
4,bucket_tip,98.86544799804688,133.5554962158203,0
5,springhinge_arm,59.55128479003906,200.63385009765625,0
6,springhinge_boom,115.58562469482422,197.6029815673828,0
