,name, x, y, z
0,arm,69.46521759033203,194.12770080566406,0
1,body,155.46693420410156,154.20404052734375,0
2,body_back,217.260009765625,154.99404907226562,0
3,bucket,95.2000961303711,156.57327270507812,0
4,bucket_tip,98.56954956054688,133.4615020751953,0
5,springhinge_arm,58.869781494140625,200.44834899902344,0
6,springhinge_boom,114.98623657226562,197.537353515625,0
