,name, x, y, z
0,arm,68.73907470703125,194.0387420654297,0
1,body,155.13502502441406,154.0135498046875,0
2,body_back,217.12396240234375,154.98399353027344,0
3,bucket,94.35755157470703,156.55712890625,0
4,bucket_tip,98.35963439941406,133.3618927001953,0
5,springhinge_arm,58.27615737915039,200.25274658203125,0
6,springhinge_boom,114.4993896484375,197.4678955078125,0
