,name, x, y, z
0,arm,68.1136474609375,193.9447479248047,0
1,body,154.80564880371094,153.82958984375,0
2,body_back,217.0063934326172,154.9789581298828,0
3,bucket,93.51787567138672,156.55123901367188,0
4,bucket_tip,98.20316314697266,133.26373291015625,0
5,springhinge_arm,57.734230041503906,200.0651397705078,0
6,springhinge_boom,114.10676574707031,197.40016174316406,0
