,name, x, y, z
0,arm,67.5661392211914,193.85357666015625,0
1,body,154.50404357910156,153.66860961914062,0
2,body_back,216.91146850585938,155.00054931640625,0
3,bucket,92.70720672607422,156.5616455078125,0
4,bucket_tip,98.06769561767578,133.17416381835938,0
5,springhinge_arm,57.20775604248047,199.90362548828125,0
6,springhinge_boom,113.79004669189453,197.33969116210938,0
