,name, x, y, z
0,arm,67.07373809814453,193.77310180664062,0
1,body,154.25547790527344,153.54721069335938,0
2,body_back,216.84339904785156,155.07015991210938,0
3,bucket,91.95161437988281,156.59434509277344,0
4,bucket_tip,97.92064666748047,133.1002655029297,0
5,springhinge_arm,56.66035842895508,199.7863006591797,0
6,springhinge_boom,113.53080749511719,197.2919464111328,0
