,name, x, y, z
0,arm,66.61348724365234,193.7112579345703,0
1,body,154.08529663085938,153.48191833496094,0
2,body_back,216.8063507080078,155.20944213867188,0
3,bucket,91.27732849121094,156.65538024902344,0
4,bucket_tip,97.72947692871094,133.04920959472656,0
5,springhinge_arm,56.055747985839844,199.7313995361328,0
6,springhinge_boom,113.31076049804688,197.26255798339844,0
