,name, x, y, z
0,arm,66.16251373291016,193.67588806152344,0
1,body,153.9691619873047,153.52191162109375,0
2,body_back,216.82273864746094,155.4332275390625,0
3,bucket,90.70423889160156,156.76690673828125,0
4,bucket_tip,97.46949768066406,133.04153442382812,0
5,springhinge_arm,55.365962982177734,199.7977294921875,0
6,springhinge_boom,113.11431121826172,197.3364715576172,0
