,name, x, y, z
0,arm,65.22979736328125,193.93252563476562,0
1,body,153.77206420898438,153.95530700683594,0
2,body_back,217.04669189453125,156.0812530517578,0
3,bucket,89.83356475830078,157.1632080078125,0
4,bucket_tip,96.77863311767578,133.1781005859375,0
5,springhinge_arm,53.76129913330078,200.37130737304688,0
6,springhinge_boom,112.77777099609375,197.9453125,0
