,name, x, y, z
0,arm,64.94760131835938,208.15602111816406,0
1,body,158.2948455810547,135.92807006835938,0
2,body_back,215.3029022216797,137.74314880371094,0
3,bucket,86.93342590332031,157.92044067382812,0
4,bucket_tip,83.36546325683594,128.44216918945312,0
5,springhinge_arm,49.9317626953125,220.5200958251953,0
6,springhinge_boom,121.1064453125,195.85696411132812,0
