,name, x, y, z
0,arm,64.74759674072266,194.24993896484375,0
1,body,153.6887664794922,154.29791259765625,0
2,body_back,217.23574829101562,156.46890258789062,0
3,bucket,89.51252746582031,157.42623901367188,0
4,bucket_tip,96.3774642944336,133.30506896972656,0
5,springhinge_arm,52.87434768676758,200.83631896972656,0
6,springhinge_boom,112.63471984863281,198.41798400878906,0
