,name, x, y, z
0,arm,64.25724029541016,194.6643524169922,0
1,body,153.6141357421875,154.69046020507812,0
2,body_back,217.4637908935547,156.87452697753906,0
3,bucket,89.25199890136719,157.71795654296875,0
4,bucket_tip,95.95893859863281,133.45962524414062,0
5,springhinge_arm,51.94960403442383,201.3919677734375,0
6,springhinge_boom,112.50648498535156,198.96131896972656,0
