,name, x, y, z
0,arm,63.76057434082031,195.15399169921875,0
1,body,153.54705810546875,155.10748291015625,0
2,body_back,217.72149658203125,157.27975463867188,0
3,bucket,89.04021453857422,158.02745056152344,0
4,bucket_tip,95.5379638671875,133.63314819335938,0
5,springhinge_arm,51.00107192993164,202.0170135498047,0
6,springhinge_boom,112.3915786743164,199.54405212402344,0
