,name, x, y, z
0,arm,62.75577163696289,196.2714080810547,0
1,body,153.43089294433594,155.9127197265625,0
2,body_back,218.28878784179688,158.01547241210938,0
3,bucket,88.71583557128906,158.6559295654297,0
4,bucket_tip,94.74840545654297,134.0023193359375,0
5,springhinge_arm,49.08877944946289,203.390625,0
6,springhinge_boom,112.19586181640625,200.70286560058594,0
