,name, x, y, z
0,arm,62.251338958740234,196.85545349121094,0
1,body,153.3795166015625,156.24974060058594,0
2,body_back,218.57969665527344,158.3091278076172,0
3,bucket,88.57957458496094,158.95301818847656,0
4,bucket_tip,94.40968322753906,134.18063354492188,0
5,springhinge_arm,48.15303421020508,204.0966796875,0
6,springhinge_boom,112.11200714111328,201.21627807617188,0
