,name, x, y, z
0,arm,61.747955322265625,197.42724609375,0
1,body,153.33106994628906,156.50880432128906,0
2,body_back,218.86294555664062,158.52865600585938,0
3,bucket,88.44486236572266,159.22401428222656,0
4,bucket_tip,94.12830352783203,134.34312438964844,0
5,springhinge_arm,47.24970626831055,204.7871856689453,0
6,springhinge_boom,112.03551483154297,201.6438446044922,0
