,name, x, y, z
0,arm,61.247528076171875,197.96475219726562,0
1,body,153.28445434570312,156.6642303466797,0
2,body_back,219.12925720214844,158.6555938720703,0
3,bucket,88.29987335205078,159.45790100097656,0
4,bucket_tip,93.91934204101562,134.48114013671875,0
5,springhinge_arm,46.392887115478516,205.44085693359375,0
6,springhinge_boom,111.96492004394531,201.95416259765625,0
