,name, x, y, z
0,arm,60.751914978027344,198.44598388671875,0
1,body,153.2384490966797,156.69027709960938,0
2,body_back,219.36915588378906,158.6713104248047,0
3,bucket,88.13267517089844,159.64366149902344,0
4,bucket_tip,93.79780578613281,134.58587646484375,0
5,springhinge_arm,45.596710205078125,206.0362548828125,0
6,springhinge_boom,111.89867401123047,202.1156768798828,0
