,name, x, y, z
0,arm,60.26295852661133,198.84886169433594,0
1,body,153.2002410888672,156.62908935546875,0
2,body_back,219.57565307617188,158.60501098632812,0
3,bucket,87.93437194824219,159.77357482910156,0
4,bucket_tip,93.72573852539062,134.65115356445312,0
5,springhinge_arm,44.872314453125,206.55751037597656,0
6,springhinge_boom,111.83384704589844,202.17796325683594,0
