,name, x, y, z
0,arm,59.78267288208008,199.15817260742188,0
1,body,153.17999267578125,156.5426788330078,0
3,bucket,87.7077407836914,159.85342407226562,0
4,bucket_tip,93.66032409667969,134.68084716796875,0
