,name, x, y, z
0,arm,59.31349563598633,199.38612365722656,0
1,body,153.18113708496094,156.43515014648438,0
3,bucket,87.45852661132812,159.89234924316406,0
4,bucket_tip,93.6095199584961,134.68141174316406,0
