,name, x, y, z
0,arm,57.59990692138672,199.86581420898438,0
1,body,153.46865844726562,155.87303161621094,0
3,bucket,86.3514175415039,159.82235717773438,0
4,bucket_tip,93.71150207519531,134.5218048095703,0
