,name, x, y, z
0,arm,56.272804260253906,200.5745391845703,0
1,body,154.37525939941406,155.29251098632812,0
3,bucket,85.3462142944336,159.8336181640625,0
4,bucket_tip,94.68577575683594,134.4151153564453,0
