,name, x, y, z
0,arm,55.8068962097168,201.40057373046875,0
1,body,155.13058471679688,155.0761260986328,0
3,bucket,84.9985122680664,160.05516052246094,0
4,bucket_tip,95.6611557006836,134.5123748779297,0
