,name, x, y, z
0,arm,55.632659912109375,201.99942016601562,0
1,body,155.59609985351562,155.0006561279297,0
3,bucket,84.88399505615234,160.2525634765625,0
4,bucket_tip,96.29932403564453,134.62164306640625,0
