,name, x, y, z
0,arm,56.15427017211914,206.74526977539062,0
1,body,157.9110107421875,154.99851989746094,0
3,bucket,87.36331176757812,161.2897186279297,0
4,bucket_tip,102.20316314697266,135.70655822753906,0
