,name, x, y, z
0,arm,57.310359954833984,207.71775817871094,0
1,body,158.35427856445312,154.71963500976562,0
3,bucket,89.38945770263672,161.00941467285156,0
4,bucket_tip,105.54651641845703,135.6614532470703,0
