,name, x, y, z
0,arm,57.623779296875,207.88226318359375,0
1,body,158.43505859375,154.64585876464844,0
3,bucket,89.83402252197266,160.93362426757812,0
4,bucket_tip,106.2298583984375,135.6276092529297,0
