,name, x, y, z
0,arm,58.60760498046875,208.2190704345703,0
1,body,158.61448669433594,154.4115753173828,0
3,bucket,91.02826690673828,160.6947784423828,0
4,bucket_tip,107.95452880859375,135.4813690185547,0
