,name, x, y, z
0,arm,65.07852935791016,205.96255493164062,0
1,body,158.6952667236328,132.7545928955078,0
3,bucket,87.26985168457031,155.52731323242188,0
4,bucket_tip,83.34906005859375,124.85582733154297,0
