,name, x, y, z
0,arm,59.985931396484375,208.37709045410156,0
1,body,158.7283935546875,154.06045532226562,0
3,bucket,92.31665802001953,160.3546905517578,0
4,bucket_tip,109.5902328491211,135.2044677734375,0
