,name, x, y, z
0,arm,60.33613204956055,208.3780517578125,0
1,body,158.7383575439453,153.96432495117188,0
3,bucket,92.58830261230469,160.26673889160156,0
4,bucket_tip,109.89765167236328,135.12464904785156,0
