,name, x, y, z
0,arm,60.686588287353516,208.36766052246094,0
1,body,158.7420654296875,153.86436462402344,0
3,bucket,92.84101867675781,160.1779022216797,0
4,bucket_tip,110.16973114013672,135.0417938232422,0
