,name, x, y, z
0,arm,62.072547912597656,208.25302124023438,0
1,body,158.70619201660156,153.42210388183594,0
3,bucket,93.67342376708984,159.81651306152344,0
4,bucket_tip,110.95561981201172,134.69232177734375,0
