,name, x, y, z
0,arm,62.41017532348633,208.2163848876953,0
1,body,158.6875,153.2998504638672,0
3,bucket,93.83987426757812,159.7253875732422,0
4,bucket_tip,111.08954620361328,134.60353088378906,0
