,name, x, y, z
0,arm,62.7423210144043,208.1806640625,0
1,body,158.6660919189453,153.1724395751953,0
3,bucket,93.99082946777344,159.6342315673828,0
4,bucket_tip,111.20366668701172,134.51536560058594,0
