,name, x, y, z
0,arm,63.06800842285156,208.14794921875,0
1,body,158.64256286621094,153.03965759277344,0
3,bucket,94.12689208984375,159.54318237304688,0
4,bucket_tip,111.30064392089844,134.42849731445312,0
