,name, x, y, z
0,arm,64.2864761352539,208.08848571777344,0
1,body,158.53921508789062,152.45037841796875,0
3,bucket,94.53414154052734,159.18313598632812,0
4,bucket_tip,111.56997680664062,134.1062774658203,0
