,name, x, y, z
0,arm,64.56504821777344,208.10194396972656,0
1,body,158.5140838623047,152.2873992919922,0
3,bucket,94.60465240478516,159.09486389160156,0
4,bucket_tip,111.62093353271484,134.03515625,0
