,name, x, y, z
0,arm,64.83125305175781,208.13095092773438,0
1,body,158.4904022216797,152.11767578125,0
3,bucket,94.66385650634766,159.0076141357422,0
4,bucket_tip,111.67066955566406,133.9691162109375,0
