,name, x, y, z
0,arm,65.08406829833984,208.17759704589844,0
1,body,158.4688720703125,151.9409942626953,0
3,bucket,94.71234893798828,158.9215087890625,0
4,bucket_tip,111.72190856933594,133.90872192382812,0
