,name, x, y, z
0,arm,65.32247161865234,208.24400329589844,0
1,body,158.4499969482422,151.75711059570312,0
3,bucket,94.75074005126953,158.83673095703125,0
4,bucket_tip,111.77729797363281,133.85467529296875,0
