,name, x, y, z
0,arm,65.75199127197266,208.44456481933594,0
1,body,158.4228057861328,151.366943359375,0
3,bucket,94.79962921142578,158.671630859375,0
4,bucket_tip,111.91141510009766,133.7680206298828,0
