,name, x, y, z
0,arm,66.58967590332031,209.7423095703125,0
1,body,158.46961975097656,149.9928436279297,0
3,bucket,94.76808166503906,158.3009490966797,0
4,bucket_tip,112.69517517089844,133.74180603027344,0
