,name, x, y, z
0,arm,65.36109161376953,204.7490692138672,0
1,body,159.1477508544922,131.29629516601562,0
3,bucket,87.65834045410156,154.42263793945312,0
4,bucket_tip,83.38257598876953,123.21282958984375,0
