,name, x, y, z
0,arm,67.08456420898438,213.27615356445312,0
1,body,158.7209930419922,148.250732421875,0
3,bucket,94.96614837646484,160.4319305419922,0
4,bucket_tip,114.27498626708984,134.45883178710938,0
