,name, x, y, z
0,arm,67.54840850830078,214.62217712402344,0
1,body,158.8200225830078,147.73721313476562,0
3,bucket,95.33476257324219,161.32220458984375,0
4,bucket_tip,114.94401550292969,134.69696044921875,0
