,name, x, y, z
0,arm,67.89563751220703,215.21043395996094,0
1,body,158.86782836914062,147.520263671875,0
3,bucket,95.61028289794922,161.68557739257812,0
4,bucket_tip,115.29864501953125,134.77926635742188,0
