,name, x, y, z
0,arm,68.88682556152344,216.08726501464844,0
1,body,158.95484924316406,147.1962127685547,0
3,bucket,96.38238525390625,162.1195831298828,0
4,bucket_tip,116.0408935546875,134.8294677734375,0
