,name, x, y, z
0,arm,65.51943969726562,204.5296630859375,0
1,body,159.3345489501953,131.13572692871094,0
3,bucket,87.8177719116211,154.2981719970703,0
4,bucket_tip,83.39798736572266,123.0348129272461,0
