,name, x, y, z
0,arm,73.49747467041016,215.00721740722656,0
1,body,159.14280700683594,148.18275451660156,0
3,bucket,99.74565887451172,161.0911865234375,0
4,bucket_tip,118.38103485107422,134.2989044189453,0
