,name, x, y, z
0,arm,77.0083236694336,214.42344665527344,0
1,body,159.39797973632812,147.97181701660156,0
3,bucket,102.3809814453125,161.22740173339844,0
4,bucket_tip,121.06822204589844,133.6065216064453,0
