,name, x, y, z
0,arm,78.14863586425781,214.93087768554688,0
1,body,159.52499389648438,147.71823120117188,0
3,bucket,103.27703094482422,161.5671844482422,0
4,bucket_tip,122.17716217041016,133.30758666992188,0
