,name, x, y, z
0,arm,79.286376953125,215.64979553222656,0
1,body,159.67266845703125,147.4232635498047,0
3,bucket,104.15457153320312,161.9436492919922,0
4,bucket_tip,123.31857299804688,132.97996520996094,0
