,name, x, y, z
0,arm,80.43576049804688,216.4617919921875,0
1,body,159.8406524658203,147.10687255859375,0
3,bucket,104.99706268310547,162.2862548828125,0
4,bucket_tip,124.44647979736328,132.6270751953125,0
