,name, x, y, z
0,arm,85.42633056640625,218.44020080566406,0
1,body,160.70188903808594,145.99667358398438,0
3,bucket,107.71284484863281,162.19117736816406,0
4,bucket_tip,127.97918701171875,131.0360565185547,0
