,name, x, y, z
0,arm,94.14139556884766,218.6127471923828,0
1,body,162.191162109375,145.11605834960938,0
3,bucket,109.72319793701172,158.76806640625,0
4,bucket_tip,129.88421630859375,128.53988647460938,0
