,name, x, y, z
0,arm,95.95427703857422,219.20523071289062,0
1,body,162.3238067626953,144.8389434814453,0
3,bucket,109.53972625732422,158.17654418945312,0
4,bucket_tip,129.5847930908203,128.24325561523438,0
