,name, x, y, z
0,arm,95.76626586914062,221.1740264892578,0
1,body,162.16432189941406,144.54718017578125,0
3,bucket,107.57357788085938,160.02146911621094,0
4,bucket_tip,127.32470703125,130.10374450683594,0
