,name, x, y, z
0,arm,66.24710845947266,204.50857543945312,0
1,body,160.04562377929688,131.4403533935547,0
3,bucket,88.36589050292969,154.2705535888672,0
4,bucket_tip,83.46980285644531,123.54869842529297,0
