,name, x, y, z
0,arm,95.44053649902344,225.25396728515625,0
1,body,161.90284729003906,143.8191680908203,0
3,bucket,100.41569519042969,164.38763427734375,0
4,bucket_tip,119.6222152709961,134.55775451660156,0
