,name, x, y, z
0,arm,95.39956665039062,225.5296630859375,0
1,body,161.8896026611328,143.7138671875,0
3,bucket,99.42633056640625,164.64157104492188,0
4,bucket_tip,118.63264465332031,134.8175048828125,0
