,name, x, y, z
0,arm,95.1706771850586,225.82058715820312,0
1,body,162.0802764892578,143.22940063476562,0
3,bucket,95.27665710449219,164.5258026123047,0
4,bucket_tip,114.70784759521484,134.74505615234375,0
