,name, x, y, z
0,arm,92.8634262084961,221.94679260253906,0
1,body,164.36764526367188,142.4365234375,0
3,bucket,88.2221450805664,161.06393432617188,0
4,bucket_tip,108.40487670898438,131.68072509765625,0
