,name, x, y, z
0,arm,92.04441833496094,220.6221160888672,0
1,body,164.92324829101562,142.34353637695312,0
3,bucket,86.44515228271484,160.4561309814453,0
4,bucket_tip,106.71525573730469,131.14344787597656,0
