,name, x, y, z
0,arm,91.6699447631836,220.0595245361328,0
1,body,165.1012725830078,142.3351593017578,0
3,bucket,85.61984252929688,160.37278747558594,0
4,bucket_tip,105.88472747802734,131.07029724121094,0
