,name, x, y, z
0,arm,90.81459045410156,218.89598083496094,0
1,body,165.49234008789062,142.41525268554688,0
3,bucket,83.42207336425781,160.4950408935547,0
4,bucket_tip,103.44175720214844,131.2190704345703,0
