,name, x, y, z
0,arm,90.48157501220703,218.36380004882812,0
1,body,165.74510192871094,142.5302734375,0
3,bucket,82.16997528076172,160.67092895507812,0
4,bucket_tip,101.8483657836914,131.4366912841797,0
