,name, x, y, z
0,arm,67.26890563964844,204.98983764648438,0
1,body,160.8872833251953,132.28759765625,0
3,bucket,88.8966293334961,154.3970489501953,0
4,bucket_tip,83.5691909790039,124.8629379272461,0
