,name, x, y, z
0,arm,90.29476165771484,217.70455932617188,0
1,body,166.28457641601562,142.87503051757812,0
3,bucket,80.09939575195312,161.15525817871094,0
4,bucket_tip,98.7278823852539,132.03860473632812,0
