,name, x, y, z
0,arm,90.33267211914062,217.60418701171875,0
1,body,166.4351043701172,142.97976684570312,0
3,bucket,79.65947723388672,161.28878784179688,0
4,bucket_tip,97.95858764648438,132.20477294921875,0
