,name, x, y, z
0,arm,90.49174499511719,217.45680236816406,0
1,body,166.76535034179688,143.20497131347656,0
3,bucket,78.85786437988281,161.5523681640625,0
4,bucket_tip,96.42950439453125,132.53306579589844,0
