,name, x, y, z
0,arm,91.85539245605469,217.07643127441406,0
1,body,168.69117736816406,144.1810760498047,0
3,bucket,76.37701416015625,162.1790008544922,0
4,bucket_tip,90.36461639404297,133.31350708007812,0
