,name, x, y, z
0,arm,92.06458282470703,216.9958953857422,0
1,body,169.01670837402344,144.29647827148438,0
3,bucket,76.11338806152344,162.17933654785156,0
4,bucket_tip,89.6041259765625,133.31201171875,0
