,name, x, y, z
0,arm,92.48428344726562,216.7789764404297,0
1,body,169.69436645507812,144.51341247558594,0
3,bucket,75.60328674316406,162.17471313476562,0
4,bucket_tip,88.0802001953125,133.29318237304688,0
