,name, x, y, z
0,arm,92.9063949584961,216.48211669921875,0
1,body,170.40367126464844,144.71046447753906,0
3,bucket,75.11711883544922,162.16122436523438,0
4,bucket_tip,86.5545654296875,133.25228881835938,0
