,name, x, y, z
0,arm,93.33206939697266,216.10528564453125,0
1,body,171.13958740234375,144.888427734375,0
3,bucket,74.65572357177734,162.1392059326172,0
4,bucket_tip,85.02959442138672,133.1907958984375,0
