,name, x, y, z
0,arm,94.1983413696289,215.1145477294922,0
1,body,172.67132568359375,145.19017028808594,0
3,bucket,73.81105041503906,162.07078552246094,0
4,bucket_tip,81.99101257324219,133.01150512695312,0
