,name, x, y, z
0,arm,68.40017700195312,205.72848510742188,0
1,body,161.69146728515625,133.03131103515625,0
3,bucket,89.24581909179688,154.54615783691406,0
4,bucket_tip,83.66524505615234,126.05440521240234,0
