,name, x, y, z
0,arm,95.78443145751953,212.6347198486328,0
1,body,175.44017028808594,145.5604705810547,0
3,bucket,72.60223388671875,161.87950134277344,0
4,bucket_tip,76.75923919677734,132.5465545654297,0
