,name, x, y, z
0,arm,96.2591552734375,211.7552490234375,0
1,body,176.22760009765625,145.6331787109375,0
3,bucket,72.32424926757812,161.8096923828125,0
4,bucket_tip,75.29600524902344,132.38523864746094,0
