,name, x, y, z
0,arm,96.74542999267578,210.8011016845703,0
1,body,177.00424194335938,145.69256591796875,0
3,bucket,72.07789611816406,161.7336883544922,0
4,bucket_tip,73.85111236572266,132.2138214111328,0
