,name, x, y, z
0,arm,98.01859283447266,208.09353637695312,0
1,body,178.8660430908203,145.78793334960938,0
3,bucket,71.60629272460938,161.51878356933594,0
4,bucket_tip,70.33470153808594,131.7503662109375,0
