,name, x, y, z
0,arm,99.38719177246094,204.93463134765625,0
1,body,180.55149841308594,145.8170166015625,0
3,bucket,71.3521957397461,161.27223205566406,0
4,bucket_tip,66.98463439941406,131.25457763671875,0
