,name, x, y, z
0,arm,100.4955825805664,202.08853149414062,0
1,body,181.7316131591797,145.6876220703125,0
3,bucket,71.25785064697266,160.8391876220703,0
4,bucket_tip,64.447509765625,130.83836364746094,0
