,name, x, y, z
0,arm,100.75031280517578,201.33578491210938,0
1,body,182.00437927246094,145.6177215576172,0
3,bucket,71.23969268798828,160.6659393310547,0
4,bucket_tip,63.83460235595703,130.73106384277344,0
