,name, x, y, z
0,arm,69.12252044677734,206.25900268554688,0
1,body,162.13565063476562,133.20326232910156,0
3,bucket,89.31993103027344,154.60049438476562,0
4,bucket_tip,83.715087890625,126.39889526367188,0
