,name, x, y, z
0,arm,100.9959945678711,200.56869506835938,0
1,body,182.26902770996094,145.53411865234375,0
3,bucket,71.22348022460938,160.4691162109375,0
4,bucket_tip,63.23051834106445,130.62274169921875,0
