,name, x, y, z
0,arm,101.23292541503906,199.78846740722656,0
1,body,182.52606201171875,145.43751525878906,0
3,bucket,71.2092514038086,160.24996948242188,0
4,bucket_tip,62.63543701171875,130.5135498046875,0
