,name, x, y, z
0,arm,101.89424896240234,197.3802947998047,0
1,body,183.25535583496094,145.07672119140625,0
3,bucket,71.1773681640625,159.47096252441406,0
4,bucket_tip,60.9053840637207,130.18238830566406,0
