,name, x, y, z
0,arm,102.0992431640625,196.55886840820312,0
1,body,183.48593139648438,144.93504333496094,0
3,bucket,71.170166015625,159.17486572265625,0
4,bucket_tip,60.34759521484375,130.0712890625,0
