,name, x, y, z
0,arm,102.85035705566406,193.2102508544922,0
1,body,184.35684204101562,144.27947998046875,0
3,bucket,71.15624237060547,157.84103393554688,0
4,bucket_tip,58.21453857421875,129.62744140625,0
