,name, x, y, z
0,arm,103.18891906738281,191.5142059326172,0
1,body,184.76731872558594,143.90794372558594,0
3,bucket,71.15730285644531,157.10166931152344,0
4,bucket_tip,57.208866119384766,129.40792846679688,0
