,name, x, y, z
0,arm,103.9473876953125,187.2840576171875,0
1,body,185.74754333496094,142.89544677734375,0
3,bucket,71.17864990234375,155.12094116210938,0
4,bucket_tip,54.88124084472656,128.87599182128906,0
