,name, x, y, z
0,arm,104.08651733398438,186.44888305664062,0
1,body,185.93905639648438,142.68406677246094,0
3,bucket,71.18558502197266,154.7119598388672,0
4,bucket_tip,54.44882583618164,128.773681640625,0
