,name, x, y, z
0,arm,104.22216796875,185.62001037597656,0
1,body,186.13003540039062,142.4713134765625,0
3,bucket,71.19317626953125,154.30154418945312,0
4,bucket_tip,54.02776336669922,128.67311096191406,0
