,name, x, y, z
0,arm,104.85921478271484,181.60995483398438,0
1,body,187.09164428710938,141.41098022460938,0
3,bucket,71.23925018310547,152.27125549316406,0
4,bucket_tip,52.09769821166992,128.2012176513672,0
