,name, x, y, z
0,arm,104.98056030273438,180.84283447265625,0
1,body,187.28823852539062,141.20437622070312,0
3,bucket,71.24957275390625,151.87815856933594,0
4,bucket_tip,51.747737884521484,128.11410522460938,0
