,name, x, y, z
0,arm,105.10064697265625,180.09002685546875,0
1,body,187.4872589111328,141.00119018554688,0
3,bucket,71.26011657714844,151.4922637939453,0
4,bucket_tip,51.41014099121094,128.02976989746094,0
