,name, x, y, z
0,arm,105.21971893310547,179.35263061523438,0
1,body,187.68905639648438,140.80210876464844,0
3,bucket,71.27076721191406,151.11477661132812,0
4,bucket_tip,51.084983825683594,127.94835662841797,0
