,name, x, y, z
0,arm,105.5741958618164,177.2445526123047,0
1,body,188.3156280517578,140.23629760742188,0
3,bucket,71.30278015136719,150.04513549804688,0
4,bucket_tip,50.185882568359375,127.72319030761719,0
