,name, x, y, z
0,arm,105.93104553222656,175.31658935546875,0
1,body,188.98268127441406,139.73196411132812,0
3,bucket,71.3333511352539,149.09555053710938,0
4,bucket_tip,49.40420150756836,127.52980041503906,0
