,name, x, y, z
0,arm,70.32516479492188,207.2135772705078,0
1,body,162.9268035888672,133.37335205078125,0
3,bucket,89.42827606201172,154.6577606201172,0
4,bucket_tip,83.8131103515625,126.8475341796875,0
