,name, x, y, z
0,arm,106.95801544189453,171.2909698486328,0
1,body,191.04547119140625,138.82810974121094,0
3,bucket,71.39299774169922,147.40260314941406,0
4,bucket_tip,47.922508239746094,127.2005386352539,0
