,name, x, y, z
0,arm,107.89268493652344,169.6087646484375,0
1,body,192.93551635742188,139.20233154296875,0
3,bucket,71.47428131103516,147.24908447265625,0
4,bucket_tip,47.407615661621094,127.17192077636719,0
