,name, x, y, z
0,arm,108.10079193115234,169.45802307128906,0
1,body,193.2244873046875,139.6851348876953,0
3,bucket,71.54122924804688,147.38629150390625,0
4,bucket_tip,47.344688415527344,127.21036529541016,0
