,name, x, y, z
0,arm,108.61488342285156,169.21652221679688,0
1,body,193.6725616455078,140.88385009765625,0
3,bucket,71.6802749633789,148.39308166503906,0
4,bucket_tip,47.01082229614258,127.59276580810547,0
