,name, x, y, z
0,arm,108.66162872314453,169.2585906982422,0
1,body,193.66305541992188,141.14883422851562,0
3,bucket,71.56588745117188,149.70619201660156,0
4,bucket_tip,46.57317352294922,128.43121337890625,0
