,name, x, y, z
0,arm,108.65715026855469,169.42576599121094,0
1,body,193.6521759033203,141.2681884765625,0
3,bucket,71.42697143554688,150.5508270263672,0
4,bucket_tip,46.282562255859375,129.13119506835938,0
