,name, x, y, z
0,arm,108.636962890625,170.0603485107422,0
1,body,193.6217498779297,141.48214721679688,0
3,bucket,70.99932861328125,152.56674194335938,0
4,bucket_tip,45.56442642211914,131.02493286132812,0
