,name, x, y, z
0,arm,108.45137786865234,173.83839416503906,0
1,body,193.5118865966797,141.94773864746094,0
3,bucket,68.71450805664062,160.51644897460938,0
4,bucket_tip,42.408241271972656,139.6822509765625,0
