,name, x, y, z
0,arm,108.33480072021484,175.52728271484375,0
1,body,193.48780822753906,142.05226135253906,0
3,bucket,67.69165802001953,163.5368194580078,0
4,bucket_tip,41.05707550048828,143.19915771484375,0
