,name, x, y, z
0,arm,108.26407623291016,176.41932678222656,0
1,body,193.48129272460938,142.0963592529297,0
3,bucket,67.14352416992188,165.07196044921875,0
4,bucket_tip,40.33127212524414,145.01502990722656,0
