,name, x, y, z
0,arm,108.18438720703125,177.3333282470703,0
1,body,193.47943115234375,142.1354522705078,0
3,bucket,66.57454681396484,166.610595703125,0
4,bucket_tip,39.57374572753906,146.85116577148438,0
