,name, x, y, z
0,arm,107.88670349121094,180.1339111328125,0
1,body,193.5084991455078,142.22555541992188,0
3,bucket,64.76984405517578,171.14852905273438,0
4,bucket_tip,37.1237907409668,152.34559631347656,0
