,name, x, y, z
0,arm,71.02970886230469,207.82342529296875,0
1,body,163.45849609375,133.4376983642578,0
3,bucket,89.5029296875,154.66903686523438,0
4,bucket_tip,83.88050079345703,127.0949935913086,0
