,name, x, y, z
0,arm,107.16593933105469,184.5574951171875,0
1,body,193.71511840820312,142.30337524414062,0
3,bucket,61.59980392456055,177.8588104248047,0
4,bucket_tip,32.527740478515625,160.6446075439453,0
