,name, x, y, z
0,arm,106.98368072509766,185.33970642089844,0
1,body,193.7864990234375,142.310791015625,0
3,bucket,60.96601486206055,178.98397827148438,0
4,bucket_tip,31.54332733154297,162.0538330078125,0
