,name, x, y, z
0,arm,106.5771713256836,186.74302673339844,0
1,body,193.9649200439453,142.3199462890625,0
3,bucket,59.720428466796875,180.93836975097656,0
4,bucket_tip,29.51978302001953,164.51345825195312,0
