,name, x, y, z
0,arm,106.35193634033203,187.3495330810547,0
1,body,194.07342529296875,142.32228088378906,0
3,bucket,59.11414337158203,181.74781799316406,0
4,bucket_tip,28.483274459838867,165.53677368164062,0
