,name, x, y, z
0,arm,106.11140441894531,187.88279724121094,0
1,body,194.19566345214844,142.32350158691406,0
3,bucket,58.52243423461914,182.4322509765625,0
4,bucket_tip,27.4320011138916,166.40438842773438,0
