,name, x, y, z
0,arm,105.2930908203125,188.9700927734375,0
1,body,194.652099609375,142.3235626220703,0
3,bucket,56.86231231689453,183.6366424560547,0
4,bucket_tip,24.202587127685547,167.93760681152344,0
