,name, x, y, z
0,arm,104.34918212890625,189.2040557861328,0
1,body,195.31735229492188,142.48226928710938,0
3,bucket,55.600135803222656,183.7527618408203,0
4,bucket_tip,21.111360549926758,168.0719757080078,0
