,name, x, y, z
0,arm,104.0743179321289,189.2300567626953,0
1,body,195.5832977294922,142.6608428955078,0
3,bucket,55.3754768371582,183.78515625,0
4,bucket_tip,20.2633056640625,168.09861755371094,0
