,name, x, y, z
0,arm,103.26153564453125,189.43313598632812,0
1,body,196.68185424804688,143.84576416015625,0
3,bucket,55.2106819152832,183.93894958496094,0
4,bucket_tip,17.718013763427734,168.2292022705078,0
