,name, x, y, z
0,arm,103.10572052001953,189.49192810058594,0
1,body,196.95350646972656,144.2220458984375,0
3,bucket,55.2898063659668,183.96449279785156,0
4,bucket_tip,17.258987426757812,168.25296020507812,0
