,name, x, y, z
0,arm,102.67318725585938,189.63555908203125,0
1,body,197.7269287109375,145.42544555664062,0
3,bucket,55.61599349975586,183.9517822265625,0
4,bucket_tip,16.19073486328125,168.25738525390625,0
