,name, x, y, z
0,arm,102.52436828613281,189.662109375,0
1,body,197.9644775390625,145.82801818847656,0
3,bucket,55.71384811401367,183.90614318847656,0
4,bucket_tip,15.912759780883789,168.22740173339844,0
