,name, x, y, z
0,arm,102.36518859863281,189.6729736328125,0
1,body,198.18885803222656,146.22007751464844,0
3,bucket,55.78664779663086,183.83424377441406,0
4,bucket_tip,15.661646842956543,168.1773223876953,0
