,name, x, y, z
0,arm,100.5689468383789,189.06988525390625,0
1,body,199.26002502441406,148.15028381347656,0
3,bucket,54.650909423828125,182.31947326660156,0
4,bucket_tip,14.046294212341309,167.0486602783203,0
