,name, x, y, z
0,arm,97.9466552734375,187.54339599609375,0
1,body,199.3040771484375,147.9065399169922,0
3,bucket,50.64409255981445,179.7144775390625,0
4,bucket_tip,12.130423545837402,165.0657958984375,0
