,name, x, y, z
0,arm,97.22364044189453,187.0891571044922,0
1,body,199.22213745117188,147.62118530273438,0
3,bucket,49.372840881347656,178.9916534423828,0
4,bucket_tip,11.578371047973633,164.5130157470703,0
