,name, x, y, z
0,arm,96.42119598388672,186.57704162597656,0
1,body,198.84642028808594,147.28700256347656,0
3,bucket,47.97227096557617,178.21629333496094,0
4,bucket_tip,10.993517875671387,163.92787170410156,0
