,name, x, y, z
0,arm,95.55801391601562,186.0333251953125,0
1,body,198.0982666015625,146.95968627929688,0
3,bucket,46.6357536315918,177.4229736328125,0
4,bucket_tip,10.444438934326172,163.34042358398438,0
