,name, x, y, z
0,arm,92.99345397949219,184.58786010742188,0
1,body,195.30552673339844,145.89657592773438,0
3,bucket,44.08041000366211,173.6626434326172,0
4,bucket_tip,9.343088150024414,160.4993438720703,0
