,name, x, y, z
0,arm,90.89292907714844,184.15736389160156,0
1,body,192.848876953125,145.2827606201172,0
3,bucket,42.47743225097656,170.46412658691406,0
4,bucket_tip,10.91728401184082,157.67947387695312,0
