,name, x, y, z
0,arm,72.05509948730469,208.7931671142578,0
1,body,164.38478088378906,133.4335174560547,0
3,bucket,89.5987777709961,154.62103271484375,0
4,bucket_tip,83.96402740478516,127.38933563232422,0
