,name, x, y, z
0,arm,87.20013427734375,183.27822875976562,0
1,body,187.55612182617188,144.74978637695312,0
3,bucket,43.364986419677734,164.1861572265625,0
4,bucket_tip,21.45330047607422,149.36822509765625,0
