,name, x, y, z
0,arm,87.14723205566406,182.96717834472656,0
1,body,186.73455810546875,144.92555236816406,0
3,bucket,44.686668395996094,163.0113525390625,0
4,bucket_tip,24.117666244506836,147.3318634033203,0
