,name, x, y, z
0,arm,87.27996063232422,182.60745239257812,0
1,body,185.93817138671875,145.23477172851562,0
3,bucket,46.29885482788086,161.81344604492188,0
4,bucket_tip,26.912710189819336,145.1634979248047,0
