,name, x, y, z
0,arm,87.39978790283203,182.41384887695312,0
1,body,185.5432891845703,145.4307861328125,0
3,bucket,47.19027328491211,161.20616149902344,0
4,bucket_tip,28.344928741455078,144.0400848388672,0
