,name, x, y, z
0,arm,72.18869018554688,208.92465209960938,0
1,body,164.52354431152344,133.4185791015625,0
3,bucket,89.60414123535156,154.60494995117188,0
4,bucket_tip,83.9677505493164,127.41520690917969,0
