,name, x, y, z
0,arm,88.27472686767578,181.3806610107422,0
1,body,183.5032958984375,146.68734741210938,0
3,bucket,52.122589111328125,158.09097290039062,0
4,bucket_tip,35.6236457824707,138.19493103027344,0
