,name, x, y, z
0,arm,88.4596176147461,181.17361450195312,0
1,body,183.06494140625,146.9698486328125,0
3,bucket,53.13793182373047,157.45306396484375,0
4,bucket_tip,37.062835693359375,137.00904846191406,0
