,name, x, y, z
0,arm,88.91768646240234,180.58409118652344,0
1,body,181.64508056640625,147.81759643554688,0
3,bucket,56.07180404663086,155.51174926757812,0
4,bucket_tip,41.24433135986328,133.49160766601562,0
