,name, x, y, z
0,arm,88.97117614746094,179.81524658203125,0
1,body,178.78106689453125,149.02487182617188,0
3,bucket,60.020286560058594,152.19161987304688,0
4,bucket_tip,47.41594696044922,128.00973510742188,0
