,name, x, y, z
0,arm,88.8171615600586,179.70974731445312,0
1,body,178.11151123046875,149.2044677734375,0
3,bucket,60.583770751953125,151.51600646972656,0
4,bucket_tip,48.479122161865234,127.00740051269531,0
