,name, x, y, z
0,arm,88.292724609375,179.5614776611328,0
1,body,176.6559295654297,149.4742431640625,0
3,bucket,61.4089241027832,150.15414428710938,0
4,bucket_tip,50.38844299316406,125.12964630126953,0
