,name, x, y, z
0,arm,87.90936279296875,179.52230834960938,0
1,body,175.86497497558594,149.55752563476562,0
3,bucket,61.65165710449219,149.4681396484375,0
4,bucket_tip,51.223148345947266,124.26244354248047,0
