,name, x, y, z
0,arm,72.43358612060547,209.16357421875,0
1,body,164.78924560546875,133.37881469726562,0
3,bucket,89.60297393798828,154.56674194335938,0
4,bucket_tip,83.96366882324219,127.44927978515625,0
