,name, x, y, z
0,arm,83.81975555419922,179.7322540283203,0
1,body,169.9936981201172,150.0594024658203,0
3,bucket,60.84474563598633,145.71885681152344,0
4,bucket_tip,54.58341979980469,120.43219757080078,0
