,name, x, y, z
0,arm,82.94760131835938,179.81504821777344,0
1,body,168.93202209472656,150.15383911132812,0
3,bucket,60.475345611572266,145.17576599121094,0
4,bucket_tip,54.96507263183594,119.99927520751953,0
