,name, x, y, z
0,arm,82.0630874633789,179.9045867919922,0
1,body,167.88247680664062,150.2475128173828,0
3,bucket,60.0825309753418,144.65887451171875,0
4,bucket_tip,55.325870513916016,119.61486053466797,0
