,name, x, y, z
0,arm,81.18221282958984,179.99818420410156,0
1,body,166.85850524902344,150.3389892578125,0
3,bucket,59.68265151977539,144.169189453125,0
4,bucket_tip,55.67707443237305,119.27509307861328,0
