,name, x, y, z
0,arm,80.32089233398438,180.09336853027344,0
1,body,165.87347412109375,150.4268798828125,0
3,bucket,59.29201126098633,143.70779418945312,0
4,bucket_tip,56.029945373535156,118.9761734008789,0
