,name, x, y, z
0,arm,78.0138931274414,180.36228942871094,0
1,body,163.28680419921875,150.6544647216797,0
3,bucket,58.33958435058594,142.5037841796875,0
4,bucket_tip,57.211456298828125,118.28617095947266,0
