,name, x, y, z
0,arm,76.86624908447266,180.50198364257812,0
1,body,162.00375366210938,150.76177978515625,0
3,bucket,58.05121994018555,141.8617706298828,0
4,bucket_tip,58.214359283447266,117.96018981933594,0
