,name, x, y, z
0,arm,75.57691955566406,180.77137756347656,0
1,body,159.38722229003906,151.17857360839844,0
3,bucket,58.68492889404297,141.17454528808594,0
4,bucket_tip,61.909820556640625,117.7059555053711,0
