,name, x, y, z
0,arm,75.57014465332031,181.1122589111328,0
1,body,158.7649383544922,151.4598846435547,0
3,bucket,59.00428009033203,141.42713928222656,0
4,bucket_tip,62.59137725830078,118.016845703125,0
