,name, x, y, z
0,arm,75.61028289794922,181.37294006347656,0
1,body,158.46951293945312,151.62979125976562,0
3,bucket,59.18824005126953,141.6041259765625,0
4,bucket_tip,62.879180908203125,118.23518371582031,0
