,name, x, y, z
0,arm,72.65587615966797,209.3717041015625,0
1,body,165.04054260253906,133.32760620117188,0
3,bucket,89.58377075195312,154.52105712890625,0
4,bucket_tip,83.94219207763672,127.46146392822266,0
