,name, x, y, z
0,arm,75.87784576416016,182.45387268066406,0
1,body,157.64483642578125,152.2321319580078,0
3,bucket,59.846519470214844,142.30023193359375,0
4,bucket_tip,63.57942199707031,119.09510803222656,0
