,name, x, y, z
0,arm,76.00862884521484,182.8965301513672,0
1,body,157.39016723632812,152.45706176757812,0
3,bucket,60.104042053222656,142.5768585205078,0
4,bucket_tip,63.7720832824707,119.4371109008789,0
