,name, x, y, z
0,arm,76.49423217773438,184.39894104003906,0
1,body,156.68565368652344,153.17611694335938,0
3,bucket,61.00175094604492,143.4966583251953,0
4,bucket_tip,64.28488159179688,120.57477569580078,0
