,name, x, y, z
0,arm,72.76129150390625,209.46473693847656,0
1,body,165.16123962402344,133.29833984375,0
3,bucket,89.56661224365234,154.49563598632812,0
4,bucket_tip,83.92415618896484,127.45994567871094,0
