,name, x, y, z
0,arm,77.6833724975586,187.72244262695312,0
1,body,155.53587341308594,154.63150024414062,0
3,bucket,63.43110656738281,145.45864868164062,0
4,bucket_tip,65.38438415527344,123.00291442871094,0
