,name, x, y, z
0,arm,77.88362884521484,188.25718688964844,0
1,body,155.37677001953125,154.85275268554688,0
3,bucket,63.927284240722656,145.76492309570312,0
4,bucket_tip,65.62479400634766,123.382080078125,0
