,name, x, y, z
0,arm,78.44303131103516,189.72494506835938,0
1,body,154.95333862304688,155.4395751953125,0
3,bucket,65.58794403076172,146.58560180664062,0
4,bucket_tip,66.52558898925781,124.39810180664062,0
