,name, x, y, z
0,arm,78.75907897949219,190.53787231445312,0
1,body,154.715087890625,155.74649047851562,0
3,bucket,66.8463134765625,147.01951599121094,0
4,bucket_tip,67.31653594970703,124.93536376953125,0
