,name, x, y, z
0,arm,78.89330291748047,190.8791046142578,0
1,body,154.60888671875,155.8686065673828,0
3,bucket,67.52324676513672,147.19313049316406,0
4,bucket_tip,67.78141784667969,125.15031433105469,0
