,name, x, y, z
0,arm,79.10291290283203,191.40521240234375,0
1,body,154.421875,156.04005432128906,0
3,bucket,68.97645568847656,147.43792724609375,0
4,bucket_tip,68.8702392578125,125.45341491699219,0
