,name, x, y, z
0,arm,79.23663330078125,191.7257080078125,0
1,body,154.28958129882812,156.09222412109375,0
3,bucket,71.41544342041016,147.47335815429688,0
4,bucket_tip,70.96123504638672,125.52963256835938,0
