,name, x, y, z
0,arm,79.1440200805664,191.4129180908203,0
1,body,155.16836547851562,155.97610473632812,0
3,bucket,74.12808227539062,146.87109375,0
4,bucket_tip,73.62354278564453,125.1590805053711,0
