,name, x, y, z
0,arm,79.07076263427734,191.20533752441406,0
1,body,155.6210479736328,155.9144744873047,0
3,bucket,75.0724868774414,146.59591674804688,0
4,bucket_tip,74.62419891357422,124.98973846435547,0
