,name, x, y, z
0,arm,78.97791290283203,190.96861267089844,0
1,body,156.09774780273438,155.8448944091797,0
3,bucket,76.02902221679688,146.32073974609375,0
4,bucket_tip,75.67577362060547,124.82039642333984,0
