,name, x, y, z
0,arm,78.27411651611328,189.81602478027344,0
1,body,157.7670440673828,155.44654846191406,0
3,bucket,80.8691635131836,145.67117309570312,0
4,bucket_tip,81.61909484863281,124.44282531738281,0
