,name, x, y, z
0,arm,77.74766540527344,189.38397216796875,0
1,body,158.08888244628906,155.22085571289062,0
3,bucket,83.72832489013672,145.80117797851562,0
4,bucket_tip,85.64111328125,124.85079193115234,0
