,name, x, y, z
0,arm,63.63736343383789,200.38035583496094,0
1,body,159.82310485839844,144.30072021484375,0
3,bucket,86.27864074707031,158.05006408691406,0
4,bucket_tip,97.6521987915039,127.8074722290039,0
