,name, x, y, z
0,arm,77.18777465820312,189.03201293945312,0
1,body,158.16590881347656,155.01487731933594,0
3,bucket,86.49038696289062,146.07693481445312,0
4,bucket_tip,89.84860229492188,125.66227722167969,0
