,name, x, y, z
0,arm,76.99713897705078,188.9310760498047,0
1,body,158.1461639404297,154.9504852294922,0
3,bucket,87.3812026977539,146.19815063476562,0
4,bucket_tip,91.26753234863281,126.0042495727539,0
