,name, x, y, z
0,arm,76.42337799072266,188.67320251464844,0
1,body,157.97743225097656,154.77000427246094,0
3,bucket,89.93911743164062,146.64065551757812,0
4,bucket_tip,95.499267578125,127.1902084350586,0
