,name, x, y, z
0,arm,76.04663848876953,188.53562927246094,0
1,body,157.79293823242188,154.66001892089844,0
3,bucket,91.53116607666016,146.9947052001953,0
4,bucket_tip,98.24641418457031,128.0751953125,0
