,name, x, y, z
0,arm,75.16757202148438,188.29443359375,0
1,body,157.19158935546875,154.42015075683594,0
3,bucket,95.01126098632812,148.0482635498047,0
4,bucket_tip,104.54547882080078,130.39068603515625,0
