,name, x, y, z
0,arm,74.85638427734375,188.2326202392578,0
1,body,156.93531799316406,154.33786010742188,0
3,bucket,96.16593933105469,148.5232391357422,0
4,bucket_tip,106.72602081298828,131.2762908935547,0
