,name, x, y, z
0,arm,74.57703399658203,188.18698120117188,0
1,body,156.69308471679688,154.26319885253906,0
3,bucket,97.16363525390625,149.02098083496094,0
4,bucket_tip,108.64906311035156,132.0919952392578,0
