,name, x, y, z
0,arm,74.33541870117188,188.15509033203125,0
1,body,156.480224609375,154.19598388671875,0
3,bucket,97.99011993408203,149.5361785888672,0
4,bucket_tip,110.27212524414062,132.80661010742188,0
