,name, x, y, z
0,arm,73.27412414550781,209.8274383544922,0
1,body,165.72264099121094,133.1260223388672,0
3,bucket,89.39254760742188,154.34677124023438,0
4,bucket_tip,83.74858856201172,127.3862533569336,0
