,name, x, y, z
0,arm,74.05638885498047,188.12770080566406,0
1,body,156.24966430664062,154.10879516601562,0
3,bucket,98.87773895263672,150.33023071289062,0
4,bucket_tip,112.0512924194336,133.620849609375,0
