,name, x, y, z
0,arm,73.93452453613281,188.1195526123047,0
1,body,156.17747497558594,154.0595703125,0
3,bucket,99.21395111083984,150.86611938476562,0
4,bucket_tip,112.73847961425781,133.94642639160156,0
