,name, x, y, z
0,arm,73.87081146240234,188.11663818359375,0
1,body,156.18844604492188,154.01727294921875,0
3,bucket,99.32920837402344,151.40106201171875,0
4,bucket_tip,112.97701263427734,134.0618896484375,0
