,name, x, y, z
0,arm,73.86257934570312,188.1164093017578,0
1,body,156.21913146972656,153.9984893798828,0
3,bucket,99.3033676147461,151.66641235351562,0
4,bucket_tip,112.93283081054688,134.0588836669922,0
