,name, x, y, z
0,arm,73.82414245605469,188.13108825683594,0
1,body,156.25360107421875,153.9809112548828,0
3,bucket,99.22801208496094,151.92945861816406,0
4,bucket_tip,112.80406951904297,134.04998779296875,0
