,name, x, y, z
0,arm,73.3814926147461,209.8809051513672,0
1,body,165.82785034179688,133.08819580078125,0
3,bucket,89.33784484863281,154.31329345703125,0
4,bucket_tip,83.69422149658203,127.36002349853516,0
