,name, x, y, z
0,arm,72.6262435913086,188.6092071533203,0
1,body,156.4841766357422,153.90867614746094,0
3,bucket,98.22431945800781,153.19766235351562,0
4,bucket_tip,111.0887451171875,133.9244384765625,0
