,name, x, y, z
0,arm,72.2198486328125,188.77734375,0
1,body,156.54229736328125,153.89682006835938,0
3,bucket,97.92127227783203,153.43939208984375,0
4,bucket_tip,110.57086181640625,133.88455200195312,0
