,name, x, y, z
0,arm,71.27951049804688,189.17648315429688,0
1,body,156.67092895507812,153.87501525878906,0
3,bucket,97.23931884765625,153.90809631347656,0
4,bucket_tip,109.40538787841797,133.79159545898438,0
