,name, x, y, z
0,arm,68.41352844238281,190.48495483398438,0
1,body,157.06723022460938,153.8283233642578,0
3,bucket,95.24567413330078,154.97706604003906,0
4,bucket_tip,105.99825286865234,133.491943359375,0
