,name, x, y, z
0,arm,67.7912826538086,190.79026794433594,0
1,body,157.15968322753906,153.81968688964844,0
3,bucket,94.82383728027344,155.17039489746094,0
4,bucket_tip,105.27735900878906,133.422119140625,0
