,name, x, y, z
0,arm,64.12641906738281,192.82638549804688,0
1,body,157.81105041503906,153.7662811279297,0
3,bucket,92.40837097167969,156.15701293945312,0
4,bucket_tip,101.14933776855469,132.95098876953125,0
