,name, x, y, z
0,arm,63.04872131347656,193.55401611328125,0
1,body,158.06619262695312,153.74600219726562,0
3,bucket,91.72639465332031,156.41127014160156,0
4,bucket_tip,99.98385620117188,132.7789764404297,0
