,name, x, y, z
0,arm,73.6097640991211,209.9703369140625,0
1,body,166.0326385498047,133.0112762451172,0
3,bucket,89.20594024658203,154.243408203125,0
4,bucket_tip,83.56372833251953,127.29811096191406,0
