,name, x, y, z
0,arm,61.70199203491211,194.658203125,0
1,body,158.4858856201172,153.71112060546875,0
3,bucket,90.90969848632812,156.71290588378906,0
4,bucket_tip,98.58809661865234,132.51251220703125,0
