,name, x, y, z
0,arm,61.344661712646484,195.02487182617188,0
1,body,158.63584899902344,153.69798278808594,0
3,bucket,90.70565795898438,156.790771484375,0
4,bucket_tip,98.2394027709961,132.42225646972656,0
