,name, x, y, z
0,arm,60.50407791137695,196.4523468017578,0
1,body,159.28736877441406,153.63587951660156,0
3,bucket,90.31846618652344,156.97915649414062,0
4,bucket_tip,97.57770538330078,132.05950927734375,0
