,name, x, y, z
0,arm,60.46564483642578,196.79339599609375,0
1,body,159.46334838867188,153.6175537109375,0
3,bucket,90.33805847167969,157.0,0
4,bucket_tip,97.60662078857422,131.96937561035156,0
