,name, x, y, z
0,arm,61.037139892578125,198.37014770507812,0
1,body,160.40956115722656,153.50372314453125,0
3,bucket,90.9731674194336,157.09133911132812,0
4,bucket_tip,98.54374694824219,131.5275115966797,0
