,name, x, y, z
0,arm,61.27601623535156,198.6600341796875,0
1,body,160.609375,153.4756317138672,0
3,bucket,91.19577026367188,157.10716247558594,0
4,bucket_tip,98.8722152709961,131.4413604736328,0
