,name, x, y, z
0,arm,62.20417022705078,199.47998046875,0
1,body,161.22311401367188,153.37857055664062,0
3,bucket,92.02427673339844,157.15005493164062,0
4,bucket_tip,100.09474182128906,131.18836975097656,0
