,name, x, y, z
0,arm,62.97824478149414,199.98585510253906,0
1,body,161.6403350830078,153.30189514160156,0
3,bucket,92.6936264038086,157.17506408691406,0
4,bucket_tip,101.0824203491211,131.02496337890625,0
