,name, x, y, z
0,arm,63.40559005737305,200.2267608642578,0
1,body,161.85020446777344,153.2595977783203,0
3,bucket,93.05833435058594,157.18655395507812,0
4,bucket_tip,101.62055969238281,130.9450225830078,0
