,name, x, y, z
0,arm,73.8634262084961,210.03778076171875,0
1,body,166.23123168945312,132.93438720703125,0
3,bucket,89.04193115234375,154.17022705078125,0
4,bucket_tip,83.40213775634766,127.2252197265625,0
