,name, x, y, z
0,arm,63.85701370239258,200.45973205566406,0
1,body,162.0604248046875,153.21450805664062,0
3,bucket,93.44080352783203,157.19735717773438,0
4,bucket_tip,102.18492126464844,130.8663330078125,0
