,name, x, y, z
0,arm,64.33042907714844,200.684814453125,0
1,body,162.2705841064453,153.16650390625,0
3,bucket,93.8393325805664,157.20755004882812,0
4,bucket_tip,102.77298736572266,130.78897094726562,0
