,name, x, y, z
0,arm,64.82372283935547,200.9021453857422,0
1,body,162.48031616210938,153.1154327392578,0
3,bucket,94.25225067138672,157.21713256835938,0
4,bucket_tip,103.38227844238281,130.7130126953125,0
