,name, x, y, z
0,arm,66.40205383300781,201.50790405273438,0
1,body,163.10308837890625,152.94271850585938,0
3,bucket,95.56035614013672,157.24232482910156,0
4,bucket_tip,105.31248474121094,130.49403381347656,0
