,name, x, y, z
0,arm,68.65794372558594,202.21046447753906,0
1,body,163.90415954589844,152.6622314453125,0
3,bucket,97.4031982421875,157.2684326171875,0
4,bucket_tip,108.03170776367188,130.22528076171875,0
