,name, x, y, z
0,arm,69.23501586914062,202.36773681640625,0
1,body,164.09664916992188,152.5823211669922,0
3,bucket,97.8702392578125,157.2737579345703,0
4,bucket_tip,108.72087860107422,130.1626739501953,0
