,name, x, y, z
0,arm,69.81311798095703,202.5178680419922,0
1,body,164.28524780273438,152.49826049804688,0
3,bucket,98.3364486694336,157.27865600585938,0
4,bucket_tip,109.4087905883789,130.1020050048828,0
