,name, x, y, z
0,arm,70.39018249511719,202.6608123779297,0
1,body,164.46958923339844,152.40989685058594,0
3,bucket,98.80010986328125,157.28309631347656,0
4,bucket_tip,110.09297180175781,130.04336547851562,0
