,name, x, y, z
0,arm,73.71330261230469,203.3725128173828,0
1,body,165.46461486816406,151.78280639648438,0
3,bucket,101.43409729003906,157.30201721191406,0
4,bucket_tip,113.9795913696289,129.7373809814453,0
