,name, x, y, z
0,arm,74.22440338134766,203.46739196777344,0
1,body,165.60838317871094,151.6609649658203,0
3,bucket,101.83263397216797,157.30406188964844,0
4,bucket_tip,114.56766510009766,129.69464111328125,0
