,name, x, y, z
0,arm,75.64254760742188,203.7126922607422,0
1,body,165.99415588378906,151.26332092285156,0
3,bucket,102.92505645751953,157.30859375,0
4,bucket_tip,116.17960357666016,129.58175659179688,0
