,name, x, y, z
0,arm,76.47106170654297,203.8440704345703,0
1,body,166.2095947265625,150.97021484375,0
3,bucket,103.55043029785156,157.31053161621094,0
4,bucket_tip,117.10237121582031,129.51995849609375,0
