,name, x, y, z
0,arm,78.01099395751953,204.0640106201172,0
1,body,166.5796661376953,150.132080078125,0
3,bucket,104.65496063232422,157.31268310546875,0
4,bucket_tip,118.73220825195312,129.41624450683594,0
