,name, x, y, z
0,arm,78.48685455322266,204.12416076660156,0
1,body,166.67086791992188,149.55201721191406,0
3,bucket,104.93537139892578,157.3128662109375,0
4,bucket_tip,119.14596557617188,129.39134216308594,0
