,name, x, y, z
0,arm,78.58248138427734,204.13548278808594,0
1,body,166.57705688476562,149.13162231445312,0
3,bucket,104.88337707519531,157.28091430664062,0
4,bucket_tip,119.12066650390625,129.3897247314453,0
