,name, x, y, z
0,arm,78.03080749511719,204.00601196289062,0
1,body,165.31607055664062,148.4807891845703,0
3,bucket,103.98143005371094,156.87808227539062,0
4,bucket_tip,118.43763732910156,129.39410400390625,0
