,name, x, y, z
0,arm,77.65619659423828,203.9180908203125,0
1,body,164.6755828857422,148.2708282470703,0
3,bucket,103.5232925415039,156.67349243164062,0
4,bucket_tip,118.0906982421875,129.39834594726562,0
