,name, x, y, z
0,arm,75.74917602539062,203.47052001953125,0
1,body,161.81336975097656,147.5497589111328,0
3,bucket,101.47601318359375,155.75918579101562,0
4,bucket_tip,116.54033660888672,129.44032287597656,0
