,name, x, y, z
0,arm,74.83651733398438,203.25633239746094,0
1,body,160.62245178222656,147.30462646484375,0
3,bucket,100.62418365478516,155.37875366210938,0
4,bucket_tip,115.89524841308594,129.48216247558594,0
