,name, x, y, z
0,arm,74.46192169189453,203.1684112548828,0
1,body,160.19210815429688,147.221923828125,0
3,bucket,100.31637573242188,155.24127197265625,0
4,bucket_tip,115.66214752197266,129.50975036621094,0
