,name, x, y, z
0,arm,74.16905975341797,203.0996856689453,0
1,body,159.91189575195312,147.16998291015625,0
3,bucket,100.11593627929688,155.15176391601562,0
4,bucket_tip,115.51036834716797,129.54234313964844,0
