,name, x, y, z
0,arm,74.66661071777344,210.12107849121094,0
1,body,166.71055603027344,132.75650024414062,0
3,bucket,88.47451782226562,153.97811889648438,0
4,bucket_tip,82.84574890136719,127.00828552246094,0
