,name, x, y, z
0,arm,73.8627700805664,203.5027313232422,0
1,body,159.77633666992188,147.4272918701172,0
3,bucket,99.79422760009766,155.64845275878906,0
4,bucket_tip,115.21021270751953,130.0760040283203,0
