,name, x, y, z
0,arm,73.82159423828125,204.36622619628906,0
1,body,159.71963500976562,147.8096160888672,0
3,bucket,99.50743865966797,156.3787384033203,0
4,bucket_tip,114.93638610839844,130.60215759277344,0
