,name, x, y, z
0,arm,73.81919860839844,204.7320556640625,0
1,body,159.69461059570312,147.9644012451172,0
3,bucket,99.40848541259766,156.67330932617188,0
4,bucket_tip,114.84468078613281,130.80612182617188,0
