,name, x, y, z
0,arm,73.84522247314453,205.557861328125,0
1,body,159.6350555419922,148.30612182617188,0
3,bucket,99.2248306274414,157.3214569091797,0
4,bucket_tip,114.68118286132812,131.24740600585938,0
