,name, x, y, z
0,arm,73.99614715576172,206.97508239746094,0
1,body,159.52142333984375,148.87696838378906,0
3,bucket,99.03362274169922,158.39697265625,0
4,bucket_tip,114.5372543334961,131.9688262939453,0
