,name, x, y, z
0,arm,74.0855712890625,207.4799041748047,0
1,body,159.47691345214844,149.076904296875,0
3,bucket,99.00529479980469,158.77120971679688,0
4,bucket_tip,114.53003692626953,132.2187957763672,0
