,name, x, y, z
0,arm,74.1983871459961,207.99459838867188,0
1,body,159.4290008544922,149.2791748046875,0
3,bucket,99.00004577636719,159.1483917236328,0
4,bucket_tip,114.54891204833984,132.4708709716797,0
