,name, x, y, z
0,arm,74.50354766845703,209.0384521484375,0
1,body,159.3228302001953,149.6849365234375,0
3,bucket,99.07170867919922,159.8998260498047,0
4,bucket_tip,114.67867279052734,132.9749755859375,0
