,name, x, y, z
0,arm,74.70052337646484,209.5599822998047,0
1,body,159.26449584960938,149.8854522705078,0
3,bucket,99.15510559082031,160.26815795898438,0
4,bucket_tip,114.79644012451172,133.2238006591797,0
