,name, x, y, z
0,arm,74.93017578125,210.07620239257812,0
1,body,159.20263671875,150.0824432373047,0
3,bucket,99.27454376220703,160.62765502929688,0
4,bucket_tip,114.95406341552734,133.4683837890625,0
