,name, x, y, z
0,arm,75.83844757080078,211.5550994873047,0
1,body,158.99522399902344,150.63742065429688,0
3,bucket,99.88121032714844,161.6234893798828,0
4,bucket_tip,115.7001724243164,134.16064453125,0
