,name, x, y, z
0,arm,77.6475601196289,213.22225952148438,0
1,body,158.6663818359375,151.23838806152344,0
3,bucket,101.39041137695312,162.64834594726562,0
4,bucket_tip,117.46088409423828,134.9275665283203,0
