,name, x, y, z
0,arm,80.27621459960938,214.31845092773438,0
1,body,158.27536010742188,151.593994140625,0
3,bucket,103.88959503173828,163.1538848876953,0
4,bucket_tip,120.29833221435547,135.42274475097656,0
