,name, x, y, z
0,arm,82.8662338256836,214.6259307861328,0
1,body,157.30059814453125,151.67225646972656,0
3,bucket,106.57415008544922,162.7742462158203,0
4,bucket_tip,123.60962677001953,135.56692504882812,0
