,name, x, y, z
0,arm,84.7109603881836,214.6836700439453,0
1,body,155.75572204589844,151.7845001220703,0
3,bucket,108.07206726074219,162.15179443359375,0
4,bucket_tip,125.750244140625,135.5867462158203,0
