,name, x, y, z
0,arm,85.53633880615234,214.75906372070312,0
1,body,155.0181427001953,151.9195556640625,0
3,bucket,108.31387329101562,162.0327911376953,0
4,bucket_tip,126.1094741821289,135.58750915527344,0
