,name, x, y, z
0,arm,87.10162353515625,215.82569885253906,0
1,body,153.594970703125,152.78724670410156,0
3,bucket,107.89228057861328,162.537109375,0
4,bucket_tip,125.23905944824219,134.87237548828125,0
