,name, x, y, z
0,arm,87.31880950927734,216.5730743408203,0
1,body,153.31800842285156,153.09060668945312,0
3,bucket,107.63097381591797,162.86358642578125,0
4,bucket_tip,124.70394134521484,134.52806091308594,0
