,name, x, y, z
0,arm,87.4378890991211,217.42770385742188,0
1,body,153.10171508789062,153.31185913085938,0
3,bucket,107.35093688964844,163.22811889648438,0
4,bucket_tip,124.13502502441406,134.26319885253906,0
