,name, x, y, z
0,arm,87.55191802978516,220.00247192382812,0
1,body,152.61819458007812,153.34681701660156,0
3,bucket,106.61009216308594,164.3350372314453,0
4,bucket_tip,122.67881774902344,134.4989471435547,0
