,name, x, y, z
0,arm,87.58805847167969,220.72225952148438,0
1,body,152.4868927001953,153.28660583496094,0
3,bucket,106.4145278930664,164.67991638183594,0
4,bucket_tip,122.32005310058594,134.8953399658203,0
