,name, x, y, z
0,arm,87.89466857910156,223.5705108642578,0
1,body,151.96546936035156,152.56985473632812,0
3,bucket,105.54923248291016,166.4077911376953,0
4,bucket_tip,121.13042449951172,139.1393585205078,0
