,name, x, y, z
0,arm,88.0679702758789,224.24465942382812,0
1,body,151.85372924804688,152.07754516601562,0
3,bucket,105.1551284790039,167.00389099121094,0
4,bucket_tip,120.89681243896484,141.53817749023438,0
