,name, x, y, z
0,arm,88.12313079833984,224.38720703125,0
1,body,151.8352813720703,151.90762329101562,0
3,bucket,105.00585174560547,167.15574645996094,0
4,bucket_tip,120.83427429199219,142.24208068847656,0
