,name, x, y, z
0,arm,88.30829620361328,224.6623992919922,0
1,body,151.84230041503906,151.25497436523438,0
3,bucket,104.22466278076172,167.50039672851562,0
4,bucket_tip,120.50790405273438,144.03265380859375,0
