,name, x, y, z
0,arm,88.36785125732422,224.68377685546875,0
1,body,151.8914794921875,150.9738006591797,0
3,bucket,103.67478942871094,167.48922729492188,0
4,bucket_tip,120.21990966796875,144.10365295410156,0
