,name, x, y, z
0,arm,76.1075439453125,210.0892791748047,0
1,body,167.28057861328125,132.60800170898438,0
3,bucket,87.450439453125,153.74411010742188,0
4,bucket_tip,81.84553527832031,126.71881103515625,0
