,name, x, y, z
0,arm,88.40213775634766,224.62953186035156,0
1,body,151.99075317382812,150.73374938964844,0
3,bucket,103.00099182128906,167.29054260253906,0
4,bucket_tip,119.81507873535156,143.9674835205078,0
