,name, x, y, z
0,arm,88.4163818359375,224.47332763671875,0
1,body,152.13763427734375,150.52957153320312,0
3,bucket,102.21367645263672,166.92294311523438,0
4,bucket_tip,119.30077362060547,143.71176147460938,0
