,name, x, y, z
0,arm,88.40602111816406,224.0690155029297,0
1,body,152.43215942382812,150.27798461914062,0
3,bucket,100.84429168701172,166.1226043701172,0
4,bucket_tip,118.34233856201172,143.1420135498047,0
