,name, x, y, z
0,arm,88.39547729492188,223.89376831054688,0
1,body,152.54673767089844,150.20584106445312,0
3,bucket,100.34320068359375,165.8049774169922,0
4,bucket_tip,117.97722625732422,142.9111328125,0
