,name, x, y, z
0,arm,88.36579132080078,223.48983764648438,0
1,body,152.79534912109375,150.07484436035156,0
3,bucket,99.28246307373047,165.11669921875,0
4,bucket_tip,117.18486022949219,142.40089416503906,0
