,name, x, y, z
0,arm,76.41385650634766,210.07289123535156,0
1,body,167.37718200683594,132.5938262939453,0
3,bucket,87.2287368774414,153.69505310058594,0
4,bucket_tip,81.61241149902344,126.67108917236328,0
