,name, x, y, z
0,arm,88.3268814086914,223.02273559570312,0
1,body,153.0642852783203,149.956787109375,0
3,bucket,98.15301513671875,164.38357543945312,0
4,bucket_tip,116.31665802001953,141.84051513671875,0
