,name, x, y, z
0,arm,88.2815170288086,222.50218200683594,0
1,body,153.34664916992188,149.84591674804688,0
3,bucket,96.96599578857422,163.63665771484375,0
4,bucket_tip,115.38101196289062,141.24734497070312,0
