,name, x, y, z
0,arm,88.25724792480469,222.2248992919922,0
1,body,153.49078369140625,149.79139709472656,0
3,bucket,96.35443115234375,163.2677001953125,0
4,bucket_tip,114.89054870605469,140.94387817382812,0
