,name, x, y, z
0,arm,88.23236846923828,221.93788146972656,0
1,body,153.63572692871094,149.73655700683594,0
3,bucket,95.7326889038086,162.9069366455078,0
4,bucket_tip,114.38639068603516,140.6387176513672,0
