,name, x, y, z
0,arm,88.15751647949219,221.03062438964844,0
1,body,154.0669403076172,149.56272888183594,0
3,bucket,93.82036590576172,161.9125213623047,0
4,bucket_tip,112.80225372314453,139.7348175048828,0
