,name, x, y, z
0,arm,63.363548278808594,200.6423797607422,0
1,body,159.61228942871094,143.98204040527344,0
3,bucket,86.07379150390625,158.19778442382812,0
4,bucket_tip,97.68289184570312,127.7904281616211,0
