,name, x, y, z
0,arm,88.08946228027344,220.07952880859375,0
1,body,154.4748077392578,149.36000061035156,0
3,bucket,91.8668212890625,161.13134765625,0
4,bucket_tip,111.1327133178711,138.8937530517578,0
