,name, x, y, z
0,arm,88.05239868164062,219.43727111816406,0
1,body,154.72242736816406,149.1992645263672,0
3,bucket,90.56025695800781,160.78074645996094,0
4,bucket_tip,109.98628997802734,138.39686584472656,0
