,name, x, y, z
0,arm,88.01607513427734,218.48590087890625,0
1,body,155.04150390625,148.90560913085938,0
3,bucket,88.62186431884766,160.56280517578125,0
4,bucket_tip,108.23753356933594,137.78468322753906,0
