,name, x, y, z
0,arm,88.01041412353516,218.17660522460938,0
1,body,155.1341552734375,148.79229736328125,0
3,bucket,87.98556518554688,160.52536010742188,0
4,bucket_tip,107.65027618408203,137.60870361328125,0
