,name, x, y, z
0,arm,77.08995056152344,209.93096923828125,0
1,body,167.57028198242188,132.57447814941406,0
3,bucket,86.6985855102539,153.5373992919922,0
4,bucket_tip,80.96858215332031,126.57941436767578,0
