,name, x, y, z
0,arm,88.0673599243164,216.12925720214844,0
1,body,155.6659698486328,147.84011840820312,0
3,bucket,83.68008422851562,160.32119750976562,0
4,bucket_tip,103.5202865600586,136.6491241455078,0
