,name, x, y, z
0,arm,88.14319610595703,215.303466796875,0
1,body,155.8674774169922,147.38180541992188,0
3,bucket,81.91551971435547,160.2610626220703,0
4,bucket_tip,101.75955963134766,136.36642456054688,0
