,name, x, y, z
0,arm,88.38655853271484,213.7147979736328,0
1,body,156.31776428222656,146.4663848876953,0
3,bucket,78.53439331054688,160.18038940429688,0
4,bucket_tip,98.3061752319336,135.98731994628906,0
