,name, x, y, z
0,arm,88.43892669677734,213.45571899414062,0
1,body,156.4066162109375,146.32138061523438,0
3,bucket,77.99028015136719,160.17129516601562,0
4,bucket_tip,97.74359893798828,135.94461059570312,0
