,name, x, y, z
0,arm,88.82337188720703,211.9166717529297,0
1,body,157.08265686035156,145.55471801757812,0
3,bucket,74.84391784667969,160.1368865966797,0
4,bucket_tip,94.47852325439453,135.78280639648438,0
