,name, x, y, z
0,arm,88.89907836914062,211.6607666015625,0
1,body,157.22531127929688,145.45008850097656,0
3,bucket,74.33943939208984,160.1338653564453,0
4,bucket_tip,93.95610046386719,135.7686309814453,0
