,name, x, y, z
0,arm,89.0604476928711,211.14756774902344,0
1,body,157.5421905517578,145.2664031982422,0
3,bucket,73.34768676757812,160.1295623779297,0
4,bucket_tip,92.93305206298828,135.7484588623047,0
