,name, x, y, z
0,arm,89.23499298095703,210.6311798095703,0
1,body,157.90560913085938,145.12109375,0
3,bucket,72.3790283203125,160.1271514892578,0
4,bucket_tip,91.94149017333984,135.73707580566406,0
