,name, x, y, z
0,arm,89.42271423339844,210.1099395751953,0
1,body,158.32083129882812,145.01918029785156,0
3,bucket,71.43366241455078,160.1260528564453,0
4,bucket_tip,90.98430633544922,135.73194885253906,0
