,name, x, y, z
0,arm,89.62348937988281,209.58212280273438,0
1,body,158.7931365966797,144.96578979492188,0
3,bucket,70.5116958618164,160.1257781982422,0
4,bucket_tip,90.0643081665039,135.7305908203125,0
