,name, x, y, z
0,arm,90.11634063720703,208.49961853027344,0
1,body,160.00323486328125,145.00694274902344,0
3,bucket,68.85409545898438,160.1414031982422,0
4,bucket_tip,88.45979309082031,135.75904846191406,0
