,name, x, y, z
0,arm,90.29749298095703,208.22108459472656,0
1,body,160.38119506835938,145.04273986816406,0
3,bucket,68.51140594482422,160.15310668945312,0
4,bucket_tip,88.13983154296875,135.7802734375,0
