,name, x, y, z
0,arm,90.50428771972656,207.9381561279297,0
1,body,160.7862548828125,145.08740234375,0
3,bucket,68.1957015991211,160.1678009033203,0
4,bucket_tip,87.85001373291016,135.80677795410156,0
