,name, x, y, z
0,arm,90.73507690429688,207.65028381347656,0
1,body,161.21641540527344,145.14036560058594,0
3,bucket,67.90550231933594,160.18531799316406,0
4,bucket_tip,87.58853149414062,135.83822631835938,0
