,name, x, y, z
0,arm,91.26226806640625,207.0569305419922,0
1,body,162.14398193359375,145.2687225341797,0
3,bucket,67.3954849243164,160.22808837890625,0
4,bucket_tip,87.14306640625,135.91448974609375,0
