,name, x, y, z
0,arm,91.86624908447266,206.43600463867188,0
1,body,163.14772033691406,145.42298889160156,0
3,bucket,66.96919250488281,160.2800750732422,0
4,bucket_tip,86.78865051269531,136.0062255859375,0
