,name, x, y, z
0,arm,92.19302368164062,206.11358642578125,0
1,body,163.673095703125,145.5083770751953,0
3,bucket,66.78362274169922,160.30911254882812,0
4,bucket_tip,86.64094543457031,136.05703735351562,0
