,name, x, y, z
0,arm,93.25325012207031,205.09109497070312,0
1,body,165.3191375732422,145.79013061523438,0
3,bucket,66.31907653808594,160.4063720703125,0
4,bucket_tip,86.29375457763672,136.2249298095703,0
