,name, x, y, z
0,arm,94.3995590209961,203.9723663330078,0
1,body,167.02755737304688,146.09780883789062,0
3,bucket,65.96070098876953,160.51535034179688,0
4,bucket_tip,86.05152130126953,136.40869140625,0
