,name, x, y, z
0,arm,95.1902084350586,203.16464233398438,0
1,body,168.1742401123047,146.30934143066406,0
3,bucket,65.7604751586914,160.59231567382812,0
4,bucket_tip,85.92366790771484,136.5353240966797,0
