,name, x, y, z
0,arm,79.08841705322266,208.8267364501953,0
1,body,168.0570068359375,132.56251525878906,0
3,bucket,85.0371322631836,152.87831115722656,0
4,bucket_tip,78.61705780029297,126.3958740234375,0
