,name, x, y, z
0,arm,95.98701477050781,202.30149841308594,0
1,body,169.3083038330078,146.5203857421875,0
3,bucket,65.57703399658203,160.67115783691406,0
4,bucket_tip,85.80548095703125,136.66197204589844,0
