,name, x, y, z
0,arm,97.54779052734375,200.38868713378906,0
1,body,171.47386169433594,146.9217987060547,0
3,bucket,65.21175384521484,160.8290557861328,0
4,bucket_tip,85.5388412475586,136.9040069580078,0
