,name, x, y, z
0,arm,97.9217758178711,199.86793518066406,0
1,body,171.9821319580078,147.0143280029297,0
3,bucket,65.11187744140625,160.8675994873047,0
4,bucket_tip,85.45510864257812,136.9601287841797,0
