,name, x, y, z
0,arm,99.30472564697266,197.59580993652344,0
1,body,173.82205200195312,147.33531188964844,0
3,bucket,64.63260650634766,161.0131378173828,0
4,bucket_tip,84.99627685546875,137.15652465820312,0
