,name, x, y, z
0,arm,100.42990112304688,194.9906768798828,0
1,body,175.25611877441406,147.54867553710938,0
3,bucket,63.95259475708008,161.13671875,0
4,bucket_tip,84.2505111694336,137.29104614257812,0
