,name, x, y, z
0,arm,101.04277801513672,192.79397583007812,0
1,body,175.98760986328125,147.614990234375,0
3,bucket,63.25223159790039,161.2085723876953,0
4,bucket_tip,83.43163299560547,137.33778381347656,0
