,name, x, y, z
0,arm,101.31824493408203,191.20608520507812,0
1,body,176.2910919189453,147.62979125976562,0
3,bucket,62.67823028564453,161.24887084960938,0
4,bucket_tip,82.74207305908203,137.33132934570312,0
