,name, x, y, z
0,arm,101.4170913696289,190.3822021484375,0
1,body,176.3971710205078,147.63796997070312,0
3,bucket,62.364498138427734,161.27169799804688,0
4,bucket_tip,82.36073303222656,137.31494140625,0
