,name, x, y, z
0,arm,101.49508666992188,189.54747009277344,0
1,body,176.4800262451172,147.64622497558594,0
3,bucket,62.0372200012207,161.29896545410156,0
4,bucket_tip,81.96019744873047,137.29119873046875,0
