,name, x, y, z
0,arm,101.64459991455078,187.04835510253906,0
1,body,176.64378356933594,147.6688232421875,0
3,bucket,61.006492614746094,161.42770385742188,0
4,bucket_tip,80.6825180053711,137.1867218017578,0
