,name, x, y, z
0,arm,101.79847717285156,183.99032592773438,0
1,body,176.86691284179688,147.68301391601562,0
3,bucket,59.638450622558594,161.78395080566406,0
4,bucket_tip,78.94715118408203,137.00991821289062,0
