,name, x, y, z
0,arm,102.2828140258789,181.24061584472656,0
1,body,177.6424102783203,147.64920043945312,0
3,bucket,58.22866439819336,162.70713806152344,0
4,bucket_tip,77.07801055908203,136.82546997070312,0
