,name, x, y, z
0,arm,102.67155456542969,180.65480041503906,0
1,body,178.24655151367188,147.61221313476562,0
3,bucket,57.84095001220703,163.27676391601562,0
4,bucket_tip,76.52383422851562,136.79063415527344,0
