,name, x, y, z
0,arm,103.88692474365234,180.71104431152344,0
1,body,180.0614013671875,147.4911651611328,0
3,bucket,57.50328063964844,165.61863708496094,0
4,bucket_tip,75.91155242919922,137.7817840576172,0
