,name, x, y, z
0,arm,104.23054504394531,181.024658203125,0
1,body,180.59432983398438,147.4531707763672,0
3,bucket,57.50102233886719,166.63938903808594,0
4,bucket_tip,75.85562896728516,138.49046325683594,0
