,name, x, y, z
0,arm,105.52349853515625,183.23504638671875,0
1,body,182.8026123046875,147.28273010253906,0
3,bucket,57.63154983520508,171.8049774169922,0
4,bucket_tip,75.84378814697266,142.54965209960938,0
