,name, x, y, z
0,arm,106.03077697753906,184.76092529296875,0
1,body,183.843505859375,147.19219970703125,0
3,bucket,57.68966293334961,174.68148803710938,0
4,bucket_tip,75.87979125976562,144.9678955078125,0
