,name, x, y, z
0,arm,106.22702026367188,185.5908203125,0
1,body,184.32083129882812,147.1470489501953,0
3,bucket,57.694190979003906,176.10421752929688,0
4,bucket_tip,75.88697814941406,146.1876983642578,0
