,name, x, y, z
0,arm,106.47249603271484,187.32992553710938,0
1,body,185.1503448486328,147.0590362548828,0
3,bucket,57.62179183959961,178.79156494140625,0
4,bucket_tip,75.8493423461914,148.52500915527344,0
