,name, x, y, z
0,arm,106.47891998291016,189.10195922851562,0
1,body,185.7609100341797,146.97683715820312,0
3,bucket,57.39740753173828,181.0986328125,0
4,bucket_tip,75.70172119140625,150.56124877929688,0
