,name, x, y, z
0,arm,106.19465637207031,190.819580078125,0
1,body,186.09014892578125,146.9036865234375,0
3,bucket,56.96910858154297,182.82212829589844,0
4,bucket_tip,75.39546203613281,152.09861755371094,0
