,name, x, y, z
0,arm,105.1103744506836,193.10287475585938,0
1,body,185.9200439453125,146.8182373046875,0
3,bucket,55.83066940307617,183.86831665039062,0
4,bucket_tip,74.53211975097656,153.036865234375,0
