,name, x, y, z
0,arm,104.54769134521484,193.74212646484375,0
1,body,185.7127685546875,146.80892944335938,0
3,bucket,55.349342346191406,183.81161499023438,0
4,bucket_tip,74.16858673095703,152.99281311035156,0
