,name, x, y, z
0,arm,103.93085479736328,194.311279296875,0
1,body,185.50946044921875,146.82479858398438,0
3,bucket,54.89329528808594,183.69009399414062,0
4,bucket_tip,73.84292602539062,152.9086151123047,0
