,name, x, y, z
0,arm,81.86311340332031,206.7292938232422,0
1,body,168.6625213623047,132.56558227539062,0
3,bucket,82.93225860595703,151.8420867919922,0
4,bucket_tip,75.30068969726562,126.33513641357422,0
