,name, x, y, z
0,arm,102.0865707397461,195.6616973876953,0
1,body,184.92840576171875,146.99855041503906,0
3,bucket,53.649696350097656,182.98638916015625,0
4,bucket_tip,73.05571746826172,152.45481872558594,0
