,name, x, y, z
0,arm,97.23322296142578,197.32754516601562,0
1,body,183.6251983642578,147.93846130371094,0
3,bucket,50.76934051513672,179.49868774414062,0
4,bucket_tip,71.68505859375,150.4708709716797,0
