,name, x, y, z
0,arm,96.63518524169922,197.40760803222656,0
1,body,183.49111938476562,148.05877685546875,0
3,bucket,50.40505599975586,178.98753356933594,0
4,bucket_tip,71.52047729492188,150.21556091308594,0
