,name, x, y, z
0,arm,95.44612884521484,197.5248565673828,0
1,body,183.24447631835938,148.27320861816406,0
3,bucket,49.64372634887695,177.9698944091797,0
4,bucket_tip,71.15430450439453,149.74392700195312,0
