,name, x, y, z
0,arm,94.85531616210938,197.56985473632812,0
1,body,183.13226318359375,148.3621826171875,0
3,bucket,49.24125671386719,177.47340393066406,0
4,bucket_tip,70.9451675415039,149.53567504882812,0
