,name, x, y, z
0,arm,93.09944152832031,197.69654846191406,0
1,body,182.84288024902344,148.52540588378906,0
3,bucket,47.914066314697266,176.09336853027344,0
4,bucket_tip,70.16822814941406,149.0692901611328,0
