,name, x, y, z
0,arm,82.82931518554688,205.99920654296875,0
1,body,168.87290954589844,132.55841064453125,0
3,bucket,82.33101654052734,151.4991912841797,0
4,bucket_tip,74.29579162597656,126.37142181396484,0
