,name, x, y, z
0,arm,89.67389678955078,198.2324981689453,0
1,body,182.46853637695312,148.3654022216797,0
3,bucket,44.56824493408203,174.18060302734375,0
4,bucket_tip,67.70565032958984,149.0058135986328,0
