,name, x, y, z
0,arm,86.93843078613281,198.97010803222656,0
1,body,182.21725463867188,148.07730102539062,0
3,bucket,41.527801513671875,173.26583862304688,0
4,bucket_tip,65.14835357666016,149.40982055664062,0
