,name, x, y, z
0,arm,85.36756896972656,199.3849639892578,0
1,body,182.00857543945312,147.8758544921875,0
3,bucket,39.931053161621094,172.78904724121094,0
4,bucket_tip,63.73542785644531,149.6617431640625,0
