,name, x, y, z
0,arm,83.37440490722656,199.73899841308594,0
1,body,181.5778045654297,147.59796142578125,0
3,bucket,38.4112434387207,172.00755310058594,0
4,bucket_tip,62.34186935424805,149.8261260986328,0
