,name, x, y, z
0,arm,82.89652252197266,199.77200317382812,0
1,body,181.43270874023438,147.52972412109375,0
3,bucket,38.181175231933594,171.7587127685547,0
4,bucket_tip,62.122718811035156,149.81478881835938,0
