,name, x, y, z
0,arm,82.4274673461914,199.7768096923828,0
1,body,181.2704315185547,147.46278381347656,0
3,bucket,38.00067138671875,171.4811248779297,0
4,bucket_tip,61.952980041503906,149.77806091308594,0
