,name, x, y, z
0,arm,81.96752166748047,199.75758361816406,0
1,body,181.09127807617188,147.3970947265625,0
3,bucket,37.848716735839844,171.1751251220703,0
4,bucket_tip,61.819087982177734,149.71728515625,0
