,name, x, y, z
0,arm,83.79682159423828,205.31405639648438,0
1,body,169.0888671875,132.5423583984375,0
3,bucket,81.82918548583984,151.18150329589844,0
4,bucket_tip,73.42635345458984,126.4428482055664,0
