,name, x, y, z
0,arm,80.63841247558594,199.59793090820312,0
1,body,180.45504760742188,147.20675659179688,0
3,bucket,37.5589714050293,170.09912109375,0
4,bucket_tip,61.6192626953125,149.3949432373047,0
