,name, x, y, z
0,arm,79.3759536743164,199.30081176757812,0
1,body,179.6755828857422,147.02456665039062,0
3,bucket,37.50747299194336,168.81236267089844,0
4,bucket_tip,61.69439697265625,148.8712921142578,0
