,name, x, y, z
0,arm,78.96785736083984,199.17457580566406,0
1,body,179.3850555419922,146.96522521972656,0
3,bucket,37.540828704833984,168.34246826171875,0
4,bucket_tip,61.77436065673828,148.65394592285156,0
