,name, x, y, z
0,arm,78.16798400878906,198.88587951660156,0
1,body,178.7593536376953,146.84805297851562,0
3,bucket,37.68029022216797,167.34873962402344,0
4,bucket_tip,62.008724212646484,148.1575927734375,0
