,name, x, y, z
0,arm,77.7752914428711,198.7248077392578,0
1,body,178.42469787597656,146.79006958007812,0
3,bucket,37.78529357910156,166.82749938964844,0
4,bucket_tip,62.16038513183594,147.8794708251953,0
