,name, x, y, z
0,arm,76.24254608154297,197.9866943359375,0
1,body,176.94619750976562,146.55987548828125,0
3,bucket,38.42838668823242,164.60914611816406,0
4,bucket_tip,62.966094970703125,146.57693481445312,0
