,name, x, y, z
0,arm,75.86659240722656,197.78233337402344,0
1,body,176.54286193847656,146.50230407714844,0
3,bucket,38.64221954345703,164.02764892578125,0
4,bucket_tip,63.210487365722656,146.20599365234375,0
