,name, x, y, z
0,arm,75.49260711669922,197.57164001464844,0
1,body,176.12652587890625,146.4445343017578,0
3,bucket,38.87628173828125,163.4379425048828,0
4,bucket_tip,63.46940612792969,145.8177947998047,0
