,name, x, y, z
0,arm,74.7488784790039,197.13385009765625,0
1,body,175.25596618652344,146.32806396484375,0
3,bucket,39.40278244018555,162.23910522460938,0
4,bucket_tip,64.02540588378906,144.9913787841797,0
