,name, x, y, z
0,arm,74.0076904296875,196.67933654785156,0
1,body,174.33651733398438,146.2097930908203,0
3,bucket,40.00353240966797,161.02285766601562,0
4,bucket_tip,64.62313079833984,144.10118103027344,0
