,name, x, y, z
0,arm,73.2655029296875,196.21408081054688,0
1,body,173.3702850341797,146.08889770507812,0
3,bucket,40.67416000366211,159.7996063232422,0
4,bucket_tip,65.25170135498047,143.1508026123047,0
