,name, x, y, z
0,arm,72.89292907714844,195.97933959960938,0
1,body,172.87030029296875,146.02728271484375,0
3,bucket,41.0342903137207,159.1885986328125,0
4,bucket_tip,65.57415008544922,142.65419006347656,0
