,name, x, y, z
0,arm,72.51872253417969,195.74417114257812,0
1,body,172.35939025878906,145.96473693847656,0
3,bucket,41.41029357910156,158.5797119140625,0
4,bucket_tip,65.90025329589844,142.14385986328125,0
