,name, x, y, z
0,arm,71.76374053955078,195.27560424804688,0
1,body,171.3059539794922,145.8365020751953,0
3,bucket,42.20752716064453,157.37356567382812,0
4,bucket_tip,66.55779266357422,141.08389282226562,0
