,name, x, y, z
0,arm,68.61035919189453,193.53785705566406,0
1,body,166.73536682128906,145.2737274169922,0
3,bucket,45.89472198486328,152.8927459716797,0
4,bucket_tip,69.06755828857422,136.41085815429688,0
