,name, x, y, z
0,arm,67.8052978515625,193.169677734375,0
1,body,165.5592498779297,145.13064575195312,0
3,bucket,46.88732147216797,151.9070587158203,0
4,bucket_tip,69.63524627685547,135.198974609375,0
