,name, x, y, z
0,arm,67.00643920898438,192.8397674560547,0
1,body,164.40545654296875,144.99668884277344,0
3,bucket,47.88096618652344,150.993896484375,0
4,bucket_tip,70.17959594726562,134.0130157470703,0
