,name, x, y, z
0,arm,65.83229064941406,192.4286346435547,0
1,body,162.75714111328125,144.82496643066406,0
3,bucket,49.34339141845703,149.7805633544922,0
4,bucket_tip,70.95549774169922,132.33331298828125,0
