,name, x, y, z
0,arm,65.45018768310547,192.31666564941406,0
1,body,162.2388916015625,144.77828979492188,0
3,bucket,49.81649398803711,149.42251586914062,0
4,bucket_tip,71.20401763916016,131.81149291992188,0
