,name, x, y, z
0,arm,63.07308578491211,200.92886352539062,0
1,body,159.38723754882812,143.64431762695312,0
3,bucket,85.86073303222656,158.35589599609375,0
4,bucket_tip,97.71448516845703,127.77063751220703,0
