,name, x, y, z
0,arm,63.98703384399414,192.0125732421875,0
1,body,160.38375854492188,144.6627197265625,0
3,bucket,51.59156799316406,148.25347900390625,0
4,bucket_tip,72.15266418457031,129.99154663085938,0
