,name, x, y, z
0,arm,62.66275405883789,191.97462463378906,0
1,body,159.31179809570312,144.7598876953125,0
3,bucket,53.101226806640625,147.5415802001953,0
4,bucket_tip,73.0381851196289,128.7308807373047,0
