,name, x, y, z
0,arm,62.07243728637695,192.08535766601562,0
1,body,159.6558380126953,145.00341796875,0
3,bucket,53.75126647949219,147.3229217529297,0
4,bucket_tip,73.46604919433594,128.3219451904297,0
