,name, x, y, z
0,arm,86.14486694335938,204.03652954101562,0
1,body,169.65826416015625,132.4442901611328,0
3,bucket,81.20382690429688,150.59234619140625,0
4,bucket_tip,72.18202209472656,126.80242156982422,0
