,name, x, y, z
0,arm,61.3189811706543,192.40504455566406,0
1,body,160.94952392578125,145.5193328857422,0
3,bucket,54.633811950683594,147.12139892578125,0
4,bucket_tip,74.10689544677734,127.92790985107422,0
