,name, x, y, z
0,arm,60.551307678222656,193.24302673339844,0
1,body,163.48837280273438,146.34767150878906,0
3,bucket,55.98060989379883,147.01168823242188,0
4,bucket_tip,75.22615814208984,127.6718978881836,0
