,name, x, y, z
0,arm,60.48935317993164,193.44235229492188,0
1,body,163.8252410888672,146.45013427734375,0
3,bucket,56.247920989990234,147.0086669921875,0
4,bucket_tip,75.46493530273438,127.65593719482422,0
