,name, x, y, z
0,arm,86.59066009521484,203.8921661376953,0
1,body,169.83665466308594,132.3521728515625,0
3,bucket,81.21156311035156,150.52259826660156,0
4,bucket_tip,72.13853454589844,126.9088363647461,0
