,name, x, y, z
0,arm,60.77825927734375,194.73812866210938,0
1,body,164.12136840820312,146.51620483398438,0
3,bucket,57.73570251464844,147.10044860839844,0
4,bucket_tip,76.82917785644531,127.61006164550781,0
