,name, x, y, z
0,arm,61.110740661621094,195.41932678222656,0
1,body,164.11572265625,146.47109985351562,0
3,bucket,58.23628616333008,147.28045654296875,0
4,bucket_tip,77.28926086425781,127.59393310546875,0
