,name, x, y, z
0,arm,61.368289947509766,195.87966918945312,0
1,body,164.11195373535156,146.4303436279297,0
3,bucket,58.49040985107422,147.44711303710938,0
4,bucket_tip,77.52269744873047,127.58454132080078,0
