,name, x, y, z
0,arm,61.79764175415039,196.57318115234375,0
1,body,164.1080780029297,146.35623168945312,0
3,bucket,58.776004791259766,147.7587432861328,0
4,bucket_tip,77.78502655029297,127.57166290283203,0
