,name, x, y, z
0,arm,61.95004653930664,196.80389404296875,0
1,body,164.1076202392578,146.32870483398438,0
3,bucket,58.850486755371094,147.87744140625,0
4,bucket_tip,77.85350036621094,127.56755065917969,0
