,name, x, y, z
0,arm,62.10627746582031,197.03387451171875,0
1,body,164.10772705078125,146.3000030517578,0
3,bucket,58.9166374206543,148.00283813476562,0
4,bucket_tip,77.9143295288086,127.56340026855469,0
