,name, x, y, z
0,arm,62.26567077636719,197.26278686523438,0
1,body,164.1084747314453,146.27027893066406,0
3,bucket,58.9755859375,148.13453674316406,0
4,bucket_tip,77.9686279296875,127.55924224853516,0
