,name, x, y, z
0,arm,62.42771911621094,197.49032592773438,0
1,body,164.1099853515625,146.23971557617188,0
3,bucket,59.02854919433594,148.2721405029297,0
4,bucket_tip,78.01749420166016,127.55500793457031,0
