,name, x, y, z
0,arm,87.446533203125,203.7172088623047,0
1,body,170.4667510986328,131.8850555419922,0
3,bucket,81.28028869628906,150.41058349609375,0
4,bucket_tip,72.18609619140625,127.13751220703125,0
