,name, x, y, z
0,arm,64.38420104980469,199.99990844726562,0
1,body,164.2183837890625,145.8627166748047,0
3,bucket,59.632301330566406,150.2328338623047,0
4,bucket_tip,78.58415985107422,127.4829330444336,0
