,name, x, y, z
0,arm,64.67449188232422,200.35655212402344,0
1,body,164.25888061523438,145.808837890625,0
3,bucket,59.81068420410156,150.58633422851562,0
4,bucket_tip,78.7525863647461,127.46417236328125,0
