,name, x, y, z
0,arm,64.8117446899414,200.52590942382812,0
1,body,164.2822265625,145.7840118408203,0
3,bucket,59.917198181152344,150.76283264160156,0
4,bucket_tip,78.85306549072266,127.45375061035156,0
