,name, x, y, z
0,arm,65.06777954101562,200.84524536132812,0
1,body,164.33546447753906,145.73934936523438,0
3,bucket,60.17070770263672,151.11334228515625,0
4,bucket_tip,79.09203338623047,127.43060302734375,0
