,name, x, y, z
0,arm,65.29559326171875,201.13648986816406,0
1,body,164.3981170654297,145.7024383544922,0
3,bucket,60.48623275756836,151.457763671875,0
4,bucket_tip,79.38906860351562,127.40416717529297,0
