,name, x, y, z
0,arm,65.39755249023438,201.27084350585938,0
1,body,164.4331817626953,145.68724060058594,0
3,bucket,60.67021942138672,151.62664794921875,0
4,bucket_tip,79.56214904785156,127.38958740234375,0
