,name, x, y, z
0,arm,65.49082946777344,201.39718627929688,0
1,body,164.4708709716797,145.67442321777344,0
3,bucket,60.87333297729492,151.7927703857422,0
4,bucket_tip,79.75308990478516,127.37403106689453,0
