,name, x, y, z
0,arm,65.57487487792969,201.5153045654297,0
1,body,164.51126098632812,145.66416931152344,0
3,bucket,61.0966796875,151.9557342529297,0
4,bucket_tip,79.96296691894531,127.35751342773438,0
