,name, x, y, z
0,arm,88.24402618408203,203.56671142578125,0
1,body,171.2718963623047,131.2407684326172,0
3,bucket,81.25465393066406,150.28631591796875,0
4,bucket_tip,72.24298858642578,127.3473129272461,0
