,name, x, y, z
0,arm,65.80970764160156,201.8994903564453,0
1,body,164.69729614257812,145.6774139404297,0
3,bucket,62.21049499511719,152.5694122314453,0
4,bucket_tip,81.00837707519531,127.28082275390625,0
