,name, x, y, z
0,arm,65.84558868408203,201.975830078125,0
1,body,164.7471466064453,145.71157836914062,0
3,bucket,62.53830337524414,152.7147674560547,0
4,bucket_tip,81.3158950805664,127.2593994140625,0
