,name, x, y, z
0,arm,65.93170928955078,202.28594970703125,0
1,body,164.95843505859375,145.95098876953125,0
3,bucket,63.94898986816406,153.2918243408203,0
4,bucket_tip,82.63926696777344,127.17008972167969,0
