,name, x, y, z
0,arm,65.96978759765625,202.76341247558594,0
1,body,165.19288635253906,146.27255249023438,0
3,bucket,65.35163116455078,153.90963745117188,0
4,bucket_tip,83.95664978027344,127.0842514038086,0
