,name, x, y, z
0,arm,65.97865295410156,202.93389892578125,0
1,body,165.2557830810547,146.3529052734375,0
3,bucket,65.67494201660156,154.07789611816406,0
4,bucket_tip,84.26080322265625,127.06475067138672,0
