,name, x, y, z
0,arm,65.98907470703125,203.13150024414062,0
1,body,165.32058715820312,146.42984008789062,0
3,bucket,65.98035430908203,154.2537078857422,0
4,bucket_tip,84.54837036132812,127.04645538330078,0
