,name, x, y, z
0,arm,66.01818084716797,203.6212921142578,0
1,body,165.4562225341797,146.5665283203125,0
3,bucket,66.52356719970703,154.6317901611328,0
4,bucket_tip,85.06092834472656,127.01411437988281,0
