,name, x, y, z
0,arm,66.06443786621094,204.25946044921875,0
1,body,165.60049438476562,146.66893005371094,0
3,bucket,66.95338439941406,155.05191040039062,0
4,bucket_tip,85.4684066772461,126.9887924194336,0
