,name, x, y, z
0,arm,66.13519287109375,205.07269287109375,0
1,body,165.7541046142578,146.72329711914062,0
3,bucket,67.24201965332031,155.52195739746094,0
4,bucket_tip,85.74492645263672,126.97199249267578,0
