,name, x, y, z
0,arm,88.97005462646484,203.27401733398438,0
1,body,172.0244598388672,130.65966796875,0
3,bucket,80.9358901977539,150.09097290039062,0
4,bucket_tip,72.10487365722656,127.49014282226562,0
