,name, x, y, z
0,arm,66.65877532958984,210.134521484375,0
1,body,166.8270263671875,146.3129119873047,0
3,bucket,67.69759368896484,157.81500244140625,0
4,bucket_tip,86.21965789794922,127.51519775390625,0
