,name, x, y, z
0,arm,66.75189208984375,210.8596954345703,0
1,body,167.0115509033203,146.2139892578125,0
3,bucket,67.73770141601562,158.10179138183594,0
4,bucket_tip,86.26365661621094,127.66011047363281,0
