,name, x, y, z
0,arm,67.09854888916016,212.92552185058594,0
1,body,167.57601928710938,145.90792846679688,0
3,bucket,67.82779693603516,158.88316345214844,0
4,bucket_tip,86.36170196533203,128.1397247314453,0
