,name, x, y, z
0,arm,67.77037811279297,215.0570526123047,0
1,body,168.2640838623047,145.5633544921875,0
3,bucket,67.85980987548828,159.6175079345703,0
4,bucket_tip,86.3870849609375,128.7904815673828,0
