,name, x, y, z
0,arm,67.98512268066406,215.41317749023438,0
1,body,168.4084930419922,145.50372314453125,0
3,bucket,67.84892272949219,159.72413635253906,0
4,bucket_tip,86.36991882324219,128.93850708007812,0
