,name, x, y, z
0,arm,68.76415252685547,215.9000701904297,0
1,body,168.74635314941406,145.41575622558594,0
3,bucket,67.76327514648438,159.8288116455078,0
4,bucket_tip,86.22187042236328,129.30783081054688,0
