,name, x, y, z
0,arm,62.924774169921875,201.07896423339844,0
1,body,159.27127075195312,143.47132873535156,0
3,bucket,85.75341033935547,158.43748474121094,0
4,bucket_tip,97.73017883300781,127.75961303710938,0
