,name, x, y, z
0,arm,69.0758056640625,215.8806915283203,0
1,body,168.8433074951172,145.40122985839844,0
3,bucket,67.71549987792969,159.83505249023438,0
4,bucket_tip,86.07301330566406,129.4015655517578,0
