,name, x, y, z
0,arm,70.17501831054688,215.6337432861328,0
1,body,169.1217498779297,145.3679962158203,0
3,bucket,67.5075454711914,159.85043334960938,0
4,bucket_tip,85.24271392822266,129.60568237304688,0
