,name, x, y, z
0,arm,70.5869140625,215.4932861328125,0
1,body,169.21063232421875,145.35992431640625,0
3,bucket,67.41507720947266,159.8545379638672,0
4,bucket_tip,84.84683227539062,129.65187072753906,0
