,name, x, y, z
0,arm,71.01697540283203,215.32611083984375,0
1,body,169.29766845703125,145.35313415527344,0
3,bucket,67.31019592285156,159.85818481445312,0
4,bucket_tip,84.39578247070312,129.6890411376953,0
