,name, x, y, z
0,arm,71.92052459716797,214.91720581054688,0
1,body,169.46633911132812,145.34278869628906,0
3,bucket,67.06124114990234,159.86419677734375,0
4,bucket_tip,83.33858489990234,129.74085998535156,0
