,name, x, y, z
0,arm,72.38843536376953,214.67837524414062,0
1,body,169.54812622070312,145.33895874023438,0
3,bucket,66.91620635986328,159.86659240722656,0
4,bucket_tip,82.73773956298828,129.75778198242188,0
