,name, x, y, z
0,arm,72.8635025024414,214.41847229003906,0
1,body,169.62832641601562,145.33584594726562,0
3,bucket,66.75679016113281,159.86862182617188,0
4,bucket_tip,82.09222412109375,129.770263671875,0
