,name, x, y, z
0,arm,73.82386779785156,213.84124755859375,0
1,body,169.78416442871094,145.33123779296875,0
3,bucket,66.39289855957031,159.87173461914062,0
4,bucket_tip,80.67771911621094,129.78648376464844,0
