,name, x, y, z
0,arm,76.58853912353516,211.7519989013672,0
1,body,170.21969604492188,145.3201904296875,0
3,bucket,64.9052505493164,159.87501525878906,0
4,bucket_tip,75.63551330566406,129.84715270996094,0
