,name, x, y, z
0,arm,77.39764404296875,210.9742889404297,0
1,body,170.35592651367188,145.31378173828125,0
3,bucket,64.26423645019531,159.87478637695312,0
4,bucket_tip,73.75863647460938,129.90191650390625,0
