,name, x, y, z
0,arm,77.76869201660156,210.57656860351562,0
1,body,170.4226531982422,145.3094024658203,0
3,bucket,63.91432571411133,159.87454223632812,0
4,bucket_tip,72.79525756835938,129.94090270996094,0
