,name, x, y, z
0,arm,78.96504211425781,208.9596710205078,0
1,body,170.68179321289062,145.2811737060547,0
3,bucket,62.3071174621582,159.8733367919922,0
4,bucket_tip,68.83679962158203,130.2010498046875,0
