,name, x, y, z
0,arm,79.35186767578125,208.15548706054688,0
1,body,170.80763244628906,145.25865173339844,0
3,bucket,61.372093200683594,159.87294006347656,0
4,bucket_tip,66.8313980102539,130.40960693359375,0
