,name, x, y, z
0,arm,79.4827880859375,207.7594451904297,0
1,body,170.86981201171875,145.24478149414062,0
3,bucket,60.86996841430664,159.8728790283203,0
4,bucket_tip,65.83134460449219,130.53750610351562,0
