,name, x, y, z
0,arm,90.40345764160156,201.03358459472656,0
1,body,171.46705627441406,131.91165161132812,0
3,bucket,77.62371063232422,149.15060424804688,0
4,bucket_tip,66.19960021972656,126.44071197509766,0
