,name, x, y, z
0,arm,79.60224151611328,206.61355590820312,0
1,body,171.0186309814453,145.10354614257812,0
3,bucket,59.24738693237305,159.718505859375,0
4,bucket_tip,62.87592315673828,131.01986694335938,0
