,name, x, y, z
0,arm,79.56251525878906,206.24896240234375,0
1,body,171.06114196777344,145.0216827392578,0
3,bucket,58.68577194213867,159.61094665527344,0
4,bucket_tip,61.916236877441406,131.20668029785156,0
