,name, x, y, z
0,arm,79.49478149414062,205.8932647705078,0
1,body,171.10601806640625,144.92767333984375,0
3,bucket,58.123313903808594,159.48321533203125,0
4,bucket_tip,60.974609375,131.4025115966797,0
