,name, x, y, z
0,arm,79.08917236328125,204.5604248046875,0
1,body,171.37948608398438,144.4916534423828,0
3,bucket,55.97913360595703,158.86392211914062,0
4,bucket_tip,57.45245361328125,132.2265167236328,0
