,name, x, y, z
0,arm,78.8477554321289,203.6563262939453,0
1,body,171.7821807861328,144.18881225585938,0
3,bucket,54.6419792175293,158.41725158691406,0
4,bucket_tip,55.15686798095703,132.81893920898438,0
