,name, x, y, z
0,arm,78.87886047363281,202.83529663085938,0
1,body,172.46018981933594,143.99989318847656,0
3,bucket,53.708457946777344,158.12669372558594,0
4,bucket_tip,53.253639221191406,133.31617736816406,0
