,name, x, y, z
0,arm,78.98381805419922,202.5802764892578,0
1,body,172.76382446289062,143.9767303466797,0
3,bucket,53.51361846923828,158.08645629882812,0
4,bucket_tip,52.72132110595703,133.4493865966797,0
