,name, x, y, z
0,arm,79.37931060791016,202.0984344482422,0
1,body,173.5074462890625,144.0,0
3,bucket,53.33051681518555,158.1095428466797,0
4,bucket_tip,51.82724380493164,133.6537322998047,0
