,name, x, y, z
0,arm,79.68202209472656,201.87171936035156,0
1,body,173.94618225097656,144.03237915039062,0
3,bucket,53.3397331237793,158.1595916748047,0
4,bucket_tip,51.46099853515625,133.72854614257812,0
