,name, x, y, z
0,arm,90.88987731933594,200.3907470703125,0
1,body,171.47703552246094,132.48072814941406,0
3,bucket,76.56941986083984,149.1624298095703,0
4,bucket_tip,63.113525390625,126.33185577392578,0
