,name, x, y, z
0,arm,82.05211639404297,200.8829345703125,0
1,body,176.62734985351562,144.32846069335938,0
3,bucket,54.078643798828125,158.72540283203125,0
4,bucket_tip,50.142330169677734,134.06668090820312,0
