,name, x, y, z
0,arm,82.64669799804688,200.7146453857422,0
1,body,177.22796630859375,144.408203125,0
3,bucket,54.307762145996094,158.89617919921875,0
4,bucket_tip,49.92772674560547,134.16990661621094,0
