,name, x, y, z
0,arm,85.18521881103516,200.142578125,0
1,body,179.68772888183594,144.7655792236328,0
3,bucket,55.22318649291992,159.74546813964844,0
4,bucket_tip,48.97907257080078,134.90550231933594,0
