,name, x, y, z
0,arm,85.82365417480469,200.02520751953125,0
1,body,180.29336547851562,144.86000061035156,0
3,bucket,55.41092300415039,159.99539184570312,0
4,bucket_tip,48.68125534057617,135.2006072998047,0
