,name, x, y, z
0,arm,88.17695617675781,199.6567840576172,0
1,body,182.54464721679688,145.2229766845703,0
3,bucket,55.772743225097656,161.10763549804688,0
4,bucket_tip,47.03855514526367,137.00816345214844,0
