,name, x, y, z
0,arm,89.1771011352539,199.48936462402344,0
1,body,183.5470733642578,145.37710571289062,0
3,bucket,55.72651672363281,161.67642211914062,0
4,bucket_tip,45.956695556640625,138.25070190429688,0
