,name, x, y, z
0,arm,91.72372436523438,198.44895935058594,0
1,body,186.1507110595703,145.7882843017578,0
3,bucket,55.32802963256836,163.0524444580078,0
4,bucket_tip,42.326656341552734,141.8691864013672,0
