,name, x, y, z
0,arm,92.12033081054688,198.12960815429688,0
1,body,186.53717041015625,145.85853576660156,0
3,bucket,55.299095153808594,163.19334411621094,0
4,bucket_tip,41.7418098449707,142.28334045410156,0
