,name, x, y, z
0,arm,92.51870727539062,197.7515106201172,0
1,body,186.91297912597656,145.9315948486328,0
3,bucket,55.30004119873047,163.29872131347656,0
4,bucket_tip,41.182090759277344,142.5995330810547,0
