,name, x, y, z
0,arm,94.64727020263672,194.76223754882812,0
1,body,188.66465759277344,146.32627868652344,0
3,bucket,55.8940315246582,162.66030883789062,0
4,bucket_tip,38.94633483886719,142.22317504882812,0
