,name, x, y, z
0,arm,95.9284896850586,192.11354064941406,0
1,body,189.62136840820312,146.51004028320312,0
3,bucket,56.363975524902344,160.89401245117188,0
4,bucket_tip,37.934043884277344,140.68983459472656,0
