,name, x, y, z
0,arm,96.30369567871094,191.14468383789062,0
1,body,189.92372131347656,146.55368041992188,0
3,bucket,56.43915939331055,160.18211364746094,0
4,bucket_tip,37.6059684753418,140.08953857421875,0
