,name, x, y, z
0,arm,96.63665008544922,190.1517333984375,0
1,body,190.21754455566406,146.58641052246094,0
3,bucket,56.44480895996094,159.44711303710938,0
4,bucket_tip,37.2693977355957,139.48297119140625,0
