,name, x, y, z
0,arm,96.9176025390625,189.14598083496094,0
1,body,190.50270080566406,146.60696411132812,0
3,bucket,56.36366271972656,158.71212768554688,0
4,bucket_tip,36.91640853881836,138.8931427001953,0
