,name, x, y, z
0,arm,97.13680267333984,188.1387939453125,0
1,body,190.77899169921875,146.6140899658203,0
3,bucket,56.1784553527832,158.000244140625,0
4,bucket_tip,36.53913879394531,138.3430633544922,0
