,name, x, y, z
0,arm,97.35503387451172,186.16627502441406,0
1,body,191.29827880859375,146.24542236328125,0
3,bucket,55.4876708984375,156.7158203125,0
4,bucket_tip,35.6961784362793,137.4324188232422,0
