,name, x, y, z
0,arm,97.23275756835938,183.3892364501953,0
1,body,191.9272003173828,144.91090393066406,0
3,bucket,54.04004669189453,155.13365173339844,0
4,bucket_tip,34.26593017578125,136.5406951904297,0
