,name, x, y, z
0,arm,96.86479187011719,179.97738647460938,0
1,body,192.28802490234375,143.69261169433594,0
3,bucket,52.538509368896484,153.55311584472656,0
4,bucket_tip,32.23172378540039,136.13671875,0
