,name, x, y, z
0,arm,96.83879852294922,179.16635131835938,0
1,body,192.30393981933594,143.69564819335938,0
3,bucket,52.377723693847656,153.23760986328125,0
4,bucket_tip,31.75926971435547,136.13687133789062,0
