,name, x, y, z
0,arm,96.91703033447266,177.60426330566406,0
1,body,192.42466735839844,143.7174072265625,0
3,bucket,52.16261672973633,152.7020721435547,0
4,bucket_tip,30.99384880065918,136.1409149169922,0
