,name, x, y, z
0,arm,62.7760124206543,201.23243713378906,0
1,body,159.15402221679688,143.2971649169922,0
3,bucket,85.64677429199219,158.52008056640625,0
4,bucket_tip,97.74564361572266,127.747802734375,0
