,name, x, y, z
0,arm,97.80081176757812,173.75439453125,0
1,body,193.340576171875,143.84706115722656,0
3,bucket,51.98833465576172,151.7462921142578,0
4,bucket_tip,29.54403305053711,136.24998474121094,0
