,name, x, y, z
0,arm,99.34587860107422,171.94845581054688,0
1,body,195.89955139160156,143.87380981445312,0
3,bucket,50.58063888549805,154.2799072265625,0
4,bucket_tip,25.663036346435547,139.2898712158203,0
