,name, x, y, z
0,arm,99.3810806274414,172.02137756347656,0
1,body,196.1203155517578,143.85215759277344,0
3,bucket,50.310916900634766,155.33157348632812,0
4,bucket_tip,25.124340057373047,140.18748474121094,0
