,name, x, y, z
0,arm,99.43893432617188,173.06748962402344,0
1,body,197.07566833496094,143.7249298095703,0
3,bucket,48.920623779296875,161.5115966796875,0
4,bucket_tip,22.476085662841797,145.31407165527344,0
