,name, x, y, z
0,arm,99.45970916748047,173.93783569335938,0
1,body,197.36399841308594,143.6760711669922,0
3,bucket,48.43150329589844,163.8843231201172,0
4,bucket_tip,21.57801628112793,147.24838256835938,0
