,name, x, y, z
0,arm,99.48091888427734,174.49856567382812,0
1,body,197.48281860351562,143.6544189453125,0
3,bucket,48.21983337402344,164.9359893798828,0
4,bucket_tip,21.19354248046875,148.10182189941406,0
