,name, x, y, z
0,arm,99.55908966064453,175.9069061279297,0
1,body,197.6631622314453,143.6195831298828,0
3,bucket,47.88540267944336,166.62811279296875,0
4,bucket_tip,20.591358184814453,149.47032165527344,0
