,name, x, y, z
0,arm,115.48003387451172,198.99949645996094,0
1,body,187.22718811035156,147.19485473632812,0
3,bucket,92.97028350830078,157.2252655029297,0
4,bucket_tip,84.07003784179688,131.92770385742188,0
