,name, x, y, z
0,arm,93.1947021484375,202.7208251953125,0
1,body,173.07740783691406,133.1744842529297,0
3,bucket,75.4664535522461,155.184814453125,0
4,bucket_tip,58.12495040893555,132.74903869628906,0
