,name, x, y, z
0,arm,115.402099609375,198.48388671875,0
1,body,186.61941528320312,146.85955810546875,0
3,bucket,92.41249084472656,153.3216094970703,0
4,bucket_tip,83.66165924072266,129.81019592285156,0
