,name, x, y, z
0,arm,115.34722900390625,198.1135711669922,0
1,body,186.49172973632812,146.68310546875,0
3,bucket,92.13420867919922,152.5137481689453,0
4,bucket_tip,83.45792388916016,129.38758850097656,0
