,name, x, y, z
0,arm,115.28147888183594,197.66326904296875,0
1,body,186.39361572265625,146.4849395751953,0
3,bucket,91.83403778076172,151.8968963623047,0
4,bucket_tip,83.23815155029297,129.06991577148438,0
