,name, x, y, z
0,arm,115.20699310302734,197.1444854736328,0
1,body,186.32034301757812,146.271484375,0
3,bucket,91.52660369873047,151.43763732910156,0
4,bucket_tip,83.01305389404297,128.835205078125,0
