,name, x, y, z
0,arm,115.04047393798828,195.947509765625,0
1,body,186.2294464111328,145.8242645263672,0
3,bucket,90.94813537597656,150.8582305908203,0
4,bucket_tip,82.58954620361328,128.5265655517578,0
