,name, x, y, z
0,arm,114.95272064208984,195.29238891601562,0
1,body,186.2023468017578,145.60328674316406,0
3,bucket,90.70631408691406,150.6712646484375,0
4,bucket_tip,82.41248321533203,128.40866088867188,0
