,name, x, y, z
0,arm,114.69725799560547,193.23878479003906,0
1,body,186.13784790039062,145.02752685546875,0
3,bucket,90.34539794921875,150.12045288085938,0
4,bucket_tip,82.14825439453125,127.93647766113281,0
