,name, x, y, z
0,arm,114.62187957763672,192.56326293945312,0
1,body,186.1071319580078,144.8779296875,0
3,bucket,90.346435546875,149.83587646484375,0
4,bucket_tip,82.15690612792969,127.67129516601562,0
