,name, x, y, z
0,arm,114.55387878417969,191.90966796875,0
1,body,186.0691375732422,144.74327087402344,0
3,bucket,90.34940338134766,149.48388671875,0
4,bucket_tip,82.1816177368164,127.34329986572266,0
