,name, x, y, z
0,arm,114.30864715576172,189.03076171875,0
1,body,185.803466796875,144.26669311523438,0
3,bucket,90.38569641113281,147.02308654785156,0
4,bucket_tip,82.48408508300781,125.05027770996094,0
