,name, x, y, z
0,arm,93.77448272705078,203.80099487304688,0
1,body,173.52239990234375,133.224853515625,0
3,bucket,75.5720443725586,157.3518829345703,0
4,bucket_tip,57.903404235839844,134.95445251464844,0
