,name, x, y, z
0,arm,114.20470428466797,187.2520294189453,0
1,body,185.55760192871094,144.07423400878906,0
3,bucket,90.4276123046875,144.74549865722656,0
4,bucket_tip,82.83329010009766,122.92798614501953,0
