,name, x, y, z
0,arm,114.17562866210938,186.5585174560547,0
1,body,185.44461059570312,144.02362060546875,0
3,bucket,90.44813537597656,143.69882202148438,0
4,bucket_tip,83.00434875488281,121.95268249511719,0
