,name, x, y, z
0,arm,114.1525650024414,185.7845916748047,0
1,body,185.30908203125,143.98704528808594,0
3,bucket,90.47355651855469,142.4434814453125,0
4,bucket_tip,83.21619415283203,120.7829360961914,0
