,name, x, y, z
0,arm,114.146728515625,185.45738220214844,0
1,body,185.2525634765625,143.97970581054688,0
3,bucket,90.48442077636719,141.91981506347656,0
4,bucket_tip,83.30677795410156,120.29497528076172,0
