,name, x, y, z
0,arm,114.1456069946289,185.35328674316406,0
1,body,185.2373046875,143.97879028320312,0
3,bucket,90.48739624023438,141.778564453125,0
4,bucket_tip,83.33151245117188,120.16334533691406,0
