,name, x, y, z
0,arm,114.14515686035156,185.2901153564453,0
1,body,185.2320098876953,143.97866821289062,0
3,bucket,90.4884262084961,141.7294921875,0
4,bucket_tip,83.34014892578125,120.11763000488281,0
