,name, x, y, z
0,arm,95.00309753417969,206.71005249023438,0
1,body,174.50955200195312,133.2530975341797,0
3,bucket,75.95032501220703,161.9911346435547,0
4,bucket_tip,58.14385223388672,139.2180633544922,0
