,name, x, y, z
0,arm,95.35172271728516,207.7979278564453,0
1,body,174.8291778564453,133.24282836914062,0
3,bucket,76.03289031982422,163.12210083007812,0
4,bucket_tip,58.33608627319336,139.95863342285156,0
