,name, x, y, z
0,arm,95.62494659423828,208.7615509033203,0
1,body,175.22512817382812,133.16893005371094,0
3,bucket,76.13407135009766,163.9819793701172,0
4,bucket_tip,58.592628479003906,140.48208618164062,0
