,name, x, y, z
0,arm,114.1451187133789,185.26885986328125,0
1,body,185.22689819335938,143.973876953125,0
3,bucket,90.4872055053711,141.7266845703125,0
4,bucket_tip,83.33760070800781,120.11296844482422,0
