,name, x, y, z
0,arm,114.14098358154297,185.2659912109375,0
1,body,185.2118682861328,143.9597930908203,0
3,bucket,90.483642578125,141.71826171875,0
4,bucket_tip,83.33008575439453,120.09925842285156,0
