,name, x, y, z
0,arm,114.1287612915039,185.2575225830078,0
1,body,185.18736267089844,143.9368133544922,0
3,bucket,90.47782135009766,141.70437622070312,0
4,bucket_tip,83.31783294677734,120.076904296875,0
