,name, x, y, z
0,arm,114.10885620117188,185.24374389648438,0
1,body,185.1538543701172,143.90536499023438,0
3,bucket,90.46986389160156,141.68516540527344,0
4,bucket_tip,83.30107116699219,120.04629516601562,0
