,name, x, y, z
0,arm,114.08159637451172,185.22488403320312,0
1,body,185.11170959472656,143.86585998535156,0
3,bucket,90.45985412597656,141.6607208251953,0
4,bucket_tip,83.27999114990234,120.00785064697266,0
