,name, x, y, z
0,arm,114.04737091064453,185.201171875,0
1,body,185.06141662597656,143.81871032714844,0
3,bucket,90.4478988647461,141.6311798095703,0
4,bucket_tip,83.25485229492188,119.96195220947266,0
