,name, x, y, z
0,arm,114.00650024414062,185.1728973388672,0
1,body,185.00340270996094,143.7643280029297,0
3,bucket,90.43412780761719,141.5966339111328,0
4,bucket_tip,83.22584533691406,119.90902709960938,0
