,name, x, y, z
0,arm,113.90633392333984,185.10353088378906,0
1,body,184.8660125732422,143.63552856445312,0
3,bucket,90.40149688720703,141.51307678222656,0
4,bucket_tip,83.15715026855469,119.78365325927734,0
