,name, x, y, z
0,arm,113.84774017333984,185.06297302246094,0
1,body,184.78750610351562,143.56192016601562,0
3,bucket,90.38285827636719,141.4642791748047,0
4,bucket_tip,83.11790466308594,119.71202087402344,0
