,name, x, y, z
0,arm,113.78395080566406,185.01882934570312,0
1,body,184.70306396484375,143.48275756835938,0
3,bucket,90.36280059814453,141.4109649658203,0
4,bucket_tip,83.07566833496094,119.63494873046875,0
