,name, x, y, z
0,arm,113.39966583251953,184.7527618408203,0
1,body,184.20692443847656,143.01763916015625,0
3,bucket,90.2449722290039,141.08087158203125,0
4,bucket_tip,82.82759857177734,119.18223571777344,0
