,name, x, y, z
0,arm,113.22211456298828,184.62985229492188,0
1,body,183.9822540283203,142.80699157714844,0
3,bucket,90.19161224365234,140.92138671875,0
4,bucket_tip,82.71526336669922,118.97721862792969,0
