,name, x, y, z
0,arm,113.12968444824219,184.56585693359375,0
1,body,183.86605834960938,142.69805908203125,0
3,bucket,90.16402435302734,140.83624267578125,0
4,bucket_tip,82.65715789794922,118.8711929321289,0
