,name, x, y, z
0,arm,113.0352783203125,184.50050354003906,0
1,body,183.7478790283203,142.58726501464844,0
3,bucket,90.13594818115234,140.7476348876953,0
4,bucket_tip,82.59808349609375,118.76335144042969,0
