,name, x, y, z
0,arm,112.93925476074219,184.43402099609375,0
1,body,183.62814331054688,142.47503662109375,0
3,bucket,90.10751342773438,140.6557159423828,0
4,bucket_tip,82.53821563720703,118.65410614013672,0
