,name, x, y, z
0,arm,112.7437973022461,184.2987060546875,0
1,body,183.38584899902344,142.24786376953125,0
3,bucket,90.04995727539062,140.46237182617188,0
4,bucket_tip,82.41706848144531,118.43299102783203,0
