,name, x, y, z
0,arm,112.25205993652344,183.95826721191406,0
1,body,182.78390502929688,141.6835479736328,0
3,bucket,89.9070053100586,139.92906188964844,0
4,bucket_tip,82.1161117553711,117.88374328613281,0
