,name, x, y, z
0,arm,112.0616226196289,183.82643127441406,0
1,body,182.55393981933594,141.46795654296875,0
3,bucket,89.85238647460938,139.69825744628906,0
4,bucket_tip,82.0011215209961,117.67388916015625,0
