,name, x, y, z
0,arm,111.96918487548828,183.76242065429688,0
1,body,182.4430389404297,141.36398315429688,0
3,bucket,89.8260498046875,139.57957458496094,0
4,bucket_tip,81.94566345214844,117.57268524169922,0
