,name, x, y, z
0,arm,95.98041534423828,210.300048828125,0
1,body,176.17393493652344,132.8612518310547,0
3,bucket,76.3999252319336,165.12547302246094,0
4,bucket_tip,59.24690246582031,141.17849731445312,0
