,name, x, y, z
0,arm,111.62627410888672,183.52503967285156,0
1,body,182.03688049316406,140.9832305908203,0
3,bucket,89.72957611083984,139.08583068847656,0
4,bucket_tip,81.74258422851562,117.20206451416016,0
