,name, x, y, z
0,arm,111.4759750366211,183.42098999023438,0
1,body,181.86245727539062,140.81968688964844,0
3,bucket,89.68815612792969,138.82920837402344,0
4,bucket_tip,81.65536499023438,117.04290771484375,0
