,name, x, y, z
0,arm,111.28497314453125,183.28875732421875,0
1,body,181.6465606689453,140.61727905273438,0
3,bucket,89.63688659667969,138.43472290039062,0
4,bucket_tip,81.54743194580078,116.84590148925781,0
