,name, x, y, z
0,arm,111.18480682373047,183.2194061279297,0
1,body,181.5382537841797,140.5157470703125,0
3,bucket,89.61117553710938,138.166748046875,0
4,bucket_tip,81.49327850341797,116.74707794189453,0
