,name, x, y, z
0,arm,111.14395141601562,183.1911163330078,0
1,body,181.49612426757812,140.47625732421875,0
3,bucket,89.60115814208984,138.03163146972656,0
4,bucket_tip,81.47219848632812,116.70862579345703,0
