,name, x, y, z
0,arm,111.05034637451172,183.12631225585938,0
1,body,181.41793823242188,140.40296936035156,0
3,bucket,89.58258056640625,137.48635864257812,0
4,bucket_tip,81.43312072753906,116.63729095458984,0
