,name, x, y, z
0,arm,111.52750396728516,183.13233947753906,0
1,body,181.8712158203125,140.49839782714844,0
3,bucket,90.08357238769531,136.54708862304688,0
4,bucket_tip,81.53407287597656,116.84113311767578,0
