,name, x, y, z
0,arm,62.48237991333008,201.5457305908203,0
1,body,158.91864013671875,142.94993591308594,0
3,bucket,85.4393310546875,158.68600463867188,0
4,bucket_tip,97.7751693725586,127.72166442871094,0
