,name, x, y, z
0,arm,111.6823501586914,183.13755798339844,0
1,body,181.99229431152344,140.52389526367188,0
3,bucket,90.21739959716797,136.4200897216797,0
4,bucket_tip,81.56256866455078,116.8965072631836,0
