,name, x, y, z
0,arm,113.05911254882812,183.23643493652344,0
1,body,183.0022430419922,140.7364959716797,0
3,bucket,91.33363342285156,135.6354522705078,0
4,bucket_tip,81.82898712158203,117.37548828125,0
