,name, x, y, z
0,arm,96.00628662109375,211.13294982910156,0
1,body,176.8767547607422,132.5532989501953,0
3,bucket,76.61275482177734,165.5847625732422,0
4,bucket_tip,59.76261901855469,141.45864868164062,0
