,name, x, y, z
0,arm,113.67822265625,183.32574462890625,0
1,body,183.43093872070312,140.82675170898438,0
3,bucket,91.80745697021484,135.3761749267578,0
4,bucket_tip,81.96659851074219,117.59346008300781,0
