,name, x, y, z
0,arm,114.72944641113281,183.6926727294922,0
1,body,184.09295654296875,140.96612548828125,0
3,bucket,92.53915405273438,135.0272216796875,0
4,bucket_tip,82.29762268066406,118.00091552734375,0
