,name, x, y, z
0,arm,114.80056762695312,183.766845703125,0
1,body,184.1245574951172,140.9727783203125,0
3,bucket,92.57410430908203,135.01226806640625,0
4,bucket_tip,82.34274291992188,118.03788757324219,0
