,name, x, y, z
0,arm,114.84494018554688,183.84716796875,0
1,body,184.13546752929688,140.97508239746094,0
3,bucket,92.5861587524414,135.0072021484375,0
4,bucket_tip,82.38663482666016,118.06757354736328,0
