,name, x, y, z
0,arm,114.7952651977539,184.4651641845703,0
1,body,183.9552459716797,140.84922790527344,0
3,bucket,92.17585754394531,136.7540740966797,0
4,bucket_tip,82.57858276367188,118.42028045654297,0
