,name, x, y, z
0,arm,114.73074340820312,184.88511657714844,0
1,body,183.81524658203125,140.76242065429688,0
3,bucket,91.87933349609375,138.17984008789062,0
4,bucket_tip,82.63714599609375,118.9397201538086,0
