,name, x, y, z
0,arm,114.59322357177734,186.1206512451172,0
1,body,183.50778198242188,140.61798095703125,0
3,bucket,91.32166290283203,141.60107421875,0
4,bucket_tip,82.7103500366211,121.30919647216797,0
