,name, x, y, z
0,arm,114.69656372070312,188.98316955566406,0
1,body,183.58865356445312,140.54388427734375,0
3,bucket,91.27670288085938,146.0447998046875,0
4,bucket_tip,82.21452331542969,128.95526123046875,0
