,name, x, y, z
0,arm,114.83020782470703,189.63059997558594,0
1,body,183.9123077392578,140.51614379882812,0
3,bucket,91.07575225830078,146.4672393798828,0
4,bucket_tip,80.44713592529297,130.14739990234375,0
