,name, x, y, z
0,arm,113.1409912109375,166.02110290527344,0
1,body,189.95973205566406,131.21636962890625,0
3,bucket,86.79894256591797,128.3513641357422,0
4,bucket_tip,69.05294799804688,113.83868408203125,0
