,name, x, y, z
0,arm,112.94071197509766,166.0280303955078,0
1,body,190.0883331298828,131.22091674804688,0
3,bucket,86.56141662597656,128.3673553466797,0
4,bucket_tip,69.20404052734375,113.84154510498047,0
