,name, x, y, z
0,arm,112.75332641601562,166.04827880859375,0
1,body,190.19313049316406,131.2282257080078,0
3,bucket,86.33972930908203,128.3931121826172,0
4,bucket_tip,69.34506225585938,113.84619140625,0
