,name, x, y, z
0,arm,111.87621307373047,166.39744567871094,0
1,body,190.3983612060547,131.3190460205078,0
3,bucket,85.31141662597656,128.7126007080078,0
4,bucket_tip,69.99913787841797,113.90612030029297,0
