,name, x, y, z
0,arm,111.76720428466797,166.4850616455078,0
1,body,190.37469482421875,131.34005737304688,0
3,bucket,85.18524932861328,128.78652954101562,0
4,bucket_tip,70.07938385009766,113.92048645019531,0
