,name, x, y, z
0,arm,95.5999526977539,211.84677124023438,0
1,body,177.56399536132812,132.14207458496094,0
3,bucket,76.84581756591797,165.83863830566406,0
4,bucket_tip,60.32292556762695,141.61453247070312,0
