,name, x, y, z
0,arm,111.19998168945312,167.3232879638672,0
1,body,189.8362274169922,131.5316925048828,0
3,bucket,84.54267120361328,129.4607391357422,0
4,bucket_tip,70.48814392089844,114.06267547607422,0
