,name, x, y, z
0,arm,111.12705993652344,167.5374298095703,0
1,body,189.65460205078125,131.57855224609375,0
3,bucket,84.46387481689453,129.62564086914062,0
4,bucket_tip,70.53825378417969,114.10206604003906,0
