,name, x, y, z
0,arm,95.40406036376953,211.95843505859375,0
1,body,177.66024780273438,132.0524139404297,0
3,bucket,76.8861083984375,165.86050415039062,0
4,bucket_tip,60.41941833496094,141.6282958984375,0
