,name, x, y, z
0,arm,111.07484436035156,167.73876953125,0
1,body,189.47601318359375,131.62173461914062,0
3,bucket,84.40909576416016,129.77755737304688,0
4,bucket_tip,70.57306671142578,114.14142608642578,0
