,name, x, y, z
0,arm,111.05537414550781,167.83230590820312,0
1,body,189.3912811279297,131.6414337158203,0
3,bucket,84.38934326171875,129.84678649902344,0
4,bucket_tip,70.58560943603516,114.16083526611328,0
