,name, x, y, z
0,arm,111.03978729248047,167.91990661621094,0
1,body,189.31141662597656,131.6595458984375,0
3,bucket,84.37399291992188,129.91058349609375,0
4,bucket_tip,70.59540557861328,114.17990112304688,0
