,name, x, y, z
0,arm,111.0185546875,168.0735626220703,0
1,body,189.1717071533203,131.6903839111328,0
3,bucket,84.35416412353516,130.01901245117188,0
4,bucket_tip,70.6080322265625,114.21674346923828,0
