,name, x, y, z
0,arm,111.00362396240234,168.26907348632812,0
1,body,189.0105743408203,131.72439575195312,0
3,bucket,84.34286499023438,130.13876342773438,0
4,bucket_tip,70.61518859863281,114.28218841552734,0
