,name, x, y, z
0,arm,111.00304412841797,168.29624938964844,0
1,body,189.0029296875,131.72596740722656,0
3,bucket,84.34278869628906,130.14427185058594,0
4,bucket_tip,70.6152572631836,114.30949401855469,0
