,name, x, y, z
0,arm,111.43989562988281,168.33612060546875,0
1,body,188.97438049316406,131.72654724121094,0
3,bucket,84.2916488647461,130.1399383544922,0
4,bucket_tip,70.59012603759766,114.378662109375,0
