,name, x, y, z
0,arm,111.37037658691406,168.40528869628906,0
1,body,188.9387664794922,131.72793579101562,0
3,bucket,84.23098754882812,130.13479614257812,0
4,bucket_tip,70.56029510498047,114.35728454589844,0
