,name, x, y, z
0,arm,111.134521484375,168.63832092285156,0
1,body,188.8251190185547,131.73512268066406,0
3,bucket,84.05023956298828,130.11947631835938,0
4,bucket_tip,70.4714584350586,114.29291534423828,0
