,name, x, y, z
0,arm,111.05638885498047,168.71510314941406,0
1,body,188.7879180908203,131.73814392089844,0
3,bucket,83.99425506591797,130.11473083496094,0
4,bucket_tip,70.44393157958984,114.27279663085938,0
