,name, x, y, z
0,arm,110.87832641601562,168.88943481445312,0
1,body,188.70298767089844,131.74607849121094,0
3,bucket,83.87120819091797,130.10430908203125,0
4,bucket_tip,70.3834457397461,114.22827911376953,0
