,name, x, y, z
0,arm,94.1732177734375,212.15618896484375,0
1,body,177.6229248046875,131.80032348632812,0
3,bucket,76.93987274169922,165.85791015625,0
4,bucket_tip,60.59455490112305,141.60032653808594,0
