,name, x, y, z
0,arm,110.31403350830078,169.4366912841797,0
1,body,188.4296112060547,131.7793426513672,0
3,bucket,83.51163482666016,130.07382202148438,0
4,bucket_tip,70.20671081542969,114.09584045410156,0
