,name, x, y, z
0,arm,109.90061950683594,169.83314514160156,0
1,body,188.2239990234375,131.81072998046875,0
3,bucket,83.2710189819336,130.05343627929688,0
4,bucket_tip,70.08845520019531,114.00513458251953,0
