,name, x, y, z
0,arm,109.75138092041016,169.9754180908203,0
1,body,188.14854431152344,131.82342529296875,0
3,bucket,83.18829345703125,130.0464324951172,0
4,bucket_tip,70.04779052734375,113.97350311279297,0
