,name, x, y, z
0,arm,93.76065063476562,212.1577911376953,0
1,body,177.5357208251953,131.7577667236328,0
3,bucket,76.93226623535156,165.79019165039062,0
4,bucket_tip,60.7118034362793,141.47662353515625,0
