,name, x, y, z
0,arm,108.56410217285156,171.09140014648438,0
1,body,187.524658203125,131.94921875,0
3,bucket,82.6016845703125,129.99671936035156,0
4,bucket_tip,69.75945281982422,113.7409896850586,0
