,name, x, y, z
0,arm,107.58563232421875,171.99021911621094,0
1,body,186.9770965576172,132.0857391357422,0
3,bucket,82.20967102050781,129.9635009765625,0
4,bucket_tip,69.5667724609375,113.57352447509766,0
