,name, x, y, z
0,arm,107.3791275024414,172.17745971679688,0
1,body,186.85748291015625,132.11842346191406,0
3,bucket,82.13748168945312,129.95738220214844,0
4,bucket_tip,69.53128814697266,113.54094696044922,0
