,name, x, y, z
0,arm,106.30200958251953,173.13954162597656,0
1,body,186.20924377441406,132.31179809570312,0
3,bucket,81.82245635986328,129.93067932128906,0
4,bucket_tip,69.37642669677734,113.3870849609375,0
