,name, x, y, z
0,arm,104.70042419433594,174.521240234375,0
1,body,185.16236877441406,132.67633056640625,0
3,bucket,81.55908203125,129.90835571289062,0
4,bucket_tip,69.24699401855469,113.21173095703125,0
