,name, x, y, z
0,arm,104.46569061279297,174.71832275390625,0
1,body,184.99966430664062,132.73828125,0
3,bucket,81.54305267333984,129.90699768066406,0
4,bucket_tip,69.23910522460938,113.19189453125,0
