,name, x, y, z
0,arm,104.22996520996094,174.91473388671875,0
1,body,184.83367919921875,132.80288696289062,0
3,bucket,81.53324127197266,129.9061737060547,0
4,bucket_tip,69.23428344726562,113.17361450195312,0
