,name, x, y, z
0,arm,103.75633239746094,175.30459594726562,0
1,body,184.49200439453125,132.9403076171875,0
3,bucket,81.5299072265625,129.90640258789062,0
4,bucket_tip,69.2326889038086,113.14197540283203,0
