,name, x, y, z
0,arm,103.51876831054688,175.4976806640625,0
1,body,184.3167266845703,133.01319885253906,0
3,bucket,81.52992248535156,129.90789794921875,0
4,bucket_tip,69.23287963867188,113.12858581542969,0
