,name, x, y, z
0,arm,103.2811279296875,175.68931579589844,0
1,body,184.13905334472656,133.0885772705078,0
3,bucket,81.52993774414062,129.91033935546875,0
4,bucket_tip,69.23344421386719,113.11666870117188,0
