,name, x, y, z
0,arm,103.04377746582031,175.8794403076172,0
1,body,183.9593963623047,133.16619873046875,0
3,bucket,81.52998352050781,129.9136505126953,0
4,bucket_tip,69.2345199584961,113.10609436035156,0
