,name, x, y, z
0,arm,92.44466400146484,212.1528778076172,0
1,body,177.18211364746094,131.652099609375,0
3,bucket,76.88457489013672,165.33941650390625,0
4,bucket_tip,61.46687316894531,140.67420959472656,0
