,name, x, y, z
0,arm,102.10466003417969,176.62229919433594,0
1,body,183.2294921875,133.49371337890625,0
3,bucket,81.5303955078125,129.93450927734375,0
4,bucket_tip,69.24759674072266,113.07489776611328,0
