,name, x, y, z
0,arm,101.6465072631836,176.98162841796875,0
1,body,182.8637237548828,133.6640167236328,0
3,bucket,81.53084564208984,129.94871520996094,0
4,bucket_tip,69.26182556152344,113.06427001953125,0
