,name, x, y, z
0,arm,101.19988250732422,177.33175659179688,0
1,body,182.501953125,133.83587646484375,0
3,bucket,81.53154754638672,129.96484375,0
4,bucket_tip,69.28306579589844,113.05567932128906,0
