,name, x, y, z
0,arm,100.98181915283203,177.50306701660156,0
1,body,182.32363891601562,133.92173767089844,0
3,bucket,81.531982421875,129.97349548339844,0
4,bucket_tip,69.2967529296875,113.05184173583984,0
