,name, x, y, z
0,arm,100.76778411865234,177.67173767089844,0
1,body,182.14759826660156,134.00717163085938,0
3,bucket,81.5324935913086,129.98245239257812,0
4,bucket_tip,69.31271362304688,113.04815673828125,0
