,name, x, y, z
0,arm,99.95905303955078,178.31793212890625,0
1,body,181.47470092773438,134.3396453857422,0
3,bucket,81.535400390625,130.02024841308594,0
4,bucket_tip,69.40282440185547,113.03248596191406,0
