,name, x, y, z
0,arm,98.78361511230469,179.32196044921875,0
1,body,180.48312377929688,134.8449249267578,0
3,bucket,81.54461669921875,130.08531188964844,0
4,bucket_tip,69.68856048583984,112.9830093383789,0
