,name, x, y, z
0,arm,97.7968521118164,180.64431762695312,0
1,body,179.6974334716797,135.2520294189453,0
3,bucket,81.57757568359375,130.14051818847656,0
4,bucket_tip,70.82003784179688,112.69109344482422,0
