,name, x, y, z
0,arm,97.59487915039062,180.94442749023438,0
1,body,179.41712951660156,135.18800354003906,0
3,bucket,81.48030090332031,130.01727294921875,0
4,bucket_tip,71.0876693725586,112.45149230957031,0
