,name, x, y, z
0,arm,97.51089477539062,180.99337768554688,0
1,body,179.31968688964844,135.165283203125,0
3,bucket,81.446044921875,129.9735870361328,0
4,bucket_tip,71.09310913085938,112.39337921142578,0
