,name, x, y, z
0,arm,97.30583953857422,181.08131408691406,0
1,body,179.09027099609375,135.11090087890625,0
3,bucket,81.36808013916016,129.86924743652344,0
4,bucket_tip,71.0648193359375,112.26795959472656,0
