,name, x, y, z
0,arm,97.18641662597656,181.12051391601562,0
1,body,178.95994567871094,135.0795440673828,0
3,bucket,81.32563781738281,129.8091583251953,0
4,bucket_tip,71.03327178955078,112.2009506225586,0
