,name, x, y, z
0,arm,96.77030181884766,181.22052001953125,0
1,body,178.51681518554688,134.97036743164062,0
3,bucket,81.19255065917969,129.60032653808594,0
4,bucket_tip,70.88257598876953,111.98429107666016,0
