,name, x, y, z
0,arm,95.56647491455078,181.36749267578125,0
1,body,177.2875518798828,134.64442443847656,0
3,bucket,80.93317413330078,128.98048400878906,0
4,bucket_tip,70.3463363647461,111.40463256835938,0
