,name, x, y, z
0,arm,95.37982940673828,181.3804473876953,0
1,body,177.10208129882812,134.5916748046875,0
3,bucket,80.91162109375,128.8806915283203,0
4,bucket_tip,70.2649154663086,111.31531524658203,0
