,name, x, y, z
0,arm,94.08476257324219,181.4324188232422,0
1,body,175.85357666015625,134.1974639892578,0
3,bucket,80.96212005615234,128.14024353027344,0
4,bucket_tip,69.81735229492188,110.6629638671875,0
