,name, x, y, z
0,arm,62.20227813720703,201.86146545410156,0
1,body,158.6871795654297,142.6122283935547,0
3,bucket,85.24568939208984,158.84934997558594,0
4,bucket_tip,97.80172729492188,127.69188690185547,0
