,name, x, y, z
0,arm,93.42535400390625,181.44273376464844,0
1,body,175.25408935546875,133.96429443359375,0
3,bucket,81.20732116699219,127.70765686035156,0
4,bucket_tip,69.75557708740234,110.28067779541016,0
