,name, x, y, z
0,arm,93.13880920410156,181.44586181640625,0
1,body,175.00746154785156,133.84901428222656,0
3,bucket,81.4060287475586,127.49566650390625,0
4,bucket_tip,69.80646514892578,110.09038543701172,0
