,name, x, y, z
0,arm,93.00923919677734,181.44735717773438,0
1,body,174.90042114257812,133.7921600341797,0
3,bucket,81.52679443359375,127.39168548583984,0
4,bucket_tip,69.85627746582031,109.99594116210938,0
