,name, x, y, z
0,arm,89.1196517944336,211.94801330566406,0
1,body,175.9180145263672,131.51019287109375,0
3,bucket,76.6910400390625,163.1851806640625,0
4,bucket_tip,64.83875274658203,137.08499145507812,0
