,name, x, y, z
0,arm,92.40741729736328,181.47422790527344,0
1,body,174.54644775390625,133.3734893798828,0
3,bucket,83.09249877929688,126.64280700683594,0
4,bucket_tip,70.98595428466797,109.27408599853516,0
