,name, x, y, z
0,arm,92.39470672607422,181.51846313476562,0
1,body,174.63333129882812,133.15499877929688,0
3,bucket,84.34700775146484,126.27637481689453,0
4,bucket_tip,72.14305114746094,108.86486053466797,0
