,name, x, y, z
0,arm,92.39251708984375,181.52993774414062,0
1,body,174.6459503173828,133.11488342285156,0
3,bucket,84.57584381103516,126.21218872070312,0
4,bucket_tip,72.36970520019531,108.78682708740234,0
