,name, x, y, z
0,arm,88.63872528076172,211.88101196289062,0
1,body,175.69839477539062,131.49911499023438,0
3,bucket,76.66118621826172,162.7904815673828,0
4,bucket_tip,65.41956329345703,136.46725463867188,0
