,name, x, y, z
0,arm,92.389892578125,181.5424346923828,0
1,body,174.6571502685547,133.07591247558594,0
3,bucket,84.79781341552734,126.15089416503906,0
4,bucket_tip,72.59494018554688,108.71014404296875,0
