,name, x, y, z
0,arm,92.38687896728516,181.5559539794922,0
1,body,174.66702270507812,133.03811645507812,0
3,bucket,85.01309967041016,126.0924072265625,0
4,bucket_tip,72.81886291503906,108.63481140136719,0
