,name, x, y, z
0,arm,92.35653686523438,181.6844940185547,0
1,body,174.70628356933594,132.80528259277344,0
3,bucket,86.35009002685547,125.75635528564453,0
4,bucket_tip,74.3559799194336,108.14839935302734,0
