,name, x, y, z
0,arm,88.16104125976562,211.80136108398438,0
1,body,175.47132873535156,131.48974609375,0
3,bucket,76.63223266601562,162.3820343017578,0
4,bucket_tip,66.00777435302734,135.8419189453125,0
