,name, x, y, z
0,arm,92.31583404541016,181.8857879638672,0
1,body,174.7133026123047,132.625732421875,0
3,bucket,87.43915557861328,125.53254699707031,0
4,bucket_tip,75.8597640991211,107.7407455444336,0
