,name, x, y, z
0,arm,87.688232421875,211.70799255371094,0
1,body,175.23751831054688,131.4818878173828,0
3,bucket,76.60467529296875,161.9624481201172,0
4,bucket_tip,66.5976333618164,135.2152099609375,0
