,name, x, y, z
0,arm,92.26124572753906,182.28173828125,0
1,body,174.7203369140625,132.46824645996094,0
3,bucket,88.58672332763672,125.37347412109375,0
4,bucket_tip,77.78851318359375,107.34873962402344,0
