,name, x, y, z
0,arm,92.25031280517578,182.39430236816406,0
1,body,174.72703552246094,132.44384765625,0
3,bucket,88.81648254394531,125.35345458984375,0
4,bucket_tip,78.22171020507812,107.28377532958984,0
