,name, x, y, z
0,arm,92.240234375,182.51675415039062,0
1,body,174.73703002929688,132.42315673828125,0
3,bucket,89.04055786132812,125.33786010742188,0
4,bucket_tip,78.657958984375,107.22737884521484,0
