,name, x, y, z
0,arm,92.2355728149414,182.5818328857422,0
1,body,174.7434539794922,132.4141845703125,0
3,bucket,89.1509780883789,125.33155822753906,0
4,bucket_tip,78.87745666503906,107.20246887207031,0
