,name, x, y, z
0,arm,87.22179412841797,211.59986877441406,0
1,body,174.9977569580078,131.4753875732422,0
3,bucket,76.57901763916016,161.53445434570312,0
4,bucket_tip,67.18331146240234,134.59335327148438,0
