,name, x, y, z
0,arm,92.22337341308594,182.7930908203125,0
1,body,174.76950073242188,132.39259338378906,0
3,bucket,89.4781723022461,125.31787872314453,0
4,bucket_tip,79.5422592163086,107.14124298095703,0
