,name, x, y, z
0,arm,92.21434783935547,183.02957153320312,0
1,body,174.80738830566406,132.3788604736328,0
3,bucket,89.80349731445312,125.31061553955078,0
4,bucket_tip,80.2182846069336,107.10090637207031,0
