,name, x, y, z
0,arm,92.24136352539062,183.7935791015625,0
1,body,174.9907989501953,132.39146423339844,0
3,bucket,90.70079040527344,125.38875579833984,0
4,bucket_tip,82.09002685546875,107.11101531982422,0
