,name, x, y, z
0,arm,92.33578491210938,184.12771606445312,0
1,body,175.10128784179688,132.4285888671875,0
3,bucket,91.05397033691406,125.54532623291016,0
4,bucket_tip,82.81535339355469,107.16912078857422,0
