,name, x, y, z
0,arm,92.4831771850586,184.4812469482422,0
1,body,175.23117065429688,132.48223876953125,0
3,bucket,91.41439056396484,125.77155303955078,0
4,bucket_tip,83.54790496826172,107.25308227539062,0
