,name, x, y, z
0,arm,93.16179656982422,185.60922241210938,0
1,body,175.6995086669922,132.71546936035156,0
3,bucket,92.52360534667969,126.75520324707031,0
4,bucket_tip,85.75001525878906,107.61814880371094,0
