,name, x, y, z
0,arm,93.43961334228516,185.99139404296875,0
1,body,175.86927795410156,132.8083953857422,0
3,bucket,92.89745330810547,127.14708709716797,0
4,bucket_tip,86.47259521484375,107.76358795166016,0
