,name, x, y, z
0,arm,93.53533172607422,186.11788940429688,0
1,body,175.9261932373047,132.84019470214844,0
3,bucket,93.02201843261719,127.28121185302734,0
4,bucket_tip,86.71092987060547,107.81336975097656,0
