,name, x, y, z
0,arm,93.63212585449219,186.24365234375,0
1,body,175.98301696777344,132.8722381591797,0
3,bucket,93.146484375,127.41637420654297,0
4,bucket_tip,86.94776153564453,107.863525390625,0
