,name, x, y, z
0,arm,94.02378845214844,186.7356414794922,0
1,body,176.20675659179688,133.00094604492188,0
3,bucket,93.64195251464844,127.95911407470703,0
4,bucket_tip,87.8772201538086,108.06495666503906,0
