,name, x, y, z
0,arm,94.50091552734375,187.31216430664062,0
1,body,176.46792602539062,133.1554718017578,0
3,bucket,94.2516860961914,128.61087036132812,0
4,bucket_tip,88.98804473876953,108.30684661865234,0
