,name, x, y, z
0,arm,94.68014526367188,187.5261688232422,0
1,body,176.5630340576172,133.21278381347656,0
3,bucket,94.49113464355469,128.8525390625,0
4,bucket_tip,89.41278839111328,108.39653778076172,0
