,name, x, y, z
0,arm,94.76606750488281,187.62889099121094,0
1,body,176.60804748535156,133.24008178710938,0
3,bucket,94.60967254638672,128.96762084960938,0
4,bucket_tip,89.62039947509766,108.43924713134766,0
