,name, x, y, z
0,arm,94.84910583496094,187.728515625,0
1,body,176.65115356445312,133.2663116455078,0
3,bucket,94.72734069824219,129.07830810546875,0
4,bucket_tip,89.82462310791016,108.48033142089844,0
