,name, x, y, z
0,arm,95.00540161132812,187.917724609375,0
1,body,176.7311553955078,133.31527709960938,0
3,bucket,94.9598159790039,129.2848358154297,0
4,bucket_tip,90.222412109375,108.5569839477539,0
