,name, x, y, z
0,arm,62.0704345703125,202.0178985595703,0
1,body,158.57481384277344,142.44989013671875,0
3,bucket,85.15636444091797,158.9287109375,0
4,bucket_tip,97.81348419189453,127.6755599975586,0
