,name, x, y, z
0,arm,95.48701477050781,188.5681610107422,0
1,body,176.9606170654297,133.45791625976562,0
3,bucket,95.94773864746094,129.88632202148438,0
4,bucket_tip,91.80755615234375,108.78021240234375,0
