,name, x, y, z
0,arm,95.53038787841797,188.65936279296875,0
1,body,176.9759521484375,133.46759033203125,0
3,bucket,96.15158081054688,129.9271697998047,0
4,bucket_tip,92.10740661621094,108.79537200927734,0
