,name, x, y, z
0,arm,95.52970123291016,188.75364685058594,0
1,body,176.9484405517578,133.4658966064453,0
3,bucket,96.44420623779297,129.9294891357422,0
4,bucket_tip,92.51639556884766,108.73396301269531,0
