,name, x, y, z
0,arm,95.4849624633789,188.77394104003906,0
1,body,176.9141082763672,133.46246337890625,0
3,bucket,96.53729248046875,129.92605590820312,0
4,bucket_tip,92.64115905761719,108.66014099121094,0
