,name, x, y, z
0,arm,95.08370208740234,188.8155517578125,0
1,body,176.68499755859375,133.43955993652344,0
3,bucket,96.87774658203125,129.90313720703125,0
4,bucket_tip,93.07733917236328,108.16757202148438,0
