,name, x, y, z
0,arm,94.64510345458984,188.82437133789062,0
1,body,176.46356201171875,133.4174041748047,0
3,bucket,97.08943176269531,129.88099670410156,0
4,bucket_tip,93.33317565917969,107.69144439697266,0
