,name, x, y, z
0,arm,94.33847045898438,188.82984924316406,0
1,body,176.3173065185547,133.40277099609375,0
3,bucket,97.20430755615234,129.8663787841797,0
4,bucket_tip,93.46694946289062,107.37702178955078,0
