,name, x, y, z
0,arm,93.92552947998047,188.85104370117188,0
1,body,176.13339233398438,133.38438415527344,0
3,bucket,97.32998657226562,129.84799194335938,0
4,bucket_tip,93.60865783691406,106.98159790039062,0
