,name, x, y, z
0,arm,93.60635375976562,188.93215942382812,0
1,body,176.02439880371094,133.3734893798828,0
3,bucket,97.39523315429688,129.8370819091797,0
4,bucket_tip,93.67960357666016,106.74726867675781,0
