,name, x, y, z
0,arm,93.5910873413086,189.07313537597656,0
1,body,176.02674865722656,133.43167114257812,0
3,bucket,96.6690673828125,129.86972045898438,0
4,bucket_tip,92.68824005126953,107.219482421875,0
