,name, x, y, z
0,arm,93.59207916259766,189.15234375,0
1,body,176.02996826171875,133.47244262695312,0
3,bucket,96.16818237304688,129.9093017578125,0
4,bucket_tip,92.00167083740234,107.55643463134766,0
