,name, x, y, z
0,arm,93.59400177001953,189.2508544921875,0
1,body,176.03524780273438,133.52117919921875,0
3,bucket,95.57787322998047,129.9720916748047,0
4,bucket_tip,91.18984985351562,107.96421813964844,0
