,name, x, y, z
0,arm,93.60855865478516,189.67758178710938,0
1,body,176.06886291503906,133.69818115234375,0
3,bucket,93.510009765625,130.35289001464844,0
4,bucket_tip,88.31990814208984,109.49880981445312,0
