,name, x, y, z
0,arm,83.48059844970703,209.7930145263672,0
1,body,172.5504150390625,131.45571899414062,0
3,bucket,76.36705017089844,157.7516632080078,0
4,bucket_tip,71.16486358642578,130.25091552734375,0
