,name, x, y, z
0,arm,93.64279174804688,190.33346557617188,0
1,body,176.14004516601562,133.88645935058594,0
3,bucket,91.50031280517578,131.1340789794922,0
4,bucket_tip,85.46372985839844,111.26145935058594,0
