,name, x, y, z
0,arm,93.68074035644531,190.91856384277344,0
1,body,176.2152557373047,133.99598693847656,0
3,bucket,90.51254272460938,131.94822692871094,0
4,bucket_tip,83.98983001708984,112.41163635253906,0
