,name, x, y, z
0,arm,93.92724609375,192.4927978515625,0
1,body,176.47044372558594,134.13185119628906,0
3,bucket,89.6507568359375,134.4210205078125,0
4,bucket_tip,82.53765869140625,114.31817626953125,0
