,name, x, y, z
0,arm,94.11288452148438,192.96759033203125,0
1,body,176.5597686767578,134.15005493164062,0
3,bucket,89.54161071777344,135.19964599609375,0
4,bucket_tip,82.34967803955078,114.71516418457031,0
