,name, x, y, z
0,arm,94.62754821777344,193.9946746826172,0
1,body,176.75941467285156,134.17271423339844,0
3,bucket,89.40558624267578,136.9078369140625,0
4,bucket_tip,82.11539459228516,115.45032501220703,0
