,name, x, y, z
0,arm,95.2875747680664,195.10418701171875,0
1,body,176.97683715820312,134.1820526123047,0
3,bucket,89.349609375,138.7771759033203,0
4,bucket_tip,82.01900482177734,116.14290618896484,0
