,name, x, y, z
0,arm,99.35944366455078,203.0784912109375,0
1,body,177.78231811523438,134.4276885986328,0
3,bucket,88.04662322998047,152.3294677734375,0
4,bucket_tip,79.76472473144531,123.40421295166016,0
