,name, x, y, z
0,arm,96.88029479980469,204.50875854492188,0
1,body,175.5302276611328,135.7316436767578,0
3,bucket,82.23439025878906,155.46328735351562,0
4,bucket_tip,70.61112213134766,127.63614654541016,0
