,name, x, y, z
0,arm,91.08173370361328,204.11148071289062,0
1,body,174.83302307128906,136.9535369873047,0
3,bucket,71.03173828125,157.620361328125,0
4,bucket_tip,55.7937126159668,132.19482421875,0
