,name, x, y, z
0,arm,90.79524230957031,204.08811950683594,0
1,body,174.83251953125,136.99685668945312,0
3,bucket,70.88750457763672,157.63211059570312,0
4,bucket_tip,55.109920501708984,132.39686584472656,0
