,name, x, y, z
0,arm,90.35225677490234,204.09205627441406,0
1,body,175.30926513671875,137.09918212890625,0
3,bucket,71.12589263916016,157.1315155029297,0
4,bucket_tip,54.035133361816406,132.7970733642578,0
