,name, x, y, z
0,arm,90.29508972167969,204.10353088378906,0
1,body,175.538818359375,137.12106323242188,0
3,bucket,71.24065399169922,156.89048767089844,0
4,bucket_tip,53.9012451171875,132.8671112060547,0
