,name, x, y, z
0,arm,90.26573181152344,204.11500549316406,0
1,body,175.71539306640625,137.13499450683594,0
3,bucket,71.32894897460938,156.705078125,0
4,bucket_tip,53.82536315917969,132.90802001953125,0
