,name, x, y, z
0,arm,90.25337982177734,204.1273651123047,0
1,body,175.6571044921875,137.0952606201172,0
3,bucket,71.24031066894531,156.63206481933594,0
4,bucket_tip,53.72414779663086,132.72793579101562,0
