,name, x, y, z
0,arm,90.26710510253906,204.0381317138672,0
1,body,175.34970092773438,136.9888458251953,0
3,bucket,70.9447250366211,156.6400604248047,0
4,bucket_tip,53.67298126220703,132.26683044433594,0
