,name, x, y, z
0,arm,81.6888427734375,207.8444061279297,0
1,body,170.77008056640625,131.59222412109375,0
3,bucket,76.00645446777344,156.09242248535156,0
4,bucket_tip,71.39334869384766,129.57371520996094,0
