,name, x, y, z
0,arm,90.34949493408203,203.5712890625,0
1,body,174.67535400390625,136.7554168701172,0
3,bucket,70.29631042480469,156.7041473388672,0
4,bucket_tip,53.596370697021484,131.25531005859375,0
