,name, x, y, z
0,arm,90.55680084228516,203.92828369140625,0
1,body,174.67459106445312,137.3485107421875,0
3,bucket,70.41341400146484,157.71983337402344,0
4,bucket_tip,53.849754333496094,132.3541717529297,0
