,name, x, y, z
0,arm,90.9338150024414,205.2464141845703,0
1,body,175.2332763671875,138.1311492919922,0
3,bucket,71.46421813964844,158.65951538085938,0
4,bucket_tip,55.00697326660156,133.94004821777344,0
