,name, x, y, z
0,arm,91.1876449584961,205.661376953125,0
1,body,175.57167053222656,138.33407592773438,0
3,bucket,72.10073852539062,158.89454650878906,0
4,bucket_tip,55.707950592041016,134.3511962890625,0
