,name, x, y, z
0,arm,91.97676849365234,206.23500061035156,0
1,body,176.548828125,138.52249145507812,0
3,bucket,73.9387435913086,159.1100616455078,0
4,bucket_tip,57.732086181640625,134.73300170898438,0
