,name, x, y, z
0,arm,95.15478515625,204.1338348388672,0
1,body,178.07864379882812,138.20654296875,0
3,bucket,76.6981201171875,158.03355407714844,0
4,bucket_tip,59.82255554199219,133.24009704589844,0
