,name, x, y, z
0,arm,95.1277084350586,204.1529083251953,0
1,body,178.10206604003906,138.12855529785156,0
3,bucket,76.63323974609375,158.05789184570312,0
4,bucket_tip,59.7557258605957,133.27996826171875,0
