,name, x, y, z
0,arm,94.64265441894531,204.50418090820312,0
1,body,178.21060180664062,137.76673889160156,0
3,bucket,75.7940673828125,158.3729248046875,0
4,bucket_tip,58.88119125366211,133.8050994873047,0
