,name, x, y, z
0,arm,94.5166015625,204.5975341796875,0
1,body,178.22390747070312,137.72235107421875,0
3,bucket,75.59160614013672,158.44900512695312,0
4,bucket_tip,58.66798782348633,133.9338836669922,0
