,name, x, y, z
0,arm,94.3801040649414,204.69947814941406,0
1,body,178.23602294921875,137.68199157714844,0
3,bucket,75.37483215332031,158.530517578125,0
4,bucket_tip,58.43881607055664,134.0725860595703,0
