,name, x, y, z
0,arm,80.6800765991211,206.32630920410156,0
1,body,169.58370971679688,131.81173706054688,0
3,bucket,75.6828384399414,155.24839782714844,0
4,bucket_tip,71.20831298828125,129.462646484375,0
