,name, x, y, z
0,arm,93.02227020263672,205.7647247314453,0
1,body,178.29623413085938,137.4812469482422,0
3,bucket,73.28414154052734,159.3186798095703,0
4,bucket_tip,56.17741394042969,135.45823669433594,0
