,name, x, y, z
0,arm,92.26195526123047,206.4117431640625,0
1,body,178.30792236328125,137.44232177734375,0
3,bucket,72.13945770263672,159.75218200683594,0
4,bucket_tip,54.8893928527832,136.26358032226562,0
