,name, x, y, z
0,arm,91.70447540283203,206.92079162597656,0
1,body,178.31163024902344,137.429931640625,0
3,bucket,71.30731964111328,160.06869506835938,0
4,bucket_tip,53.919132232666016,136.88076782226562,0
