,name, x, y, z
0,arm,91.52600860595703,207.0923309326172,0
1,body,178.31222534179688,137.42799377441406,0
3,bucket,71.04205322265625,160.16993713378906,0
4,bucket_tip,53.60147476196289,137.08535766601562,0
