,name, x, y, z
0,arm,91.35272979736328,207.2639617919922,0
1,body,178.3125762939453,137.4268035888672,0
3,bucket,70.78504943847656,160.2681884765625,0
4,bucket_tip,53.28874206542969,137.2882080078125,0
