,name, x, y, z
0,arm,91.18559265136719,207.4351806640625,0
1,body,178.31275939941406,137.4261932373047,0
3,bucket,70.53766632080078,160.36300659179688,0
4,bucket_tip,52.98217010498047,137.48866271972656,0
