,name, x, y, z
0,arm,91.0254898071289,207.6055145263672,0
1,body,178.3128204345703,137.42596435546875,0
3,bucket,70.30120849609375,160.4539031982422,0
4,bucket_tip,52.68297576904297,137.68601989746094,0
