,name, x, y, z
0,arm,90.59654998779297,208.10595703125,0
1,body,178.19790649414062,137.49708557128906,0
3,bucket,69.66883087158203,160.69857788085938,0
4,bucket_tip,51.84149932861328,138.25250244140625,0
