,name, x, y, z
0,arm,90.35801696777344,208.42437744140625,0
1,body,177.89224243164062,137.68630981445312,0
3,bucket,69.31425476074219,160.83709716796875,0
4,bucket_tip,51.33656692504883,138.60116577148438,0
