,name, x, y, z
0,arm,80.0338134765625,205.26937866210938,0
1,body,168.7686309814453,132.0179443359375,0
3,bucket,75.43118286132812,154.72572326660156,0
4,bucket_tip,71.15543365478516,129.3466033935547,0
