,name, x, y, z
0,arm,89.68749237060547,209.5778045654297,0
1,body,175.55686950683594,139.13201904296875,0
3,bucket,68.31978607177734,161.23316955566406,0
4,bucket_tip,49.73054122924805,139.75665283203125,0
