,name, x, y, z
0,arm,89.66363525390625,209.63235473632812,0
1,body,175.4241943359375,139.21414184570312,0
3,bucket,68.28945922851562,161.2455596923828,0
4,bucket_tip,49.67367935180664,139.79925537109375,0
