,name, x, y, z
0,arm,89.64682006835938,209.67237854003906,0
1,body,175.33921813964844,139.26675415039062,0
3,bucket,68.27134704589844,161.25299072265625,0
4,bucket_tip,49.63896942138672,139.82540893554688,0
