,name, x, y, z
0,arm,89.6446762084961,209.7048797607422,0
1,body,175.3507080078125,139.26962280273438,0
3,bucket,68.26739501953125,161.2552490234375,0
4,bucket_tip,49.629150390625,139.83389282226562,0
