,name, x, y, z
0,arm,89.6772232055664,209.70321655273438,0
1,body,175.40086364746094,139.25096130371094,0
3,bucket,68.27232360839844,161.2546844482422,0
4,bucket_tip,49.633758544921875,139.8329315185547,0
