,name, x, y, z
0,arm,89.80216979980469,209.69696044921875,0
1,body,175.5546112060547,139.19500732421875,0
3,bucket,68.2977294921875,161.2518310546875,0
4,bucket_tip,49.65748977661133,139.82794189453125,0
