,name, x, y, z
0,arm,89.99954986572266,209.68739318847656,0
1,body,175.77235412597656,139.11830139160156,0
3,bucket,68.35423278808594,161.24549865722656,0
4,bucket_tip,49.710289001464844,139.81686401367188,0
