,name, x, y, z
0,arm,90.12261962890625,209.6815948486328,0
1,body,175.90248107910156,139.0736846923828,0
3,bucket,68.39801788330078,161.2406005859375,0
4,bucket_tip,49.75123596191406,139.80825805664062,0
