,name, x, y, z
0,arm,90.75161743164062,209.65357971191406,0
1,body,176.5394744873047,138.86778259277344,0
3,bucket,68.71318054199219,161.2052459716797,0
4,bucket_tip,50.04576110839844,139.7464141845703,0
