,name, x, y, z
0,arm,90.93746948242188,209.64578247070312,0
1,body,176.72238159179688,138.8125,0
3,bucket,68.834716796875,161.19161987304688,0
4,bucket_tip,50.15936279296875,139.72254943847656,0
