,name, x, y, z
0,arm,91.33576202392578,209.62994384765625,0
1,body,177.1089324951172,138.70159912109375,0
3,bucket,69.14004516601562,161.15737915039062,0
4,bucket_tip,50.44469451904297,139.66262817382812,0
