,name, x, y, z
0,arm,91.7620620727539,209.61428833007812,0
1,body,177.5159454345703,138.59437561035156,0
3,bucket,69.53864288330078,161.1126708984375,0
4,bucket_tip,50.81722640991211,139.5843963623047,0
