,name, x, y, z
0,arm,91.9829330444336,209.60675048828125,0
1,body,177.72438049316406,138.54367065429688,0
3,bucket,69.77682495117188,161.08595275878906,0
4,bucket_tip,51.03982925415039,139.53765869140625,0
