,name, x, y, z
0,arm,92.89208221435547,209.58047485351562,0
1,body,178.5656280517578,138.37437438964844,0
3,bucket,71.0250015258789,160.9459686279297,0
4,bucket_tip,52.206356048583984,139.2926788330078,0
