,name, x, y, z
0,arm,93.34648132324219,209.57090759277344,0
1,body,178.9755096435547,138.3184356689453,0
3,bucket,71.84813690185547,160.85365295410156,0
4,bucket_tip,52.97563552856445,139.13113403320312,0
