,name, x, y, z
0,arm,94.00285339355469,209.56298828125,0
1,body,179.5524139404297,138.2841033935547,0
3,bucket,73.36663818359375,160.68336486816406,0
4,bucket_tip,54.39479446411133,138.83311462402344,0
