,name, x, y, z
0,arm,78.80136108398438,203.27232360839844,0
1,body,167.13449096679688,132.57949829101562,0
3,bucket,74.86054992675781,153.7264404296875,0
4,bucket_tip,71.6607666015625,128.65716552734375,0
