,name, x, y, z
0,arm,94.21047973632812,209.56240844726562,0
1,body,179.73043823242188,138.28602600097656,0
3,bucket,73.96925354003906,160.58779907226562,0
4,bucket_tip,54.9997673034668,138.66375732421875,0
