,name, x, y, z
0,arm,94.79454040527344,209.56878662109375,0
1,body,180.21788024902344,138.31234741210938,0
3,bucket,76.17179870605469,159.9629364013672,0
4,bucket_tip,57.65107345581055,137.5379180908203,0
