,name, x, y, z
0,arm,95.34310150146484,209.59237670898438,0
1,body,180.63775634765625,138.36251831054688,0
3,bucket,78.87430572509766,158.95068359375,0
4,bucket_tip,61.38198471069336,135.69395446777344,0
