,name, x, y, z
0,arm,95.70455169677734,209.62094116210938,0
1,body,180.8816375732422,138.40478515625,0
3,bucket,80.89527130126953,158.13681030273438,0
4,bucket_tip,64.35795593261719,134.1981201171875,0
