,name, x, y, z
0,arm,95.88748931884766,209.6398162841797,0
1,body,180.9931182861328,138.4275665283203,0
3,bucket,81.95841217041016,157.7052764892578,0
4,bucket_tip,65.96757507324219,133.40005493164062,0
