,name, x, y, z
0,arm,78.50530242919922,202.833740234375,0
1,body,166.733154296875,132.75106811523438,0
3,bucket,74.72808074951172,153.47837829589844,0
4,bucket_tip,72.05020904541016,128.33587646484375,0
