,name, x, y, z
0,arm,96.07344818115234,209.66209411621094,0
1,body,181.09776306152344,138.45101928710938,0
3,bucket,83.05079650878906,157.26498413085938,0
4,bucket_tip,67.64715576171875,132.581787109375,0
