,name, x, y, z
0,arm,97.3178939819336,209.88075256347656,0
1,body,181.58863830566406,138.58709716796875,0
3,bucket,89.97401428222656,154.75875854492188,0
4,bucket_tip,78.72750091552734,127.80426788330078,0
