,name, x, y, z
0,arm,97.55757141113281,209.93368530273438,0
1,body,181.64866638183594,138.6059112548828,0
3,bucket,91.1484603881836,154.41697692871094,0
4,bucket_tip,80.66361999511719,127.12273406982422,0
