,name, x, y, z
0,arm,97.8095932006836,209.99197387695312,0
1,body,181.70278930664062,138.62274169921875,0
3,bucket,92.31707000732422,154.11207580566406,0
4,bucket_tip,82.60309600830078,126.50045776367188,0
