,name, x, y, z
0,arm,61.82951736450195,202.32347106933594,0
1,body,158.36062622070312,142.14430236816406,0
3,bucket,84.99728393554688,159.0800018310547,0
4,bucket_tip,97.83317565917969,127.63978576660156,0
