,name, x, y, z
0,arm,78.21305847167969,202.43028259277344,0
1,body,166.33360290527344,132.93101501464844,0
3,bucket,74.62590789794922,153.22955322265625,0
4,bucket_tip,72.62950897216797,127.9581527709961,0
