,name, x, y, z
0,arm,98.65116882324219,210.20152282714844,0
1,body,181.8307342529297,138.6580047607422,0
3,bucket,95.74427032470703,153.4760284423828,0
4,bucket_tip,88.35808563232422,125.08856201171875,0
