,name, x, y, z
0,arm,98.964111328125,210.2837371826172,0
1,body,181.8623046875,138.66357421875,0
3,bucket,96.84584045410156,153.37591552734375,0
4,bucket_tip,90.22753143310547,124.80266571044922,0
