,name, x, y, z
0,arm,99.295166015625,210.37257385253906,0
1,body,181.88851928710938,138.66549682617188,0
3,bucket,97.91967010498047,153.34129333496094,0
4,bucket_tip,92.05865478515625,124.6257095336914,0
