,name, x, y, z
0,arm,100.07798767089844,211.05311584472656,0
1,body,179.75210571289062,138.65939331054688,0
3,bucket,101.71147918701172,153.40721130371094,0
4,bucket_tip,100.12445831298828,124.16368103027344,0
