,name, x, y, z
0,arm,77.92035675048828,202.05996704101562,0
1,body,165.9329071044922,133.1147918701172,0
3,bucket,74.54157257080078,152.98004150390625,0
4,bucket_tip,73.3471450805664,127.53866577148438,0
