,name, x, y, z
0,arm,98.8372573852539,211.56298828125,0
1,body,176.4833526611328,138.64027404785156,0
3,bucket,102.45687866210938,153.49851989746094,0
4,bucket_tip,103.52246856689453,124.07500457763672,0
