,name, x, y, z
0,arm,95.40203094482422,212.15899658203125,0
1,body,170.46128845214844,138.56927490234375,0
3,bucket,103.44810485839844,153.6443634033203,0
4,bucket_tip,108.33898162841797,124.12254333496094,0
