,name, x, y, z
0,arm,94.73739624023438,212.2181854248047,0
1,body,169.459228515625,138.5509033203125,0
3,bucket,103.80278015136719,153.66470336914062,0
4,bucket_tip,109.3246078491211,124.13961791992188,0
