,name, x, y, z
0,arm,93.39347839355469,212.28781127929688,0
1,body,167.60848999023438,138.5065460205078,0
3,bucket,104.80779266357422,153.69903564453125,0
4,bucket_tip,111.5903549194336,124.19587707519531,0
