,name, x, y, z
0,arm,92.73043823242188,212.27650451660156,0
1,body,166.88467407226562,138.4748077392578,0
3,bucket,105.4301528930664,153.71180725097656,0
4,bucket_tip,112.82329559326172,124.27066040039062,0
