,name, x, y, z
0,arm,91.50206756591797,212.05906677246094,0
1,body,165.8512420654297,138.3649139404297,0
3,bucket,106.7051010131836,153.717041015625,0
4,bucket_tip,115.18284606933594,124.47703552246094,0
