,name, x, y, z
0,arm,77.31458282470703,201.40179443359375,0
1,body,165.12985229492188,133.46585083007812,0
3,bucket,74.38978576660156,152.46939086914062,0
4,bucket_tip,75.00463104248047,126.62345123291016,0
