,name, x, y, z
0,arm,89.73197937011719,209.2490234375,0
1,body,164.9473876953125,137.28468322753906,0
3,bucket,107.88812255859375,152.8560028076172,0
4,bucket_tip,117.44107055664062,124.26495361328125,0
