,name, x, y, z
0,arm,89.28630065917969,208.41795349121094,0
1,body,164.74981689453125,136.98184204101562,0
3,bucket,107.58154296875,152.13235473632812,0
4,bucket_tip,117.14332580566406,123.69420623779297,0
