,name, x, y, z
0,arm,88.6295166015625,207.51644897460938,0
1,body,164.50990295410156,136.66110229492188,0
3,bucket,107.17120361328125,151.2250518798828,0
4,bucket_tip,116.73442077636719,122.95547485351562,0
