,name, x, y, z
0,arm,86.964111328125,205.59642028808594,0
1,body,163.98777770996094,136.0005645751953,0
3,bucket,106.0828628540039,149.03785705566406,0
4,bucket_tip,115.60134887695312,121.11331939697266,0
