,name, x, y, z
0,arm,84.03263854980469,200.58938598632812,0
1,body,163.5228271484375,134.47219848632812,0
3,bucket,101.45047760009766,142.6342315673828,0
4,bucket_tip,110.00996398925781,115.12967681884766,0
