,name, x, y, z
0,arm,84.06914520263672,199.3013916015625,0
1,body,164.25042724609375,134.1405487060547,0
3,bucket,98.76373291015625,140.78993225097656,0
4,bucket_tip,106.2218246459961,112.99319458007812,0
