,name, x, y, z
0,arm,84.10448455810547,199.0355987548828,0
1,body,164.59536743164062,134.0701141357422,0
3,bucket,97.84016418457031,140.36878967285156,0
4,bucket_tip,104.84727478027344,112.44145965576172,0
