,name, x, y, z
0,arm,84.23078155517578,198.69277954101562,0
1,body,165.3949737548828,133.95797729492188,0
3,bucket,95.96971130371094,139.77342224121094,0
4,bucket_tip,101.96260833740234,111.5849838256836,0
