,name, x, y, z
0,arm,84.4544448852539,198.53863525390625,0
1,body,166.29220581054688,133.8491973876953,0
3,bucket,94.08893585205078,139.45880126953125,0
4,bucket_tip,98.93305206298828,111.06490325927734,0
