,name, x, y, z
0,arm,76.68682098388672,200.8182373046875,0
1,body,164.3675537109375,133.76426696777344,0
3,bucket,74.23973083496094,151.94337463378906,0
4,bucket_tip,76.67707061767578,125.70417785644531,0
