,name, x, y, z
0,arm,84.6114501953125,198.50877380371094,0
1,body,166.7591552734375,133.78294372558594,0
3,bucket,93.1524658203125,139.3886260986328,0
4,bucket_tip,97.37735748291016,110.93363952636719,0
