,name, x, y, z
0,arm,84.80323028564453,198.49777221679688,0
1,body,167.22857666015625,133.70181274414062,0
3,bucket,92.22277069091797,139.36685180664062,0
4,bucket_tip,95.80155944824219,110.8896484375,0
