,name, x, y, z
0,arm,85.03325653076172,198.49618530273438,0
1,body,167.69366455078125,133.60208129882812,0
3,bucket,91.30247497558594,139.37269592285156,0
4,bucket_tip,94.21106719970703,110.91576385498047,0
