,name, x, y, z
0,arm,85.6529541015625,198.49325561523438,0
1,body,168.591552734375,133.35855102539062,0
3,bucket,89.49297332763672,139.41708374023438,0
4,bucket_tip,91.00884246826172,111.10747528076172,0
