,name, x, y, z
0,arm,86.8602066040039,198.4500732421875,0
1,body,169.79112243652344,132.94419860839844,0
3,bucket,86.86194610595703,139.5531768798828,0
4,bucket_tip,86.23843383789062,111.6579818725586,0
