,name, x, y, z
0,arm,87.28266143798828,198.41650390625,0
1,body,170.13394165039062,132.80929565429688,0
3,bucket,86.00858306884766,139.61386108398438,0
4,bucket_tip,84.68000030517578,111.88871765136719,0
