,name, x, y, z
0,arm,87.69261169433594,198.36965942382812,0
1,body,170.44082641601562,132.6828155517578,0
3,bucket,85.16763305664062,139.68084716796875,0
4,bucket_tip,83.1469955444336,112.13355255126953,0
