,name, x, y, z
0,arm,88.71238708496094,198.1272735595703,0
1,body,171.1015625,132.3945770263672,0
3,bucket,82.72297668457031,139.91151428222656,0
4,bucket_tip,78.75776672363281,112.89534759521484,0
