,name, x, y, z
0,arm,89.13336181640625,197.68572998046875,0
1,body,171.32838439941406,132.31076049804688,0
3,bucket,80.42192077636719,140.1685028076172,0
4,bucket_tip,74.82097625732422,113.57781982421875,0
