,name, x, y, z
0,arm,89.14849090576172,197.4815216064453,0
1,body,171.4088897705078,132.3006134033203,0
3,bucket,79.73210906982422,140.25340270996094,0
4,bucket_tip,73.6706314086914,113.76508331298828,0
