,name, x, y, z
0,arm,89.19258880615234,197.24420166015625,0
1,body,171.52032470703125,132.28903198242188,0
3,bucket,79.08979797363281,140.33631896972656,0
4,bucket_tip,72.60700225830078,113.93179321289062,0
