,name, x, y, z
0,arm,89.3602294921875,196.67776489257812,0
1,body,171.8273162841797,132.2624969482422,0
3,bucket,77.93632507324219,140.49481201171875,0
4,bucket_tip,70.7165298461914,114.208251953125,0
