,name, x, y, z
0,arm,89.96001434326172,195.22918701171875,0
1,body,172.71707153320312,132.20289611816406,0
3,bucket,76.07606506347656,140.77276611328125,0
4,bucket_tip,67.72056579589844,114.5670166015625,0
