,name, x, y, z
0,arm,90.5817642211914,193.92486572265625,0
1,body,173.55734252929688,132.1602020263672,0
3,bucket,74.98358917236328,140.93606567382812,0
4,bucket_tip,65.97772979736328,114.70389556884766,0
