,name, x, y, z
0,arm,91.0496826171875,192.9793701171875,0
1,body,174.1673126220703,132.13638305664062,0
3,bucket,74.35748291015625,141.01821899414062,0
4,bucket_tip,64.96891784667969,114.7501220703125,0
