,name, x, y, z
0,arm,92.04576110839844,190.97265625,0
1,body,175.4287567138672,132.10870361328125,0
3,bucket,73.25000762939453,141.1058349609375,0
4,bucket_tip,63.10997009277344,114.77763366699219,0
