,name, x, y, z
0,arm,92.54363250732422,189.9410858154297,0
1,body,176.0458984375,132.10745239257812,0
3,bucket,72.72447967529297,141.09202575683594,0
4,bucket_tip,62.16816329956055,114.77804565429688,0
