,name, x, y, z
0,arm,92.7862319946289,189.4231414794922,0
1,body,176.34588623046875,132.107666015625,0
3,bucket,72.46221923828125,141.03993225097656,0
4,bucket_tip,61.68058395385742,114.77828979492188,0
