,name, x, y, z
0,arm,93.25724029541016,188.37911987304688,0
1,body,176.92959594726562,132.1082763671875,0
3,bucket,71.93984985351562,140.83876037597656,0
4,bucket_tip,60.674339294433594,114.77910614013672,0
