,name, x, y, z
0,arm,93.48616027832031,187.8525390625,0
1,body,177.21383666992188,132.10848999023438,0
3,bucket,71.68038177490234,140.6927032470703,0
4,bucket_tip,60.157005310058594,114.779541015625,0
