,name, x, y, z
0,arm,93.7110366821289,187.3224334716797,0
1,body,177.49334716796875,132.10853576660156,0
3,bucket,71.42253875732422,140.51832580566406,0
4,bucket_tip,59.631065368652344,114.77989959716797,0
