,name, x, y, z
0,arm,94.149658203125,186.25059509277344,0
1,body,178.03919982910156,132.10797119140625,0
3,bucket,70.91293334960938,140.0908203125,0
4,bucket_tip,58.55606460571289,114.78032684326172,0
