,name, x, y, z
0,arm,94.36392211914062,185.70826721191406,0
1,body,178.3061065673828,132.10719299316406,0
3,bucket,70.66187286376953,139.84072875976562,0
4,bucket_tip,58.008331298828125,114.78026580810547,0
