,name, x, y, z
0,arm,94.98973083496094,184.052001953125,0
1,body,179.08563232421875,132.1020050048828,0
3,bucket,69.92739868164062,138.96336364746094,0
4,bucket_tip,56.33211135864258,114.77832794189453,0
