,name, x, y, z
0,arm,95.1934814453125,183.4891357421875,0
1,body,179.33934020996094,132.09909057617188,0
3,bucket,69.68995666503906,138.6336212158203,0
4,bucket_tip,55.764583587646484,114.77693176269531,0
