,name, x, y, z
0,arm,95.99132537841797,181.1758270263672,0
1,body,180.3302001953125,132.07955932617188,0
3,bucket,68.78575134277344,137.16873168945312,0
4,bucket_tip,53.46809768676758,114.76614379882812,0
