,name, x, y, z
0,arm,96.38351440429688,179.9778594970703,0
1,body,180.81495666503906,132.0640869140625,0
3,bucket,68.36560821533203,136.37005615234375,0
4,bucket_tip,52.31332015991211,114.75691986083984,0
