,name, x, y, z
0,arm,96.77396392822266,178.7491455078125,0
1,body,181.29531860351562,132.0440673828125,0
3,bucket,67.97027587890625,135.54347229003906,0
4,bucket_tip,51.161251068115234,114.74457550048828,0
