,name, x, y, z
0,arm,97.36087799072266,176.8431854248047,0
1,body,182.01231384277344,132.00425720214844,0
3,bucket,67.42963409423828,134.2779541015625,0
4,bucket_tip,49.449867248535156,114.71932983398438,0
