,name, x, y, z
0,arm,97.95556640625,174.85450744628906,0
1,body,182.731201171875,131.9510040283203,0
3,bucket,66.95964813232422,133.01812744140625,0
4,bucket_tip,47.77434158325195,114.68475341796875,0
