,name, x, y, z
0,arm,98.15668487548828,174.17185974121094,0
1,body,182.97244262695312,131.92991638183594,0
3,bucket,66.82019805908203,132.60655212402344,0
4,bucket_tip,47.226890563964844,114.67090606689453,0
