,name, x, y, z
0,arm,98.35969543457031,173.47877502441406,0
1,body,183.21498107910156,131.90707397460938,0
3,bucket,66.68993377685547,132.20169067382812,0
4,bucket_tip,46.68609619140625,114.65580749511719,0
