,name, x, y, z
0,arm,99.19562530517578,170.59706115722656,0
1,body,184.20108032226562,131.796875,0
3,bucket,66.2646713256836,130.678466796875,0
4,bucket_tip,44.60124969482422,114.54817962646484,0
