,name, x, y, z
0,arm,99.84221649169922,168.33978271484375,0
1,body,184.9427490234375,131.6981964111328,0
3,bucket,66.02285766601562,129.66015625,0
4,bucket_tip,43.121463775634766,114.3218002319336,0
