,name, x, y, z
0,arm,74.86569213867188,199.05813598632812,0
1,body,162.84059143066406,134.06301879882812,0
3,bucket,73.59959411621094,150.11900329589844,0
4,bucket_tip,78.60469055175781,124.0650863647461,0
