,name, x, y, z
0,arm,100.8869857788086,164.56817626953125,0
1,body,186.10321044921875,131.52365112304688,0
3,bucket,65.6445083618164,128.23226928710938,0
4,bucket_tip,40.790767669677734,113.74689483642578,0
