,name, x, y, z
0,arm,101.08220672607422,163.83387756347656,0
1,body,186.31468200683594,131.48956298828125,0
3,bucket,65.55830383300781,127.99053955078125,0
4,bucket_tip,40.34199142456055,113.61739349365234,0
