,name, x, y, z
0,arm,101.45104217529297,162.40432739257812,0
1,body,186.7089080810547,131.42431640625,0
3,bucket,65.36289978027344,127.55397033691406,0
4,bucket_tip,39.459312438964844,113.3573226928711,0
