,name, x, y, z
0,arm,74.716552734375,198.8154296875,0
1,body,162.85328674316406,134.03244018554688,0
3,bucket,73.61624908447266,149.8742218017578,0
4,bucket_tip,78.63235473632812,124.00345611572266,0
