,name, x, y, z
0,arm,102.41291809082031,158.0613250732422,0
1,body,187.67857360839844,131.2542266845703,0
3,bucket,64.27106475830078,126.55892181396484,0
4,bucket_tip,36.49091720581055,112.61263275146484,0
