,name, x, y, z
0,arm,102.5614013671875,157.0877685546875,0
1,body,187.80458068847656,131.2309112548828,0
3,bucket,63.79060363769531,126.43951416015625,0
4,bucket_tip,35.66664123535156,112.50263214111328,0
