,name, x, y, z
0,arm,102.60970306396484,156.657470703125,0
1,body,187.83729553222656,131.22476196289062,0
3,bucket,63.514408111572266,126.4092025756836,0
4,bucket_tip,35.256839752197266,112.47315216064453,0
