,name, x, y, z
0,arm,102.6495361328125,155.92166137695312,0
1,body,187.88973999023438,131.2313995361328,0
3,bucket,62.89814758300781,126.43667602539062,0
4,bucket_tip,34.45552062988281,112.56014251708984,0
