,name, x, y, z
0,arm,103.8025894165039,154.7952423095703,0
1,body,188.98960876464844,131.48497009277344,0
3,bucket,61.45588684082031,127.43949127197266,0
4,bucket_tip,32.94272232055664,115.14806365966797,0
