,name, x, y, z
0,arm,106.8633041381836,154.2091522216797,0
1,body,190.93284606933594,132.1090545654297,0
3,bucket,60.23616027832031,129.21128845214844,0
4,bucket_tip,31.9869327545166,119.72042846679688,0
