,name, x, y, z
0,arm,107.18782806396484,154.15110778808594,0
1,body,191.04908752441406,132.19349670410156,0
3,bucket,60.180110931396484,129.3172607421875,0
4,bucket_tip,31.95162010192871,119.99391174316406,0
