,name, x, y, z
0,arm,107.60781860351562,154.01461791992188,0
1,body,191.0492706298828,132.34190368652344,0
3,bucket,60.21805953979492,129.32020568847656,0
4,bucket_tip,32.023033142089844,120.01136016845703,0
