,name, x, y, z
0,arm,107.80867767333984,153.8342742919922,0
1,body,190.7615509033203,132.46389770507812,0
3,bucket,60.631202697753906,129.07928466796875,0
4,bucket_tip,32.62484359741211,119.45790100097656,0
