,name, x, y, z
0,arm,74.45527648925781,198.086181640625,0
1,body,163.22409057617188,133.88885498046875,0
3,bucket,73.92790222167969,149.15379333496094,0
4,bucket_tip,79.05350494384766,123.85749816894531,0
