,name, x, y, z
0,arm,108.02498626708984,153.41937255859375,0
1,body,189.74966430664062,132.67283630371094,0
3,bucket,62.2396240234375,128.25445556640625,0
4,bucket_tip,34.98490524291992,117.56300354003906,0
