,name, x, y, z
0,arm,108.05008697509766,153.3237762451172,0
1,body,189.48606872558594,132.72616577148438,0
3,bucket,62.718597412109375,128.04824829101562,0
4,bucket_tip,35.693721771240234,117.08927917480469,0
