,name, x, y, z
0,arm,108.0669174194336,153.23809814453125,0
1,body,189.2457275390625,132.78274536132812,0
3,bucket,63.19881820678711,127.86653900146484,0
4,bucket_tip,36.408203125,116.67184448242188,0
