,name, x, y, z
0,arm,108.0771255493164,153.16567993164062,0
1,body,189.0424041748047,132.84408569335938,0
3,bucket,63.6655158996582,127.7215805053711,0
4,bucket_tip,37.10740661621094,116.33882141113281,0
