,name, x, y, z
0,arm,108.08235931396484,153.1097869873047,0
1,body,188.88990783691406,132.91159057617188,0
3,bucket,64.10396575927734,127.62562561035156,0
4,bucket_tip,37.77037811279297,116.1183853149414,0
