,name, x, y, z
0,arm,108.07484436035156,153.1240997314453,0
1,body,188.7136993408203,133.16432189941406,0
3,bucket,65.13089752197266,127.69359588623047,0
4,bucket_tip,39.37321090698242,116.06524658203125,0
