,name, x, y, z
0,arm,108.047607421875,153.30670166015625,0
1,body,188.67921447753906,133.26828002929688,0
3,bucket,65.37704467773438,127.81637573242188,0
4,bucket_tip,39.7783203125,116.0986099243164,0
