,name, x, y, z
0,arm,74.40973663330078,197.84434509277344,0
1,body,163.44322204589844,133.82737731933594,0
3,bucket,74.09583282470703,148.919189453125,0
4,bucket_tip,79.29502868652344,123.82073974609375,0
