,name, x, y, z
0,arm,107.88998413085938,154.4768829345703,0
1,body,188.60804748535156,133.64842224121094,0
3,bucket,65.9188232421875,128.42591857910156,0
4,bucket_tip,40.733970642089844,116.27996826171875,0
