,name, x, y, z
0,arm,107.82186889648438,155.0426025390625,0
1,body,188.59336853027344,133.80003356933594,0
3,bucket,66.05660247802734,128.69712829589844,0
4,bucket_tip,40.99757766723633,116.3677749633789,0
