,name, x, y, z
0,arm,107.58152770996094,163.95689392089844,0
1,body,188.57603454589844,136.4634246826172,0
3,bucket,68.28975677490234,132.7541046142578,0
4,bucket_tip,45.04471969604492,118.26814270019531,0
