,name, x, y, z
0,arm,108.1928939819336,167.35516357421875,0
1,body,188.6065673828125,137.7637939453125,0
3,bucket,69.78120422363281,134.460205078125,0
4,bucket_tip,47.491241455078125,119.43021392822266,0
