,name, x, y, z
0,arm,108.60087585449219,169.02206420898438,0
1,body,188.6253662109375,138.40113830566406,0
3,bucket,70.56079864501953,135.3856658935547,0
4,bucket_tip,48.75006103515625,120.123291015625,0
