,name, x, y, z
0,arm,109.0380859375,170.66575622558594,0
1,body,188.6448211669922,139.00064086914062,0
3,bucket,71.31633758544922,136.3743133544922,0
4,bucket_tip,49.961463928222656,120.89730834960938,0
