,name, x, y, z
0,arm,109.2585220336914,171.47853088378906,0
1,body,188.6543731689453,139.27935791015625,0
3,bucket,71.67416381835938,136.8958282470703,0
4,bucket_tip,50.53273391723633,121.3161392211914,0
