,name, x, y, z
0,arm,109.47530364990234,172.2849884033203,0
1,body,188.6636199951172,139.5403594970703,0
3,bucket,72.01287841796875,137.43731689453125,0
4,bucket_tip,51.07219696044922,121.75697326660156,0
