,name, x, y, z
0,arm,109.68477630615234,173.08505249023438,0
1,body,188.67237854003906,139.78094482421875,0
3,bucket,72.32810974121094,138.0001983642578,0
4,bucket_tip,51.573123931884766,122.22039031982422,0
