,name, x, y, z
0,arm,109.88328552246094,173.87852478027344,0
1,body,188.6804962158203,139.9983673095703,0
3,bucket,72.615478515625,138.5858612060547,0
4,bucket_tip,52.028873443603516,122.70697784423828,0
