,name, x, y, z
0,arm,110.4946517944336,176.9833984375,0
1,body,188.70326232910156,140.5813751220703,0
3,bucket,73.39904022216797,141.18426513671875,0
4,bucket_tip,53.26697540283203,124.89675903320312,0
