,name, x, y, z
0,arm,110.58355712890625,177.7415771484375,0
1,body,188.70574951171875,140.64173889160156,0
3,bucket,73.48162078857422,141.90478515625,0
4,bucket_tip,53.39693832397461,125.50799560546875,0
