,name, x, y, z
0,arm,110.63957214355469,178.49220275878906,0
1,body,188.70660400390625,140.6624755859375,0
3,bucket,73.51010131835938,142.65647888183594,0
4,bucket_tip,53.441734313964844,126.14591979980469,0
