,name, x, y, z
0,arm,110.65907287597656,179.2351531982422,0
1,body,188.70660400390625,140.6624755859375,0
3,bucket,73.50995635986328,143.4397430419922,0
4,bucket_tip,53.44145202636719,126.81021118164062,0
