,name, x, y, z
0,arm,110.61529541015625,183.5369110107422,0
1,body,188.70660400390625,140.6624755859375,0
3,bucket,73.46513366699219,148.5714569091797,0
4,bucket_tip,53.33953094482422,131.09701538085938,0
