,name, x, y, z
0,arm,110.5553207397461,184.91726684570312,0
1,body,188.70660400390625,140.6624755859375,0
3,bucket,73.4145278930664,150.33885192871094,0
4,bucket_tip,53.224525451660156,132.52418518066406,0
