,name, x, y, z
0,arm,110.38937377929688,186.9443359375,0
1,body,188.70660400390625,140.6624755859375,0
3,bucket,73.28353881835938,152.9196319580078,0
4,bucket_tip,52.926849365234375,134.5298309326172,0
