,name, x, y, z
0,arm,109.97521209716797,189.57640075683594,0
1,body,188.70660400390625,140.6624755859375,0
3,bucket,72.97306823730469,156.04071044921875,0
4,bucket_tip,52.22124099731445,136.74795532226562,0
