,name, x, y, z
0,arm,74.25566864013672,196.70077514648438,0
1,body,165.0475616455078,133.46754455566406,0
3,bucket,75.10267639160156,147.79908752441406,0
4,bucket_tip,81.10433197021484,123.71139526367188,0
