,name, x, y, z
0,arm,109.26927947998047,192.1421661376953,0
1,body,188.70660400390625,140.6624755859375,0
3,bucket,72.46122741699219,158.5325469970703,0
4,bucket_tip,51.05794906616211,138.1602325439453,0
