,name, x, y, z
0,arm,109.0380859375,192.77508544921875,0
1,body,188.61561584472656,140.6637420654297,0
3,bucket,72.19113159179688,159.02491760253906,0
4,bucket_tip,50.6186637878418,138.3683624267578,0
