,name, x, y, z
0,arm,108.64616394042969,193.4049835205078,0
1,body,188.36404418945312,140.66732788085938,0
3,bucket,71.72357177734375,159.46405029296875,0
4,bucket_tip,50.03867721557617,138.5418701171875,0
