,name, x, y, z
0,arm,106.13374328613281,195.2713623046875,0
1,body,186.967041015625,140.68869018554688,0
3,bucket,69.55731201171875,160.5027313232422,0
4,bucket_tip,47.795406341552734,138.8862762451172,0
