,name, x, y, z
0,arm,103.90579986572266,196.4903106689453,0
1,body,185.8216094970703,140.7084503173828,0
3,bucket,67.89793395996094,161.0035400390625,0
4,bucket_tip,46.221561431884766,139.0005645751953,0
