,name, x, y, z
0,arm,102.79415893554688,197.09043884277344,0
1,body,185.281005859375,140.718994140625,0
3,bucket,67.13002014160156,161.2086944580078,0
4,bucket_tip,45.51343536376953,139.03253173828125,0
