,name, x, y, z
0,arm,74.20255279541016,196.49398803710938,0
1,body,165.43788146972656,133.39283752441406,0
3,bucket,75.28878021240234,147.5875244140625,0
4,bucket_tip,81.56218719482422,123.70217895507812,0
