,name, x, y, z
0,arm,100.14170837402344,198.8463897705078,0
1,body,184.1730499267578,140.74928283691406,0
3,bucket,65.57876586914062,161.69171142578125,0
4,bucket_tip,44.11345291137695,139.06556701660156,0
