,name, x, y, z
0,arm,99.47359466552734,201.05335998535156,0
1,body,184.01800537109375,140.7586669921875,0
3,bucket,65.5229263305664,162.14407348632812,0
4,bucket_tip,44.20915222167969,139.04344177246094,0
