,name, x, y, z
0,arm,99.39252471923828,202.0697784423828,0
1,body,183.9149169921875,140.73756408691406,0
3,bucket,65.65641784667969,162.3031463623047,0
4,bucket_tip,44.58100509643555,138.99679565429688,0
