,name, x, y, z
0,arm,98.94229888916016,204.68299865722656,0
1,body,183.4297637939453,140.61302185058594,0
3,bucket,66.56890106201172,162.5692901611328,0
4,bucket_tip,46.85499954223633,138.63858032226562,0
