,name, x, y, z
0,arm,98.01255798339844,207.47792053222656,0
1,body,182.57643127441406,140.46255493164062,0
3,bucket,72.77775573730469,162.52879333496094,0
4,bucket_tip,59.32616424560547,135.72116088867188,0
