,name, x, y, z
0,arm,97.83784484863281,207.47732543945312,0
1,body,182.38719177246094,140.5947723388672,0
3,bucket,74.73467254638672,161.53392028808594,0
4,bucket_tip,62.970703125,134.2563934326172,0
