,name, x, y, z
0,arm,97.31620788574219,207.4732208251953,0
1,body,182.08660888671875,140.779541015625,0
3,bucket,76.4471664428711,159.71926879882812,0
4,bucket_tip,66.1865463256836,132.40736389160156,0
