,name, x, y, z
0,arm,97.06586456298828,207.47047424316406,0
1,body,181.98477172851562,140.84017944335938,0
3,bucket,76.91976928710938,159.00682067871094,0
4,bucket_tip,67.0777359008789,131.74850463867188,0
