,name, x, y, z
0,arm,96.45133972167969,207.46209716796875,0
1,body,181.80828857421875,140.94387817382812,0
3,bucket,77.66108703613281,157.51641845703125,0
4,bucket_tip,68.47893524169922,130.4220428466797,0
