,name, x, y, z
0,arm,95.6858901977539,207.44903564453125,0
1,body,181.7010955810547,141.00608825683594,0
3,bucket,78.0678482055664,156.04530334472656,0
4,bucket_tip,69.24980163574219,129.14523315429688,0
