,name, x, y, z
0,arm,95.24690246582031,207.4404296875,0
1,body,181.6858367919922,141.01486206054688,0
3,bucket,78.12223815917969,155.35691833496094,0
4,bucket_tip,69.35303497314453,128.5483856201172,0
