,name, x, y, z
0,arm,93.71778869628906,207.2532958984375,0
1,body,181.87277221679688,141.0142364501953,0
3,bucket,77.74885559082031,153.588623046875,0
4,bucket_tip,68.95697021484375,126.98576354980469,0
