,name, x, y, z
0,arm,92.58435821533203,206.7991180419922,0
1,body,182.17173767089844,141.011962890625,0
3,bucket,77.13934326171875,152.6385955810547,0
4,bucket_tip,68.29820251464844,126.12226104736328,0
