,name, x, y, z
0,arm,90.88209533691406,205.7051544189453,0
1,body,182.80177307128906,141.00296020507812,0
3,bucket,75.8144302368164,151.50425720214844,0
4,bucket_tip,66.8267822265625,125.06195068359375,0
