,name, x, y, z
0,arm,73.53439331054688,195.6385040283203,0
1,body,167.4824676513672,133.06642150878906,0
3,bucket,75.7601089477539,146.6064453125,0
4,bucket_tip,84.13959503173828,123.70142364501953,0
