,name, x, y, z
0,arm,87.90875244140625,200.46942138671875,0
1,body,185.1826934814453,140.84521484375,0
3,bucket,69.94456481933594,149.3885040283203,0
4,bucket_tip,59.4926643371582,123.0382080078125,0
