,name, x, y, z
0,arm,73.28323364257812,195.51190185546875,0
1,body,167.87770080566406,133.0182647705078,0
3,bucket,75.71383666992188,146.42738342285156,0
4,bucket_tip,84.68836975097656,123.70805358886719,0
