,name, x, y, z
0,arm,87.9343490600586,199.46072387695312,0
1,body,185.51446533203125,140.70089721679688,0
3,bucket,68.81990051269531,149.1177215576172,0
4,bucket_tip,57.84284210205078,122.82005310058594,0
