,name, x, y, z
0,arm,88.00926971435547,198.01625061035156,0
1,body,185.9047393798828,140.3765106201172,0
3,bucket,67.18541717529297,148.7161102294922,0
4,bucket_tip,55.272403717041016,122.56352233886719,0
