,name, x, y, z
0,arm,88.07563781738281,197.0736541748047,0
1,body,186.1044464111328,140.1038360595703,0
3,bucket,66.11006164550781,148.42416381835938,0
4,bucket_tip,53.47783660888672,122.42716217041016,0
