,name, x, y, z
0,arm,88.1117172241211,196.60198974609375,0
1,body,186.1890106201172,139.95457458496094,0
3,bucket,65.57133483886719,148.263916015625,0
4,bucket_tip,52.5518798828125,122.36618041992188,0
