,name, x, y, z
0,arm,64.4065933227539,199.69432067871094,0
1,body,160.458251953125,145.29058837890625,0
3,bucket,86.93112182617188,157.61643981933594,0
4,bucket_tip,97.55652618408203,127.86529541015625,0
