,name, x, y, z
0,arm,72.98052978515625,195.4029998779297,0
1,body,168.2576141357422,132.9784393310547,0
3,bucket,75.6044921875,146.2546844482422,0
4,bucket_tip,85.24011993408203,123.71621704101562,0
