,name, x, y, z
0,arm,88.42628479003906,190.7288055419922,0
1,body,186.73947143554688,138.15432739257812,0
3,bucket,59.05191421508789,145.15428161621094,0
4,bucket_tip,40.6522102355957,121.68305969238281,0
