,name, x, y, z
0,arm,88.42973327636719,190.07623291015625,0
1,body,186.80081176757812,138.01202392578125,0
3,bucket,58.3812255859375,144.69085693359375,0
4,bucket_tip,39.399017333984375,121.59369659423828,0
