,name, x, y, z
0,arm,88.48693084716797,187.9659423828125,0
1,body,187.22125244140625,137.64511108398438,0
3,bucket,56.4986572265625,143.12493896484375,0
4,bucket_tip,35.708518981933594,121.29540252685547,0
