,name, x, y, z
0,arm,88.58296966552734,186.45323181152344,0
1,body,187.66368103027344,137.44688415527344,0
3,bucket,55.354618072509766,141.97219848632812,0
4,bucket_tip,33.33607864379883,121.07466125488281,0
