,name, x, y, z
0,arm,89.0898208618164,181.57931518554688,0
1,body,189.46278381347656,137.04258728027344,0
3,bucket,52.48333740234375,138.321533203125,0
4,bucket_tip,26.907968521118164,120.33599090576172,0
