,name, x, y, z
0,arm,89.19913482666016,180.73855590820312,0
1,body,189.7948455810547,136.9991455078125,0
3,bucket,52.08992004394531,137.7244110107422,0
4,bucket_tip,25.969030380249023,120.2051773071289,0
