,name, x, y, z
0,arm,89.31373596191406,179.8948974609375,0
1,body,190.1268310546875,136.96156311035156,0
3,bucket,51.721649169921875,137.14053344726562,0
4,bucket_tip,25.076032638549805,120.07303619384766,0
