,name, x, y, z
0,arm,89.94261932373047,175.70150756835938,0
1,body,191.66348266601562,136.84893798828125,0
3,bucket,50.2689323425293,134.5509796142578,0
4,bucket_tip,21.406299591064453,119.40388488769531,0
