,name, x, y, z
0,arm,90.07483673095703,174.88150024414062,0
1,body,191.9218292236328,136.83892822265625,0
3,bucket,50.05835723876953,134.1252899169922,0
4,bucket_tip,20.85274314880371,119.27067565917969,0
