,name, x, y, z
0,arm,90.2076644897461,174.07228088378906,0
1,body,192.15562438964844,136.83221435546875,0
3,bucket,49.87512969970703,133.73910522460938,0
4,bucket_tip,20.366315841674805,119.13839721679688,0
