,name, x, y, z
0,arm,90.47234344482422,172.4940185546875,0
1,body,192.53598022460938,136.82728576660156,0
3,bucket,49.5921630859375,133.10018920898438,0
4,bucket_tip,19.607257843017578,118.87806701660156,0
