,name, x, y, z
0,arm,90.7172622680664,170.98284912109375,0
1,body,192.78944396972656,136.8784942626953,0
3,bucket,49.41681671142578,132.6539306640625,0
4,bucket_tip,19.136009216308594,118.62874603271484,0
