,name, x, y, z
0,arm,91.28609466552734,164.624267578125,0
1,body,193.5185546875,137.74273681640625,0
3,bucket,49.176719665527344,131.54750061035156,0
4,bucket_tip,18.64483070373535,117.43248748779297,0
