,name, x, y, z
0,arm,91.4089126586914,163.88983154296875,0
1,body,193.68077087402344,137.83294677734375,0
3,bucket,49.125850677490234,131.35264587402344,0
4,bucket_tip,18.554534912109375,117.26326751708984,0
