,name, x, y, z
0,arm,92.30135345458984,160.72433471679688,0
1,body,194.77880859375,138.01918029785156,0
3,bucket,48.68839645385742,130.04893493652344,0
4,bucket_tip,17.654619216918945,116.44660186767578,0
