,name, x, y, z
0,arm,92.65499114990234,159.8576202392578,0
1,body,195.1665496826172,138.19589233398438,0
3,bucket,48.6361083984375,129.74856567382812,0
4,bucket_tip,17.41179084777832,116.41339111328125,0
