,name, x, y, z
0,arm,70.50897979736328,195.16888427734375,0
1,body,168.52346801757812,133.06480407714844,0
3,bucket,73.81349182128906,145.50672912597656,0
4,bucket_tip,86.91078186035156,123.7684555053711,0
