,name, x, y, z
0,arm,94.27359771728516,158.26829528808594,0
1,body,195.56593322753906,140.02621459960938,0
3,bucket,49.41862106323242,130.23101806640625,0
4,bucket_tip,17.711246490478516,117.97997283935547,0
