,name, x, y, z
0,arm,96.16067504882812,158.02296447753906,0
1,body,195.30882263183594,142.06143188476562,0
3,bucket,50.40556335449219,131.44554138183594,0
4,bucket_tip,18.363750457763672,120.03929138183594,0
