,name, x, y, z
0,arm,97.46455383300781,157.9213104248047,0
1,body,195.68263244628906,142.5628662109375,0
3,bucket,50.300113677978516,131.90817260742188,0
4,bucket_tip,18.1151180267334,120.44355773925781,0
