,name, x, y, z
0,arm,97.88169860839844,157.68655395507812,0
1,body,196.3928680419922,142.58338928222656,0
3,bucket,49.964759826660156,132.0119171142578,0
4,bucket_tip,18.05865478515625,120.33119201660156,0
