,name, x, y, z
0,arm,98.20109558105469,157.47122192382812,0
1,body,197.3184814453125,142.59820556640625,0
3,bucket,49.419029235839844,132.33926391601562,0
4,bucket_tip,18.36766242980957,120.2327880859375,0
