,name, x, y, z
0,arm,98.24177551269531,157.42906188964844,0
1,body,197.57318115234375,142.6006622314453,0
3,bucket,49.21207809448242,132.5246124267578,0
4,bucket_tip,18.49150848388672,120.21514892578125,0
