,name, x, y, z
0,arm,98.25618743896484,157.39889526367188,0
1,body,197.79408264160156,142.60260009765625,0
3,bucket,48.98695755004883,132.76072692871094,0
4,bucket_tip,18.590803146362305,120.20362854003906,0
