,name, x, y, z
0,arm,98.22212982177734,157.36753845214844,0
1,body,198.11795043945312,142.606689453125,0
3,bucket,48.46852111816406,133.41574096679688,0
4,bucket_tip,18.631622314453125,120.19535827636719,0
