,name, x, y, z
0,arm,98.07357025146484,157.3673858642578,0
1,body,198.24945068359375,142.68191528320312,0
3,bucket,47.47092056274414,134.96658325195312,0
4,bucket_tip,17.989315032958984,120.37039947509766,0
