,name, x, y, z
0,arm,97.9542236328125,157.69520568847656,0
1,body,198.11439514160156,143.1389617919922,0
3,bucket,46.65727233886719,136.40216064453125,0
4,bucket_tip,16.99854850769043,121.58544158935547,0
