,name, x, y, z
0,arm,97.89778900146484,158.0743408203125,0
1,body,198.00869750976562,143.49072265625,0
3,bucket,46.220787048339844,137.21939086914062,0
4,bucket_tip,16.372161865234375,122.55721282958984,0
