,name, x, y, z
0,arm,97.77406311035156,159.8878173828125,0
1,body,197.66954040527344,144.81455993652344,0
3,bucket,44.86225128173828,139.96759033203125,0
4,bucket_tip,14.159374237060547,126.48672485351562,0
