,name, x, y, z
0,arm,97.88336181640625,164.24014282226562,0
1,body,197.68382263183594,146.79473876953125,0
3,bucket,42.781776428222656,145.0298309326172,0
4,bucket_tip,10.311296463012695,134.20286560058594,0
