,name, x, y, z
0,arm,97.97708892822266,165.17149353027344,0
1,body,197.84222412109375,147.02532958984375,0
3,bucket,42.44388961791992,146.04087829589844,0
4,bucket_tip,9.657400131225586,135.5973358154297,0
