,name, x, y, z
0,arm,98.09928894042969,166.09019470214844,0
1,body,198.0190887451172,147.2317657470703,0
3,bucket,42.13713073730469,147.04232788085938,0
4,bucket_tip,9.061623573303223,136.9005889892578,0
