,name, x, y, z
0,arm,98.2437973022461,166.9932403564453,0
1,body,198.2103729248047,147.4153289794922,0
3,bucket,41.85836410522461,148.0357666015625,0
4,bucket_tip,8.521252632141113,138.12149047851562,0
