,name, x, y, z
0,arm,99.12804412841797,172.00596618652344,0
1,body,199.4387664794922,148.1117401123047,0
3,bucket,40.5958366394043,153.91519165039062,0
4,bucket_tip,6.294529438018799,144.21958923339844,0
