,name, x, y, z
0,arm,99.20323944091797,172.7610626220703,0
1,body,199.6197509765625,148.17279052734375,0
3,bucket,40.424251556396484,154.8961944580078,0
4,bucket_tip,6.067868232727051,145.1149444580078,0
