,name, x, y, z
0,arm,98.4892578125,176.6855926513672,0
1,body,200.20079040527344,148.3305206298828,0
3,bucket,39.34032440185547,160.93125915527344,0
4,bucket_tip,5.333026885986328,150.5754852294922,0
