,name, x, y, z
0,arm,97.0213623046875,178.19680786132812,0
1,body,199.98748779296875,148.3354949951172,0
3,bucket,38.62099838256836,164.1150665283203,0
4,bucket_tip,5.247927188873291,153.76547241210938,0
