,name, x, y, z
0,arm,95.4839096069336,179.01223754882812,0
1,body,199.46275329589844,148.18679809570312,0
3,bucket,38.03940200805664,166.2840118408203,0
4,bucket_tip,5.468844890594482,156.17031860351562,0
