,name, x, y, z
0,arm,93.51947784423828,179.65989685058594,0
1,body,198.48028564453125,147.7630157470703,0
3,bucket,37.714111328125,167.45220947265625,0
4,bucket_tip,6.721608638763428,157.53111267089844,0
