,name, x, y, z
0,arm,93.1001205444336,179.91807556152344,0
1,body,198.126708984375,147.76473999023438,0
3,bucket,37.74067687988281,167.4096221923828,0
4,bucket_tip,7.414565563201904,157.47088623046875,0
