,name, x, y, z
0,arm,93.10018157958984,180.14247131347656,0
1,body,197.80844116210938,147.76968383789062,0
3,bucket,37.81943893432617,167.28558349609375,0
4,bucket_tip,8.075152397155762,157.29583740234375,0
