,name, x, y, z
0,arm,93.10505676269531,180.68585205078125,0
1,body,197.04702758789062,147.8002471923828,0
3,bucket,38.354591369628906,166.48060607910156,0
4,bucket_tip,9.913802146911621,156.16622924804688,0
