,name, x, y, z
0,arm,93.10979461669922,180.82765197753906,0
1,body,196.8514862060547,147.8144989013672,0
3,bucket,38.627845764160156,166.08657836914062,0
4,bucket_tip,10.496072769165039,155.61631774902344,0
