,name, x, y, z
0,arm,67.29667663574219,198.01406860351562,0
1,body,163.732666015625,133.22024536132812,0
3,bucket,70.42029571533203,145.8702392578125,0
4,bucket_tip,79.35448455810547,121.78529357910156,0
