,name, x, y, z
0,arm,93.12667846679688,181.05931091308594,0
1,body,196.53665161132812,147.84690856933594,0
3,bucket,39.30808639526367,165.1434783935547,0
4,bucket_tip,11.645278930664062,154.30711364746094,0
