,name, x, y, z
0,arm,93.1775894165039,181.29470825195312,0
1,body,196.22706604003906,147.9000244140625,0
3,bucket,40.641326904296875,163.4249267578125,0
4,bucket_tip,13.407662391662598,151.94642639160156,0
