,name, x, y, z
0,arm,93.31269836425781,181.4488983154297,0
1,body,196.03988647460938,147.96414184570312,0
3,bucket,42.9431037902832,160.8007354736328,0
4,bucket_tip,16.044328689575195,148.41256713867188,0
