,name, x, y, z
0,arm,93.63148498535156,181.49118041992188,0
1,body,196.00112915039062,148.0013885498047,0
3,bucket,46.534122467041016,157.4879608154297,0
4,bucket_tip,20.26151466369629,144.1342010498047,0
