,name, x, y, z
0,arm,93.71990203857422,181.49136352539062,0
1,body,195.29718017578125,147.94252014160156,0
3,bucket,46.62929916381836,156.86907958984375,0
4,bucket_tip,20.572938919067383,143.3730926513672,0
