,name, x, y, z
0,arm,91.67693328857422,181.3393096923828,0
1,body,191.37571716308594,147.5029296875,0
3,bucket,44.37692642211914,155.6227264404297,0
4,bucket_tip,18.848346710205078,141.9032440185547,0
