,name, x, y, z
0,arm,88.24028015136719,176.79586791992188,0
1,body,185.65997314453125,144.01744079589844,0
3,bucket,46.75996017456055,147.4264373779297,0
4,bucket_tip,24.014202117919922,133.4776153564453,0
