,name, x, y, z
0,arm,87.695556640625,174.20985412597656,0
1,body,182.09169006347656,145.3186492919922,0
3,bucket,49.865264892578125,143.14772033691406,0
4,bucket_tip,28.212560653686523,129.28887939453125,0
