,name, x, y, z
0,arm,87.64242553710938,173.79759216308594,0
1,body,181.5701904296875,145.4561767578125,0
3,bucket,50.5631103515625,142.49273681640625,0
4,bucket_tip,29.117883682250977,128.55276489257812,0
