,name, x, y, z
0,arm,87.6548080444336,173.38783264160156,0
1,body,181.14297485351562,145.51083374023438,0
3,bucket,51.35175323486328,141.85702514648438,0
4,bucket_tip,30.129831314086914,127.79012298583984,0
