,name, x, y, z
0,arm,88.28459930419922,172.16136169433594,0
1,body,180.6492919921875,145.2160186767578,0
3,bucket,54.36512756347656,140.06935119628906,0
4,bucket_tip,33.93123245239258,125.29816436767578,0
