,name, x, y, z
0,arm,88.7166748046875,171.7530059814453,0
1,body,180.72853088378906,145.08120727539062,0
3,bucket,55.551753997802734,139.5099334716797,0
4,bucket_tip,35.41347885131836,124.40904235839844,0
