,name, x, y, z
0,arm,89.23324584960938,171.34835815429688,0
1,body,180.88690185546875,144.94041442871094,0
3,bucket,56.793785095214844,138.96607971191406,0
4,bucket_tip,36.960357666015625,123.50243377685547,0
