,name, x, y, z
0,arm,90.4331283569336,170.5608367919922,0
1,body,181.33079528808594,144.64878845214844,0
3,bucket,59.3543815612793,137.91851806640625,0
4,bucket_tip,40.140480041503906,121.66651153564453,0
