,name, x, y, z
0,arm,92.88339233398438,169.15135192871094,0
1,body,181.94712829589844,144.08071899414062,0
3,bucket,64.14225006103516,135.9428253173828,0
4,bucket_tip,46.07672882080078,118.12005615234375,0
