,name, x, y, z
0,arm,94.05859375,168.33116149902344,0
1,body,181.28179931640625,143.73208618164062,0
3,bucket,66.70365905761719,134.52178955078125,0
4,bucket_tip,49.2703857421875,115.82266235351562,0
