,name, x, y, z
0,arm,63.6425895690918,198.50909423828125,0
1,body,163.6554718017578,133.7564239501953,0
3,bucket,66.58462524414062,146.6710662841797,0
4,bucket_tip,75.4703369140625,121.66253662109375,0
