,name, x, y, z
0,arm,92.92937469482422,167.6586151123047,0
1,body,175.78884887695312,143.47056579589844,0
3,bucket,67.1052474975586,132.16351318359375,0
4,bucket_tip,49.90209197998047,113.33658599853516,0
