,name, x, y, z
0,arm,88.53853607177734,168.01504516601562,0
1,body,168.2057342529297,143.70742797851562,0
3,bucket,64.13796997070312,130.35890197753906,0
4,bucket_tip,46.36729431152344,112.48809814453125,0
