,name, x, y, z
0,arm,62.544837951660156,198.73863220214844,0
1,body,163.29566955566406,133.98561096191406,0
3,bucket,65.63843536376953,146.875,0
4,bucket_tip,74.77484130859375,121.66922760009766,0
