,name, x, y, z
0,arm,84.96166229248047,168.54904174804688,0
1,body,162.73367309570312,144.16099548339844,0
3,bucket,63.21279525756836,129.5102996826172,0
4,bucket_tip,45.019046783447266,111.82435607910156,0
