,name, x, y, z
0,arm,85.9127426147461,168.4102783203125,0
1,body,160.0701141357422,144.6764373779297,0
3,bucket,67.04887390136719,129.52474975585938,0
4,bucket_tip,49.50387954711914,110.40033721923828,0
