,name, x, y, z
0,arm,86.4327163696289,168.33294677734375,0
1,body,159.68841552734375,144.76510620117188,0
3,bucket,68.10813903808594,129.53709411621094,0
4,bucket_tip,50.831295013427734,110.05179595947266,0
