,name, x, y, z
0,arm,88.48515319824219,168.046875,0
1,body,158.72547912597656,145.0039825439453,0
3,bucket,71.723388671875,129.5855712890625,0
4,bucket_tip,55.432132720947266,108.96089172363281,0
