,name, x, y, z
0,arm,89.3142318725586,167.93992614746094,0
1,body,158.4430389404297,145.0748748779297,0
3,bucket,73.04711151123047,129.6041717529297,0
4,bucket_tip,57.127037048339844,108.59738159179688,0
