,name, x, y, z
0,arm,92.15554809570312,167.6113739013672,0
1,body,157.6180877685547,145.2625732421875,0
3,bucket,77.26020812988281,129.66160583496094,0
4,bucket_tip,62.50695037841797,107.571044921875,0
