,name, x, y, z
0,arm,94.2870101928711,167.4053497314453,0
1,body,157.0201873779297,145.36790466308594,0
3,bucket,80.18898010253906,129.6971435546875,0
4,bucket_tip,66.20492553710938,106.98603820800781,0
