,name, x, y, z
0,arm,96.55452728271484,167.2277374267578,0
1,body,156.32176208496094,145.4581756591797,0
3,bucket,83.13777160644531,129.7265625,0
4,bucket_tip,69.86627197265625,106.52293395996094,0
