,name, x, y, z
0,arm,98.91185760498047,167.0940399169922,0
1,body,155.46958923339844,145.5341796875,0
3,bucket,86.04138946533203,129.74664306640625,0
4,bucket_tip,73.38323211669922,106.21830749511719,0
