,name, x, y, z
0,arm,100.10977935791016,167.04852294921875,0
1,body,154.96917724609375,145.5670623779297,0
3,bucket,87.45588684082031,129.75213623046875,0
4,bucket_tip,75.05387878417969,106.1368179321289,0
