,name, x, y, z
0,arm,101.31282806396484,167.01980590820312,0
1,body,154.41036987304688,145.59666442871094,0
3,bucket,88.83463287353516,129.7540740966797,0
4,bucket_tip,76.6480484008789,106.108642578125,0
