,name, x, y, z
0,arm,106.0787582397461,167.0684814453125,0
1,body,151.6382293701172,145.7447509765625,0
3,bucket,93.9461441040039,129.6537322998047,0
4,bucket_tip,82.19510650634766,106.4893569946289,0
