,name, x, y, z
0,arm,107.24519348144531,167.1096649169922,0
1,body,150.85948181152344,145.79612731933594,0
3,bucket,95.13533020019531,129.60543823242188,0
4,bucket_tip,83.39990234375,106.69092559814453,0
