,name, x, y, z
0,arm,108.3978042602539,167.15878295898438,0
1,body,150.06698608398438,145.85467529296875,0
3,bucket,96.2946548461914,129.55177307128906,0
4,bucket_tip,84.54337310791016,106.92899322509766,0
