,name, x, y, z
0,arm,110.6542739868164,167.27415466308594,0
1,body,148.4817657470703,145.9962158203125,0
3,bucket,98.53499603271484,129.4361572265625,0
4,bucket_tip,86.66932678222656,107.50260925292969,0
