,name, x, y, z
0,arm,114.92052459716797,167.52598571777344,0
1,body,145.59779357910156,146.39747619628906,0
3,bucket,102.78092193603516,129.22653198242188,0
4,bucket_tip,90.4375228881836,108.95510864257812,0
