,name, x, y, z
0,arm,118.75931549072266,167.71566772460938,0
1,body,143.64315795898438,146.99502563476562,0
3,bucket,106.86359405517578,129.15003967285156,0
4,bucket_tip,93.86651611328125,110.65361785888672,0
