,name, x, y, z
0,arm,122.61323547363281,167.8279571533203,0
1,body,143.26739501953125,148.52476501464844,0
3,bucket,111.64424133300781,131.42840576171875,0
4,bucket_tip,97.86370086669922,112.90081024169922,0
