,name, x, y, z
0,arm,125.91822052001953,168.20298767089844,0
1,body,144.42910766601562,150.51690673828125,0
3,bucket,116.6439437866211,135.8225555419922,0
4,bucket_tip,102.43888092041016,114.83651733398438,0
