,name, x, y, z
0,arm,128.327880859375,168.73744201660156,0
1,body,145.30967712402344,151.4229736328125,0
3,bucket,120.25432586669922,138.00106811523438,0
4,bucket_tip,106.10888671875,115.59054565429688,0
