,name, x, y, z
0,arm,129.28311157226562,168.98809814453125,0
1,body,145.56979370117188,151.61781311035156,0
3,bucket,121.61785888671875,138.4809112548828,0
4,bucket_tip,107.56108093261719,115.74424743652344,0
