,name, x, y, z
0,arm,131.50254821777344,169.6191864013672,0
1,body,145.97608947753906,151.78770446777344,0
3,bucket,124.64347076416016,138.90101623535156,0
4,bucket_tip,110.88357543945312,115.87538146972656,0
