,name, x, y, z
0,arm,135.7475128173828,171.1626739501953,0
1,body,146.35293579101562,151.7030029296875,0
3,bucket,129.89566040039062,138.6427764892578,0
4,bucket_tip,116.87442016601562,115.87993621826172,0
