,name, x, y, z
0,arm,139.0122528076172,172.82850646972656,0
1,body,146.51953125,151.57176208496094,0
3,bucket,133.57762145996094,138.25245666503906,0
4,bucket_tip,121.1692886352539,115.88192749023438,0
