,name, x, y, z
0,arm,143.9569091796875,175.78990173339844,0
1,body,146.6698455810547,151.3241424560547,0
3,bucket,138.77450561523438,137.51980590820312,0
4,bucket_tip,127.31381225585938,115.88373565673828,0
