,name, x, y, z
0,arm,148.2242431640625,178.63027954101562,0
1,body,146.7336883544922,151.0891876220703,0
3,bucket,142.86392211914062,136.8265380859375,0
4,bucket_tip,132.2019500732422,115.8844985961914,0
