,name, x, y, z
0,arm,149.35337829589844,179.4186553955078,0
1,body,146.7421417236328,151.02801513671875,0
3,bucket,143.84170532226562,136.64620971679688,0
4,bucket_tip,133.3773193359375,115.88460540771484,0
