,name, x, y, z
0,arm,150.2848663330078,180.08091735839844,0
1,body,146.74647521972656,150.9805145263672,0
3,bucket,144.57705688476562,136.50625610351562,0
4,bucket_tip,134.26324462890625,115.88465881347656,0
