,name, x, y, z
0,arm,150.98806762695312,180.5888214111328,0
1,body,146.7480926513672,150.9497833251953,0
3,bucket,145.0401611328125,136.4156951904297,0
4,bucket_tip,134.82228088378906,115.88468170166016,0
