,name, x, y, z
0,arm,151.43246459960938,180.91424560546875,0
1,body,146.74830627441406,150.9388427734375,0
3,bucket,145.20114135742188,136.38348388671875,0
4,bucket_tip,135.01693725585938,115.88468170166016,0
