,name, x, y, z
0,arm,61.37998962402344,203.1145782470703,0
1,body,157.85708618164062,141.46575927734375,0
3,bucket,84.7433853149414,159.43580627441406,0
4,bucket_tip,97.84991455078125,127.5051498413086,0
