,name, x, y, z
0,arm,64.76655578613281,206.7458953857422,0
1,body,165.8797149658203,134.76576232910156,0
3,bucket,61.155517578125,151.8192596435547,0
4,bucket_tip,74.15892791748047,123.36843872070312,0
