,name, x, y, z
0,arm,66.33604431152344,209.03265380859375,0
1,body,166.86260986328125,134.66993713378906,0
3,bucket,61.71619415283203,153.86216735839844,0
4,bucket_tip,74.91690826416016,124.97881317138672,0
