,name, x, y, z
0,arm,67.12860870361328,209.6685791015625,0
1,body,167.6195831298828,134.66111755371094,0
3,bucket,62.2192497253418,155.3196258544922,0
4,bucket_tip,74.83924865722656,126.00081634521484,0
