,name, x, y, z
0,arm,67.9582748413086,209.81552124023438,0
1,body,168.15765380859375,134.65882873535156,0
3,bucket,62.57075881958008,155.76651000976562,0
4,bucket_tip,74.8049087524414,126.28108978271484,0
