,name, x, y, z
0,arm,70.32876586914062,210.05215454101562,0
1,body,169.54835510253906,134.6537322998047,0
3,bucket,63.460121154785156,156.5915069580078,0
4,bucket_tip,74.69517517089844,126.75821685791016,0
