,name, x, y, z
0,arm,71.77783966064453,210.1446075439453,0
1,body,170.36297607421875,134.650390625,0
3,bucket,63.9681282043457,156.9661865234375,0
4,bucket_tip,74.61028289794922,126.95744323730469,0
