,name, x, y, z
0,arm,78.26229095458984,210.3747100830078,0
1,body,173.97312927246094,134.62576293945312,0
3,bucket,66.07477569580078,158.172607421875,0
4,bucket_tip,73.96009063720703,127.51997375488281,0
