,name, x, y, z
0,arm,79.82605743408203,210.40428161621094,0
1,body,174.86856079101562,134.61553955078125,0
3,bucket,66.5455322265625,158.3925323486328,0
4,bucket_tip,73.69619750976562,127.60796356201172,0
