,name, x, y, z
0,arm,83.64562225341797,210.44830322265625,0
1,body,177.2335662841797,134.57086181640625,0
3,bucket,67.58516693115234,158.8286590576172,0
4,bucket_tip,72.58555603027344,127.76468658447266,0
