,name, x, y, z
0,arm,84.47530364990234,210.45274353027344,0
1,body,177.85147094726562,134.5504608154297,0
3,bucket,67.7578353881836,158.89373779296875,0
4,bucket_tip,72.09322357177734,127.78514099121094,0
