,name, x, y, z
0,arm,85.15065002441406,206.74732971191406,0
1,body,180.84481811523438,133.89169311523438,0
3,bucket,64.75491333007812,156.0637664794922,0
4,bucket_tip,59.64621353149414,126.81434631347656,0
