,name, x, y, z
0,arm,85.1344985961914,206.00991821289062,0
1,body,180.93865966796875,133.8130340576172,0
3,bucket,64.18802642822266,155.57342529296875,0
4,bucket_tip,58.04039001464844,126.66822814941406,0
