,name, x, y, z
0,arm,85.1147689819336,205.23646545410156,0
1,body,181.01425170898438,133.7369842529297,0
3,bucket,63.588966369628906,155.0673065185547,0
4,bucket_tip,56.40495300292969,126.52503967285156,0
