,name, x, y, z
0,arm,85.03056335449219,202.7793731689453,0
1,body,181.15635681152344,133.5377960205078,0
3,bucket,61.63654708862305,153.50820922851562,0
4,bucket_tip,51.43635940551758,126.14240264892578,0
