,name, x, y, z
0,arm,61.31977081298828,203.47032165527344,0
1,body,157.65147399902344,141.18099975585938,0
3,bucket,84.78913116455078,159.5569305419922,0
4,bucket_tip,97.73184204101562,127.39105224609375,0
