,name, x, y, z
0,arm,86.18305206298828,196.41671752929688,0
1,body,182.28857421875,136.68531799316406,0
3,bucket,58.04171371459961,151.99046325683594,0
4,bucket_tip,41.302371978759766,129.20785522460938,0
