,name, x, y, z
0,arm,87.83672332763672,196.3820037841797,0
1,body,182.7994384765625,139.14390563964844,0
3,bucket,59.33943557739258,153.44578552246094,0
4,bucket_tip,42.22970962524414,131.73858642578125,0
