,name, x, y, z
0,arm,88.77951049804688,196.4681396484375,0
1,body,183.04916381835938,140.45285034179688,0
3,bucket,60.106231689453125,154.26622009277344,0
4,bucket_tip,42.888431549072266,133.09075927734375,0
