,name, x, y, z
0,arm,92.65348815917969,196.98342895507812,0
1,body,183.9147491455078,145.40867614746094,0
3,bucket,63.111358642578125,157.44488525390625,0
4,bucket_tip,45.739524841308594,138.26707458496094,0
