,name, x, y, z
0,arm,94.31238555908203,197.06072998046875,0
1,body,184.2227020263672,147.31182861328125,0
3,bucket,64.13195037841797,158.5988006591797,0
4,bucket_tip,46.71835708618164,140.3082733154297,0
