,name, x, y, z
0,arm,95.56594848632812,196.81956481933594,0
1,body,184.41920471191406,148.56710815429688,0
3,bucket,64.52542877197266,159.2088165283203,0
4,bucket_tip,47.00040817260742,141.7166748046875,0
