,name, x, y, z
0,arm,96.26602935791016,196.11436462402344,0
1,body,184.4845428466797,148.99075317382812,0
3,bucket,64.06526947021484,159.0891571044922,0
4,bucket_tip,46.29115295410156,142.30160522460938,0
