,name, x, y, z
0,arm,96.52291107177734,190.95709228515625,0
1,body,185.3571319580078,149.05946350097656,0
3,bucket,61.01974105834961,156.8027801513672,0
4,bucket_tip,41.749359130859375,142.55099487304688,0
