,name, x, y, z
0,arm,96.57653045654297,190.1001434326172,0
1,body,185.51019287109375,149.0694122314453,0
3,bucket,60.635353088378906,156.4327392578125,0
4,bucket_tip,41.110443115234375,142.57102966308594,0
