,name, x, y, z
0,arm,96.63623046875,189.2252960205078,0
1,body,185.66720581054688,149.0786895751953,0
3,bucket,60.26215362548828,156.05616760253906,0
4,bucket_tip,40.4748649597168,142.58839416503906,0
