,name, x, y, z
0,arm,64.40523529052734,199.69308471679688,0
1,body,160.45228576660156,145.27764892578125,0
3,bucket,86.92327880859375,157.61859130859375,0
4,bucket_tip,97.5569076538086,127.8618392944336,0
