,name, x, y, z
0,arm,61.28150939941406,203.6453399658203,0
1,body,157.5411834716797,140.97987365722656,0
3,bucket,84.90950012207031,159.59117126464844,0
4,bucket_tip,97.51347351074219,127.2955322265625,0
