,name, x, y, z
0,arm,97.005126953125,184.6982421875,0
1,body,186.49945068359375,149.1156463623047,0
3,bucket,58.54658126831055,154.1243438720703,0
4,bucket_tip,37.35712432861328,142.64866638183594,0
