,name, x, y, z
0,arm,97.08892822265625,183.78529357910156,0
1,body,186.67286682128906,149.12130737304688,0
3,bucket,58.23009490966797,153.7381591796875,0
4,bucket_tip,36.74764633178711,142.658203125,0
