,name, x, y, z
0,arm,97.1746826171875,182.8775177001953,0
1,body,186.8478240966797,149.12646484375,0
3,bucket,57.921348571777344,153.35536193847656,0
4,bucket_tip,36.14353942871094,142.66783142089844,0
