,name, x, y, z
0,arm,97.2618179321289,181.97821044921875,0
1,body,187.02395629882812,149.131103515625,0
3,bucket,57.61983108520508,152.97735595703125,0
4,bucket_tip,35.54510498046875,142.6779327392578,0
