,name, x, y, z
0,arm,97.52574157714844,179.3640594482422,0
1,body,187.55589294433594,149.14242553710938,0
3,bucket,56.753746032714844,151.8864288330078,0
4,bucket_tip,33.7864990234375,142.71527099609375,0
