,name, x, y, z
0,arm,97.86158752441406,176.1968994140625,0
1,body,188.26048278808594,149.15206909179688,0
3,bucket,55.67021942138672,150.58538818359375,0
4,bucket_tip,31.53837013244629,142.79598999023438,0
