,name, x, y, z
0,arm,98.36787414550781,171.4287109375,0
1,body,189.71800231933594,149.1590576171875,0
3,bucket,53.3758430480957,148.74374389648438,0
4,bucket_tip,26.973983764648438,143.2318115234375,0
