,name, x, y, z
0,arm,98.38919067382812,171.17730712890625,0
1,body,189.8609161376953,149.15911865234375,0
3,bucket,53.12165832519531,148.66506958007812,0
4,bucket_tip,26.515783309936523,143.3112335205078,0
