,name, x, y, z
0,arm,98.39595031738281,170.84275817871094,0
1,body,190.25743103027344,149.15603637695312,0
3,bucket,52.346214294433594,148.68243408203125,0
4,bucket_tip,25.206083297729492,143.63014221191406,0
