,name, x, y, z
0,arm,98.3653335571289,170.96783447265625,0
1,body,190.49215698242188,149.13272094726562,0
3,bucket,51.8122673034668,149.29917907714844,0
4,bucket_tip,24.381486892700195,144.10858154296875,0
