,name, x, y, z
0,arm,98.34697723388672,171.11895751953125,0
1,body,190.60116577148438,149.11351013183594,0
3,bucket,51.541664123535156,149.80789184570312,0
4,bucket_tip,23.98366355895996,144.4377899169922,0
