,name, x, y, z
0,arm,98.30425262451172,171.5808563232422,0
1,body,190.80238342285156,149.06170654296875,0
3,bucket,50.99795150756836,151.16099548339844,0
4,bucket_tip,23.2188777923584,145.2447509765625,0
