,name, x, y, z
0,arm,98.0970230102539,174.50900268554688,0
1,body,191.3285675048828,148.7774200439453,0
3,bucket,49.165184020996094,158.05677795410156,0
4,bucket_tip,20.90300178527832,148.9693603515625,0
