,name, x, y, z
0,arm,61.234413146972656,203.78936767578125,0
1,body,157.4453125,140.72628784179688,0
3,bucket,85.16273498535156,159.5789337158203,0
4,bucket_tip,97.06048583984375,127.16012573242188,0
