,name, x, y, z
0,arm,97.85659790039062,177.9651336669922,0
1,body,191.55535888671875,148.47598266601562,0
3,bucket,47.862876892089844,164.10443115234375,0
4,bucket_tip,19.435962677001953,152.05003356933594,0
