,name, x, y, z
0,arm,97.8116226196289,178.56927490234375,0
1,body,191.5726776123047,148.42642211914062,0
3,bucket,47.685245513916016,164.91139221191406,0
4,bucket_tip,19.244016647338867,152.45033264160156,0
