,name, x, y, z
0,arm,97.71783447265625,179.77023315429688,0
1,body,191.5895538330078,148.33111572265625,0
3,bucket,47.37228012084961,166.23516845703125,0
4,bucket_tip,18.908557891845703,153.09690856933594,0
