,name, x, y, z
0,arm,97.61924743652344,180.93807983398438,0
1,body,191.58262634277344,148.24327087402344,0
3,bucket,47.122032165527344,167.083984375,0
4,bucket_tip,18.64029312133789,153.49551391601562,0
