,name, x, y, z
0,arm,97.51622772216797,182.0447235107422,0
1,body,191.55162048339844,148.16580200195312,0
3,bucket,46.94221878051758,167.35202026367188,0
4,bucket_tip,18.44230842590332,153.594970703125,0
