,name, x, y, z
0,arm,97.46319580078125,182.5662841796875,0
1,body,191.52178955078125,148.13377380371094,0
3,bucket,46.87246322631836,167.3122100830078,0
4,bucket_tip,18.36562728881836,153.5513458251953,0
