,name, x, y, z
0,arm,96.99308013916016,184.40972900390625,0
1,body,191.24717712402344,148.07192993164062,0
3,bucket,46.62397003173828,166.95712280273438,0
4,bucket_tip,18.150178909301758,153.19146728515625,0
