,name, x, y, z
0,arm,96.58634948730469,185.20172119140625,0
1,body,191.02561950683594,148.0761260986328,0
3,bucket,46.5213623046875,166.68251037597656,0
4,bucket_tip,18.102447509765625,152.91351318359375,0
