,name, x, y, z
0,arm,61.21388244628906,203.8347930908203,0
1,body,157.41668701171875,140.60508728027344,0
3,bucket,85.3212890625,159.5541534423828,0
4,bucket_tip,96.76847076416016,127.09077453613281,0
