,name, x, y, z
0,arm,95.49726867675781,186.57740783691406,0
1,body,190.4395294189453,148.14137268066406,0
3,bucket,46.36915969848633,165.99765014648438,0
4,bucket_tip,18.142118453979492,152.19956970214844,0
