,name, x, y, z
0,arm,95.17747497558594,186.88539123535156,0
1,body,190.26695251464844,148.16754150390625,0
3,bucket,46.34357833862305,165.80670166015625,0
4,bucket_tip,18.18239974975586,151.99365234375,0
