,name, x, y, z
0,arm,94.13126373291016,187.74374389648438,0
1,body,189.69683837890625,148.2642822265625,0
3,bucket,46.30073165893555,165.2101593017578,0
4,bucket_tip,18.382301330566406,151.325439453125,0
