,name, x, y, z
0,arm,92.99081420898438,188.5306396484375,0
1,body,189.061767578125,148.38125610351562,0
3,bucket,46.31401824951172,164.6090850830078,0
4,bucket_tip,18.708898544311523,150.6014862060547,0
