,name, x, y, z
0,arm,61.20465087890625,203.8531036376953,0
1,body,157.40675354003906,140.54576110839844,0
3,bucket,85.40705871582031,159.5382843017578,0
4,bucket_tip,96.60685729980469,127.05603790283203,0
