,name, x, y, z
0,arm,90.6131362915039,190.02987670898438,0
1,body,187.66676330566406,148.6390380859375,0
3,bucket,46.53578186035156,163.5541229248047,0
4,bucket_tip,19.784107208251953,149.090576171875,0
