,name, x, y, z
0,arm,88.75626373291016,191.3704376220703,0
1,body,186.46096801757812,148.833740234375,0
3,bucket,46.951969146728516,163.01788330078125,0
4,bucket_tip,21.160402297973633,147.89208984375,0
