,name, x, y, z
0,arm,87.79424285888672,192.28762817382812,0
1,body,185.75450134277344,148.92298889160156,0
3,bucket,47.31601333618164,162.91546630859375,0
4,bucket_tip,22.216466903686523,147.25283813476562,0
