,name, x, y, z
0,arm,87.50696563720703,192.61805725097656,0
1,body,185.5237274169922,148.9470977783203,0
3,bucket,47.45633316040039,162.91249084472656,0
4,bucket_tip,22.606760025024414,147.05601501464844,0
