,name, x, y, z
0,arm,86.73970794677734,193.67784118652344,0
1,body,184.84332275390625,149.00384521484375,0
3,bucket,47.928768157958984,162.98667907714844,0
4,bucket_tip,23.88397789001465,146.5123748779297,0
