,name, x, y, z
0,arm,85.27741241455078,196.9049072265625,0
1,body,183.08547973632812,149.05575561523438,0
3,bucket,49.495872497558594,163.69415283203125,0
4,bucket_tip,27.96137809753418,145.3765869140625,0
