,name, x, y, z
0,arm,85.01724243164062,197.77748107910156,0
1,body,182.6513671875,149.050048828125,0
3,bucket,49.9400520324707,163.9622039794922,0
4,bucket_tip,29.10631561279297,145.1568145751953,0
