,name, x, y, z
0,arm,84.89949798583984,198.22036743164062,0
1,body,182.4342041015625,149.0448760986328,0
3,bucket,50.1677360534668,164.10679626464844,0
4,bucket_tip,29.69408416748047,145.0556640625,0
