,name, x, y, z
0,arm,61.18192672729492,203.89846801757812,0
1,body,157.3924560546875,140.37242126464844,0
3,bucket,85.68497467041016,159.48101806640625,0
4,bucket_tip,96.06205749511719,126.95285034179688,0
