,name, x, y, z
0,arm,84.49576568603516,200.022216796875,0
1,body,181.56033325195312,149.01095581054688,0
3,bucket,51.10630416870117,164.7417755126953,0
4,bucket_tip,32.132625579833984,144.7051239013672,0
