,name, x, y, z
0,arm,84.40846252441406,200.47723388671875,0
1,body,181.33973693847656,148.99964904785156,0
3,bucket,51.345855712890625,164.9117889404297,0
4,bucket_tip,32.760894775390625,144.63018798828125,0
