,name, x, y, z
0,arm,84.3253173828125,200.932861328125,0
1,body,181.11790466308594,148.9873046875,0
3,bucket,51.5865478515625,165.08511352539062,0
4,bucket_tip,33.395320892333984,144.5599822998047,0
