,name, x, y, z
0,arm,84.24571228027344,201.3885040283203,0
1,body,180.89474487304688,148.97415161132812,0
3,bucket,51.82792282104492,165.26126098632812,0
4,bucket_tip,34.03521728515625,144.49436950683594,0
