,name, x, y, z
0,arm,83.8778305053711,203.6454315185547,0
1,body,179.7522735595703,148.89845275878906,0
3,bucket,53.030799865722656,166.1625213623047,0
4,bucket_tip,37.29417419433594,144.22882080078125,0
