,name, x, y, z
0,arm,83.8057861328125,204.08824157714844,0
1,body,179.51724243164062,148.8820343017578,0
3,bucket,53.267608642578125,166.34280395507812,0
4,bucket_tip,37.953182220458984,144.18704223632812,0
