,name, x, y, z
0,arm,83.32942962646484,206.634033203125,0
1,body,178.0469207763672,148.7820281982422,0
3,bucket,54.626705169677734,167.37472534179688,0
4,bucket_tip,41.902156829833984,144.00099182128906,0
