,name, x, y, z
0,arm,83.2365951538086,207.0339813232422,0
1,body,177.79026794433594,148.76602172851562,0
3,bucket,54.839019775390625,167.53285217285156,0
4,bucket_tip,42.55323028564453,143.97914123535156,0
