,name, x, y, z
0,arm,82.92217254638672,208.1796875,0
1,body,176.99696350097656,148.7209930419922,0
3,bucket,55.44279098510742,167.9716339111328,0
4,bucket_tip,44.48045349121094,143.92584228515625,0
