,name, x, y, z
0,arm,82.67695617675781,208.89231872558594,0
1,body,176.45071411132812,148.68951416015625,0
3,bucket,55.817710876464844,168.23045349121094,0
4,bucket_tip,45.74138641357422,143.90994262695312,0
