,name, x, y, z
0,arm,82.26156616210938,209.88133239746094,0
1,body,175.6171875,148.62750244140625,0
3,bucket,56.349239349365234,168.5673370361328,0
4,bucket_tip,47.604862213134766,143.9311981201172,0
