,name, x, y, z
0,arm,81.95713806152344,210.4907684326172,0
1,body,175.0570068359375,148.57437133789062,0
3,bucket,56.687191009521484,168.7569580078125,0
4,bucket_tip,48.83186721801758,143.96766662597656,0
