,name, x, y, z
0,arm,81.79756927490234,210.78147888183594,0
1,body,174.7767791748047,148.5437774658203,0
3,bucket,56.85230255126953,168.8411102294922,0
4,bucket_tip,49.44163513183594,143.99058532714844,0
