,name, x, y, z
0,arm,81.63353729248047,211.06329345703125,0
1,body,174.49700927734375,148.51022338867188,0
3,bucket,57.015380859375,168.91807556152344,0
4,bucket_tip,50.04936599731445,144.01576232910156,0
