,name, x, y, z
0,arm,81.29313659667969,211.60145568847656,0
1,body,173.94052124023438,148.4337158203125,0
3,bucket,57.336822509765625,169.05015563964844,0
4,bucket_tip,51.25986862182617,144.0701141357422,0
