,name, x, y, z
0,arm,81.11741638183594,211.85850524902344,0
1,body,173.6645965576172,148.39041137695312,0
3,bucket,57.49591064453125,169.10519409179688,0
4,bucket_tip,51.86330032348633,144.09799194335938,0
