,name, x, y, z
0,arm,80.19483184814453,213.03652954101562,0
1,body,172.3238983154297,148.11636352539062,0
3,bucket,58.290260314941406,169.26783752441406,0
4,bucket_tip,54.87612533569336,144.21749877929688,0
