,name, x, y, z
0,arm,80.0035400390625,213.25311279296875,0
1,body,172.0662384033203,148.04884338378906,0
3,bucket,58.451568603515625,169.2774658203125,0
4,bucket_tip,55.480308532714844,144.23277282714844,0
