,name, x, y, z
0,arm,79.81063079833984,213.4641571044922,0
1,body,171.8130340576172,147.97665405273438,0
3,bucket,58.61463165283203,169.27932739257812,0
4,bucket_tip,56.08594512939453,144.24362182617188,0
