,name, x, y, z
0,arm,79.42108917236328,213.87106323242188,0
1,body,171.32130432128906,147.81759643554688,0
3,bucket,58.94738006591797,169.2593536376953,0
4,bucket_tip,57.30299758911133,144.2492218017578,0
