,name, x, y, z
0,arm,78.438232421875,214.81602478027344,0
1,body,170.195556640625,147.32550048828125,0
3,bucket,59.83723449707031,169.06845092773438,0
4,bucket_tip,60.398902893066406,144.1381072998047,0
