,name, x, y, z
0,arm,78.24226379394531,214.9954833984375,0
1,body,169.99114990234375,147.20932006835938,0
3,bucket,60.028385162353516,169.00546264648438,0
4,bucket_tip,61.030662536621094,144.0889129638672,0
