,name, x, y, z
0,arm,78.04708099365234,215.17262268066406,0
1,body,169.7946014404297,147.08677673339844,0
3,bucket,60.22492218017578,168.93402099609375,0
4,bucket_tip,61.667659759521484,144.0290985107422,0
