,name, x, y, z
0,arm,61.165260314941406,203.98123168945312,0
1,body,157.4119873046875,140.09674072265625,0
3,bucket,86.19098663330078,159.37393188476562,0
4,bucket_tip,94.96739959716797,126.79034423828125,0
