,name, x, y, z
0,arm,77.85298919677734,215.3477783203125,0
1,body,169.60621643066406,146.9575958251953,0
3,bucket,60.42726516723633,168.85401916503906,0
4,bucket_tip,62.31039047241211,143.9579620361328,0
