,name, x, y, z
0,arm,77.66018676757812,215.5213623046875,0
1,body,169.4264373779297,146.8216552734375,0
3,bucket,60.63582992553711,168.765380859375,0
4,bucket_tip,62.95935821533203,143.87477111816406,0
