,name, x, y, z
0,arm,77.2796401977539,215.86526489257812,0
1,body,169.0941162109375,146.52842712402344,0
3,bucket,61.07347869873047,168.5616912841797,0
4,bucket_tip,64.27788543701172,143.66928100585938,0
