,name, x, y, z
0,arm,75.68907165527344,217.4404296875,0
1,body,168.13150024414062,144.9222412109375,0
3,bucket,63.48391342163086,167.19505310058594,0
4,bucket_tip,70.6435775756836,141.87794494628906,0
