,name, x, y, z
0,arm,75.36376953125,217.80819702148438,0
1,body,168.0496368408203,144.5921630859375,0
3,bucket,64.19570922851562,166.8020782470703,0
4,bucket_tip,72.18182373046875,141.22879028320312,0
