,name, x, y, z
0,arm,75.20761108398438,217.9893341064453,0
1,body,168.0237579345703,144.4385223388672,0
3,bucket,64.59819030761719,166.5969696044922,0
4,bucket_tip,72.97561645507812,140.87652587890625,0
