,name, x, y, z
0,arm,75.05694580078125,218.16656494140625,0
1,body,168.00665283203125,144.29318237304688,0
3,bucket,65.0376205444336,166.3871307373047,0
4,bucket_tip,73.78779602050781,140.50897216796875,0
