,name, x, y, z
0,arm,74.6471939086914,218.65878295898438,0
1,body,167.99851989746094,143.91232299804688,0
3,bucket,66.62190246582031,165.7369384765625,0
4,bucket_tip,76.3482666015625,139.33863830566406,0
