,name, x, y, z
0,arm,61.16782760620117,204.0321807861328,0
1,body,157.4315948486328,139.9901885986328,0
3,bucket,86.39820098876953,159.3351287841797,0
4,bucket_tip,94.46923828125,126.73107147216797,0
