,name, x, y, z
0,arm,74.52789306640625,218.80409240722656,0
1,body,168.00694274902344,143.80567932128906,0
3,bucket,67.25315856933594,165.51611328125,0
4,bucket_tip,77.24705505371094,138.93447875976562,0
