,name, x, y, z
0,arm,74.41881561279297,218.93724060058594,0
1,body,168.01931762695312,143.710205078125,0
3,bucket,67.94315338134766,165.29466247558594,0
4,bucket_tip,78.17028045654297,138.5276336669922,0
