,name, x, y, z
0,arm,74.23564147949219,219.15989685058594,0
1,body,168.05177307128906,143.55503845214844,0
3,bucket,69.51581573486328,164.85365295410156,0
4,bucket_tip,80.0936279296875,137.71690368652344,0
