,name, x, y, z
0,arm,61.171424865722656,204.0641326904297,0
1,body,157.44334411621094,139.9375762939453,0
3,bucket,86.50106811523438,159.31797790527344,0
4,bucket_tip,94.20809173583984,126.70307922363281,0
