,name, x, y, z
0,arm,74.55933380126953,218.86009216308594,0
1,body,167.7691650390625,142.65396118164062,0
3,bucket,77.6744384765625,162.4178009033203,0
4,bucket_tip,87.60729217529297,134.131591796875,0
