,name, x, y, z
0,arm,77.57560729980469,213.99725341796875,0
1,body,165.9180145263672,138.27737426757812,0
3,bucket,80.58912658691406,156.5775604248047,0
4,bucket_tip,89.68026733398438,128.0338134765625,0
