,name, x, y, z
0,arm,77.8762435913086,213.11605834960938,0
1,body,165.6664276123047,137.58828735351562,0
3,bucket,80.89486694335938,155.68714904785156,0
4,bucket_tip,90.18400573730469,127.08113098144531,0
