,name, x, y, z
0,arm,78.14009857177734,212.1626739501953,0
1,body,165.41299438476562,136.86407470703125,0
3,bucket,81.24703979492188,154.7477264404297,0
4,bucket_tip,90.82843780517578,126.06102752685547,0
