,name, x, y, z
0,arm,78.62950897216797,208.85850524902344,0
1,body,164.6621551513672,134.5041046142578,0
3,bucket,82.71441650390625,151.6444854736328,0
4,bucket_tip,93.82750701904297,122.57556915283203,0
