,name, x, y, z
0,arm,78.67184448242188,207.61868286132812,0
1,body,164.42471313476562,133.699951171875,0
3,bucket,83.3582992553711,150.56968688964844,0
4,bucket_tip,95.17913055419922,121.3314208984375,0
