,name, x, y, z
0,arm,78.67900848388672,206.36512756347656,0
1,body,164.201171875,132.9346466064453,0
3,bucket,84.06443786621094,149.54034423828125,0
4,bucket_tip,96.63431549072266,120.12749481201172,0
