,name, x, y, z
0,arm,64.36530303955078,199.7230224609375,0
1,body,160.40321350097656,145.19606018066406,0
3,bucket,86.86939239501953,157.6495361328125,0
4,bucket_tip,97.56395721435547,127.85411834716797,0
