,name, x, y, z
0,arm,78.83190155029297,203.0740203857422,0
1,body,163.66249084472656,131.1811065673828,0
3,bucket,86.43051147460938,147.1620635986328,0
4,bucket_tip,101.08367156982422,117.30816650390625,0
