,name, x, y, z
0,arm,79.90038299560547,201.64598083496094,0
1,body,163.4026336669922,130.7733917236328,0
3,bucket,88.88748168945312,146.60496520996094,0
4,bucket_tip,104.62850952148438,116.63992309570312,0
