,name, x, y, z
0,arm,81.0495376586914,201.64585876464844,0
1,body,163.2906494140625,130.7731170654297,0
3,bucket,90.33963775634766,146.6048126220703,0
4,bucket_tip,106.604248046875,116.63990020751953,0
