,name, x, y, z
0,arm,82.05760955810547,201.6460723876953,0
1,body,163.18698120117188,130.77288818359375,0
3,bucket,91.60765075683594,146.60504150390625,0
4,bucket_tip,108.42980194091797,116.64060974121094,0
