,name, x, y, z
0,arm,82.51167297363281,201.64657592773438,0
1,body,163.1381072998047,130.77293395996094,0
3,bucket,92.17652893066406,146.6055145263672,0
4,bucket_tip,109.28839111328125,116.64152526855469,0
