,name, x, y, z
0,arm,83.32575225830078,201.64877319335938,0
1,body,163.0458984375,130.77346801757812,0
3,bucket,93.19172668457031,146.60743713378906,0
4,bucket_tip,110.9012680053711,116.64488983154297,0
