,name, x, y, z
0,arm,84.0222396850586,201.65333557128906,0
1,body,162.96063232421875,130.77499389648438,0
3,bucket,94.05403900146484,146.6112518310547,0
4,bucket_tip,112.38080596923828,116.65106964111328,0
