,name, x, y, z
0,arm,85.10016632080078,201.6725311279297,0
1,body,162.80860900878906,130.78225708007812,0
3,bucket,95.36978149414062,146.62669372558594,0
4,bucket_tip,114.9665756225586,116.67498016357422,0
