,name, x, y, z
0,arm,85.82068634033203,201.7105255126953,0
1,body,162.677490234375,130.7975616455078,0
3,bucket,96.2236328125,146.65647888183594,0
4,bucket_tip,117.09941101074219,116.71977996826172,0
