,name, x, y, z
0,arm,86.25908660888672,201.77377319335938,0
1,body,162.5627899169922,130.82374572753906,0
3,bucket,96.7154312133789,146.70523071289062,0
4,bucket_tip,118.83306884765625,116.79194641113281,0
