,name, x, y, z
0,arm,86.55243682861328,201.9296875,0
1,body,162.41160583496094,130.88958740234375,0
3,bucket,96.99281311035156,146.8240509033203,0
4,bucket_tip,120.80265808105469,116.96571350097656,0
