,name, x, y, z
0,arm,86.57389068603516,201.96408081054688,0
1,body,162.387939453125,130.9042205810547,0
3,bucket,97.00537109375,146.85011291503906,0
4,bucket_tip,121.06808471679688,117.00362396240234,0
