,name, x, y, z
0,arm,86.6343994140625,202.17803955078125,0
1,body,162.2718505859375,130.99578857421875,0
3,bucket,97.01737976074219,147.0115966796875,0
4,bucket_tip,122.17632293701172,117.23760223388672,0
