,name, x, y, z
0,arm,61.22968673706055,204.3881378173828,0
1,body,157.531982421875,139.6287384033203,0
3,bucket,87.08026123046875,159.26869201660156,0
4,bucket_tip,92.48612976074219,126.56450653076172,0
