,name, x, y, z
0,arm,86.69708251953125,202.40557861328125,0
1,body,162.17752075195312,131.09371948242188,0
3,bucket,97.0597915649414,147.1824951171875,0
4,bucket_tip,122.85062408447266,117.48417663574219,0
