,name, x, y, z
0,arm,86.75904846191406,202.5403289794922,0
1,body,162.12831115722656,131.1519012451172,0
3,bucket,97.12625122070312,147.28347778320312,0
4,bucket_tip,123.1354751586914,117.62952423095703,0
