,name, x, y, z
0,arm,86.91679382324219,202.77088928222656,0
1,body,162.05030822753906,131.2516632080078,0
3,bucket,97.31758117675781,147.45591735839844,0
4,bucket_tip,123.51626586914062,117.87734985351562,0
