,name, x, y, z
0,arm,61.24627685546875,204.4704132080078,0
1,body,157.54840087890625,139.57806396484375,0
3,bucket,87.16632843017578,159.27267456054688,0
4,bucket_tip,92.17532348632812,126.54725646972656,0
