,name, x, y, z
0,arm,87.29737854003906,203.1356201171875,0
1,body,161.9356231689453,131.40988159179688,0
3,bucket,97.80941009521484,147.7281036376953,0
4,bucket_tip,123.97251892089844,118.2677230834961,0
