,name, x, y, z
0,arm,87.4307861328125,203.2376708984375,0
1,body,161.90455627441406,131.45420837402344,0
3,bucket,97.98502349853516,147.8041534423828,0
4,bucket_tip,124.08296966552734,118.3766860961914,0
