,name, x, y, z
0,arm,88.6430435180664,203.94923400878906,0
1,body,161.69271850585938,131.76394653320312,0
3,bucket,99.6012954711914,148.33360290527344,0
4,bucket_tip,124.78018188476562,119.13396453857422,0
