,name, x, y, z
0,arm,89.23222351074219,204.22659301757812,0
1,body,161.6106719970703,131.88487243652344,0
3,bucket,100.39179229736328,148.53961181640625,0
4,bucket_tip,125.04582977294922,119.42822265625,0
