,name, x, y, z
0,arm,89.9296646118164,204.5253143310547,0
1,body,161.52200317382812,132.01524353027344,0
3,bucket,101.32899475097656,148.76136779785156,0
4,bucket_tip,125.33932495117188,119.74473571777344,0
