,name, x, y, z
0,arm,91.68692779541016,205.19021606445312,0
1,body,161.32247924804688,132.30569458007812,0
3,bucket,103.69338989257812,149.25439453125,0
4,bucket_tip,126.03668212890625,120.44783782958984,0
