,name, x, y, z
0,arm,92.2085952758789,205.37107849121094,0
1,body,161.2675323486328,132.384765625,0
3,bucket,104.39566040039062,149.38839721679688,0
4,bucket_tip,126.23888397216797,120.6387939453125,0
