,name, x, y, z
0,arm,92.76557159423828,205.55796813964844,0
1,body,161.21047973632812,132.4664764404297,0
3,bucket,105.14553833007812,149.5268096923828,0
4,bucket_tip,126.4539566040039,120.83601379394531,0
