,name, x, y, z
0,arm,93.99006652832031,205.95028686523438,0
1,body,160.9248504638672,132.6398468017578,0
3,bucket,106.79598999023438,149.88858032226562,0
4,bucket_tip,126.76250457763672,121.2711181640625,0
