,name, x, y, z
0,arm,94.52821350097656,206.17234802246094,0
1,body,160.400390625,132.7369384765625,0
3,bucket,107.62760925292969,150.21946716308594,0
4,bucket_tip,126.56666564941406,121.54158782958984,0
