,name, x, y, z
0,arm,94.85841369628906,206.43038940429688,0
1,body,159.6282196044922,132.84521484375,0
3,bucket,108.3280029296875,150.60980224609375,0
4,bucket_tip,126.14991760253906,121.83564758300781,0
