,name, x, y, z
0,arm,94.8470230102539,207.3714141845703,0
1,body,156.32937622070312,133.26705932617188,0
3,bucket,108.5267333984375,151.61122131347656,0
4,bucket_tip,124.12077331542969,122.7054443359375,0
