,name, x, y, z
0,arm,94.25017547607422,208.08895874023438,0
1,body,153.92657470703125,133.6572265625,0
3,bucket,106.32332611083984,151.63726806640625,0
4,bucket_tip,122.65927124023438,123.1248779296875,0
