,name, x, y, z
0,arm,61.309364318847656,204.7791748046875,0
1,body,157.59756469726562,139.42657470703125,0
3,bucket,87.3976821899414,159.3126983642578,0
4,bucket_tip,91.2064437866211,126.50780487060547,0
