,name, x, y, z
0,arm,91.92949676513672,209.9942626953125,0
1,body,150.88516235351562,135.37913513183594,0
3,bucket,100.44966888427734,150.43885803222656,0
4,bucket_tip,119.69769287109375,123.65508270263672,0
