,name, x, y, z
0,arm,91.7305679321289,210.02276611328125,0
1,body,150.39784240722656,135.56150817871094,0
3,bucket,99.84259796142578,150.77427673339844,0
4,bucket_tip,118.63624572753906,123.73448944091797,0
