,name, x, y, z
0,arm,91.4457015991211,210.03448486328125,0
1,body,149.7784423828125,135.6865997314453,0
3,bucket,99.14277648925781,151.22239685058594,0
4,bucket_tip,117.20468139648438,123.81659698486328,0
