,name, x, y, z
0,arm,90.77091217041016,210.0374298095703,0
1,body,148.44532775878906,135.81866455078125,0
3,bucket,97.5389404296875,152.3079833984375,0
4,bucket_tip,113.6656723022461,123.9671859741211,0
