,name, x, y, z
0,arm,90.4573974609375,210.04356384277344,0
1,body,147.88253784179688,135.8524169921875,0
3,bucket,96.67194366455078,152.8710479736328,0
4,bucket_tip,111.77542114257812,124.02478790283203,0
