,name, x, y, z
0,arm,64.31963348388672,199.76138305664062,0
1,body,160.36166381835938,145.1297607421875,0
3,bucket,86.82515716552734,157.6772918701172,0
4,bucket_tip,97.57028198242188,127.84977722167969,0
