,name, x, y, z
0,arm,90.18810272216797,210.25637817382812,0
1,body,147.78988647460938,136.01768493652344,0
3,bucket,93.7273941040039,154.35348510742188,0
4,bucket_tip,106.40825653076172,124.03173828125,0
