,name, x, y, z
0,arm,90.34872436523438,210.35702514648438,0
1,body,148.09849548339844,136.05679321289062,0
3,bucket,93.38812255859375,154.48577880859375,0
4,bucket_tip,105.92549133300781,124.00155639648438,0
