,name, x, y, z
0,arm,90.55912017822266,210.47970581054688,0
1,body,148.4617156982422,136.09823608398438,0
3,bucket,93.0661849975586,154.60800170898438,0
4,bucket_tip,105.4944076538086,123.96719360351562,0
