,name, x, y, z
0,arm,91.09569549560547,210.78050231933594,0
1,body,149.29217529296875,136.18492126464844,0
3,bucket,92.45415496826172,154.84002685546875,0
4,bucket_tip,104.73571014404297,123.8940200805664,0
