,name, x, y, z
0,arm,91.73091888427734,211.13705444335938,0
1,body,150.16134643554688,136.27125549316406,0
3,bucket,91.85060119628906,155.0850830078125,0
4,bucket_tip,104.028564453125,123.82817840576172,0
