,name, x, y, z
0,arm,61.394134521484375,205.19483947753906,0
1,body,157.64349365234375,139.2752227783203,0
3,bucket,87.57937622070312,159.40219116210938,0
4,bucket_tip,90.18751525878906,126.48886108398438,0
