,name, x, y, z
0,arm,92.39793395996094,211.52767944335938,0
1,body,150.9493865966797,136.35073852539062,0
3,bucket,91.21488189697266,155.37869262695312,0
4,bucket_tip,103.2694320678711,123.78561401367188,0
