,name, x, y, z
0,arm,93.7847671508789,212.52365112304688,0
1,body,152.51380920410156,136.4889678955078,0
3,bucket,89.29257202148438,156.49537658691406,0
4,bucket_tip,100.6422348022461,124.07097625732422,0
