,name, x, y, z
0,arm,94.40258026123047,213.28843688964844,0
1,body,153.8203887939453,136.5452117919922,0
3,bucket,87.46236419677734,157.74998474121094,0
4,bucket_tip,97.85432434082031,124.89068603515625,0
