,name, x, y, z
0,arm,94.49274444580078,213.47601318359375,0
1,body,154.15061950683594,136.55422973632812,0
3,bucket,86.97998046875,158.10177612304688,0
4,bucket_tip,97.09261322021484,125.16476440429688,0
