,name, x, y, z
0,arm,94.62134552001953,214.03231811523438,0
1,body,155.13487243652344,136.5740203857422,0
3,bucket,85.50372314453125,159.22531127929688,0
4,bucket_tip,94.71138000488281,126.12483978271484,0
