,name, x, y, z
0,arm,94.61949920654297,214.21612548828125,0
1,body,155.45770263671875,136.57919311523438,0
3,bucket,85.00830841064453,159.61767578125,0
4,bucket_tip,93.8979721069336,126.48495483398438,0
