,name, x, y, z
0,arm,94.40913391113281,214.9470977783203,0
1,body,156.6973114013672,136.600830078125,0
3,bucket,83.06083679199219,161.237548828125,0
4,bucket_tip,90.64466857910156,128.07904052734375,0
