,name, x, y, z
0,arm,94.19300842285156,215.3121337890625,0
1,body,157.27296447753906,136.61642456054688,0
3,bucket,82.13432312011719,162.05726623535156,0
4,bucket_tip,89.07010650634766,128.94366455078125,0
