,name, x, y, z
0,arm,94.05988311767578,215.4950408935547,0
1,body,157.5464630126953,136.62649536132812,0
3,bucket,81.68955993652344,162.46446228027344,0
4,bucket_tip,88.30882263183594,129.38673400878906,0
