,name, x, y, z
0,arm,93.56968688964844,216.04710388183594,0
1,body,158.29830932617188,136.66934204101562,0
3,bucket,80.45211791992188,163.65798950195312,0
4,bucket_tip,86.17340850830078,130.7378692626953,0
