,name, x, y, z
0,arm,92.95944213867188,216.60728454589844,0
1,body,158.9273681640625,136.73751831054688,0
3,bucket,79.4000015258789,164.7786865234375,0
4,bucket_tip,84.3384017944336,132.08505249023438,0
