,name, x, y, z
0,arm,61.50275802612305,205.73583984375,0
1,body,157.68211364746094,139.1229248046875,0
3,bucket,87.69924926757812,159.55081176757812,0
4,bucket_tip,89.12448120117188,126.49324035644531,0
