,name, x, y, z
0,arm,90.6170883178711,218.37640380859375,0
1,body,159.82339477539062,137.1754913330078,0
3,bucket,77.8706283569336,167.309814453125,0
4,bucket_tip,81.63614654541016,135.62843322753906,0
