,name, x, y, z
0,arm,90.32620239257812,218.58438110351562,0
1,body,159.89334106445312,137.30760192871094,0
3,bucket,77.87418365478516,167.48275756835938,0
4,bucket_tip,81.64474487304688,135.93739318847656,0
