,name, x, y, z
0,arm,90.04669952392578,218.79383850097656,0
1,body,160.07980346679688,137.5338592529297,0
3,bucket,77.88705444335938,167.63050842285156,0
4,bucket_tip,81.67581939697266,136.22003173828125,0
