,name, x, y, z
0,arm,89.53495025634766,219.19174194335938,0
1,body,160.66204833984375,138.13104248046875,0
3,bucket,77.95417022705078,167.85311889648438,0
4,bucket_tip,81.83731842041016,136.68800354003906,0
