,name, x, y, z
0,arm,89.28152465820312,219.36581420898438,0
1,body,160.98779296875,138.4330596923828,0
3,bucket,78.01509857177734,167.92926025390625,0
4,bucket_tip,81.983642578125,136.86416625976562,0
