,name, x, y, z
0,arm,88.72681427001953,219.6283416748047,0
1,body,161.53317260742188,138.87173461914062,0
3,bucket,78.20835876464844,168.01454162597656,0
4,bucket_tip,82.44721221923828,137.07794189453125,0
