,name, x, y, z
0,arm,88.40436553955078,219.70233154296875,0
1,body,161.68276977539062,138.93948364257812,0
3,bucket,78.3473892211914,168.0249481201172,0
4,bucket_tip,82.78036499023438,137.10638427734375,0
