,name, x, y, z
0,arm,87.17109680175781,219.59974670410156,0
1,body,161.9328155517578,138.93946838378906,0
3,bucket,78.98910522460938,167.2412109375,0
4,bucket_tip,84.2657470703125,136.04444885253906,0
