,name, x, y, z
0,arm,86.6837387084961,219.44442749023438,0
1,body,162.0092315673828,138.939453125,0
3,bucket,79.27228546142578,166.69387817382812,0
4,bucket_tip,84.91150665283203,135.34970092773438,0
