,name, x, y, z
0,arm,86.1670913696289,219.23377990722656,0
1,body,162.08432006835938,138.93939208984375,0
3,bucket,79.58428955078125,166.0424041748047,0
4,bucket_tip,85.62333679199219,134.5664520263672,0
