,name, x, y, z
0,arm,84.49281311035156,218.30809020996094,0
1,body,162.31369018554688,138.9391326904297,0
3,bucket,80.65745544433594,163.69662475585938,0
4,bucket_tip,88.09896850585938,132.17811584472656,0
