,name, x, y, z
0,arm,82.7389907836914,217.02333068847656,0
1,body,162.57545471191406,138.9385223388672,0
3,bucket,81.86225128173828,161.25401306152344,0
4,bucket_tip,90.96746063232422,130.7645263671875,0
