,name, x, y, z
0,arm,81.59597778320312,216.0214385986328,0
1,body,162.45480346679688,138.9503631591797,0
3,bucket,82.68769073486328,159.85243225097656,0
4,bucket_tip,92.98625946044922,130.5183563232422,0
