,name, x, y, z
0,arm,80.16804504394531,214.5274658203125,0
1,body,161.70973205566406,139.0779571533203,0
3,bucket,83.84500885009766,158.20156860351562,0
4,bucket_tip,95.62918090820312,130.36399841308594,0
