,name, x, y, z
0,arm,79.63358306884766,213.7543182373047,0
1,body,161.40753173828125,139.29531860351562,0
3,bucket,84.48863983154297,157.40667724609375,0
4,bucket_tip,96.74300384521484,130.33816528320312,0
