,name, x, y, z
0,arm,79.55045318603516,213.4910125732422,0
1,body,161.46151733398438,139.4588623046875,0
3,bucket,84.75308990478516,157.1021270751953,0
4,bucket_tip,97.00491333007812,130.33135986328125,0
