,name, x, y, z
0,arm,79.7714614868164,213.25375366210938,0
1,body,162.32150268554688,139.8812255859375,0
3,bucket,85.1910400390625,156.67262268066406,0
4,bucket_tip,97.26982879638672,130.31114196777344,0
