,name, x, y, z
0,arm,80.77305603027344,213.13775634765625,0
1,body,164.71905517578125,140.44068908691406,0
3,bucket,85.9002914428711,156.42782592773438,0
4,bucket_tip,96.4455337524414,130.29730224609375,0
