,name, x, y, z
0,arm,81.0123519897461,213.17556762695312,0
1,body,164.81912231445312,140.408447265625,0
3,bucket,85.56243133544922,156.5623321533203,0
4,bucket_tip,95.74056243896484,130.3555145263672,0
