,name, x, y, z
0,arm,81.5235366821289,213.42967224121094,0
1,body,164.93673706054688,140.30787658691406,0
3,bucket,84.13101196289062,157.03125,0
4,bucket_tip,93.78560638427734,130.5568389892578,0
