,name, x, y, z
0,arm,82.07322692871094,213.79641723632812,0
1,body,165.03675842285156,140.1958770751953,0
3,bucket,82.07415008544922,157.66415405273438,0
4,bucket_tip,91.33726501464844,130.8225555419922,0
