,name, x, y, z
0,arm,82.65575408935547,214.12490844726562,0
1,body,165.23011779785156,140.11622619628906,0
3,bucket,79.85037994384766,158.33778381347656,0
4,bucket_tip,88.67559814453125,131.0937957763672,0
