,name, x, y, z
0,arm,84.84246826171875,213.29058837890625,0
1,body,167.96067810058594,140.24049377441406,0
3,bucket,74.75296020507812,159.96266174316406,0
4,bucket_tip,80.22433471679688,131.71717834472656,0
