,name, x, y, z
0,arm,85.7492446899414,212.2438507080078,0
1,body,169.65472412109375,140.47732543945312,0
3,bucket,73.43547058105469,160.45127868652344,0
4,bucket_tip,76.91136169433594,132.0911865234375,0
