,name, x, y, z
0,arm,86.03298950195312,211.9041748046875,0
1,body,170.1772003173828,140.58973693847656,0
3,bucket,72.99937438964844,160.62091064453125,0
4,bucket_tip,75.80009460449219,132.27346801757812,0
