,name, x, y, z
0,arm,86.3041763305664,211.5930633544922,0
1,body,170.65283203125,140.7210693359375,0
3,bucket,72.53913879394531,160.80178833007812,0
4,bucket_tip,74.67436218261719,132.49444580078125,0
