,name, x, y, z
0,arm,64.25849151611328,199.81410217285156,0
1,body,160.3097381591797,145.04808044433594,0
3,bucket,86.77063751220703,157.7124481201172,0
4,bucket_tip,97.57827758789062,127.84507751464844,0
