,name, x, y, z
0,arm,86.801025390625,211.11410522460938,0
1,body,171.40150451660156,141.0456085205078,0
3,bucket,71.48429107666016,161.21620178222656,0
4,bucket_tip,72.35293579101562,133.07618713378906,0
