,name, x, y, z
0,arm,87.22383117675781,210.9220733642578,0
1,body,171.765625,141.45545959472656,0
3,bucket,70.15541076660156,161.72482299804688,0
4,bucket_tip,69.89920043945312,133.87213134765625,0
