,name, x, y, z
0,arm,87.25941467285156,210.94041442871094,0
1,body,171.77342224121094,141.6648712158203,0
3,bucket,69.39849090576172,161.98548889160156,0
4,bucket_tip,68.63716125488281,134.2981414794922,0
