,name, x, y, z
0,arm,87.08100128173828,210.9909210205078,0
1,body,171.7002716064453,141.84356689453125,0
3,bucket,68.62055969238281,162.20872497558594,0
4,bucket_tip,67.38163757324219,134.66990661621094,0
