,name, x, y, z
0,arm,62.02484893798828,207.5817413330078,0
1,body,157.72866821289062,139.05313110351562,0
3,bucket,87.56114196777344,160.18165588378906,0
4,bucket_tip,86.53558349609375,127.70958709716797,0
