,name, x, y, z
0,arm,87.5513916015625,209.15505981445312,0
1,body,171.09707641601562,141.94949340820312,0
3,bucket,64.45883178710938,160.7926483154297,0
4,bucket_tip,60.18397903442383,134.32891845703125,0
