,name, x, y, z
0,arm,87.79265594482422,208.23683166503906,0
1,body,171.12335205078125,141.94383239746094,0
3,bucket,64.05988311767578,160.2942352294922,0
4,bucket_tip,59.40898132324219,134.12225341796875,0
