,name, x, y, z
0,arm,88.87300109863281,204.0421600341797,0
1,body,171.72091674804688,141.9405975341797,0
3,bucket,62.68810272216797,158.81008911132812,0
4,bucket_tip,56.8361930847168,133.5149688720703,0
