,name, x, y, z
0,arm,89.85360717773438,201.44903564453125,0
1,body,172.80609130859375,141.9801483154297,0
3,bucket,61.758548736572266,158.77565002441406,0
4,bucket_tip,55.41554641723633,133.63470458984375,0
