,name, x, y, z
0,arm,90.90485382080078,199.9423828125,0
1,body,174.35850524902344,142.10548400878906,0
3,bucket,61.01838684082031,158.98971557617188,0
4,bucket_tip,54.348812103271484,134.24111938476562,0
