,name, x, y, z
0,arm,93.4947280883789,198.5565948486328,0
1,body,178.932373046875,142.5763702392578,0
3,bucket,61.222694396972656,160.1719512939453,0
4,bucket_tip,52.8785400390625,135.83265686035156,0
