,name, x, y, z
0,arm,94.61548614501953,198.07688903808594,0
1,body,180.874267578125,142.7873992919922,0
3,bucket,62.0472412109375,160.85232543945312,0
4,bucket_tip,52.469512939453125,136.2046356201172,0
