,name, x, y, z
0,arm,96.44194030761719,197.1443328857422,0
1,body,183.81199645996094,143.13711547851562,0
3,bucket,63.693267822265625,162.1238555908203,0
4,bucket_tip,51.74571228027344,136.6148681640625,0
