,name, x, y, z
0,arm,98.47051239013672,195.87994384765625,0
1,body,186.9339141845703,143.60855102539062,0
3,bucket,65.57388305664062,164.15171813964844,0
4,bucket_tip,50.201133728027344,137.1572723388672,0
