,name, x, y, z
0,arm,98.79593658447266,195.62139892578125,0
1,body,187.43881225585938,143.71832275390625,0
3,bucket,65.81683349609375,164.69650268554688,0
4,bucket_tip,49.65214920043945,137.3351287841797,0
