,name, x, y, z
0,arm,99.07416534423828,195.13128662109375,0
1,body,187.9716796875,144.0066375732422,0
3,bucket,65.58975982666016,166.36981201171875,0
4,bucket_tip,47.4720573425293,138.07342529296875,0
