,name, x, y, z
0,arm,98.10929870605469,195.59857177734375,0
1,body,187.5376739501953,144.31687927246094,0
3,bucket,63.73836135864258,169.14688110351562,0
4,bucket_tip,44.25580978393555,140.1747589111328,0
