,name, x, y, z
0,arm,62.85810852050781,208.8414764404297,0
1,body,157.7544403076172,139.46861267089844,0
3,bucket,87.16346740722656,160.61874389648438,0
4,bucket_tip,85.1816177368164,130.1449737548828,0
