,name, x, y, z
0,arm,97.68779754638672,198.7816619873047,0
1,body,187.1949462890625,144.58416748046875,0
3,bucket,60.41551971435547,173.31298828125,0
4,bucket_tip,41.8145866394043,145.13009643554688,0
