,name, x, y, z
0,arm,97.64751434326172,199.29635620117188,0
1,body,187.17433166503906,144.61729431152344,0
3,bucket,59.94364547729492,173.79483032226562,0
4,bucket_tip,41.540931701660156,145.82244873046875,0
