,name, x, y, z
0,arm,97.42936706542969,200.88919067382812,0
1,body,187.1328125,144.73866271972656,0
3,bucket,58.423736572265625,175.17132568359375,0
4,bucket_tip,40.53056335449219,147.92259216308594,0
