,name, x, y, z
0,arm,96.14275360107422,203.8942413330078,0
1,body,187.1039581298828,145.14892578125,0
3,bucket,54.84221649169922,177.53968811035156,0
4,bucket_tip,36.91794204711914,151.92953491210938,0
