,name, x, y, z
0,arm,94.60430145263672,205.41067504882812,0
1,body,187.0709228515625,145.47280883789062,0
3,bucket,52.321197509765625,178.66726684570312,0
4,bucket_tip,33.82103729248047,153.99583435058594,0
