,name, x, y, z
0,arm,63.34469223022461,209.3943328857422,0
1,body,157.78041076660156,139.68162536621094,0
3,bucket,86.96292877197266,160.78836059570312,0
4,bucket_tip,84.61471557617188,131.35926818847656,0
