,name, x, y, z
0,arm,93.75727081298828,205.93795776367188,0
1,body,187.0308837890625,145.59519958496094,0
3,bucket,51.17741394042969,179.02635192871094,0
4,bucket_tip,32.49592590332031,154.6766357421875,0
