,name, x, y, z
0,arm,92.92497253417969,206.27455139160156,0
1,body,186.96632385253906,145.6656036376953,0
3,bucket,50.184326171875,179.21730041503906,0
4,bucket_tip,31.522186279296875,155.044921875,0
