,name, x, y, z
0,arm,92.52998352050781,206.3627166748047,0
1,body,186.92282104492188,145.67529296875,0
3,bucket,49.76136016845703,179.24229431152344,0
4,bucket_tip,31.21458625793457,155.09368896484375,0
