,name, x, y, z
0,arm,92.15740203857422,206.3928680419922,0
1,body,186.83810424804688,145.62632751464844,0
3,bucket,49.39472579956055,179.06332397460938,0
4,bucket_tip,30.99552345275879,154.89126586914062,0
