,name, x, y, z
0,arm,63.5869026184082,209.6313018798828,0
1,body,157.79855346679688,139.76852416992188,0
3,bucket,86.87605285644531,160.8507537841797,0
4,bucket_tip,84.36936950683594,131.88259887695312,0
