,name, x, y, z
0,arm,90.61970520019531,204.52471923828125,0
1,body,185.61129760742188,144.2586212158203,0
3,bucket,48.28685760498047,174.25418090820312,0
4,bucket_tip,30.380233764648438,149.59658813476562,0
