,name, x, y, z
0,arm,90.07154083251953,203.13319396972656,0
1,body,184.9375762939453,143.4029998779297,0
3,bucket,48.10358428955078,171.40928649902344,0
4,bucket_tip,30.296377182006836,146.5938720703125,0
