,name, x, y, z
0,arm,83.96424865722656,197.3445587158203,0
1,body,180.6573486328125,139.43576049804688,0
3,bucket,46.46925735473633,161.54188537597656,0
4,bucket_tip,30.13115882873535,139.49478149414062,0
