,name, x, y, z
0,arm,83.31137084960938,196.92645263671875,0
1,body,180.2703857421875,139.23165893554688,0
3,bucket,46.39885711669922,160.86277770996094,0
4,bucket_tip,30.363574981689453,138.9971466064453,0
