,name, x, y, z
0,arm,82.07695770263672,195.79019165039062,0
1,body,179.42738342285156,138.83453369140625,0
3,bucket,46.413734436035156,159.00460815429688,0
4,bucket_tip,31.013551712036133,137.19212341308594,0
