,name, x, y, z
0,arm,64.1831283569336,199.8802032470703,0
1,body,160.24822998046875,144.95217895507812,0
3,bucket,86.70674896240234,157.7545928955078,0
4,bucket_tip,97.58778381347656,127.84002685546875,0
