,name, x, y, z
0,arm,80.45613098144531,193.0902557373047,0
1,body,177.96658325195312,138.26010131835938,0
3,bucket,47.30480194091797,154.87728881835938,0
4,bucket_tip,32.50395202636719,131.43113708496094,0
