,name, x, y, z
0,arm,79.41452026367188,191.0385284423828,0
1,body,176.90028381347656,137.95724487304688,0
3,bucket,48.464107513427734,151.93995666503906,0
4,bucket_tip,33.87599182128906,126.61671447753906,0
