,name, x, y, z
0,arm,76.80550384521484,188.7697296142578,0
1,body,174.15264892578125,137.8384246826172,0
3,bucket,51.99330520629883,147.6565704345703,0
4,bucket_tip,38.77665710449219,119.2715835571289,0
