,name, x, y, z
0,arm,76.44815063476562,188.81668090820312,0
1,body,173.60824584960938,137.92747497558594,0
3,bucket,52.688194274902344,147.2716522216797,0
4,bucket_tip,39.98760223388672,118.61328125,0
