,name, x, y, z
0,arm,76.02783966064453,188.97926330566406,0
1,body,172.51596069335938,138.18679809570312,0
3,bucket,54.06471252441406,146.74876403808594,0
4,bucket_tip,42.5455322265625,117.71639251708984,0
