,name, x, y, z
0,arm,75.92496490478516,189.08636474609375,0
1,body,171.9644012451172,138.34983825683594,0
3,bucket,54.751705169677734,146.5888671875,0
4,bucket_tip,43.86500549316406,117.44129943847656,0
