,name, x, y, z
0,arm,75.80597686767578,189.4595947265625,0
1,body,170.26576232910156,138.9289093017578,0
3,bucket,56.83991622924805,146.38343811035156,0
4,bucket_tip,47.82093048095703,117.0898666381836,0
