,name, x, y, z
0,arm,75.55239868164062,189.82093811035156,0
1,body,168.4636688232422,139.5677490234375,0
3,bucket,59.02431869506836,146.36065673828125,0
4,bucket_tip,51.48700714111328,117.12809753417969,0
