,name, x, y, z
0,arm,75.35206604003906,189.91964721679688,0
1,body,167.83950805664062,139.78318786621094,0
3,bucket,59.78013610839844,146.3544464111328,0
4,bucket_tip,52.594947814941406,117.29586029052734,0
