,name, x, y, z
0,arm,64.42469787597656,210.18002319335938,0
1,body,157.91793823242188,139.84555053710938,0
3,bucket,86.71021270751953,160.88284301757812,0
4,bucket_tip,83.71246337890625,132.8607635498047,0
