,name, x, y, z
0,arm,74.53573608398438,190.13893127441406,0
1,body,165.9674530029297,140.4552459716797,0
3,bucket,62.09496307373047,146.3250732421875,0
4,bucket_tip,55.553775787353516,118.25992584228516,0
