,name, x, y, z
0,arm,74.04621887207031,190.22474670410156,0
1,body,164.7783203125,140.94210815429688,0
3,bucket,63.64753341674805,146.2955322265625,0
4,bucket_tip,57.21955108642578,119.10354614257812,0
