,name, x, y, z
0,arm,73.81949615478516,190.27175903320312,0
1,body,163.69131469726562,141.48277282714844,0
3,bucket,65.17967987060547,146.26358032226562,0
4,bucket_tip,58.637691497802734,119.94346618652344,0
