,name, x, y, z
0,arm,74.04351043701172,190.29022216796875,0
1,body,162.75360107421875,142.09715270996094,0
3,bucket,66.66754913330078,146.23443603515625,0
4,bucket_tip,59.80630874633789,120.63919830322266,0
