,name, x, y, z
0,arm,77.65389251708984,190.27188110351562,0
1,body,161.64889526367188,143.99075317382812,0
3,bucket,69.99407958984375,146.48104858398438,0
4,bucket_tip,61.721435546875,121.06108856201172,0
