,name, x, y, z
0,arm,78.0634765625,190.2387237548828,0
1,body,161.0150604248047,144.27801513671875,0
3,bucket,70.49121856689453,146.3920440673828,0
4,bucket_tip,62.112422943115234,121.09103393554688,0
