,name, x, y, z
0,arm,77.47706604003906,190.07725524902344,0
1,body,159.52877807617188,144.6221160888672,0
3,bucket,71.2673568725586,145.79452514648438,0
4,bucket_tip,63.131317138671875,121.30564880371094,0
