,name, x, y, z
0,arm,77.09159088134766,189.96121215820312,0
1,body,158.72418212890625,144.71127319335938,0
3,bucket,71.58148956298828,145.3622589111328,0
4,bucket_tip,63.75490188598633,121.47370147705078,0
