,name, x, y, z
0,arm,76.21459197998047,189.70111083984375,0
1,body,157.11178588867188,144.80455017089844,0
3,bucket,72.14965057373047,144.42144775390625,0
4,bucket_tip,65.21971893310547,121.88978576660156,0
