,name, x, y, z
0,arm,74.8698959350586,189.36878967285156,0
1,body,155.04425048828125,144.97415161132812,0
3,bucket,73.11500549316406,143.39166259765625,0
4,bucket_tip,67.9285888671875,122.5892105102539,0
