,name, x, y, z
0,arm,73.86383056640625,189.3253631591797,0
1,body,153.75450134277344,145.53207397460938,0
3,bucket,74.60787200927734,143.46139526367188,0
4,bucket_tip,71.19865417480469,123.19790649414062,0
