,name, x, y, z
0,arm,73.50221252441406,189.61195373535156,0
1,body,153.12457275390625,146.13351440429688,0
3,bucket,75.95989990234375,143.9043426513672,0
4,bucket_tip,73.6552734375,123.54824829101562,0
