,name, x, y, z
0,arm,73.3369140625,190.384033203125,0
1,body,152.45860290527344,147.1839141845703,0
3,bucket,78.43553924560547,144.99273681640625,0
4,bucket_tip,77.6953353881836,124.09656524658203,0
