,name, x, y, z
0,arm,73.41109466552734,190.9918975830078,0
1,body,152.18655395507812,147.86618041992188,0
3,bucket,80.33118438720703,145.9282989501953,0
4,bucket_tip,80.59048461914062,124.54048919677734,0
