,name, x, y, z
0,arm,73.48622131347656,191.2890625,0
1,body,152.0984649658203,148.1718292236328,0
3,bucket,81.3388671875,146.4403839111328,0
4,bucket_tip,82.08958435058594,124.80220794677734,0
