,name, x, y, z
0,arm,73.68377685546875,191.81199645996094,0
1,body,152.01222229003906,148.66558837890625,0
3,bucket,83.45063018798828,147.52340698242188,0
4,bucket_tip,85.17476654052734,125.43147277832031,0
