,name, x, y, z
0,arm,64.8441390991211,209.56109619140625,0
1,body,158.1009979248047,138.25099182128906,0
3,bucket,86.79118347167969,159.67236328125,0
4,bucket_tip,83.45293426513672,131.06704711914062,0
