,name, x, y, z
0,arm,74.63967895507812,192.6463165283203,0
1,body,152.6851043701172,149.44334411621094,0
3,bucket,92.12828826904297,152.09361267089844,0
4,bucket_tip,97.4244384765625,129.02011108398438,0
