,name, x, y, z
0,arm,75.05492401123047,192.7174835205078,0
1,body,153.49314880371094,149.67037963867188,0
3,bucket,95.73106384277344,154.11514282226562,0
4,bucket_tip,102.39473724365234,130.94082641601562,0
