,name, x, y, z
0,arm,75.13787078857422,192.74269104003906,0
1,body,153.73081970214844,149.7644805908203,0
3,bucket,96.47036743164062,154.55364990234375,0
4,bucket_tip,103.4103775024414,131.3836212158203,0
