,name, x, y, z
0,arm,75.20988464355469,192.77886962890625,0
1,body,153.9803009033203,149.88351440429688,0
3,bucket,97.12950897216797,154.95811462402344,0
4,bucket_tip,104.31558227539062,131.80210876464844,0
