,name, x, y, z
0,arm,75.26959228515625,192.8300323486328,0
1,body,154.2403106689453,150.032470703125,0
3,bucket,97.70064544677734,155.3249053955078,0
4,bucket_tip,105.1004867553711,132.19163513183594,0
