,name, x, y, z
0,arm,64.88992309570312,209.15382385253906,0
1,body,158.15806579589844,137.53781127929688,0
3,bucket,86.82958221435547,159.13418579101562,0
4,bucket_tip,83.41493225097656,130.2615203857422,0
