,name, x, y, z
0,arm,75.3619155883789,193.1151885986328,0
1,body,155.07958984375,150.7081756591797,0
3,bucket,98.81261444091797,156.16355895996094,0
4,bucket_tip,106.6404037475586,133.13845825195312,0
