,name, x, y, z
0,arm,75.36185455322266,193.268798828125,0
1,body,155.3806915283203,151.02745056152344,0
3,bucket,98.96163177490234,156.34451293945312,0
4,bucket_tip,106.85425567626953,133.3651885986328,0
