,name, x, y, z
0,arm,75.31697082519531,193.68966674804688,0
1,body,156.0030517578125,152.44097900390625,0
3,bucket,98.85626983642578,156.55029296875,0
4,bucket_tip,105.44252014160156,133.6598663330078,0
