,name, x, y, z
0,arm,71.31118774414062,194.25904846191406,0
1,body,156.03736877441406,154.5384063720703,0
3,bucket,96.78950500488281,156.61239624023438,0
4,bucket_tip,99.27975463867188,133.63671875,0
