,name, x, y, z
0,arm,65.70207214355469,193.7339324951172,0
1,body,153.86512756347656,153.6881561279297,0
3,bucket,90.22686767578125,156.93980407714844,0
4,bucket_tip,97.14759063720703,133.08738708496094,0
