,name, x, y, z
0,arm,63.25946807861328,195.69691467285156,0
1,body,153.48635864257812,155.5234375,0
3,bucket,88.86543273925781,158.34375,0
4,bucket_tip,95.12948608398438,133.81692504882812,0
