,name, x, y, z
0,arm,60.26295852661133,198.84886169433594,0
1,body,153.2002410888672,156.62908935546875,0
3,bucket,87.93437194824219,159.77357482910156,0
4,bucket_tip,93.72573852539062,134.65115356445312,0
